"ACCIDENT_NO","ACCIDENTDATE","ACCIDENTTIME","Accident Type Desc","Day Week Description","Light Condition Desc","NO_OF_VEHICLES","NO_PERSONS","Road Geometry Desc","SEVERITY","SPEED_ZONE","LGA_NAME","REGION_NAME","Lat","Long","Surface Cond Desc","Atmosph Cond Desc"
"T20190000009","1/1/19",02:16:00,"Collision with a fixed object","Tuesday","Dark Street lights on",1,1,"T intersection",2,60,"CASEY","METROPOLITAN SOUTH EAST REGION",-38.04192998,145.2658998,"Dry","Clear"
"T20190000010","1/1/19",03:00:00,"Collision with a fixed object","Tuesday","Dark No street lights",1,1,"Not at intersection",3,70,"YARRA RANGES","METROPOLITAN SOUTH EAST REGION",-37.53510589,145.4145682,"Dry","Clear"
"T20190000011","1/1/19",02:45:00,"Collision with a fixed object","Tuesday","Dark Street lights on",1,2,"Not at intersection",3,50,"FRANKSTON","METROPOLITAN SOUTH EAST REGION",-38.12361343,145.1653725,"Dry","Clear"
"T20190000015","1/1/19",06:00:00,"Collision with a fixed object","Tuesday","Day",1,1,"Not at intersection",2,100,"KNOX","METROPOLITAN SOUTH EAST REGION",-37.86743012,145.211486,"Dry","Clear"
"T20190000019","1/1/19",06:00:00,"Collision with a fixed object","Tuesday","Day",3,1,"T intersection",3,50,"WHITTLESEA","METROPOLITAN NORTH WEST REGION",-37.63302142,145.0851911,"Dry","Clear"
"T20190000021","1/1/19",08:27:00,"Collision with a fixed object","Tuesday","Day",1,1,"T intersection",2,50,"BAYSIDE","METROPOLITAN SOUTH EAST REGION",-37.9217913,145.0055018,"Dry","Clear"
"T20190000022","1/1/19",07:45:00,"Collision with a fixed object","Tuesday","Day",1,1,"Not at intersection",3,100,"GEELONG","SOUTH WESTERN REGION",-38.05986932,144.3848669,"Dry","Clear"
"T20190000023","1/1/19",07:28:00,"No collision and no object struck","Tuesday","Day",1,1,"Not at intersection",2,100,"HEPBURN","WESTERN REGION",-37.38519829,144.006689,"Dry","Clear"
"T20190000025","1/1/19",10:38:00,"Struck Pedestrian","Tuesday","Day",1,2,"Cross intersection",3,60,"PORT PHILLIP","METROPOLITAN NORTH WEST REGION",-37.86021822,144.982489,"Dry","Clear"
"T20190000030","1/1/19",12:15:00,"Vehicle overturned (no collision)","Tuesday","Day",1,1,"Not at intersection",3,100,"MOYNE","SOUTH WESTERN REGION",-38.24043998,142.5406332,"Dry","Clear"
"T20190000031","1/1/19",13:52:00,"Collision with vehicle","Tuesday","Day",2,3,"Not at intersection",3,80,"GEELONG","SOUTH WESTERN REGION",-38.02990072,144.3543943,"Dry","Clear"
"T20190000035","1/1/19",15:15:00,"Collision with vehicle","Tuesday","Day",2,3,"T intersection",3,60,"MURRINDINDI","NORTH EASTERN REGION",-37.21356424,145.4161578,"Dry","Clear"
"T20190000036","1/1/19",15:10:00,"Collision with a fixed object","Tuesday","Day",1,1,"T intersection",3,50,"MORELAND","METROPOLITAN NORTH WEST REGION",-37.72921131,144.9462816,"Dry","Clear"
"T20190000037","1/1/19",15:50:00,"collision with some other object","Tuesday","Day",1,1,"Not at intersection",3,80,"MOIRA","NORTH EASTERN REGION",-35.82900959,145.5551701,"Dry","Clear"
"T20190000041","1/1/19",15:35:00,"Collision with vehicle","Tuesday","Day",2,5,"Cross intersection",2,80,"YARRA RANGES","METROPOLITAN SOUTH EAST REGION",-37.79485889,145.4569834,"Dry","Clear"
"T20190000048","1/1/19",13:25:00,"Collision with a fixed object","Tuesday","Day",1,1,"Not at intersection",2,50,"WHITTLESEA","METROPOLITAN NORTH WEST REGION",-37.69071263,145.0187763,"Dry","Clear"
"T20190000049","1/1/19",14:30:00,"Collision with a fixed object","Tuesday","Day",1,1,"Not at intersection",2,50,"MANSFIELD","NORTH EASTERN REGION",-37.03993015,146.4183295,"Dry","Clear"
"T20190000051","1/1/19",17:27:00,"Collision with vehicle","Tuesday","Day",4,1,"Not at intersection",2,50,"BAYSIDE","METROPOLITAN SOUTH EAST REGION",-37.94767144,145.0061697,"Dry","Clear"
"T20190000059","1/1/19",17:05:00,"Collision with a fixed object","Tuesday","Day",3,3,"Not at intersection",3,100,"MORNINGTON PENINSULA","METROPOLITAN SOUTH EAST REGION",-38.32433156,145.0008811,"Dry","Clear"
"T20190000060","1/1/19",19:12:00,"Collision with vehicle","Tuesday","Day",4,7,"Not at intersection",3,60,"MELTON","METROPOLITAN NORTH WEST REGION",-37.68719945,144.5676255,"Dry","Clear"
"T20190000063","1/1/19",04:50:00,"Collision with a fixed object","Tuesday","Dark Street lights on",1,1,"Cross intersection",2,80,"CASEY","METROPOLITAN SOUTH EAST REGION",-38.08229191,145.2765902,"Dry","Clear"
"T20190000064","1/1/19",20:50:00,"Struck animal","Tuesday","Dark No street lights",1,2,"Not at intersection",2,100,"WODONGA","NORTH EASTERN REGION",-36.21969116,146.9839988,"Dry","Clear"
"T20190000065","1/1/19",22:30:00,"Collision with vehicle","Tuesday","Dark Street lights on",2,3,"T intersection",2,60,"BRIMBANK","METROPOLITAN NORTH WEST REGION",-37.78537182,144.8273367,"Dry","Clear"
"T20190000067","1/1/19",03:05:00,"Collision with a fixed object","Tuesday","Dark Street lights on",1,1,"Not at intersection",2,60,"BENDIGO","NORTHERN REGION",-36.71121899,144.3149145,"Dry","Clear"
"T20190000070","1/1/19",16:30:00,"Collision with vehicle","Tuesday","Day",2,7,"Not at intersection",2,100,"SOUTHERN GRAMPIANS","SOUTH WESTERN REGION",-37.71443084,141.9584278,"Dry","Clear"
"T20190000071","1/1/19",23:00:00,"Collision with a fixed object","Tuesday","Dark Street lights on",1,1,"Not at intersection",2,100,"MOONEE VALLEY","METROPOLITAN NORTH WEST REGION",-37.73396965,144.9090798,"Dry","Clear"
"T20190000072","2/1/19",00:05:00,"Collision with vehicle","Wednesday","Dark Street lights on",2,3,"Cross intersection",3,80,"HUME","METROPOLITAN NORTH WEST REGION",-37.64382408,144.9288909,"Dry","Clear"
"T20190000074","2/1/19",01:45:00,"Collision with vehicle","Wednesday","Dark Street lights on",2,2,"T intersection",3,70,"MONASH","METROPOLITAN SOUTH EAST REGION",-37.89069838,145.1638654,"Dry","Clear"
"T20190000075","2/1/19",00:49:00,"Struck Pedestrian","Wednesday","Dark Street lights on",1,2,"T intersection",2,50,"WHITTLESEA","METROPOLITAN NORTH WEST REGION",-37.63481886,145.0148743,"Dry","Clear"
"T20190000076","2/1/19",04:40:00,"Collision with vehicle","Wednesday","Dark Street lights on",2,3,"Not at intersection",3,50,"DANDENONG","METROPOLITAN SOUTH EAST REGION",-37.95819052,145.1701001,"Dry","Clear"
"T20190000078","2/1/19",05:25:00,"Collision with vehicle","Wednesday","Dusk/Dawn",2,2,"Cross intersection",3,40,"WYNDHAM","METROPOLITAN NORTH WEST REGION",-37.8608752,144.6670219,"Dry","Clear"
"T20190000079","2/1/19",07:43:00,"Collision with vehicle","Wednesday","Day",2,2,"Cross intersection",3,50,"GEELONG","SOUTH WESTERN REGION",-38.13392261,144.3411119,"Dry","Clear"
"T20190000080","1/1/19",20:15:00,"Collision with a fixed object","Tuesday","Day",1,1,"Not at intersection",3,50,"LATROBE","EASTERN REGION",-38.18937957,146.5659367,"Dry","Clear"
"T20190000081","1/1/19",22:31:00,"Struck Pedestrian","Tuesday","Dark Street lights on",1,2,"Not at intersection",3,60,"EAST GIPPSLAND","EASTERN REGION",-37.87490186,148.0074731,"Dry","Clear"
"T20190000084","2/1/19",11:25:00,"Fall from or in moving vehicle","Wednesday","Day",1,2,"Not at intersection",3,50,"CAMPASPE","NORTHERN REGION",-36.12415553,144.7497487,"Dry","Clear"
"T20190000085","2/1/19",06:37:00,"Struck Pedestrian","Wednesday","Day",1,2,"Cross intersection",2,999,"STONNINGTON","METROPOLITAN SOUTH EAST REGION",-37.85330739,145.0524465,"Dry","Not known"
"T20190000092","2/1/19",02:52:00,"Collision with vehicle","Wednesday","Dark Street lights on",2,4,"Cross intersection",2,70,"WHITTLESEA","METROPOLITAN NORTH WEST REGION",-37.69597577,145.0223208,"Dry","Fog"
"T20190000094","2/1/19",13:12:00,"Collision with a fixed object","Wednesday","Day",1,1,"T intersection",2,60,"MONASH","METROPOLITAN SOUTH EAST REGION",-37.85809318,145.1362202,"Dry","Clear"
"T20190000095","2/1/19",13:25:00,"Collision with vehicle","Wednesday","Day",4,4,"Cross intersection",3,80,"BANYULE","METROPOLITAN NORTH WEST REGION",-37.70322901,145.0897969,"Dry","Clear"
"T20190000099","2/1/19",15:00:00,"Struck Pedestrian","Wednesday","Day",1,2,"Cross intersection",3,40,"MELBOURNE","METROPOLITAN NORTH WEST REGION",-37.8117548,144.9564464,"Dry","Clear"
"T20190000100","2/1/19",14:18:00,"Collision with vehicle","Wednesday","Day",2,2,"T intersection",3,50,"MOONEE VALLEY","METROPOLITAN NORTH WEST REGION",-37.74934345,144.9182307,"Dry","Clear"
"T20190000107","2/1/19",10:30:00,"Vehicle overturned (no collision)","Wednesday","Day",1,2,"Not at intersection",2,100,"GLENELG","SOUTH WESTERN REGION",-38.15476018,141.2753592,"Dry","Clear"
"T20190000108","2/1/19",14:35:00,"Collision with vehicle","Wednesday","Day",2,3,"T intersection",3,100,"WELLINGTON","EASTERN REGION",-38.10201591,146.8639468,"Dry","Clear"
"T20190000109","2/1/19",17:20:00,"No collision and no object struck","Wednesday","Day",1,1,"Not at intersection",3,40,"ALPINE","NORTH EASTERN REGION",-36.92992217,147.0632222,"Dry","Clear"
"T20190000112","2/1/19",20:10:00,"Struck Pedestrian","Wednesday","Day",1,2,"T intersection",2,60,"FRANKSTON","METROPOLITAN SOUTH EAST REGION",-38.14533717,145.1201354,"Dry","Clear"
"T20190000119","2/1/19",19:42:00,"Collision with vehicle","Wednesday","Day",3,7,"Cross intersection",2,60,"DAREBIN","METROPOLITAN NORTH WEST REGION",-37.75857288,145.0215576,"Dry","Clear"
"T20190000125","2/1/19",13:00:00,"Collision with vehicle","Wednesday","Day",2,2,"Not at intersection",3,50,"GEELONG","SOUTH WESTERN REGION",-38.16132006,144.5608105,"Dry","Clear"
"T20190000126","2/1/19",18:02:00,"Struck Pedestrian","Wednesday","Day",1,3,"Not at intersection",2,30,"WHITTLESEA","METROPOLITAN NORTH WEST REGION",-37.6459457,145.0404307,"Dry","Clear"
"T20190000130","3/1/19",10:40:00,"Collision with vehicle","Thursday","Day",3,4,"Not at intersection",3,80,"KINGSTON","METROPOLITAN SOUTH EAST REGION",-38.00755976,145.1413579,"Dry","Clear"
"T20190000134","3/1/19",10:20:00,"Collision with a fixed object","Thursday","Day",1,1,"Not at intersection",2,80,"ALPINE","NORTH EASTERN REGION",-36.75556355,147.1993366,"Dry","Clear"
"T20190000136","3/1/19",12:25:00,"Collision with vehicle","Thursday","Day",2,2,"Not at intersection",3,80,"WYNDHAM","METROPOLITAN NORTH WEST REGION",-37.91563521,144.6882155,"Dry","Clear"
"T20190000139","2/1/19",12:10:00,"Vehicle overturned (no collision)","Wednesday","Day",1,1,"Not at intersection",2,100,"YARRA RANGES","METROPOLITAN SOUTH EAST REGION",-37.5451034,145.8479957,"Dry","Clear"
"T20190000146","3/1/19",14:10:00,"collision with some other object","Thursday","Day",1,1,"Not at intersection",2,100,"TOWONG","NORTH EASTERN REGION",-36.17170886,147.5762808,"Dry","Not known"
"T20190000148","3/1/19",17:45:00,"Collision with vehicle","Thursday","Day",2,2,"Not at intersection",3,50,"CARDINIA","METROPOLITAN SOUTH EAST REGION",-38.06052873,145.5020497,"Dry","Clear"
"T20190000150","3/1/19",16:10:00,"Collision with vehicle","Thursday","Day",2,2,"Not at intersection",3,60,"KINGSTON","METROPOLITAN SOUTH EAST REGION",-37.95333988,145.0627233,"Dry","Clear"
"T20190000151","3/1/19",17:57:00,"Collision with a fixed object","Thursday","Day",1,1,"Cross intersection",3,60,"CASEY","METROPOLITAN SOUTH EAST REGION",-38.04412702,145.3313131,"Dry","Clear"
"T20190000152","3/1/19",19:31:00,"No collision and no object struck","Thursday","Day",1,1,"Not at intersection",3,40,"BOROONDARA","METROPOLITAN SOUTH EAST REGION",-37.80715184,145.0298211,"Dry","Clear"
"T20190000158","3/1/19",16:45:00,"Collision with vehicle","Thursday","Day",2,3,"T intersection",3,80,"WELLINGTON","EASTERN REGION",-38.15360294,147.0829335,"Dry","Clear"
"T20190000159","3/1/19",18:50:00,"Collision with a fixed object","Thursday","Day",1,2,"T intersection",3,100,"SOUTH GIPPSLAND","EASTERN REGION",-38.51781433,146.1781449,"Dry","Clear"
"T20190000161","3/1/19",18:30:00,"Collision with vehicle","Thursday","Day",2,4,"Cross intersection",3,80,"MAROONDAH","METROPOLITAN SOUTH EAST REGION",-37.82616703,145.2875816,"Unknown","Clear"
"T20190000167","3/1/19",20:50:00,"Collision with vehicle","Thursday","Dusk/Dawn",2,3,"T intersection",2,60,"MELTON","METROPOLITAN NORTH WEST REGION",-37.67600104,144.5611694,"Dry","Clear"
"T20190000170","4/1/19",02:10:00,"Collision with a fixed object","Friday","Dark No street lights",1,2,"Not at intersection",3,100,"ARARAT","WESTERN REGION",-37.30957925,143.0148605,"Dry","Clear"
"T20190000178","3/1/19",22:00:00,"No collision and no object struck","Thursday","Dark Street lights on",1,1,"Not at intersection",3,60,"ALPINE","NORTH EASTERN REGION",-36.72829122,146.9677993,"Dry","Clear"
"T20190000181","4/1/19",11:15:00,"Collision with vehicle","Friday","Day",2,2,"Not at intersection",3,777,"MITCHELL","NORTHERN REGION",-37.40881017,144.9799729,"Dry","Not known"
"T20190000182","4/1/19",10:00:00,"Collision with vehicle","Friday","Day",2,2,"T intersection",3,70,"HORSHAM","WESTERN REGION",-36.73351383,142.2054085,"Dry","Clear"
"T20190000185","4/1/19",13:00:00,"Struck Pedestrian","Friday","Day",1,2,"Cross intersection",3,60,"WHITEHORSE","METROPOLITAN SOUTH EAST REGION",-37.81630593,145.1936647,"Dry","Clear"
"T20190000190","4/1/19",12:30:00,"Collision with vehicle","Friday","Day",5,8,"Cross intersection",2,80,"FRANKSTON","METROPOLITAN SOUTH EAST REGION",-38.15531446,145.1810241,"Dry","Clear"
"T20190000191","4/1/19",10:00:00,"Struck Pedestrian","Friday","Day",1,3,"T intersection",3,60,"NILLUMBIK","METROPOLITAN NORTH WEST REGION",-37.67423724,145.1590609,"Dry","Clear"
"T20190000197","4/1/19",15:04:00,"Collision with vehicle","Friday","Day",2,4,"Not at intersection",2,60,"MARIBYRNONG","METROPOLITAN NORTH WEST REGION",-37.77334956,144.8860465,"Dry","Clear"
"T20190000199","4/1/19",12:30:00,"Collision with a fixed object","Friday","Day",1,1,"Not at intersection",3,60,"MARIBYRNONG","METROPOLITAN NORTH WEST REGION",-37.80800999,144.8611699,"Dry","Clear"
"T20190000203","4/1/19",15:09:00,"Collision with vehicle","Friday","Day",2,2,"Cross intersection",3,50,"SWAN HILL","NORTHERN REGION",-34.5866289,142.7765092,"Dry","Clear"
"T20190000204","4/1/19",14:00:00,"Vehicle overturned (no collision)","Friday","Day",1,1,"Not at intersection",2,75,"BRIMBANK","METROPOLITAN NORTH WEST REGION",-37.7986802,144.7709125,"Dry","Clear"
"T20190000206","4/1/19",15:44:00,"Collision with vehicle","Friday","Day",2,2,"T intersection",3,60,"MELBOURNE","METROPOLITAN NORTH WEST REGION",-37.82184704,144.9521898,"Dry","Clear"
"T20190000209","4/1/19",18:30:00,"Collision with vehicle","Friday","Day",2,2,"Cross intersection",3,60,"MELBOURNE","METROPOLITAN NORTH WEST REGION",-37.79454281,144.9310633,"Dry","Clear"
"T20190000211","4/1/19",17:31:00,"Collision with vehicle","Friday","Day",5,5,"Cross intersection",3,80,"DANDENONG","METROPOLITAN SOUTH EAST REGION",-37.98361235,145.145911,"Dry","Clear"
"T20190000213","4/1/19",07:00:00,"Collision with vehicle","Friday","Day",2,3,"T intersection",3,60,"MORELAND","METROPOLITAN NORTH WEST REGION",-37.69485956,144.9251864,"Dry","Clear"
"T20190000215","4/1/19",18:42:00,"Collision with a fixed object","Friday","Day",1,1,"Not at intersection",3,100,"LODDON","NORTHERN REGION",-36.57083006,144.0883999,"Dry","Clear"
"T20190000215","4/1/19",18:42:00,"Collision with a fixed object","Friday","Day",1,1,"Not at intersection",3,100,"LODDON","NORTHERN REGION",-36.57083006,144.0883999,"Dry","Strong winds"
"T20190000217","4/1/19",19:30:00,"Collision with a fixed object","Friday","Day",1,3,"Not at intersection",3,100,"SOUTH GIPPSLAND","EASTERN REGION",-38.36922052,145.8438031,"Wet","Clear"
"T20190000219","4/1/19",19:40:00,"Collision with a fixed object","Friday","Day",1,1,"T intersection",3,60,"GEELONG","SOUTH WESTERN REGION",-38.05544585,144.3790186,"Dry","Clear"
"T20190000222","4/1/19",20:53:00,"Collision with a fixed object","Friday","Dark Street lights on",2,6,"Cross intersection",2,80,"MORNINGTON PENINSULA","METROPOLITAN SOUTH EAST REGION",-38.238575,145.189242,"Dry","Clear"
"T20190000223","5/1/19",03:19:00,"Collision with vehicle","Saturday","Dark Street lights on",2,4,"T intersection",3,40,"WODONGA","NORTH EASTERN REGION",-36.12603954,146.8896998,"Dry","Clear"
"T20190000224","5/1/19",03:40:00,"Collision with a fixed object","Saturday","Dark No street lights",1,2,"T intersection",3,60,"YARRA RANGES","METROPOLITAN SOUTH EAST REGION",-37.81990472,145.3641389,"Dry","Clear"
"T20190000226","4/1/19",14:45:00,"Struck Pedestrian","Friday","Day",1,3,"Not at intersection",2,50,"MORNINGTON PENINSULA","METROPOLITAN SOUTH EAST REGION",-38.3384625,144.7435801,"Dry","Clear"
"T20190000227","4/1/19",09:45:00,"Collision with vehicle","Friday","Day",2,2,"T intersection",3,60,"WYNDHAM","METROPOLITAN NORTH WEST REGION",-37.83621485,144.7088022,"Dry","Clear"
"T20190000231","5/1/19",09:30:00,"Collision with vehicle","Saturday","Day",2,2,"Not at intersection",3,60,"PORT PHILLIP","METROPOLITAN NORTH WEST REGION",-37.87652967,144.9922708,"Dry","Clear"
"T20190000232","5/1/19",10:35:00,"Collision with vehicle","Saturday","Day",2,2,"Not at intersection",2,80,"LATROBE","EASTERN REGION",-38.23967031,146.4197395,"Dry","Clear"
"T20190000234","5/1/19",11:10:00,"Collision with vehicle","Saturday","Day",2,2,"Cross intersection",3,60,"BOROONDARA","METROPOLITAN SOUTH EAST REGION",-37.79912163,145.0303172,"Dry","Clear"
"T20190000235","4/1/19",16:00:00,"Collision with vehicle","Friday","Day",3,3,"Not at intersection",3,80,"FRANKSTON","METROPOLITAN SOUTH EAST REGION",-38.11935816,145.2116004,"Dry","Clear"
"T20190000238","5/1/19",09:45:00,"Collision with vehicle","Saturday","Day",2,2,"T intersection",3,60,"WHITEHORSE","METROPOLITAN SOUTH EAST REGION",-37.84238337,145.1341182,"Dry","Clear"
"T20190000239","5/1/19",12:40:00,"Collision with a fixed object","Saturday","Day",1,3,"Not at intersection",3,60,"CARDINIA","METROPOLITAN SOUTH EAST REGION",-37.92256669,145.4435999,"Wet","Raining"
"T20190000241","5/1/19",01:20:00,"collision with some other object","Saturday","Dark Street lights unknown",1,1,"Not at intersection",3,80,"NILLUMBIK","METROPOLITAN NORTH WEST REGION",-37.71376196,145.2230281,"Wet","Raining"
"T20190000242","5/1/19",13:15:00,"Collision with vehicle","Saturday","Day",2,3,"Cross intersection",2,60,"KINGSTON","METROPOLITAN SOUTH EAST REGION",-37.96566503,145.0577947,"Wet","Raining"
"T20190000245","5/1/19",13:00:00,"Collision with vehicle","Saturday","Day",2,7,"T intersection",3,100,"GEELONG","SOUTH WESTERN REGION",-38.26096115,144.6088335,"Dry","Clear"
"T20190000247","5/1/19",13:30:00,"Collision with vehicle","Saturday","Day",2,4,"T intersection",3,60,"WHITEHORSE","METROPOLITAN SOUTH EAST REGION",-37.82851312,145.1197695,"Wet","Clear"
"T20190000254","5/1/19",14:10:00,"Collision with vehicle","Saturday","Day",3,3,"T intersection",3,60,"MONASH","METROPOLITAN SOUTH EAST REGION",-37.86896291,145.1490091,"Dry","Clear"
"T20190000255","3/1/19",19:45:00,"Collision with a fixed object","Thursday","Day",1,1,"T intersection",3,60,"MORNINGTON PENINSULA","METROPOLITAN SOUTH EAST REGION",-38.3777751,145.0264435,"Dry","Clear"
"T20190000256","5/1/19",15:04:00,"Collision with vehicle","Saturday","Day",3,4,"T intersection",3,60,"MORELAND","METROPOLITAN NORTH WEST REGION",-37.69957137,144.9150499,"Dry","Clear"
"T20190000257","5/1/19",14:43:00,"Collision with vehicle","Saturday","Day",2,2,"Not at intersection",3,60,"GLEN EIRA","METROPOLITAN SOUTH EAST REGION",-37.89015952,145.0449622,"Dry","Clear"
"T20190000260","5/1/19",16:01:00,"Collision with vehicle","Saturday","Dusk/Dawn",2,2,"Cross intersection",3,60,"BALLARAT","WESTERN REGION",-37.56994637,143.8705745,"Dry","Clear"
"T20190000262","4/1/19",19:00:00,"Collision with vehicle","Friday","Day",2,2,"Cross intersection",3,80,"FRANKSTON","METROPOLITAN SOUTH EAST REGION",-38.1094275,145.1613093,"Dry","Clear"
"T20190000263","3/1/19",17:00:00,"Collision with vehicle","Thursday","Unknown",2,2,"T intersection",3,50,"KINGSTON","METROPOLITAN SOUTH EAST REGION",-37.92961223,145.1275834,"Unknown","Not known"
"T20190000264","5/1/19",14:50:00,"Collision with vehicle","Saturday","Day",2,6,"Cross intersection",3,60,"BENDIGO","NORTHERN REGION",-36.7869441,144.5019971,"Dry","Clear"
"T20190000265","5/1/19",12:48:00,"Collision with vehicle","Saturday","Day",2,3,"Not at intersection",3,80,"COLAC OTWAY","SOUTH WESTERN REGION",-38.74684867,143.2783102,"Dry","Clear"
"T20190000268","3/1/19",23:10:00,"Collision with vehicle","Thursday","Dark No street lights",2,4,"Not at intersection",3,100,"COLAC OTWAY","SOUTH WESTERN REGION",-38.77884811,143.6209707,"Dry","Clear"
"T20190000270","5/1/19",17:20:00,"Vehicle overturned (no collision)","Saturday","Day",1,2,"Not at intersection",2,100,"PYRENEES","WESTERN REGION",-37.19694154,143.3252595,"Dry","Clear"
"T20190000273","5/1/19",17:52:00,"Collision with vehicle","Saturday","Day",3,6,"T intersection",3,80,"NILLUMBIK","METROPOLITAN NORTH WEST REGION",-37.58812112,145.1412902,"Dry","Clear"
"T20190000276","4/1/19",15:45:00,"Collision with vehicle","Friday","Day",2,3,"T intersection",3,80,"MONASH","METROPOLITAN SOUTH EAST REGION",-37.92463475,145.1436346,"Dry","Clear"
"T20190000280","5/1/19",19:05:00,"Collision with vehicle","Saturday","Day",2,6,"Cross intersection",2,80,"KNOX","METROPOLITAN SOUTH EAST REGION",-37.88874381,145.294715,"Dry","Clear"
"T20190000281","5/1/19",19:20:00,"Struck Pedestrian","Saturday","Day",1,4,"Cross intersection",3,60,"MELBOURNE","METROPOLITAN NORTH WEST REGION",-37.80439483,144.9617822,"Dry","Clear"
"T20190000282","5/1/19",16:00:00,"Collision with vehicle","Saturday","Day",2,2,"Not at intersection",3,50,"DAREBIN","METROPOLITAN NORTH WEST REGION",-37.73641988,144.9903289,"Dry","Clear"
"T20190000283","5/1/19",20:05:00,"Collision with a fixed object","Saturday","Dusk/Dawn",1,1,"Not at intersection",2,80,"YARRA RANGES","METROPOLITAN SOUTH EAST REGION",-37.9610308,145.3600396,"Dry","Clear"
"T20190000285","5/1/19",00:10:00,"Collision with vehicle","Saturday","Dark Street lights on",2,2,"Cross intersection",3,70,"GLEN EIRA","METROPOLITAN SOUTH EAST REGION",-37.86041556,145.0104878,"Wet","Raining"
"T20190000286","6/1/19",01:15:00,"Other accident","Sunday","Unknown",1,2,"Cross intersection",2,60,"MILDURA","WESTERN REGION",-34.20185852,142.172081,"Dry","Not known"
"T20190000288","5/1/19",22:35:00,"Collision with a fixed object","Saturday","Dark No street lights",1,2,"Not at intersection",2,80,"BAW BAW","EASTERN REGION",-38.13111373,145.9227721,"Dry","Clear"
"T20190000299","6/1/19",06:10:00,"Collision with a fixed object","Sunday","Dusk/Dawn",1,1,"Not at intersection",2,80,"MURRINDINDI","NORTH EASTERN REGION",-37.48051561,145.2502202,"Dry","Clear"
"T20190000302","6/1/19",11:00:00,"Collision with vehicle","Sunday","Day",2,2,"T intersection",3,60,"HUME","METROPOLITAN NORTH WEST REGION",-37.63944119,144.9194811,"Dry","Clear"
"T20190000303","6/1/19",10:45:00,"Collision with vehicle","Sunday","Day",2,2,"Cross intersection",3,40,"DAREBIN","METROPOLITAN NORTH WEST REGION",-37.7693459,144.9990195,"Dry","Clear"
"T20190000304","6/1/19",08:45:00,"Collision with a fixed object","Sunday","Day",1,1,"Not at intersection",2,80,"YARRA RANGES","METROPOLITAN SOUTH EAST REGION",-37.57010107,145.5089029,"Dry","Clear"
"T20190000305","6/1/19",10:28:00,"Collision with vehicle","Sunday","Day",2,3,"Cross intersection",3,60,"MANNINGHAM","METROPOLITAN SOUTH EAST REGION",-37.75909533,145.1299213,"Dry","Clear"
"T20190000307","6/1/19",12:15:00,"Collision with vehicle","Sunday","Day",2,5,"Not at intersection",2,80,"KNOX","METROPOLITAN SOUTH EAST REGION",-37.89928121,145.2221606,"Dry","Clear"
"T20190000308","6/1/19",12:05:00,"Collision with vehicle","Sunday","Day",2,3,"T intersection",3,100,"MOORABOOL","WESTERN REGION",-37.77674861,144.4363589,"Dry","Clear"
"T20190000309","6/1/19",12:32:00,"Collision with vehicle","Sunday","Day",3,4,"Multiple intersection",2,60,"GEELONG","SOUTH WESTERN REGION",-38.05860629,144.3584486,"Dry","Clear"
"T20190000312","6/1/19",12:35:00,"Collision with vehicle","Sunday","Day",2,2,"T intersection",2,80,"MITCHELL","NORTHERN REGION",-37.42309416,144.9786098,"Dry","Clear"
"T20190000315","4/1/19",20:40:00,"No collision and no object struck","Friday","Dusk/Dawn",2,2,"Cross intersection",3,80,"MONASH","METROPOLITAN SOUTH EAST REGION",-37.93253217,145.1562187,"Dry","Not known"
"T20190000316","4/1/19",16:00:00,"Vehicle overturned (no collision)","Friday","Day",1,2,"T intersection",3,100,"LODDON","NORTHERN REGION",-36.17805035,143.9495083,"Dry","Clear"
"T20190000317","6/1/19",15:31:00,"Struck Pedestrian","Sunday","Day",1,2,"Not at intersection",3,50,"CASEY","METROPOLITAN SOUTH EAST REGION",-38.06838677,145.3053699,"Dry","Clear"
"T20190000318","6/1/19",17:10:00,"Collision with vehicle","Sunday","Day",2,2,"Not at intersection",3,60,"HUME","METROPOLITAN NORTH WEST REGION",-37.57259161,144.9147283,"Dry","Clear"
"T20190000319","6/1/19",16:05:00,"Collision with vehicle","Sunday","Day",2,2,"T intersection",3,60,"YARRA RANGES","METROPOLITAN SOUTH EAST REGION",-37.88664208,145.3777577,"Dry","Clear"
"T20190000322","6/1/19",05:30:00,"Vehicle overturned (no collision)","Sunday","Dusk/Dawn",1,1,"Not at intersection",3,100,"GANNAWARRA","NORTHERN REGION",-35.72438801,144.1548247,"Dry","Clear"
"T20190000323","6/1/19",19:50:00,"Collision with a fixed object","Sunday","Day",1,1,"Not at intersection",2,60,"BAYSIDE","METROPOLITAN SOUTH EAST REGION",-37.96718002,145.0122567,"Dry","Not known"
"T20190000324","6/1/19",18:55:00,"Collision with vehicle","Sunday","Day",2,3,"Not at intersection",3,60,"PORT PHILLIP","METROPOLITAN NORTH WEST REGION",-37.86585041,144.9814637,"Dry","Clear"
"T20190000325","3/1/19",05:25:00,"Collision with a fixed object","Thursday","Dark No street lights",1,2,"Not at intersection",3,100,"MILDURA","WESTERN REGION",-35.21764,141.9978488,"Dry","Clear"
"T20190000326","6/1/19",17:10:00,"Collision with a fixed object","Sunday","Day",1,4,"Not at intersection",3,100,"MOUNT ALEXANDER","NORTHERN REGION",-37.10852507,144.2534836,"Dry","Clear"