"ACCIDENT_NO","ACCIDENTDATE","ACCIDENTTIME","Accident Type Desc","Day Week Description","Light Condition Desc","NO_OF_VEHICLES","NO_PERSONS","Road Geometry Desc","SEVERITY","SPEED_ZONE","LGA_NAME","REGION_NAME","Lat","Long","Surface Cond Desc","Atmosph Cond Desc"
"T20190000610","11/1/19",15:58:00,"Collision with vehicle","Friday","Day",2,9,"Cross intersection",3,50,"MORNINGTON PENINSULA","METROPOLITAN SOUTH EAST REGION",-38.37497361,144.8356349,"Dry","Clear"
"T20190000611","9/1/19",16:00:00,"Collision with vehicle","Wednesday","Day",3,3,"Not at intersection",3,999,"DAREBIN","METROPOLITAN NORTH WEST REGION",-37.74321416,145.0224454,"Unknown","Not known"
"T20190000614","1/1/19",05:30:00,"Collision with a fixed object","Tuesday","Day",1,2,"Not at intersection",2,100,"MACEDON RANGES","NORTHERN REGION",-37.4665807,144.4822652,"Dry","Clear"
"T20190000615","11/1/19",13:45:00,"Collision with vehicle","Friday","Day",2,2,"Not at intersection",3,70,"MONASH","METROPOLITAN SOUTH EAST REGION",-37.88743961,145.1643965,"Dry","Clear"
"T20190000619","11/1/19",16:45:00,"Vehicle overturned (no collision)","Friday","Day",1,1,"Not at intersection",2,70,"CARDINIA","METROPOLITAN SOUTH EAST REGION",-37.97546514,145.3832027,"Dry","Clear"
"T20190000621","11/1/19",18:34:00,"Collision with vehicle","Friday","Day",2,2,"Not at intersection",3,70,"KINGSTON","METROPOLITAN SOUTH EAST REGION",-37.93408077,145.0424899,"Dry","Clear"
"T20190000623","11/1/19",14:28:00,"Collision with vehicle","Friday","Day",3,4,"Cross intersection",3,60,"MAROONDAH","METROPOLITAN SOUTH EAST REGION",-37.79460697,145.2415453,"Dry","Clear"
"T20190000624","11/1/19",18:15:00,"Collision with vehicle","Friday","Day",2,2,"T intersection",2,60,"MAROONDAH","METROPOLITAN SOUTH EAST REGION",-37.8268111,145.3032757,"Dry","Clear"
"T20190000626","11/1/19",19:50:00,"Struck Pedestrian","Friday","Day",1,4,"Not at intersection",3,70,"DAREBIN","METROPOLITAN NORTH WEST REGION",-37.71189912,145.047079,"Dry","Clear"
"T20190000627","11/1/19",17:15:00,"Collision with vehicle","Friday","Day",4,5,"Not at intersection",3,70,"GEELONG","SOUTH WESTERN REGION",-38.18208264,144.3469108,"Dry","Clear"
"T20190000628","11/1/19",17:25:00,"Vehicle overturned (no collision)","Friday","Day",1,2,"Not at intersection",2,100,"PYRENEES","WESTERN REGION",-37.35886815,143.3336011,"Dry","Clear"
"T20190000629","11/1/19",17:55:00,"Collision with vehicle","Friday","Day",2,3,"Not at intersection",3,50,"WHITTLESEA","METROPOLITAN NORTH WEST REGION",-37.61179013,145.08467,"Dry","Clear"
"T20190000630","11/1/19",15:51:00,"Collision with vehicle","Friday","Day",2,2,"Not at intersection",3,40,"GEELONG","SOUTH WESTERN REGION",-38.24156835,144.3350103,"Dry","Not known"
"T20190000632","11/1/19",19:38:00,"Collision with vehicle","Friday","Day",2,3,"Cross intersection",3,50,"BANYULE","METROPOLITAN NORTH WEST REGION",-37.75391695,145.0433832,"Dry","Clear"
"T20190000633","11/1/19",19:15:00,"Collision with vehicle","Friday","Day",2,3,"T intersection",3,50,"KNOX","METROPOLITAN SOUTH EAST REGION",-37.84313683,145.250912,"Dry","Clear"
"T20190000634","11/1/19",16:00:00,"Collision with a fixed object","Friday","Day",1,2,"T intersection",2,50,"MITCHELL","NORTHERN REGION",-37.36790662,145.0298364,"Dry","Clear"
"T20190000635","11/1/19",01:25:00,"Collision with vehicle","Friday","Dark Street lights on",2,2,"T intersection",3,80,"MONASH","METROPOLITAN SOUTH EAST REGION",-37.92463475,145.1436346,"Dry","Clear"
"T20190000636","11/1/19",21:00:00,"Collision with a fixed object","Friday","Dark No street lights",1,1,"Not at intersection",2,60,"MURRINDINDI","NORTH EASTERN REGION",-37.19473152,145.6961405,"Dry","Clear"
"T20190000637","10/1/19",05:40:00,"Struck animal","Thursday","Dusk/Dawn",1,1,"Not at intersection",3,100,"MACEDON RANGES","NORTHERN REGION",-37.43810048,144.6069316,"Dry","Clear"
"T20190000638","11/1/19",16:10:00,"Collision with a fixed object","Friday","Day",1,1,"Not at intersection",3,70,"BRIMBANK","METROPOLITAN NORTH WEST REGION",-37.74310949,144.7791555,"Dry","Clear"
"T20190000639","11/1/19",19:15:00,"Collision with a fixed object","Friday","Day",1,1,"Not at intersection",3,100,"EAST GIPPSLAND","EASTERN REGION",-37.79393982,147.8384982,"Dry","Clear"
"T20190000640","11/1/19",00:35:00,"Collision with vehicle","Friday","Dark Street lights unknown",2,2,"Cross intersection",3,60,"WHITTLESEA","METROPOLITAN NORTH WEST REGION",-37.60063571,145.0957351,"Dry","Clear"
"T20190000642","11/1/19",16:07:00,"Collision with vehicle","Friday","Day",2,2,"Not at intersection",1,100,"WYNDHAM","METROPOLITAN NORTH WEST REGION",-37.87495307,144.7312813,"Dry","Clear"
"T20190000643","11/1/19",21:27:00,"Collision with a fixed object","Friday","Dark No street lights",1,2,"Multiple intersection",1,100,"MANSFIELD","NORTH EASTERN REGION",-37.00380646,146.0784439,"Dry","Clear"
"T20190000644","12/1/19",01:42:00,"Collision with a fixed object","Saturday","Dark Street lights on",1,1,"Not at intersection",2,50,"WYNDHAM","METROPOLITAN NORTH WEST REGION",-37.8840465,144.6899706,"Dry","Clear"
"T20190000645","11/1/19",22:57:00,"No collision and no object struck","Friday","Dark Street lights unknown",1,1,"Not at intersection",2,999,"YARRA RANGES","METROPOLITAN SOUTH EAST REGION",-37.7717859,145.3321486,"Dry","Clear"
"T20190000648","12/1/19",03:15:00,"Collision with a fixed object","Saturday","Dark Street lights on",1,1,"T intersection",3,60,"STONNINGTON","METROPOLITAN SOUTH EAST REGION",-37.85610122,145.0018874,"Dry","Clear"
"T20190000651","12/1/19",01:50:00,"Struck Pedestrian","Saturday","Dark Street lights on",1,2,"Cross intersection",3,50,"MOYNE","SOUTH WESTERN REGION",-38.38333448,142.2357286,"Dry","Clear"
"T20190000653","11/1/19",23:50:00,"Collision with vehicle","Friday","Dark No street lights",2,2,"Not at intersection",3,100,"BENDIGO","NORTHERN REGION",-36.88594102,144.212181,"Dry","Clear"
"T20190000655","12/1/19",08:20:00,"Collision with vehicle","Saturday","Day",2,2,"Cross intersection",3,80,"MOIRA","NORTH EASTERN REGION",-35.93454738,145.6598833,"Dry","Clear"
"T20190000658","4/1/19",18:17:00,"Collision with vehicle","Friday","Day",2,2,"Not at intersection",3,60,"GLEN EIRA","METROPOLITAN SOUTH EAST REGION",-37.90001486,145.0123123,"Dry","Clear"
"T20190000659","12/1/19",09:35:00,"Vehicle overturned (no collision)","Saturday","Day",1,1,"Not at intersection",2,100,"CARDINIA","METROPOLITAN SOUTH EAST REGION",-37.89951017,145.5937309,"Dry","Clear"
"T20190000660","11/1/19",10:20:00,"Collision with vehicle","Friday","Day",2,2,"Cross intersection",3,50,"BENDIGO","NORTHERN REGION",-36.76297779,144.2977573,"Dry","Clear"
"T20190000661","12/1/19",10:54:00,"Collision with a fixed object","Saturday","Day",1,1,"Not at intersection",3,90,"MORNINGTON PENINSULA","METROPOLITAN SOUTH EAST REGION",-38.34301052,145.0067439,"Dry","Clear"
"T20190000662","12/1/19",11:25:00,"Collision with vehicle","Saturday","Day",2,3,"T intersection",3,60,"SHEPPARTON","NORTH EASTERN REGION",-36.38699965,145.4269556,"Dry","Clear"
"T20190000671","12/1/19",13:15:00,"Collision with vehicle","Saturday","Day",3,7,"T intersection",3,80,"MORNINGTON PENINSULA","METROPOLITAN SOUTH EAST REGION",-38.39074338,145.0878966,"Dry","Clear"
"T20190000674","12/1/19",09:05:00,"Collision with vehicle","Saturday","Day",4,4,"Not at intersection",2,80,"BRIMBANK","METROPOLITAN NORTH WEST REGION",-37.82219008,144.82994,"Dry","Clear"
"T20190000675","7/1/19",13:44:00,"Collision with vehicle","Monday","Day",3,3,"Cross intersection",3,60,"GLEN EIRA","METROPOLITAN SOUTH EAST REGION",-37.88887888,145.0376607,"Dry","Clear"
"T20190000676","12/1/19",10:00:00,"Collision with vehicle","Saturday","Day",2,2,"Not at intersection",2,100,"BAW BAW","EASTERN REGION",-38.01642379,146.4321114,"Dry","Clear"
"T20190000678","12/1/19",14:51:00,"Struck Pedestrian","Saturday","Day",1,4,"T intersection",3,40,"MORELAND","METROPOLITAN NORTH WEST REGION",-37.74858038,144.9653298,"Dry","Clear"
"T20190000679","12/1/19",14:50:00,"Collision with a fixed object","Saturday","Day",1,1,"Not at intersection",3,100,"BENDIGO","NORTHERN REGION",-36.69899922,144.2054713,"Dry","Clear"
"T20190000682","12/1/19",16:04:00,"Collision with vehicle","Saturday","Day",3,7,"Not at intersection",3,60,"GLEN EIRA","METROPOLITAN SOUTH EAST REGION",-37.91824168,145.0370897,"Dry","Clear"
"T20190000684","12/1/19",15:00:00,"Collision with vehicle","Saturday","Day",2,2,"Cross intersection",2,40,"DAREBIN","METROPOLITAN NORTH WEST REGION",-37.775236,144.9978126,"Unknown","Not known"
"T20190000685","12/1/19",07:00:00,"Collision with a fixed object","Saturday","Day",1,1,"Not at intersection",3,100,"MURRINDINDI","NORTH EASTERN REGION",-37.25286655,145.8294454,"Dry","Clear"
"T20190000686","12/1/19",16:36:00,"Collision with vehicle","Saturday","Day",2,4,"Cross intersection",2,80,"CASEY","METROPOLITAN SOUTH EAST REGION",-38.13349784,145.324265,"Dry","Clear"
"T20190000688","12/1/19",17:30:00,"Collision with vehicle","Saturday","Day",2,3,"Cross intersection",3,80,"MONASH","METROPOLITAN SOUTH EAST REGION",-37.89378335,145.0933476,"Dry","Clear"
"T20190000690","12/1/19",18:08:00,"Collision with vehicle","Saturday","Day",2,2,"Not at intersection",3,50,"MONASH","METROPOLITAN SOUTH EAST REGION",-37.91010776,145.0903005,"Dry","Clear"
"T20190000692","12/1/19",19:45:00,"Collision with vehicle","Saturday","Day",2,2,"Not at intersection",3,80,"MOONEE VALLEY","METROPOLITAN NORTH WEST REGION",-37.73515735,144.8954496,"Dry","Clear"
"T20190000694","12/1/19",19:30:00,"No collision and no object struck","Saturday","Day",1,1,"Not at intersection",3,80,"HUME","METROPOLITAN NORTH WEST REGION",-37.69342507,144.9074206,"Dry","Clear"
"T20190000696","12/1/19",21:55:00,"Struck Pedestrian","Saturday","Dark Street lights on",1,3,"Not at intersection",2,60,"MAROONDAH","METROPOLITAN SOUTH EAST REGION",-37.79461964,145.2567217,"Dry","Clear"
"T20190000697","12/1/19",22:15:00,"Collision with a fixed object","Saturday","Dark No street lights",1,2,"Not at intersection",3,100,"GOLDEN PLAINS","SOUTH WESTERN REGION",-37.66654031,143.7342825,"Dry","Clear"
"T20190000698","12/1/19",22:30:00,"Collision with a fixed object","Saturday","Dark Street lights on",1,2,"Not at intersection",2,70,"GEELONG","SOUTH WESTERN REGION",-38.11458006,144.3547205,"Dry","Clear"
"T20190000699","13/1/19",00:14:00,"Collision with vehicle","Sunday","Dark No street lights",3,1,"Not at intersection",3,60,"KNOX","METROPOLITAN SOUTH EAST REGION",-37.84821523,145.2851809,"Dry","Clear"
"T20190000700","12/1/19",23:05:00,"Collision with a fixed object","Saturday","Dark Street lights on",1,4,"Cross intersection",3,50,"KNOX","METROPOLITAN SOUTH EAST REGION",-37.88996364,145.2287622,"Dry","Clear"
"T20190000701","13/1/19",01:24:00,"Struck Pedestrian","Sunday","Dark Street lights on",1,2,"Cross intersection",3,60,"MELBOURNE","METROPOLITAN NORTH WEST REGION",-37.79795209,144.9748771,"Dry","Clear"
"T20190000702","13/1/19",01:02:00,"Vehicle overturned (no collision)","Sunday","Dark Street lights on",1,4,"Not at intersection",2,80,"CASEY","METROPOLITAN SOUTH EAST REGION",-38.02068954,145.2989784,"Dry","Clear"
"T20190000704","12/1/19",23:35:00,"Collision with a fixed object","Saturday","Dark No street lights",1,1,"Not at intersection",3,60,"YARRA RANGES","METROPOLITAN SOUTH EAST REGION",-37.8908604,145.3456586,"Dry","Clear"
"T20190000708","13/1/19",06:15:00,"Other accident","Sunday","Unknown",1,1,"Not at intersection",3,999,"MELBOURNE","METROPOLITAN NORTH WEST REGION",-37.8176618,144.9667208,"Unknown","Clear"
"T20190000709","13/1/19",05:51:00,"Struck Pedestrian","Sunday","Dark Street lights on",1,2,"Not at intersection",2,40,"YARRA","METROPOLITAN NORTH WEST REGION",-37.79547989,144.978949,"Dry","Clear"
"T20190000710","13/1/19",02:40:00,"Struck Pedestrian","Sunday","Dark Street lights on",1,2,"Not at intersection",3,60,"YARRA","METROPOLITAN NORTH WEST REGION",-37.82592061,145.0000499,"Dry","Clear"
"T20190000712","10/1/19",19:00:00,"Struck Pedestrian","Thursday","Day",1,2,"Cross intersection",3,60,"MELBOURNE","METROPOLITAN NORTH WEST REGION",-37.80498418,144.9477745,"Dry","Clear"
"T20190000714","13/1/19",06:40:00,"No collision and no object struck","Sunday","Day",1,1,"Not at intersection",2,100,"BALLARAT","WESTERN REGION",-37.62867786,143.9135636,"Dry","Not known"
"T20190000715","8/1/19",14:45:00,"Struck Pedestrian","Tuesday","Day",1,2,"Not at intersection",3,50,"BALLARAT","WESTERN REGION",-37.54440131,143.8199197,"Dry","Not known"
"T20190000716","13/1/19",08:59:00,"Struck Pedestrian","Sunday","Day",1,2,"Cross intersection",3,60,"BOROONDARA","METROPOLITAN SOUTH EAST REGION",-37.82874117,145.0342131,"Dry","Clear"
"T20190000718","13/1/19",11:20:00,"Collision with a fixed object","Sunday","Day",1,1,"Not at intersection",3,100,"BASS COAST","EASTERN REGION",-38.64567316,145.6094382,"Dry","Clear"
"T20190000719","13/1/19",11:00:00,"Collision with vehicle","Sunday","Day",2,2,"Not at intersection",2,80,"NILLUMBIK","METROPOLITAN NORTH WEST REGION",-37.69082238,145.0885988,"Dry","Clear"
"T20190000720","13/1/19",07:00:00,"Collision with a fixed object","Sunday","Day",1,1,"Not at intersection",1,60,"SHEPPARTON","NORTH EASTERN REGION",-36.40425178,145.3731787,"Dry","Clear"
"T20190000721","13/1/19",10:01:00,"Collision with a fixed object","Sunday","Day",1,1,"Not at intersection",2,50,"MOONEE VALLEY","METROPOLITAN NORTH WEST REGION",-37.76939976,144.9082878,"Dry","Clear"
"T20190000722","13/1/19",11:47:00,"Collision with vehicle","Sunday","Day",3,3,"Not at intersection",3,100,"FRANKSTON","METROPOLITAN SOUTH EAST REGION",-38.0879554,145.1649276,"Dry","Clear"
"T20190000723","13/1/19",12:41:00,"Collision with vehicle","Sunday","Day",3,3,"T intersection",3,60,"MELTON","METROPOLITAN NORTH WEST REGION",-37.75204664,144.7513736,"Dry","Clear"
"T20190000725","12/1/19",22:00:00,"Collision with vehicle","Saturday","Dark Street lights on",3,8,"T intersection",2,70,"MORNINGTON PENINSULA","METROPOLITAN SOUTH EAST REGION",-38.36764279,144.8069953,"Dry","Clear"
"T20190000726","13/1/19",11:35:00,"Collision with vehicle","Sunday","Day",3,6,"T intersection",3,100,"SOUTH GIPPSLAND","EASTERN REGION",-38.4106494,145.7662226,"Dry","Clear"
"T20190000729","13/1/19",13:10:00,"Collision with vehicle","Sunday","Day",2,6,"T intersection",3,60,"MELBOURNE","METROPOLITAN NORTH WEST REGION",-37.80953958,144.9340754,"Dry","Clear"
"T20190000730","13/1/19",12:05:00,"Collision with vehicle","Sunday","Day",2,7,"Cross intersection",3,80,"WHITTLESEA","METROPOLITAN NORTH WEST REGION",-37.68830745,145.0662589,"Dry","Clear"
"T20190000731","13/1/19",14:15:00,"Collision with vehicle","Sunday","Day",2,3,"Not at intersection",3,60,"BRIMBANK","METROPOLITAN NORTH WEST REGION",-37.77076952,144.8418258,"Dry","Clear"
"T20190000732","13/1/19",11:10:00,"Collision with vehicle","Sunday","Day",2,2,"T intersection",3,60,"MARIBYRNONG","METROPOLITAN NORTH WEST REGION",-37.77631358,144.8912779,"Dry","Clear"
"T20190000733","13/1/19",14:42:00,"Collision with vehicle","Sunday","Day",2,3,"Not at intersection",3,100,"MORNINGTON PENINSULA","METROPOLITAN SOUTH EAST REGION",-38.23166945,145.1253064,"Dry","Clear"
"T20190000734","13/1/19",14:00:00,"Collision with vehicle","Sunday","Day",2,2,"Multiple intersection",2,60,"GEELONG","SOUTH WESTERN REGION",-38.19817875,144.3626865,"Dry","Clear"
"T20190000735","13/1/19",15:10:00,"Collision with vehicle","Sunday","Day",2,2,"T intersection",3,100,"MOIRA","NORTH EASTERN REGION",-35.989318,145.631629,"Dry","Clear"
"T20190000737","13/1/19",15:20:00,"Collision with a fixed object","Sunday","Day",1,1,"T intersection",3,50,"MONASH","METROPOLITAN SOUTH EAST REGION",-37.89105003,145.1583203,"Dry","Clear"
"T20190000738","13/1/19",12:20:00,"Collision with vehicle","Sunday","Day",2,7,"Not at intersection",2,80,"MORNINGTON PENINSULA","METROPOLITAN SOUTH EAST REGION",-38.21645771,145.0615893,"Dry","Clear"
"T20190000740","13/1/19",14:00:00,"Collision with a fixed object","Sunday","Day",1,1,"Not at intersection",2,100,"WELLINGTON","EASTERN REGION",-38.19548033,147.0783622,"Dry","Clear"
"T20190000743","13/1/19",13:30:00,"No collision and no object struck","Sunday","Day",1,2,"Not at intersection",3,50,"WELLINGTON","EASTERN REGION",-37.62818941,146.6229475,"Dry","Clear"
"T20190000745","13/1/19",13:15:00,"Collision with vehicle","Sunday","Day",3,10,"Not at intersection",2,80,"BRIMBANK","METROPOLITAN NORTH WEST REGION",-37.72368102,144.8652712,"Dry","Clear"
"T20190000746","13/1/19",15:30:00,"Collision with vehicle","Sunday","Day",2,6,"Not at intersection",2,100,"INDIGO","NORTH EASTERN REGION",-36.37528413,146.7244188,"Dry","Clear"
"T20190000747","13/1/19",15:00:00,"Struck Pedestrian","Sunday","Day",1,3,"Not at intersection",2,999,"SURF COAST","SOUTH WESTERN REGION",-38.53747226,143.9746869,"Dry","Not known"
"T20190000748","13/1/19",12:30:00,"Collision with vehicle","Sunday","Day",2,2,"T intersection",2,60,"KINGSTON","METROPOLITAN SOUTH EAST REGION",-38.03741289,145.1078344,"Dry","Clear"
"T20190000749","13/1/19",17:55:00,"Collision with a fixed object","Sunday","Day",1,1,"T intersection",2,50,"WHITTLESEA","METROPOLITAN NORTH WEST REGION",-37.67319024,145.0381197,"Dry","Clear"
"T20190000751","7/1/19",12:00:00,"Collision with vehicle","Monday","Day",2,2,"Not at intersection",3,50,"GEELONG","SOUTH WESTERN REGION",-38.1333442,144.3515411,"Dry","Clear"
"T20190000752","13/1/19",18:40:00,"Collision with vehicle","Sunday","Day",2,2,"T intersection",2,80,"MONASH","METROPOLITAN SOUTH EAST REGION",-37.92449263,145.1434155,"Dry","Clear"
"T20190000752","13/1/19",18:40:00,"Collision with vehicle","Sunday","Day",2,2,"T intersection",2,80,"MONASH","METROPOLITAN SOUTH EAST REGION",-37.92449263,145.1434155,"Dry","Strong winds"
"T20190000753","13/1/19",19:45:00,"Collision with vehicle","Sunday","Dusk/Dawn",2,6,"Not at intersection",3,60,"CARDINIA","METROPOLITAN SOUTH EAST REGION",-38.06194727,145.4661914,"Dry","Clear"
"T20190000757","13/1/19",16:50:00,"Collision with vehicle","Sunday","Day",2,3,"Not at intersection",2,90,"MORNINGTON PENINSULA","METROPOLITAN SOUTH EAST REGION",-38.42207081,144.9616116,"Dry","Clear"
"T20190000758","13/1/19",20:07:00,"Collision with a fixed object","Sunday","Day",1,1,"Not at intersection",3,60,"PORT PHILLIP","METROPOLITAN NORTH WEST REGION",-37.83561153,144.9721774,"Dry","Clear"
"T20190000759","13/1/19",16:49:00,"Collision with vehicle","Sunday","Day",2,2,"T intersection",3,80,"MARIBYRNONG","METROPOLITAN NORTH WEST REGION",-37.81334872,144.8614867,"Dry","Clear"
"T20190000760","13/1/19",20:50:00,"Collision with a fixed object","Sunday","Dark Street lights on",1,1,"Not at intersection",2,60,"GEELONG","SOUTH WESTERN REGION",-38.11232956,144.3431034,"Dry","Clear"
"T20190000761","13/1/19",17:30:00,"Collision with vehicle","Sunday","Day",3,5,"Not at intersection",1,60,"BANYULE","METROPOLITAN NORTH WEST REGION",-37.75347164,145.0522714,"Dry","Clear"
"T20190000762","13/1/19",15:30:00,"Collision with vehicle","Sunday","Day",2,2,"T intersection",3,60,"KINGSTON","METROPOLITAN SOUTH EAST REGION",-38.04801521,145.1247072,"Dry","Clear"
"T20190000764","13/1/19",20:50:00,"Collision with vehicle","Sunday","Dusk/Dawn",3,7,"Cross intersection",3,80,"CASEY","METROPOLITAN SOUTH EAST REGION",-38.02830844,145.2688147,"Dry","Clear"
"T20190000766","13/1/19",22:45:00,"Collision with a fixed object","Sunday","Dark No street lights",1,1,"Not at intersection",3,100,"MELTON","METROPOLITAN NORTH WEST REGION",-37.76193955,144.6653353,"Dry","Clear"
"T20190000767","14/1/19",00:35:00,"Collision with vehicle","Monday","Dark Street lights on",2,3,"Not at intersection",3,50,"CASEY","METROPOLITAN SOUTH EAST REGION",-38.01141225,145.2791788,"Dry","Clear"
"T20190000770","14/1/19",02:50:00,"collision with some other object","Monday","Dark Street lights on",1,1,"T intersection",3,60,"HUME","METROPOLITAN NORTH WEST REGION",-37.62971822,144.9311211,"Dry","Clear"
"T20190000773","14/1/19",04:45:00,"Collision with vehicle","Monday","Dusk/Dawn",2,7,"Cross intersection",2,80,"MONASH","METROPOLITAN SOUTH EAST REGION",-37.93235349,145.1559385,"Dry","Clear"
"T20190000775","14/1/19",09:10:00,"Collision with vehicle","Monday","Day",2,2,"Not at intersection",3,100,"BRIMBANK","METROPOLITAN NORTH WEST REGION",-37.70720039,144.8190196,"Dry","Clear"
"T20190000776","14/1/19",06:10:00,"Collision with vehicle","Monday","Dusk/Dawn",2,2,"T intersection",2,60,"BOROONDARA","METROPOLITAN SOUTH EAST REGION",-37.8631496,145.0933302,"Dry","Clear"
"T20190000778","11/1/19",20:00:00,"Struck Pedestrian","Friday","Day",1,4,"Not at intersection",3,30,"CASEY","METROPOLITAN SOUTH EAST REGION",-38.09953297,145.2940034,"Dry","Clear"
"T20190000780","14/1/19",07:18:00,"Collision with vehicle","Monday","Day",4,4,"Cross intersection",2,60,"DANDENONG","METROPOLITAN SOUTH EAST REGION",-37.96886665,145.20505,"Dry","Clear"
"T20190000782","14/1/19",11:15:00,"Collision with vehicle","Monday","Day",2,3,"T intersection",2,80,"CARDINIA","METROPOLITAN SOUTH EAST REGION",-38.07128698,145.4777991,"Dry","Clear"
"T20190000784","14/1/19",12:20:00,"Collision with a fixed object","Monday","Day",1,1,"Not at intersection",3,80,"DAREBIN","METROPOLITAN NORTH WEST REGION",-37.69167444,144.9719361,"Dry","Clear"
"T20190000787","14/1/19",07:40:00,"Collision with vehicle","Monday","Day",2,2,"T intersection",3,100,"PYRENEES","WESTERN REGION",-37.43623206,143.4200732,"Dry","Clear"
"T20190000791","14/1/19",10:10:00,"Collision with a fixed object","Monday","Day",1,2,"Multiple intersection",2,110,"MACEDON RANGES","NORTHERN REGION",-37.31684015,144.5214748,"Dry","Clear"
"T20190000793","14/1/19",15:31:00,"Collision with a fixed object","Monday","Day",1,1,"Not at intersection",3,50,"MAROONDAH","METROPOLITAN SOUTH EAST REGION",-37.77389195,145.2432885,"Dry","Clear"
"T20190000794","14/1/19",14:00:00,"Collision with vehicle","Monday","Day",2,2,"Cross intersection",3,60,"MARIBYRNONG","METROPOLITAN NORTH WEST REGION",-37.79669372,144.9039862,"Dry","Clear"
"T20190000798","12/1/19",19:30:00,"Collision with vehicle","Saturday","Dusk/Dawn",2,2,"Not at intersection",3,60,"CASEY","METROPOLITAN SOUTH EAST REGION",-38.01506051,145.2715344,"Dry","Clear"
"T20190000799","14/1/19",11:28:00,"Collision with a fixed object","Monday","Day",1,1,"Not at intersection",2,50,"CASEY","METROPOLITAN SOUTH EAST REGION",-38.02436573,145.3523713,"Dry","Clear"
"T20190000802","14/1/19",16:39:00,"Collision with vehicle","Monday","Day",3,3,"Not at intersection",3,100,"WELLINGTON","EASTERN REGION",-38.19773893,147.0957252,"Dry","Clear"
"T20190000803","14/1/19",15:20:00,"Collision with vehicle","Monday","Day",2,2,"Cross intersection",2,50,"PORT PHILLIP","METROPOLITAN NORTH WEST REGION",-37.86263351,145.0007102,"Dry","Clear"
"T20190000804","14/1/19",16:25:00,"Collision with vehicle","Monday","Day",2,3,"Not at intersection",2,60,"MELBOURNE","METROPOLITAN NORTH WEST REGION",-37.83300006,144.9146135,"Dry","Clear"
"T20190000808","14/1/19",15:29:00,"Collision with vehicle","Monday","Day",3,2,"Not at intersection",3,50,"MOONEE VALLEY","METROPOLITAN NORTH WEST REGION",-37.74209657,144.8853012,"Dry","Clear"
"T20190000810","14/1/19",20:00:00,"Collision with a fixed object","Monday","Day",1,2,"Not at intersection",2,60,"MELBOURNE","METROPOLITAN NORTH WEST REGION",-37.78247043,144.9165293,"Dry","Clear"
"T20190000811","14/1/19",19:45:00,"Collision with vehicle","Monday","Day",2,3,"Cross intersection",3,60,"MORNINGTON PENINSULA","METROPOLITAN SOUTH EAST REGION",-38.30303215,145.1904423,"Dry","Clear"
"T20190000813","11/1/19",11:20:00,"Collision with vehicle","Friday","Day",2,2,"T intersection",2,50,"CASEY","METROPOLITAN SOUTH EAST REGION",-38.14427242,145.290484,"Dry","Clear"
"T20190000815","14/1/19",14:30:00,"Vehicle overturned (no collision)","Monday","Day",1,1,"Not at intersection",3,100,"DANDENONG","METROPOLITAN SOUTH EAST REGION",-37.94749951,145.2048969,"Dry","Clear"
"T20190000817","14/1/19",22:00:00,"Collision with vehicle","Monday","Dark Street lights on",3,3,"T intersection",3,60,"MOONEE VALLEY","METROPOLITAN NORTH WEST REGION",-37.75223681,144.8742232,"Dry","Clear"
"T20190000819","14/1/19",00:45:00,"Collision with a fixed object","Monday","Dark Street lights on",1,1,"Not at intersection",3,60,"DAREBIN","METROPOLITAN NORTH WEST REGION",-37.74817703,145.0290906,"Dry","Clear"
"T20190000820","15/1/19",01:30:00,"Collision with vehicle","Tuesday","Dark Street lights on",2,2,"T intersection",2,70,"CAMPASPE","NORTHERN REGION",-36.13789878,144.7505251,"Dry","Clear"
"T20190000822","15/1/19",01:00:00,"Collision with a fixed object","Tuesday","Dark Street lights unknown",1,1,"T intersection",2,50,"BRIMBANK","METROPOLITAN NORTH WEST REGION",-37.80199477,144.8198361,"Dry","Clear"
"T20190000824","14/1/19",16:00:00,"Collision with a fixed object","Monday","Day",1,2,"Not at intersection",2,70,"BRIMBANK","METROPOLITAN NORTH WEST REGION",-37.74069952,144.7797856,"Dry","Clear"
"T20190000827","15/1/19",08:45:00,"Collision with vehicle","Tuesday","Day",2,3,"T intersection",3,50,"GLEN EIRA","METROPOLITAN SOUTH EAST REGION",-37.92335911,145.0503492,"Dry","Clear"
"T20190000833","15/1/19",07:49:00,"collision with some other object","Tuesday","Day",1,1,"Not at intersection",2,60,"GEELONG","SOUTH WESTERN REGION",-38.26628741,144.618355,"Dry","Clear"
"T20190000836","15/1/19",07:15:00,"Struck Pedestrian","Tuesday","Day",1,2,"Not at intersection",2,40,"DAREBIN","METROPOLITAN NORTH WEST REGION",-37.73757387,145.0000104,"Dry","Clear"
"T20190000839","15/1/19",10:15:00,"Collision with vehicle","Tuesday","Day",3,3,"Not at intersection",3,80,"BAW BAW","EASTERN REGION",-38.20365491,146.0665922,"Dry","Clear"
"T20190000840","15/1/19",07:45:00,"Collision with a fixed object","Tuesday","Day",1,1,"Not at intersection",2,100,"CENTRAL GOLDFIELDS","WESTERN REGION",-36.99269885,143.6263004,"Dry","Clear"