"ACCIDENT_NO","ACCIDENTDATE","ACCIDENTTIME","Accident Type Desc","Day Week Description","Light Condition Desc","NO_OF_VEHICLES","NO_PERSONS","Road Geometry Desc","SEVERITY","SPEED_ZONE","LGA_NAME","REGION_NAME","Lat","Long","Surface Cond Desc","Atmosph Cond Desc"
"T20190000844","15/1/19",06:53:00,"Collision with vehicle","Tuesday","Dusk/Dawn",2,2,"Cross intersection",3,80,"MELTON","METROPOLITAN NORTH WEST REGION",-37.68317045,144.6616365,"Dry","Clear"
"T20190000845","15/1/19",07:55:00,"Collision with vehicle","Tuesday","Unknown",2,2,"Not at intersection",3,999,"GEELONG","SOUTH WESTERN REGION",-38.14051361,144.355208,"Unknown","Not known"
"T20190000847","15/1/19",14:00:00,"collision with some other object","Tuesday","Day",1,1,"Not at intersection",3,100,"TOWONG","NORTH EASTERN REGION",-36.11437993,147.235389,"Dry","Clear"
"T20190000851","15/1/19",15:10:00,"Collision with vehicle","Tuesday","Day",2,2,"Not at intersection",2,60,"WHITEHORSE","METROPOLITAN SOUTH EAST REGION",-37.83117041,145.136174,"Dry","Clear"
"T20190000852","15/1/19",14:20:00,"Collision with vehicle","Tuesday","Day",2,3,"Cross intersection",3,60,"DAREBIN","METROPOLITAN NORTH WEST REGION",-37.76425223,145.0087649,"Dry","Clear"
"T20190000853","15/1/19",15:00:00,"Struck Pedestrian","Tuesday","Day",1,3,"Not at intersection",2,60,"HUME","METROPOLITAN NORTH WEST REGION",-37.68788806,144.8824976,"Dry","Clear"
"T20190000857","15/1/19",08:45:00,"Collision with vehicle","Tuesday","Day",2,2,"Not at intersection",2,80,"GEELONG","SOUTH WESTERN REGION",-38.06838055,144.3107099,"Dry","Clear"
"T20190000858","15/1/19",13:30:00,"Collision with vehicle","Tuesday","Day",2,7,"Not at intersection",2,60,"BANYULE","METROPOLITAN SOUTH EAST REGION",-37.74087196,145.1356976,"Dry","Clear"
"T20190000861","15/1/19",14:10:00,"Collision with vehicle","Tuesday","Day",2,4,"T intersection",3,60,"BRIMBANK","METROPOLITAN NORTH WEST REGION",-37.7794583,144.8330433,"Dry","Clear"
"T20190000862","15/1/19",18:50:00,"Collision with vehicle","Tuesday","Day",2,2,"Cross intersection",3,60,"PORT PHILLIP","METROPOLITAN NORTH WEST REGION",-37.84139219,144.9771946,"Dry","Clear"
"T20190000863","15/1/19",18:23:00,"Struck Pedestrian","Tuesday","Day",1,2,"Not at intersection",2,40,"STONNINGTON","METROPOLITAN SOUTH EAST REGION",-37.84893042,144.9938043,"Dry","Clear"
"T20190000864","15/1/19",18:30:00,"Collision with vehicle","Tuesday","Day",2,3,"T intersection",3,60,"BRIMBANK","METROPOLITAN NORTH WEST REGION",-37.76146235,144.821437,"Dry","Clear"
"T20190000865","15/1/19",17:18:00,"Collision with a fixed object","Tuesday","Day",2,3,"Not at intersection",3,100,"MACEDON RANGES","NORTHERN REGION",-37.33612741,144.4374205,"Dry","Clear"
"T20190000867","15/1/19",10:15:00,"Collision with vehicle","Tuesday","Day",2,5,"Not at intersection",3,999,"SOUTHERN GRAMPIANS","SOUTH WESTERN REGION",-37.61870032,141.7882706,"Dry","Not known"
"T20190000869","15/1/19",19:25:00,"Collision with vehicle","Tuesday","Day",2,3,"Cross intersection",3,60,"KINGSTON","METROPOLITAN SOUTH EAST REGION",-37.96766136,145.0741397,"Dry","Clear"
"T20190000870","15/1/19",19:50:00,"Collision with vehicle","Tuesday","Day",2,2,"Cross intersection",2,60,"MELBOURNE","METROPOLITAN NORTH WEST REGION",-37.82523509,144.9479701,"Dry","Clear"
"T20190000874","15/1/19",12:15:00,"Vehicle overturned (no collision)","Tuesday","Day",1,1,"Not at intersection",3,100,"WEST WIMMERA","WESTERN REGION",-36.5563956,141.2316195,"Dry","Clear"
"T20190000875","15/1/19",21:06:00,"Collision with vehicle","Tuesday","Dark Street lights on",2,2,"Not at intersection",2,50,"DAREBIN","METROPOLITAN NORTH WEST REGION",-37.73465209,145.0311596,"Dry","Clear"
"T20190000878","15/1/19",22:40:00,"Collision with a fixed object","Tuesday","Dark No street lights",1,2,"Not at intersection",3,100,"CASEY","METROPOLITAN SOUTH EAST REGION",-38.21657418,145.3899291,"Dry","Clear"
"T20190000881","16/1/19",07:45:00,"Collision with vehicle","Wednesday","Day",2,2,"Cross intersection",2,50,"SURF COAST","SOUTH WESTERN REGION",-38.33787178,144.3179721,"Dry","Clear"
"T20190000882","16/1/19",07:55:00,"Collision with vehicle","Wednesday","Day",2,2,"Not at intersection",2,60,"GEELONG","SOUTH WESTERN REGION",-38.15042245,144.3636705,"Dry","Not known"
"T20190000886","16/1/19",08:40:00,"Collision with vehicle","Wednesday","Day",2,2,"Cross intersection",3,60,"PORT PHILLIP","METROPOLITAN NORTH WEST REGION",-37.83016977,144.949593,"Dry","Clear"
"T20190000887","16/1/19",08:15:00,"Struck Pedestrian","Wednesday","Day",1,2,"Not at intersection",2,999,"DAREBIN","METROPOLITAN NORTH WEST REGION",-37.76958294,145.0116112,"Dry","Clear"
"T20190000896","16/1/19",09:35:00,"Collision with vehicle","Wednesday","Day",2,3,"T intersection",2,70,"KINGSTON","METROPOLITAN SOUTH EAST REGION",-37.95680499,145.1069195,"Dry","Clear"
"T20190000899","16/1/19",09:45:00,"Vehicle overturned (no collision)","Wednesday","Day",1,1,"Not at intersection",3,100,"CENTRAL GOLDFIELDS","WESTERN REGION",-37.1475799,143.7071725,"Dry","Clear"
"T20190000900","16/1/19",12:04:00,"Collision with vehicle","Wednesday","Day",3,1,"Not at intersection",3,80,"KINGSTON","METROPOLITAN SOUTH EAST REGION",-37.95173211,145.0478552,"Dry","Clear"
"T20190000902","15/1/19",15:00:00,"Collision with vehicle","Tuesday","Day",2,2,"Not at intersection",2,100,"CARDINIA","METROPOLITAN SOUTH EAST REGION",-38.06927032,145.3827598,"Dry","Clear"
"T20190000903","16/1/19",11:40:00,"Struck Pedestrian","Wednesday","Day",1,2,"Cross intersection",3,60,"MORNINGTON PENINSULA","METROPOLITAN SOUTH EAST REGION",-38.33881081,144.7415762,"Dry","Clear"
"T20190000904","16/1/19",09:00:00,"Collision with vehicle","Wednesday","Day",3,3,"T intersection",2,60,"WHITEHORSE","METROPOLITAN SOUTH EAST REGION",-37.84535019,145.1544404,"Dry","Clear"
"T20190000905","16/1/19",10:45:00,"Collision with vehicle","Wednesday","Day",5,6,"Not at intersection",3,80,"MELBOURNE","METROPOLITAN NORTH WEST REGION",-37.82548077,144.93909,"Dry","Clear"
"T20190000906","12/1/19",10:00:00,"Collision with a fixed object","Saturday","Day",1,1,"T intersection",2,80,"SHEPPARTON","NORTH EASTERN REGION",-36.48476167,145.3316014,"Dry","Not known"
"T20190000907","16/1/19",12:45:00,"Collision with vehicle","Wednesday","Day",2,2,"Not at intersection",2,70,"YARRA RANGES","METROPOLITAN SOUTH EAST REGION",-37.86068678,145.3389545,"Dry","Clear"
"T20190000908","16/1/19",11:57:00,"Collision with vehicle","Wednesday","Day",2,2,"T intersection",2,60,"DAREBIN","METROPOLITAN NORTH WEST REGION",-37.72320033,145.0295352,"Dry","Clear"
"T20190000909","16/1/19",12:30:00,"Collision with vehicle","Wednesday","Day",2,2,"T intersection",2,60,"SHEPPARTON","NORTH EASTERN REGION",-36.44248786,145.2410705,"Dry","Clear"
"T20190000910","16/1/19",13:51:00,"Collision with vehicle","Wednesday","Day",2,2,"Cross intersection",2,70,"BAYSIDE","METROPOLITAN SOUTH EAST REGION",-37.93187068,145.0257275,"Dry","Clear"
"T20190000913","16/1/19",13:30:00,"Collision with vehicle","Wednesday","Day",2,3,"Cross intersection",3,100,"LATROBE","EASTERN REGION",-38.33147793,146.3502739,"Dry","Clear"
"T20190000915","15/1/19",19:04:00,"Collision with vehicle","Tuesday","Day",2,3,"Cross intersection",3,60,"BRIMBANK","METROPOLITAN NORTH WEST REGION",-37.78797551,144.8269276,"Dry","Clear"
"T20190000917","16/1/19",10:30:00,"Collision with vehicle","Wednesday","Unknown",2,2,"Not at intersection",3,50,"MELBOURNE","METROPOLITAN NORTH WEST REGION",-37.80894127,144.9719256,"Dry","Clear"
"T20190000918","16/1/19",13:18:00,"Collision with vehicle","Wednesday","Day",3,3,"Cross intersection",3,40,"MELBOURNE","METROPOLITAN NORTH WEST REGION",-37.8081584,144.9687433,"Dry","Clear"
"T20190000920","8/1/19",17:30:00,"Collision with vehicle","Tuesday","Day",3,3,"T intersection",3,80,"MORNINGTON PENINSULA","METROPOLITAN SOUTH EAST REGION",-38.22637588,145.2361355,"Dry","Clear"
"T20190000923","16/1/19",13:10:00,"Collision with a fixed object","Wednesday","Day",2,2,"Not at intersection",2,100,"BASS COAST","EASTERN REGION",-38.30931579,145.5760806,"Dry","Clear"
"T20190000925","16/1/19",14:50:00,"Collision with vehicle","Wednesday","Day",2,2,"Not at intersection",3,80,"DANDENONG","METROPOLITAN SOUTH EAST REGION",-37.99577526,145.2184166,"Dry","Clear"
"T20190000928","16/1/19",15:05:00,"Collision with a fixed object","Wednesday","Day",1,2,"Not at intersection",2,100,"NORTHERN GRAMPIANS","WESTERN REGION",-37.04901016,142.5109192,"Dry","Clear"
"T20190000930","16/1/19",16:35:00,"Collision with vehicle","Wednesday","Day",2,2,"Not at intersection",3,80,"KNOX","METROPOLITAN SOUTH EAST REGION",-37.88517945,145.2834307,"Dry","Clear"
"T20190000931","16/1/19",17:50:00,"Collision with vehicle","Wednesday","Day",2,2,"Cross intersection",2,40,"YARRA","METROPOLITAN NORTH WEST REGION",-37.81858438,144.9991699,"Dry","Clear"
"T20190000938","16/1/19",17:50:00,"Collision with vehicle","Wednesday","Day",2,6,"Cross intersection",3,50,"DAREBIN","METROPOLITAN NORTH WEST REGION",-37.73159076,145.0188903,"Dry","Clear"
"T20190000939","16/1/19",18:40:00,"Collision with vehicle","Wednesday","Day",2,3,"Cross intersection",3,80,"CASEY","METROPOLITAN SOUTH EAST REGION",-38.08312945,145.283203,"Dry","Clear"
"T20190000942","16/1/19",20:21:00,"Struck Pedestrian","Wednesday","Dusk/Dawn",1,2,"Not at intersection",3,60,"GEELONG","SOUTH WESTERN REGION",-38.14653612,144.3452607,"Dry","Clear"
"T20190000943","16/1/19",21:10:00,"Struck Pedestrian","Wednesday","Dark Street lights on",1,2,"T intersection",3,40,"MELBOURNE","METROPOLITAN NORTH WEST REGION",-37.82337501,144.9785686,"Dry","Clear"
"T20190000944","17/1/19",00:45:00,"Collision with vehicle","Thursday","Dark Street lights on",3,3,"Cross intersection",3,40,"WHITTLESEA","METROPOLITAN NORTH WEST REGION",-37.63768009,145.0263649,"Dry","Clear"
"T20190000946","16/1/19",22:23:00,"Collision with vehicle","Wednesday","Dark Street lights on",2,1,"Not at intersection",2,70,"GEELONG","SOUTH WESTERN REGION",-38.16921864,144.3868406,"Dry","Clear"
"T20190000947","1/1/19",01:15:00,"Collision with a fixed object","Tuesday","Dark Street lights on",1,1,"Not at intersection",3,80,"MARIBYRNONG","METROPOLITAN NORTH WEST REGION",-37.82434263,144.8610201,"Dry","Clear"
"T20190000948","17/1/19",06:20:00,"Collision with a fixed object","Thursday","Day",1,1,"Not at intersection",2,60,"GEELONG","SOUTH WESTERN REGION",-37.89326364,144.3815666,"Dry","Clear"
"T20190000951","17/1/19",08:28:00,"Collision with vehicle","Thursday","Day",3,2,"Not at intersection",2,50,"MELBOURNE","METROPOLITAN NORTH WEST REGION",-37.79385014,144.9584526,"Dry","Clear"
"T20190000953","16/1/19",20:50:00,"Collision with vehicle","Wednesday","Dark Street lights on",2,4,"Not at intersection",3,70,"CASEY","METROPOLITAN SOUTH EAST REGION",-38.0568007,145.3140699,"Dry","Clear"
"T20190000954","16/1/19",17:30:00,"Collision with a fixed object","Wednesday","Day",1,1,"Not at intersection",2,60,"MOONEE VALLEY","METROPOLITAN NORTH WEST REGION",-37.78223997,144.93353,"Dry","Clear"
"T20190000956","17/1/19",08:55:00,"Collision with vehicle","Thursday","Day",2,2,"Not at intersection",3,40,"YARRA","METROPOLITAN NORTH WEST REGION",-37.81128968,145.00796,"Dry","Clear"
"T20190000957","17/1/19",06:50:00,"Collision with vehicle","Thursday","Dusk/Dawn",2,2,"Cross intersection",2,60,"BOROONDARA","METROPOLITAN SOUTH EAST REGION",-37.84302974,145.0544879,"Dry","Clear"
"T20190000959","16/1/19",16:50:00,"Collision with vehicle","Wednesday","Day",3,5,"T intersection",3,80,"MONASH","METROPOLITAN SOUTH EAST REGION",-37.92176174,145.1391093,"Dry","Clear"
"T20190000960","17/1/19",06:02:00,"Collision with vehicle","Thursday","Day",2,2,"Cross intersection",2,60,"DAREBIN","METROPOLITAN NORTH WEST REGION",-37.74012702,145.0233621,"Dry","Clear"
"T20190000969","17/1/19",14:00:00,"Collision with vehicle","Thursday","Day",2,2,"Cross intersection",3,110,"BENALLA","NORTH EASTERN REGION",-36.60109379,145.8671928,"Dry","Clear"
"T20190000970","17/1/19",12:20:00,"Collision with vehicle","Thursday","Day",2,2,"Not at intersection",3,100,"MURRINDINDI","NORTH EASTERN REGION",-37.53768007,145.3874998,"Wet","Raining"
"T20190000971","16/1/19",18:00:00,"Collision with vehicle","Wednesday","Day",3,3,"Not at intersection",3,80,"NILLUMBIK","METROPOLITAN NORTH WEST REGION",-37.68201156,145.1204981,"Dry","Clear"
"T20190000972","17/1/19",12:00:00,"Collision with vehicle","Thursday","Day",2,4,"T intersection",3,60,"WHITTLESEA","METROPOLITAN NORTH WEST REGION",-37.68763879,145.0023477,"Dry","Clear"
"T20190000973","17/1/19",06:50:00,"Collision with vehicle","Thursday","Day",2,3,"Not at intersection",2,60,"HOBSONS BAY","METROPOLITAN NORTH WEST REGION",-37.85288041,144.890169,"Dry","Clear"
"T20190000974","17/1/19",09:00:00,"Collision with vehicle","Thursday","Day",3,3,"T intersection",2,50,"HUME","METROPOLITAN NORTH WEST REGION",-37.61324432,144.9262125,"Dry","Clear"
"T20190000975","17/1/19",13:42:00,"Collision with vehicle","Thursday","Day",2,2,"Not at intersection",2,80,"GOLDEN PLAINS","SOUTH WESTERN REGION",-38.04930654,144.149821,"Dry","Clear"
"T20190000979","14/1/19",17:30:00,"Collision with vehicle","Monday","Day",2,2,"Not at intersection",3,60,"MELBOURNE","METROPOLITAN NORTH WEST REGION",-37.84425173,144.9787232,"Dry","Clear"
"T20190000986","17/1/19",05:50:00,"Collision with vehicle","Thursday","Unknown",2,2,"T intersection",3,60,"BALLARAT","WESTERN REGION",-37.54995767,143.8494325,"Unknown","Not known"
"T20190000988","17/1/19",15:06:00,"No collision and no object struck","Thursday","Day",1,1,"Not at intersection",2,80,"MELBOURNE","METROPOLITAN NORTH WEST REGION",-37.82688761,144.9625987,"Dry","Clear"
"T20190000989","17/1/19",17:20:00,"Collision with vehicle","Thursday","Day",2,2,"T intersection",3,60,"MELBOURNE","METROPOLITAN NORTH WEST REGION",-37.8084802,144.9549258,"Dry","Clear"
"T20190000990","17/1/19",15:00:00,"Collision with vehicle","Thursday","Day",2,2,"Cross intersection",3,60,"MONASH","METROPOLITAN SOUTH EAST REGION",-37.89025746,145.1762937,"Dry","Clear"
"T20190000991","17/1/19",17:43:00,"Collision with vehicle","Thursday","Day",2,2,"Not at intersection",3,60,"MANNINGHAM","METROPOLITAN SOUTH EAST REGION",-37.76013615,145.0802309,"Dry","Clear"
"T20190000993","17/1/19",16:15:00,"Collision with vehicle","Thursday","Day",2,2,"Multiple intersection",3,60,"BALLARAT","WESTERN REGION",-37.54468248,143.8682495,"Dry","Clear"
"T20190000995","17/1/19",17:50:00,"Collision with vehicle","Thursday","Day",4,5,"Cross intersection",3,60,"WHITTLESEA","METROPOLITAN NORTH WEST REGION",-37.63768009,145.0263649,"Dry","Not known"
"T20190000996","17/1/19",16:45:00,"Collision with a fixed object","Thursday","Day",1,1,"Not at intersection",3,100,"BOROONDARA","METROPOLITAN SOUTH EAST REGION",-37.79157779,145.0240901,"Dry","Clear"
"T20190001000","17/1/19",16:30:00,"Collision with vehicle","Thursday","Day",2,2,"Not at intersection",3,110,"MELTON","METROPOLITAN NORTH WEST REGION",-37.69119371,144.5738778,"Dry","Clear"
"T20190001001","17/1/19",19:48:00,"Collision with a fixed object","Thursday","Day",1,1,"Not at intersection",3,70,"WHITTLESEA","METROPOLITAN NORTH WEST REGION",-37.66194303,145.0061646,"Dry","Clear"
"T20190001003","17/1/19",17:44:00,"Collision with vehicle","Thursday","Day",2,2,"Not at intersection",3,60,"MONASH","METROPOLITAN SOUTH EAST REGION",-37.8843473,145.1086392,"Dry","Clear"
"T20190001004","17/1/19",18:00:00,"Collision with vehicle","Thursday","Day",3,3,"Cross intersection",2,60,"HOBSONS BAY","METROPOLITAN NORTH WEST REGION",-37.84511233,144.8922948,"Dry","Clear"
"T20190001005","17/1/19",19:13:00,"Collision with a fixed object","Thursday","Day",1,1,"Not at intersection",2,50,"LATROBE","EASTERN REGION",-38.23511022,146.4111204,"Dry","Clear"
"T20190001010","17/1/19",17:20:00,"Collision with vehicle","Thursday","Day",2,2,"Not at intersection",3,50,"WHITTLESEA","METROPOLITAN NORTH WEST REGION",-37.63055993,145.0121294,"Dry","Clear"
"T20190001016","15/1/19",15:50:00,"Collision with vehicle","Tuesday","Day",2,2,"Cross intersection",3,60,"BALLARAT","WESTERN REGION",-37.54381431,143.8611118,"Dry","Clear"
"T20190001017","17/1/19",13:00:00,"Collision with a fixed object","Thursday","Day",1,1,"Not at intersection",2,60,"MITCHELL","NORTHERN REGION",-37.20655712,145.0603317,"Dry","Clear"
"T20190001018","18/1/19",06:45:00,"Collision with vehicle","Friday","Day",3,3,"Not at intersection",3,100,"KINGSTON","METROPOLITAN SOUTH EAST REGION",-38.0312,145.13672,"Dry","Clear"
"T20190001020","18/1/19",08:22:00,"Collision with vehicle","Friday","Day",2,2,"Cross intersection",3,60,"MELBOURNE","METROPOLITAN NORTH WEST REGION",-37.80381709,144.9565039,"Dry","Clear"
"T20190001021","16/1/19",16:15:00,"Struck Pedestrian","Wednesday","Day",1,2,"Cross intersection",3,60,"DAREBIN","METROPOLITAN NORTH WEST REGION",-37.74314802,145.0081186,"Dry","Clear"
"T20190001022","16/1/19",12:30:00,"Collision with vehicle","Wednesday","Day",2,4,"Not at intersection",3,80,"YARRA RANGES","METROPOLITAN SOUTH EAST REGION",-37.76116765,145.3107801,"Dry","Clear"
"T20190001023","17/1/19",11:30:00,"Collision with vehicle","Thursday","Day",3,6,"Not at intersection",2,80,"YARRA RANGES","METROPOLITAN SOUTH EAST REGION",-37.60238795,145.6331596,"Wet","Raining"
"T20190001025","18/1/19",09:00:00,"Collision with vehicle","Friday","Day",2,2,"Cross intersection",3,60,"NORTHERN GRAMPIANS","WESTERN REGION",-37.06082412,142.7774146,"Wet","Clear"
"T20190001026","15/1/19",14:00:00,"Collision with a fixed object","Tuesday","Day",1,1,"T intersection",3,50,"YARRA RANGES","METROPOLITAN SOUTH EAST REGION",-37.76631314,145.3265162,"Dry","Clear"
"T20190001033","17/1/19",15:30:00,"No collision and no object struck","Thursday","Day",1,1,"T intersection",3,80,"YARRA RANGES","METROPOLITAN SOUTH EAST REGION",-37.89188016,145.317508,"Dry","Not known"
"T20190001034","17/1/19",12:40:00,"Collision with vehicle","Thursday","Day",2,1,"Not at intersection",2,100,"WYNDHAM","METROPOLITAN NORTH WEST REGION",-37.95589054,144.5802305,"Dry","Clear"
"T20190001035","18/1/19",09:20:00,"Collision with vehicle","Friday","Day",2,2,"Cross intersection",2,80,"CASEY","METROPOLITAN SOUTH EAST REGION",-38.11992294,145.3371532,"Wet","Raining"
"T20190001036","17/1/19",17:30:00,"Collision with vehicle","Thursday","Day",2,4,"Not at intersection",3,999,"BOROONDARA","METROPOLITAN SOUTH EAST REGION",-37.80304662,145.0411881,"Dry","Clear"
"T20190001037","17/1/19",15:00:00,"Collision with vehicle","Thursday","Day",2,2,"Cross intersection",2,100,"MOIRA","NORTH EASTERN REGION",-36.06910607,145.4504748,"Dry","Clear"
"T20190001038","18/1/19",09:31:00,"Collision with a fixed object","Friday","Day",1,2,"Not at intersection",3,100,"BOROONDARA","METROPOLITAN SOUTH EAST REGION",-37.79066801,145.036902,"Dry","Clear"
"T20190001039","18/1/19",11:26:00,"Vehicle overturned (no collision)","Friday","Day",1,1,"Not at intersection",3,60,"CARDINIA","METROPOLITAN SOUTH EAST REGION",-37.93664006,145.4756802,"Wet","Raining"
"T20190001040","18/1/19",12:05:00,"Collision with vehicle","Friday","Day",2,3,"Not at intersection",3,60,"GEELONG","SOUTH WESTERN REGION",-38.12233511,144.3459759,"Dry","Clear"
"T20190001041","18/1/19",10:00:00,"Collision with vehicle","Friday","Day",2,2,"T intersection",2,60,"MELBOURNE","METROPOLITAN NORTH WEST REGION",-37.82184704,144.9521898,"Dry","Clear"
"T20190001043","18/1/19",11:50:00,"Collision with vehicle","Friday","Day",2,2,"Not at intersection",3,50,"MELTON","METROPOLITAN NORTH WEST REGION",-37.72550242,144.7635496,"Wet","Raining"
"T20190001046","18/1/19",12:05:00,"Vehicle overturned (no collision)","Friday","Day",1,1,"Not at intersection",2,60,"GLEN EIRA","METROPOLITAN SOUTH EAST REGION",-37.8867924,145.0210995,"Wet","Raining"
"T20190001051","18/1/19",13:55:00,"Collision with vehicle","Friday","Day",2,2,"T intersection",3,40,"BANYULE","METROPOLITAN NORTH WEST REGION",-37.70488865,145.1053055,"Unknown","Not known"
"T20190001053","18/1/19",11:41:00,"Collision with a fixed object","Friday","Day",1,2,"T intersection",3,70,"MANNINGHAM","METROPOLITAN SOUTH EAST REGION",-37.76528426,145.1823065,"Dry","Clear"
"T20190001054","18/1/19",13:15:00,"Collision with vehicle","Friday","Day",2,2,"T intersection",3,40,"HORSHAM","WESTERN REGION",-36.71174973,142.1956794,"Dry","Clear"
"T20190001057","18/1/19",14:00:00,"Vehicle overturned (no collision)","Friday","Day",2,3,"Multiple intersection",3,40,"MELBOURNE","METROPOLITAN NORTH WEST REGION",-37.81016979,144.9612909,"Dry","Clear"
"T20190001058","18/1/19",10:40:00,"Collision with vehicle","Friday","Day",2,2,"T intersection",2,50,"MONASH","METROPOLITAN SOUTH EAST REGION",-37.89933314,145.173117,"Dry","Clear"
"T20190001060","17/1/19",07:27:00,"Collision with vehicle","Thursday","Day",2,2,"Cross intersection",3,80,"BRIMBANK","METROPOLITAN NORTH WEST REGION",-37.77696718,144.8287346,"Dry","Clear"
"T20190001061","17/1/19",18:40:00,"Collision with vehicle","Thursday","Day",3,6,"Not at intersection",3,70,"NILLUMBIK","METROPOLITAN NORTH WEST REGION",-37.66940296,145.1737915,"Dry","Clear"
"T20190001065","18/1/19",13:40:00,"Collision with vehicle","Friday","Day",2,5,"Cross intersection",3,100,"SOUTHERN GRAMPIANS","SOUTH WESTERN REGION",-37.66478328,142.2301352,"Dry","Clear"
"T20190001066","18/1/19",16:05:00,"Collision with vehicle","Friday","Day",2,5,"Cross intersection",3,100,"CAMPASPE","NORTHERN REGION",-36.72051249,144.6827357,"Dry","Clear"
"T20190001070","18/1/19",13:25:00,"No collision and no object struck","Friday","Day",1,1,"Not at intersection",2,110,"MITCHELL","NORTHERN REGION",-37.34005816,145.0227958,"Wet","Raining"
"T20190001071","18/1/19",18:00:00,"Vehicle overturned (no collision)","Friday","Day",1,1,"Not at intersection",3,80,"EAST GIPPSLAND","EASTERN REGION",-37.86104019,147.9936791,"Wet","Clear"
"T20190001073","18/1/19",14:30:00,"Collision with a fixed object","Friday","Day",1,1,"Not at intersection",1,110,"MOORABOOL","WESTERN REGION",-37.59159226,144.1766507,"Dry","Clear"
"T20190001074","18/1/19",18:23:00,"Collision with vehicle","Friday","Day",2,2,"Cross intersection",2,50,"BALLARAT","WESTERN REGION",-37.55885978,143.8168724,"Dry","Clear"
"T20190001077","18/1/19",18:30:00,"Collision with vehicle","Friday","Unknown",2,2,"Not at intersection",3,999,"KNOX","METROPOLITAN SOUTH EAST REGION",-37.87655025,145.2119162,"Dry","Clear"
"T20190001079","16/1/19",17:00:00,"Collision with vehicle","Wednesday","Day",3,3,"Not at intersection",3,60,"STONNINGTON","METROPOLITAN SOUTH EAST REGION",-37.86992949,145.061141,"Dry","Clear"
"T20190001082","18/1/19",17:50:00,"Collision with a fixed object","Friday","Day",1,1,"Not at intersection",2,100,"LODDON","NORTHERN REGION",-36.60848851,143.5892901,"Dry","Clear"
"T20190001083","18/1/19",05:10:00,"Collision with vehicle","Friday","Dark Street lights on",2,1,"Not at intersection",2,60,"YARRA","METROPOLITAN NORTH WEST REGION",-37.82727095,145.0123698,"Dry","Clear"
"T20190001089","19/1/19",00:57:00,"Collision with a fixed object","Saturday","Dark Street lights on",1,3,"Not at intersection",3,40,"MORELAND","METROPOLITAN NORTH WEST REGION",-37.75739048,144.9637844,"Dry","Clear"
"T20190001090","19/1/19",02:30:00,"Collision with vehicle","Saturday","Dark Street lights on",2,6,"T intersection",3,80,"MONASH","METROPOLITAN SOUTH EAST REGION",-37.92176174,145.1391093,"Dry","Clear"
"T20190001091","19/1/19",00:25:00,"Collision with a fixed object","Saturday","Dark No street lights",1,1,"Not at intersection",2,70,"YARRA RANGES","METROPOLITAN SOUTH EAST REGION",-37.96569532,145.3243691,"Unknown","Clear"
"T20190001093","19/1/19",04:30:00,"Collision with a fixed object","Saturday","Dark No street lights",1,1,"Not at intersection",2,80,"GEELONG","SOUTH WESTERN REGION",-37.88816271,144.3444765,"Dry","Clear"
"T20190001095","19/1/19",00:39:00,"Collision with a fixed object","Saturday","Dark Street lights on",2,3,"Cross intersection",2,40,"MAROONDAH","METROPOLITAN SOUTH EAST REGION",-37.77082225,145.2950053,"Dry","Clear"
"T20190001096","18/1/19",11:35:00,"Collision with vehicle","Friday","Day",2,2,"T intersection",3,999,"DAREBIN","METROPOLITAN NORTH WEST REGION",-37.75151615,144.9925916,"Dry","Raining"
"T20190001097","19/1/19",04:50:00,"Collision with a fixed object","Saturday","Dark Street lights on",1,2,"Not at intersection",3,70,"CASEY","METROPOLITAN SOUTH EAST REGION",-37.99699014,145.315,"Dry","Clear"
"T20190001098","19/1/19",07:40:00,"Collision with a fixed object","Saturday","Day",1,2,"Not at intersection",3,60,"HUME","METROPOLITAN NORTH WEST REGION",-37.68694924,144.9166758,"Dry","Clear"
"T20190001104","18/1/19",18:00:00,"Collision with vehicle","Friday","Day",2,2,"T intersection",3,999,"YARRA","METROPOLITAN NORTH WEST REGION",-37.80003649,144.9949483,"Unknown","Clear"
"T20190001105","19/1/19",09:55:00,"Collision with a fixed object","Saturday","Day",1,1,"Not at intersection",2,100,"MOORABOOL","WESTERN REGION",-37.58760012,144.4594897,"Dry","Clear"
"T20190001106","18/1/19",16:45:00,"Collision with vehicle","Friday","Day",2,3,"Not at intersection",3,40,"HOBSONS BAY","METROPOLITAN NORTH WEST REGION",-37.82830283,144.8176413,"Dry","Clear"
"T20190001109","19/1/19",09:55:00,"Collision with vehicle","Saturday","Day",3,3,"Not at intersection",3,60,"MELBOURNE","METROPOLITAN NORTH WEST REGION",-37.7874902,144.9590628,"Dry","Clear"
"T20190001110","19/1/19",10:58:00,"Collision with vehicle","Saturday","Day",2,2,"T intersection",3,60,"MORNINGTON PENINSULA","METROPOLITAN SOUTH EAST REGION",-38.37982721,144.816763,"Dry","Clear"
"T20190001114","19/1/19",10:30:00,"Collision with vehicle","Saturday","Day",2,2,"Not at intersection",2,40,"DAREBIN","METROPOLITAN NORTH WEST REGION",-37.71571825,145.0069528,"Dry","Clear"
"T20190001115","16/1/19",08:30:00,"Struck Pedestrian","Wednesday","Unknown",1,2,"Cross intersection",3,60,"MONASH","METROPOLITAN SOUTH EAST REGION",-37.89277767,145.0882617,"Unknown","Not known"