"ACCIDENT_NO","ACCIDENTDATE","ACCIDENTTIME","Accident Type Desc","Day Week Description","Light Condition Desc","NO_OF_VEHICLES","NO_PERSONS","Road Geometry Desc","SEVERITY","SPEED_ZONE","LGA_NAME","REGION_NAME","Lat","Long","Surface Cond Desc","Atmosph Cond Desc"
"T20190001116","19/1/19",11:40:00,"Collision with vehicle","Saturday","Day",2,4,"T intersection",3,60,"MONASH","METROPOLITAN SOUTH EAST REGION",-37.88067042,145.0930399,"Dry","Clear"
"T20190001118","19/1/19",12:07:00,"Collision with vehicle","Saturday","Day",2,2,"Not at intersection",2,80,"YARRA RANGES","METROPOLITAN SOUTH EAST REGION",-37.95187446,145.3410079,"Dry","Clear"
"T20190001119","19/1/19",11:50:00,"Collision with vehicle","Saturday","Day",2,3,"T intersection",3,60,"SHEPPARTON","NORTH EASTERN REGION",-36.41374969,145.392457,"Dry","Clear"
"T20190001120","19/1/19",13:04:00,"Collision with vehicle","Saturday","Day",2,6,"T intersection",3,80,"MORNINGTON PENINSULA","METROPOLITAN SOUTH EAST REGION",-38.3693705,145.0050858,"Dry","Clear"
"T20190001123","19/1/19",15:10:00,"Collision with vehicle","Saturday","Day",2,1,"Not at intersection",3,60,"MOONEE VALLEY","METROPOLITAN NORTH WEST REGION",-37.73346983,144.8894784,"Dry","Clear"
"T20190001127","19/1/19",16:50:00,"Collision with a fixed object","Saturday","Day",1,1,"Not at intersection",3,100,"MORNINGTON PENINSULA","METROPOLITAN SOUTH EAST REGION",-38.45764858,144.9015917,"Dry","Clear"
"T20190001128","19/1/19",03:40:00,"Collision with vehicle","Saturday","Unknown",3,3,"T intersection",2,60,"MAROONDAH","METROPOLITAN SOUTH EAST REGION",-37.7963591,145.2351083,"Dry","Clear"
"T20190001132","19/1/19",16:25:00,"Collision with vehicle","Saturday","Day",2,2,"Not at intersection",3,80,"CARDINIA","METROPOLITAN SOUTH EAST REGION",-38.17599175,145.4241496,"Dry","Clear"
"T20190001134","19/1/19",11:30:00,"Collision with vehicle","Saturday","Day",2,2,"Not at intersection",3,50,"PORT PHILLIP","METROPOLITAN NORTH WEST REGION",-37.86571976,144.9908379,"Dry","Clear"
"T20190001135","18/1/19",12:56:00,"Collision with vehicle","Friday","Day",2,3,"Not at intersection",2,80,"HEPBURN","WESTERN REGION",-37.35026087,144.11563,"Wet","Not known"
"T20190001136","19/1/19",15:30:00,"Collision with a fixed object","Saturday","Day",1,1,"Not at intersection",3,50,"WHITTLESEA","METROPOLITAN NORTH WEST REGION",-37.68000032,145.0198199,"Dry","Clear"
"T20190001137","19/1/19",18:58:00,"Collision with vehicle","Saturday","Day",2,3,"T intersection",3,80,"CASEY","METROPOLITAN SOUTH EAST REGION",-38.05067377,145.3402394,"Dry","Clear"
"T20190001139","12/1/19",07:45:00,"Collision with vehicle","Saturday","Day",2,2,"Not at intersection",2,60,"BAYSIDE","METROPOLITAN SOUTH EAST REGION",-37.96255893,145.0117645,"Dry","Clear"
"T20190001142","19/1/19",19:05:00,"Collision with vehicle","Saturday","Day",3,4,"T intersection",2,70,"WHITEHORSE","METROPOLITAN SOUTH EAST REGION",-37.83627473,145.185184,"Dry","Clear"
"T20190001144","19/1/19",21:06:00,"Collision with a fixed object","Saturday","Dark Street lights on",1,1,"Cross intersection",3,50,"DAREBIN","METROPOLITAN NORTH WEST REGION",-37.74937278,144.9957655,"Dry","Clear"
"T20190001145","19/1/19",15:10:00,"Collision with vehicle","Saturday","Day",2,2,"Cross intersection",2,50,"DAREBIN","METROPOLITAN NORTH WEST REGION",-37.75283234,145.0063908,"Dry","Clear"
"T20190001146","19/1/19",22:15:00,"Collision with a fixed object","Saturday","Dark No street lights",1,1,"Not at intersection",2,100,"GOLDEN PLAINS","SOUTH WESTERN REGION",-37.70142711,143.66305,"Dry","Clear"
"T20190001150","20/1/19",02:00:00,"Vehicle overturned (no collision)","Sunday","Dark No street lights",1,2,"Not at intersection",2,100,"BASS COAST","EASTERN REGION",-38.48548471,145.5677393,"Dry","Clear"
"T20190001151","20/1/19",03:35:00,"Collision with vehicle","Sunday","Dark Street lights on",2,2,"Cross intersection",3,60,"YARRA","METROPOLITAN NORTH WEST REGION",-37.78864937,144.9908695,"Dry","Clear"
"T20190001152","20/1/19",04:14:00,"Collision with a fixed object","Sunday","Dark Street lights unknown",1,1,"Not at intersection",3,70,"BRIMBANK","METROPOLITAN NORTH WEST REGION",-37.72573781,144.8255012,"Dry","Clear"
"T20190001157","20/1/19",12:00:00,"Struck Pedestrian","Sunday","Day",1,2,"Not at intersection",2,50,"QUEENSCLIFFE","SOUTH WESTERN REGION",-38.2685997,144.6555792,"Dry","Clear"
"T20190001158","20/1/19",11:17:00,"Collision with a fixed object","Sunday","Day",1,2,"Not at intersection",2,100,"HUME","METROPOLITAN NORTH WEST REGION",-37.62022882,144.714902,"Dry","Clear"
"T20190001160","20/1/19",11:44:00,"Collision with a fixed object","Sunday","Day",1,2,"Not at intersection",3,50,"MELBOURNE","METROPOLITAN NORTH WEST REGION",-37.7975098,144.97075,"Dry","Clear"
"T20190001162","20/1/19",09:14:00,"Collision with vehicle","Sunday","Day",3,4,"Not at intersection",3,60,"WYNDHAM","METROPOLITAN NORTH WEST REGION",-37.87970014,144.7012312,"Dry","Clear"
"T20190001163","20/1/19",08:49:00,"Struck Pedestrian","Sunday","Day",1,2,"T intersection",2,80,"MORNINGTON PENINSULA","METROPOLITAN SOUTH EAST REGION",-38.38939486,144.8173859,"Dry","Clear"
"T20190001164","20/1/19",09:30:00,"Collision with vehicle","Sunday","Day",2,7,"Cross intersection",2,100,"CASEY","METROPOLITAN SOUTH EAST REGION",-38.13388243,145.2284637,"Dry","Clear"
"T20190001165","19/1/19",10:00:00,"Vehicle overturned (no collision)","Saturday","Day",1,1,"Not at intersection",3,100,"BENALLA","NORTH EASTERN REGION",-36.73886557,145.9351115,"Dry","Clear"
"T20190001167","20/1/19",12:28:00,"Struck Pedestrian","Sunday","Day",1,2,"Not at intersection",3,60,"WYNDHAM","METROPOLITAN NORTH WEST REGION",-37.87747454,144.681441,"Dry","Clear"
"T20190001168","20/1/19",10:40:00,"No collision and no object struck","Sunday","Day",1,5,"Not at intersection",3,100,"MURRINDINDI","NORTH EASTERN REGION",-37.38240671,145.4738164,"Dry","Clear"
"T20190001170","15/1/19",18:20:00,"Collision with vehicle","Tuesday","Day",4,1,"Not at intersection",2,50,"BOROONDARA","METROPOLITAN SOUTH EAST REGION",-37.82270967,145.0628472,"Dry","Clear"
"T20190001172","20/1/19",15:40:00,"Collision with vehicle","Sunday","Day",2,2,"Not at intersection",3,100,"HOBSONS BAY","METROPOLITAN NORTH WEST REGION",-37.83913011,144.7972101,"Dry","Clear"
"T20190001173","20/1/19",15:41:00,"Collision with vehicle","Sunday","Day",2,2,"Not at intersection",2,100,"CARDINIA","METROPOLITAN SOUTH EAST REGION",-37.9199817,145.5638609,"Dry","Clear"
"T20190001174","19/1/19",22:00:00,"Collision with a fixed object","Saturday","Dark No street lights",1,1,"Not at intersection",2,80,"MITCHELL","NORTHERN REGION",-37.19059078,145.0389315,"Dry","Clear"
"T20190001177","20/1/19",14:00:00,"Struck Pedestrian","Sunday","Day",1,2,"Cross intersection",3,60,"MORELAND","METROPOLITAN NORTH WEST REGION",-37.7062768,144.9161412,"Dry","Clear"
"T20190001178","20/1/19",15:45:00,"Collision with vehicle","Sunday","Day",4,7,"Not at intersection",2,80,"YARRA RANGES","METROPOLITAN SOUTH EAST REGION",-37.96345113,145.3416106,"Dry","Clear"
"T20190001180","20/1/19",16:48:00,"Collision with vehicle","Sunday","Day",2,2,"Not at intersection",2,100,"EAST GIPPSLAND","EASTERN REGION",-37.7808899,147.488591,"Dry","Clear"
"T20190001181","20/1/19",17:06:00,"Collision with vehicle","Sunday","Day",3,3,"T intersection",3,60,"PORT PHILLIP","METROPOLITAN NORTH WEST REGION",-37.88713309,144.9840526,"Dry","Clear"
"T20190001182","20/1/19",15:55:00,"Struck Pedestrian","Sunday","Day",1,3,"T intersection",2,80,"FRANKSTON","METROPOLITAN SOUTH EAST REGION",-38.15425772,145.1845879,"Dry","Clear"
"T20190001183","19/1/19",18:20:00,"Collision with vehicle","Saturday","Day",4,14,"Not at intersection",3,80,"MELBOURNE","METROPOLITAN NORTH WEST REGION",-37.82781684,144.9540912,"Dry","Clear"
"T20190001184","20/1/19",16:39:00,"No collision and no object struck","Sunday","Day",1,1,"Not at intersection",2,100,"MURRINDINDI","NORTH EASTERN REGION",-37.49822461,145.3777935,"Dry","Clear"
"T20190001185","20/1/19",19:33:00,"Collision with vehicle","Sunday","Day",3,7,"Not at intersection",3,80,"HOBSONS BAY","METROPOLITAN NORTH WEST REGION",-37.82572183,144.8301418,"Dry","Clear"
"T20190001186","20/1/19",18:41:00,"Collision with vehicle","Sunday","Day",2,3,"Not at intersection",2,100,"GEELONG","SOUTH WESTERN REGION",-37.9858975,144.5254779,"Dry","Clear"
"T20190001187","20/1/19",15:22:00,"Collision with vehicle","Sunday","Day",2,3,"Not at intersection",3,999,"MELTON","METROPOLITAN NORTH WEST REGION",-37.73507029,144.707305,"Dry","Clear"
"T20190001188","20/1/19",20:32:00,"Collision with vehicle","Sunday","Day",2,2,"Cross intersection",3,70,"HUME","METROPOLITAN NORTH WEST REGION",-37.68950095,144.9582404,"Dry","Clear"
"T20190001189","20/1/19",16:50:00,"Collision with vehicle","Sunday","Day",2,7,"Not at intersection",3,80,"MAROONDAH","METROPOLITAN SOUTH EAST REGION",-37.82795382,145.281802,"Dry","Clear"
"T20190001190","20/1/19",16:30:00,"Collision with vehicle","Sunday","Day",5,6,"Not at intersection",2,80,"MELBOURNE","METROPOLITAN NORTH WEST REGION",-37.82663434,144.9496585,"Dry","Clear"
"T20190001191","20/1/19",21:58:00,"Collision with vehicle","Sunday","Dark Street lights on",2,2,"Cross intersection",3,70,"MANNINGHAM","METROPOLITAN SOUTH EAST REGION",-37.78841444,145.1042412,"Dry","Clear"
"T20190001192","20/1/19",21:10:00,"collision with some other object","Sunday","Dark Street lights off",1,1,"Not at intersection",3,50,"STONNINGTON","METROPOLITAN SOUTH EAST REGION",-37.85548,144.98763,"Dry","Clear"
"T20190001193","20/1/19",23:00:00,"Collision with vehicle","Sunday","Dark Street lights on",2,3,"Cross intersection",3,50,"MARIBYRNONG","METROPOLITAN NORTH WEST REGION",-37.80161911,144.8649898,"Dry","Clear"
"T20190001195","20/1/19",23:25:00,"Collision with a fixed object","Sunday","Dark Street lights on",2,4,"Not at intersection",2,80,"MELBOURNE","METROPOLITAN NORTH WEST REGION",-37.82647889,144.9646083,"Dry","Clear"
"T20190001196","20/1/19",21:30:00,"Collision with vehicle","Sunday","Dark No street lights",2,2,"Not at intersection",1,100,"GLENELG","SOUTH WESTERN REGION",-38.24868169,141.7446711,"Dry","Clear"
"T20190001198","14/1/19",15:00:00,"Collision with vehicle","Monday","Day",2,2,"T intersection",3,60,"MAROONDAH","METROPOLITAN SOUTH EAST REGION",-37.78968244,145.309271,"Dry","Clear"
"T20190001199","21/1/19",03:30:00,"Collision with a fixed object","Monday","Dark Street lights on",1,2,"Not at intersection",2,50,"BOROONDARA","METROPOLITAN SOUTH EAST REGION",-37.86244647,145.0649997,"Dry","Clear"
"T20190001200","16/1/19",10:45:00,"Collision with vehicle","Wednesday","Day",2,2,"Not at intersection",3,80,"YARRA RANGES","METROPOLITAN SOUTH EAST REGION",-37.59774841,145.6346487,"Dry","Clear"
"T20190001203","21/1/19",06:44:00,"Collision with vehicle","Monday","Day",2,3,"Cross intersection",3,80,"DANDENONG","METROPOLITAN SOUTH EAST REGION",-38.03561913,145.2463265,"Dry","Clear"
"T20190001205","19/1/19",19:30:00,"Collision with vehicle","Saturday","Day",2,2,"T intersection",3,60,"BALLARAT","WESTERN REGION",-37.54458073,143.8211945,"Dry","Clear"
"T20190001206","21/1/19",08:22:00,"Collision with vehicle","Monday","Day",2,2,"Cross intersection",3,60,"MELTON","METROPOLITAN NORTH WEST REGION",-37.73037314,144.749622,"Dry","Clear"
"T20190001207","21/1/19",07:45:00,"Collision with a fixed object","Monday","Day",1,1,"Not at intersection",2,70,"GEELONG","SOUTH WESTERN REGION",-38.19216173,144.5485743,"Dry","Clear"
"T20190001210","21/1/19",06:30:00,"Collision with vehicle","Monday","Unknown",2,2,"Not at intersection",3,60,"BAYSIDE","METROPOLITAN SOUTH EAST REGION",-37.9434604,145.0010488,"Dry","Clear"
"T20190001211","21/1/19",09:45:00,"Collision with vehicle","Monday","Day",2,1,"Not at intersection",3,50,"QUEENSCLIFFE","SOUTH WESTERN REGION",-38.26984867,144.6535562,"Dry","Clear"
"T20190001215","21/1/19",05:00:00,"Collision with vehicle","Monday","Dark Street lights unknown",2,2,"Not at intersection",2,60,"DANDENONG","METROPOLITAN SOUTH EAST REGION",-37.97479009,145.1664807,"Dry","Clear"
"T20190001216","21/1/19",10:15:00,"Collision with vehicle","Monday","Day",4,1,"Not at intersection",3,50,"BRIMBANK","METROPOLITAN NORTH WEST REGION",-37.78068714,144.8206205,"Dry","Clear"
"T20190001217","19/1/19",18:52:00,"Collision with vehicle","Saturday","Day",2,3,"Not at intersection",3,50,"MORELAND","METROPOLITAN NORTH WEST REGION",-37.73236281,144.9464495,"Dry","Clear"
"T20190001218","21/1/19",06:40:00,"Collision with vehicle","Monday","Day",2,3,"Not at intersection",3,80,"HOBSONS BAY","METROPOLITAN NORTH WEST REGION",-37.82772138,144.8952887,"Dry","Clear"
"T20190001220","21/1/19",06:00:00,"Collision with a fixed object","Monday","Dark Street lights on",1,1,"T intersection",3,60,"HUME","METROPOLITAN NORTH WEST REGION",-37.63174133,144.9238905,"Dry","Clear"
"T20190001223","21/1/19",09:20:00,"Collision with vehicle","Monday","Day",2,2,"T intersection",3,70,"MONASH","METROPOLITAN SOUTH EAST REGION",-37.93188793,145.1937299,"Dry","Clear"
"T20190001227","21/1/19",13:03:00,"Collision with vehicle","Monday","Day",2,3,"Not at intersection",2,70,"NILLUMBIK","METROPOLITAN NORTH WEST REGION",-37.64942409,145.1474611,"Dry","Clear"
"T20190001228","21/1/19",10:35:00,"Collision with vehicle","Monday","Day",2,3,"Cross intersection",2,60,"MORELAND","METROPOLITAN NORTH WEST REGION",-37.72746039,144.9636776,"Dry","Clear"
"T20190001229","21/1/19",10:55:00,"Collision with vehicle","Monday","Day",3,3,"Not at intersection",3,80,"MAROONDAH","METROPOLITAN SOUTH EAST REGION",-37.81050288,145.2290799,"Dry","Clear"
"T20190001231","21/1/19",08:30:00,"Collision with vehicle","Monday","Day",2,2,"T intersection",3,70,"MONASH","METROPOLITAN SOUTH EAST REGION",-37.91254402,145.1125942,"Dry","Clear"
"T20190001234","21/1/19",13:01:00,"Vehicle overturned (no collision)","Monday","Day",1,1,"Not at intersection",3,80,"CARDINIA","METROPOLITAN SOUTH EAST REGION",-38.26886877,145.5552292,"Dry","Clear"
"T20190001235","3/1/19",14:23:00,"No collision and no object struck","Thursday","Day",1,1,"Not at intersection",3,60,"MONASH","METROPOLITAN SOUTH EAST REGION",-37.86844341,145.1162094,"Dry","Clear"
"T20190001237","20/1/19",08:30:00,"Collision with vehicle","Sunday","Day",2,2,"Multiple intersection",3,60,"WHITTLESEA","METROPOLITAN NORTH WEST REGION",-37.58699648,145.1032583,"Dry","Clear"
"T20190001241","21/1/19",15:00:00,"Collision with vehicle","Monday","Day",2,2,"Cross intersection",3,60,"GEELONG","SOUTH WESTERN REGION",-38.15016002,144.3708363,"Dry","Clear"
"T20190001242","21/1/19",13:20:00,"Collision with vehicle","Monday","Day",2,2,"Not at intersection",2,60,"MORELAND","METROPOLITAN NORTH WEST REGION",-37.76680959,144.9621661,"Dry","Clear"
"T20190001246","21/1/19",15:20:00,"Struck Pedestrian","Monday","Day",1,2,"Not at intersection",3,50,"MOONEE VALLEY","METROPOLITAN NORTH WEST REGION",-37.73778085,144.899922,"Dry","Clear"
"T20190001248","21/1/19",16:40:00,"Collision with vehicle","Monday","Day",2,2,"Not at intersection",3,999,"BRIMBANK","METROPOLITAN NORTH WEST REGION",-37.71880991,144.8712199,"Dry","Clear"
"T20190001249","21/1/19",16:47:00,"Collision with vehicle","Monday","Day",3,3,"Not at intersection",3,80,"KINGSTON","METROPOLITAN SOUTH EAST REGION",-37.98740457,145.1176507,"Dry","Clear"
"T20190001250","21/1/19",15:34:00,"Collision with vehicle","Monday","Day",2,7,"T intersection",3,80,"COLAC OTWAY","SOUTH WESTERN REGION",-38.7825197,143.5366305,"Dry","Clear"
"T20190001252","15/1/19",15:06:00,"Collision with vehicle","Tuesday","Day",2,3,"T intersection",2,60,"HOBSONS BAY","METROPOLITAN NORTH WEST REGION",-37.82734256,144.828973,"Dry","Clear"
"T20190001254","21/1/19",17:55:00,"Collision with vehicle","Monday","Day",4,5,"T intersection",3,60,"BRIMBANK","METROPOLITAN NORTH WEST REGION",-37.76783159,144.7660185,"Dry","Clear"
"T20190001255","21/1/19",16:14:00,"Collision with vehicle","Monday","Day",2,2,"Cross intersection",2,60,"NORTHERN GRAMPIANS","WESTERN REGION",-36.61065124,143.2539383,"Dry","Clear"
"T20190001256","21/1/19",18:20:00,"Collision with vehicle","Monday","Day",2,5,"Cross intersection",3,60,"SHEPPARTON","NORTH EASTERN REGION",-36.36805346,145.4125645,"Dry","Clear"
"T20190001257","21/1/19",17:10:00,"Collision with vehicle","Monday","Day",2,2,"Not at intersection",2,80,"BRIMBANK","METROPOLITAN NORTH WEST REGION",-37.72398231,144.8448002,"Dry","Clear"
"T20190001260","21/1/19",17:02:00,"Collision with vehicle","Monday","Day",3,3,"Cross intersection",2,100,"HUME","METROPOLITAN NORTH WEST REGION",-37.69190181,144.95858,"Dry","Clear"
"T20190001264","21/1/19",20:04:00,"Collision with vehicle","Monday","Day",2,4,"T intersection",2,60,"DANDENONG","METROPOLITAN SOUTH EAST REGION",-37.97248906,145.1601495,"Dry","Clear"
"T20190001267","21/1/19",22:25:00,"Collision with vehicle","Monday","Unknown",2,2,"Not at intersection",3,80,"HOBSONS BAY","METROPOLITAN NORTH WEST REGION",-37.8274873,144.8948747,"Unknown","Not known"
"T20190001268","21/1/19",22:48:00,"Collision with vehicle","Monday","Dark Street lights on",2,2,"T intersection",2,60,"WHITTLESEA","METROPOLITAN NORTH WEST REGION",-37.68504048,145.013031,"Dry","Clear"
"T20190001270","21/1/19",23:55:00,"Collision with a fixed object","Monday","Dark Street lights on",1,1,"T intersection",3,60,"DANDENONG","METROPOLITAN SOUTH EAST REGION",-37.96011915,145.1334481,"Dry","Clear"
"T20190001272","22/1/19",06:57:00,"Collision with vehicle","Tuesday","Day",2,3,"Not at intersection",2,60,"KINGSTON","METROPOLITAN SOUTH EAST REGION",-37.98893962,145.0700769,"Dry","Clear"
"T20190001273","22/1/19",07:10:00,"Vehicle overturned (no collision)","Tuesday","Day",1,1,"Not at intersection",3,40,"ALPINE","NORTH EASTERN REGION",-36.39955005,147.0359303,"Dry","Clear"
"T20190001274","22/1/19",08:51:00,"Collision with vehicle","Tuesday","Day",2,4,"Cross intersection",2,60,"HUME","METROPOLITAN NORTH WEST REGION",-37.67000283,144.8534405,"Dry","Clear"
"T20190001275","22/1/19",08:30:00,"Collision with vehicle","Tuesday","Day",2,2,"Not at intersection",3,50,"WHITTLESEA","METROPOLITAN NORTH WEST REGION",-37.62018014,145.0008291,"Dry","Clear"
"T20190001276","22/1/19",08:15:00,"Collision with vehicle","Tuesday","Day",5,3,"Cross intersection",3,50,"MORELAND","METROPOLITAN NORTH WEST REGION",-37.72661844,144.9565183,"Dry","Clear"
"T20190001283","21/1/19",16:25:00,"Collision with vehicle","Monday","Day",3,3,"Not at intersection",3,80,"KINGSTON","METROPOLITAN SOUTH EAST REGION",-37.97526998,145.0654901,"Dry","Clear"
"T20190001285","15/1/19",20:15:00,"Collision with vehicle","Tuesday","Day",2,2,"Cross intersection",3,60,"KINGSTON","METROPOLITAN SOUTH EAST REGION",-37.98763548,145.0703247,"Dry","Clear"
"T20190001286","22/1/19",11:30:00,"Collision with vehicle","Tuesday","Day",3,3,"Not at intersection",2,60,"STONNINGTON","METROPOLITAN SOUTH EAST REGION",-37.85277028,145.0525327,"Dry","Clear"
"T20190001287","21/1/19",17:30:00,"Collision with vehicle","Monday","Unknown",2,5,"Not at intersection",2,50,"YARRA","METROPOLITAN NORTH WEST REGION",-37.82679027,144.9977324,"Dry","Not known"
"T20190001288","22/1/19",09:05:00,"Collision with vehicle","Tuesday","Day",2,2,"Not at intersection",3,50,"MELBOURNE","METROPOLITAN NORTH WEST REGION",-37.80678,144.91012,"Dry","Clear"
"T20190001289","21/1/19",13:00:00,"Collision with vehicle","Monday","Day",2,2,"Cross intersection",3,50,"MOORABOOL","WESTERN REGION",-37.67553181,144.4353148,"Dry","Not known"
"T20190001290","18/1/19",18:30:00,"Collision with vehicle","Friday","Day",2,2,"T intersection",3,60,"MELBOURNE","METROPOLITAN NORTH WEST REGION",-37.81444492,144.970112,"Dry","Clear"
"T20190001292","22/1/19",13:05:00,"Struck Pedestrian","Tuesday","Day",1,3,"Cross intersection",3,60,"MORELAND","METROPOLITAN NORTH WEST REGION",-37.7339906,144.9653435,"Dry","Clear"
"T20190001295","22/1/19",10:40:00,"Collision with vehicle","Tuesday","Day",3,4,"Not at intersection",3,80,"WYNDHAM","METROPOLITAN NORTH WEST REGION",-37.92093729,144.6980823,"Dry","Clear"
"T20190001299","22/1/19",14:35:00,"Collision with vehicle","Tuesday","Day",2,3,"T intersection",2,60,"GLEN EIRA","METROPOLITAN SOUTH EAST REGION",-37.92259311,145.0409656,"Dry","Clear"
"T20190001304","22/1/19",14:15:00,"Collision with a fixed object","Tuesday","Day",1,1,"Cross intersection",3,60,"BOROONDARA","METROPOLITAN SOUTH EAST REGION",-37.81581449,145.0462962,"Dry","Clear"
"T20190001305","22/1/19",16:00:00,"Struck Pedestrian","Tuesday","Day",1,2,"Not at intersection",2,80,"BRIMBANK","METROPOLITAN NORTH WEST REGION",-37.77801005,144.77417,"Dry","Clear"
"T20190001309","22/1/19",16:30:00,"Collision with vehicle","Tuesday","Day",2,4,"Cross intersection",3,60,"GLENELG","SOUTH WESTERN REGION",-38.13335847,141.629749,"Dry","Clear"
"T20190001310","22/1/19",16:25:00,"Vehicle overturned (no collision)","Tuesday","Day",1,2,"Not at intersection",2,100,"CORANGAMITE","SOUTH WESTERN REGION",-38.58432093,143.0862276,"Dry","Clear"
"T20190001314","22/1/19",17:56:00,"Collision with vehicle","Tuesday","Day",2,4,"T intersection",3,80,"CASEY","METROPOLITAN SOUTH EAST REGION",-38.10177318,145.2826014,"Dry","Clear"
"T20190001315","22/1/19",17:36:00,"Collision with vehicle","Tuesday","Day",2,2,"T intersection",2,60,"MELBOURNE","METROPOLITAN NORTH WEST REGION",-37.79231927,144.9455989,"Dry","Clear"
"T20190001318","22/1/19",17:45:00,"Collision with vehicle","Tuesday","Day",2,2,"T intersection",2,60,"MONASH","METROPOLITAN SOUTH EAST REGION",-37.91056473,145.0942513,"Dry","Clear"
"T20190001319","22/1/19",18:00:00,"Fall from or in moving vehicle","Tuesday","Day",1,1,"T intersection",3,50,"BRIMBANK","METROPOLITAN NORTH WEST REGION",-37.79889734,144.8183187,"Dry","Clear"
"T20190001320","22/1/19",19:15:00,"Struck Pedestrian","Tuesday","Day",1,3,"T intersection",3,50,"DANDENONG","METROPOLITAN SOUTH EAST REGION",-37.96145191,145.1781672,"Dry","Clear"
"T20190001324","22/1/19",10:10:00,"Struck Pedestrian","Tuesday","Day",1,2,"Not at intersection",3,999,"WANGARATTA","NORTH EASTERN REGION",-36.23485059,146.5209599,"Unknown","Not known"
"T20190001325","22/1/19",19:51:00,"Collision with a fixed object","Tuesday","Day",1,1,"Not at intersection",1,50,"MELTON","METROPOLITAN NORTH WEST REGION",-37.65855275,144.6096166,"Dry","Clear"
"T20190001326","22/1/19",16:34:00,"Collision with vehicle","Tuesday","Day",2,2,"Not at intersection",2,80,"MELBOURNE","METROPOLITAN NORTH WEST REGION",-37.8256601,144.94495,"Dry","Clear"
"T20190001328","22/1/19",16:20:00,"Collision with vehicle","Tuesday","Day",2,2,"Cross intersection",3,60,"DAREBIN","METROPOLITAN NORTH WEST REGION",-37.76501623,145.0159506,"Dry","Clear"
"T20190001330","22/1/19",23:50:00,"Collision with vehicle","Tuesday","Dark Street lights on",2,2,"Not at intersection",3,60,"MORELAND","METROPOLITAN NORTH WEST REGION",-37.73644987,144.9663905,"Dry","Clear"
"T20190001331","22/1/19",21:41:00,"Collision with vehicle","Tuesday","Dark Street lights on",3,1,"Cross intersection",3,50,"MONASH","METROPOLITAN SOUTH EAST REGION",-37.8818901,145.1184609,"Dry","Clear"
"T20190001335","23/1/19",06:35:00,"Vehicle overturned (no collision)","Wednesday","Dusk/Dawn",1,1,"Not at intersection",3,100,"INDIGO","NORTH EASTERN REGION",-36.02781041,146.6387398,"Dry","Clear"
"T20190001336","23/1/19",08:45:00,"Collision with vehicle","Wednesday","Day",2,2,"Cross intersection",3,70,"WELLINGTON","EASTERN REGION",-38.09811969,147.0651341,"Dry","Clear"
"T20190001337","23/1/19",07:45:00,"Collision with a fixed object","Wednesday","Day",2,2,"Not at intersection",3,100,"MELTON","METROPOLITAN NORTH WEST REGION",-37.64837746,144.6696325,"Dry","Clear"
"T20190001338","15/1/19",14:00:00,"Collision with vehicle","Tuesday","Day",2,2,"Cross intersection",3,80,"BAYSIDE","METROPOLITAN SOUTH EAST REGION",-37.90636903,145.0087259,"Dry","Not known"
"T20190001341","23/1/19",07:20:00,"Struck Pedestrian","Wednesday","Day",1,2,"Cross intersection",3,80,"WHITEHORSE","METROPOLITAN SOUTH EAST REGION",-37.86201561,145.1692273,"Dry","Clear"
"T20190001342","21/1/19",06:00:00,"Collision with vehicle","Monday","Day",4,4,"Not at intersection",3,999,"DANDENONG","METROPOLITAN SOUTH EAST REGION",-37.93939097,145.1972287,"Dry","Clear"
"T20190001343","23/1/19",09:10:00,"Vehicle overturned (no collision)","Wednesday","Day",1,1,"Not at intersection",3,100,"MILDURA","WESTERN REGION",-35.01208998,142.3124718,"Dry","Clear"
"T20190001345","22/1/19",17:39:00,"Collision with vehicle","Tuesday","Day",2,3,"Cross intersection",2,50,"DANDENONG","METROPOLITAN SOUTH EAST REGION",-37.99786089,145.2243947,"Dry","Clear"
"T20190001346","21/1/19",08:10:00,"Collision with vehicle","Monday","Day",3,3,"Not at intersection",3,80,"MONASH","METROPOLITAN SOUTH EAST REGION",-37.91014101,145.160183,"Dry","Clear"
"T20190001347","23/1/19",11:55:00,"Collision with a fixed object","Wednesday","Day",1,1,"Not at intersection",3,50,"MELTON","METROPOLITAN NORTH WEST REGION",-37.75134859,144.7338311,"Dry","Clear"
"T20190001348","23/1/19",12:27:00,"Struck Pedestrian","Wednesday","Day",1,2,"Not at intersection",3,50,"MELBOURNE","METROPOLITAN NORTH WEST REGION",-37.79707838,144.9518021,"Dry","Clear"
"T20190001350","23/1/19",12:40:00,"Collision with vehicle","Wednesday","Day",2,2,"Cross intersection",3,80,"BAYSIDE","METROPOLITAN SOUTH EAST REGION",-37.88627196,144.9989947,"Dry","Clear"
"T20190001352","23/1/19",13:00:00,"Collision with vehicle","Wednesday","Day",2,2,"T intersection",2,60,"STONNINGTON","METROPOLITAN SOUTH EAST REGION",-37.83348345,144.9911414,"Dry","Clear"
"T20190001355","23/1/19",07:30:00,"collision with some other object","Wednesday","Day",1,1,"Not at intersection",3,40,"MOYNE","SOUTH WESTERN REGION",-37.88451003,142.5224916,"Dry","Clear"