"ACCIDENT_NO","ACCIDENTDATE","ACCIDENTTIME","Accident Type Desc","Day Week Description","Light Condition Desc","NO_OF_VEHICLES","NO_PERSONS","Road Geometry Desc","SEVERITY","SPEED_ZONE","LGA_NAME","REGION_NAME","Lat","Long","Surface Cond Desc","Atmosph Cond Desc"
"T20190001358","23/1/19",07:28:00,"Collision with a fixed object","Wednesday","Day",1,1,"Not at intersection",2,60,"CASEY","METROPOLITAN SOUTH EAST REGION",-38.08570974,145.3047501,"Dry","Clear"
"T20190001364","23/1/19",15:30:00,"Collision with vehicle","Wednesday","Day",2,5,"T intersection",3,60,"MONASH","METROPOLITAN SOUTH EAST REGION",-37.88779229,145.1542725,"Dry","Clear"
"T20190001365","23/1/19",14:25:00,"Collision with vehicle","Wednesday","Day",2,2,"Not at intersection",2,60,"(FALLS CREEK)","NORTH EASTERN REGION",-36.85091866,147.270542,"Dry","Clear"
"T20190001367","23/1/19",12:50:00,"Collision with a fixed object","Wednesday","Day",1,1,"Not at intersection",2,100,"WHITTLESEA","METROPOLITAN NORTH WEST REGION",-37.56560999,145.0324102,"Dry","Clear"
"T20190001368","23/1/19",14:48:00,"Collision with vehicle","Wednesday","Day",2,7,"Cross intersection",3,80,"CASEY","METROPOLITAN SOUTH EAST REGION",-38.02700038,145.3103079,"Dry","Clear"
"T20190001371","23/1/19",14:35:00,"Collision with vehicle","Wednesday","Day",2,2,"T intersection",1,80,"MAROONDAH","METROPOLITAN SOUTH EAST REGION",-37.81825344,145.2879036,"Dry","Clear"
"T20190001372","23/1/19",16:45:00,"Collision with vehicle","Wednesday","Day",2,5,"Not at intersection",2,100,"MOYNE","SOUTH WESTERN REGION",-38.36092801,142.2673406,"Dry","Clear"
"T20190001372","23/1/19",16:45:00,"Collision with vehicle","Wednesday","Day",2,5,"Not at intersection",2,100,"MOYNE","SOUTH WESTERN REGION",-38.36092801,142.2673406,"Dry","Strong winds"
"T20190001373","23/1/19",17:55:00,"Collision with vehicle","Wednesday","Day",2,2,"Cross intersection",3,60,"SHEPPARTON","NORTH EASTERN REGION",-36.36805346,145.4125645,"Dry","Clear"
"T20190001374","5/1/19",01:00:00,"Struck Pedestrian","Saturday","Dark Street lights unknown",1,2,"Not at intersection",2,999,"SHEPPARTON","NORTH EASTERN REGION",-36.39468347,145.4166496,"Dry","Clear"
"T20190001376","23/1/19",19:00:00,"Struck Pedestrian","Wednesday","Day",1,3,"Not at intersection",3,50,"MELBOURNE","METROPOLITAN NORTH WEST REGION",-37.79827693,144.9447706,"Dry","Clear"
"T20190001379","23/1/19",18:00:00,"Collision with vehicle","Wednesday","Day",4,8,"Cross intersection",3,40,"DANDENONG","METROPOLITAN SOUTH EAST REGION",-37.99011105,145.2146886,"Dry","Clear"
"T20190001380","23/1/19",14:00:00,"Vehicle overturned (no collision)","Wednesday","Day",1,2,"Not at intersection",3,999,"MITCHELL","NORTHERN REGION",-37.50372153,144.8984515,"Dry","Clear"
"T20190001381","23/1/19",18:10:00,"Collision with vehicle","Wednesday","Day",4,5,"Not at intersection",3,100,"HUME","METROPOLITAN NORTH WEST REGION",-37.69263768,144.9427797,"Dry","Clear"
"T20190001383","23/1/19",17:30:00,"Collision with vehicle","Wednesday","Day",2,2,"T intersection",3,60,"MOONEE VALLEY","METROPOLITAN NORTH WEST REGION",-37.75167954,144.8691899,"Dry","Clear"
"T20190001384","23/1/19",18:23:00,"Collision with vehicle","Wednesday","Day",3,3,"Not at intersection",3,100,"MELTON","METROPOLITAN NORTH WEST REGION",-37.79093783,144.7490881,"Dry","Clear"
"T20190001385","23/1/19",18:40:00,"Collision with vehicle","Wednesday","Day",2,2,"Not at intersection",3,50,"KNOX","METROPOLITAN SOUTH EAST REGION",-37.94276,145.247,"Dry","Clear"
"T20190001386","23/1/19",19:45:00,"Collision with vehicle","Wednesday","Dusk/Dawn",3,3,"Cross intersection",2,60,"BANYULE","METROPOLITAN NORTH WEST REGION",-37.74287138,145.0724847,"Dry","Clear"
"T20190001387","23/1/19",20:30:00,"Collision with a fixed object","Wednesday","Day",1,2,"T intersection",3,60,"HUME","METROPOLITAN NORTH WEST REGION",-37.62971822,144.9311211,"Dry","Clear"
"T20190001390","23/1/19",19:09:00,"Collision with a fixed object","Wednesday","Day",1,2,"Not at intersection",2,70,"BRIMBANK","METROPOLITAN NORTH WEST REGION",-37.69078953,144.7840868,"Dry","Clear"
"T20190001391","23/1/19",20:15:00,"Vehicle overturned (no collision)","Wednesday","Day",1,2,"Not at intersection",2,50,"INDIGO","NORTH EASTERN REGION",-36.35423843,146.6811544,"Dry","Clear"
"T20190001394","23/1/19",19:30:00,"Collision with vehicle","Wednesday","Dusk/Dawn",2,5,"Not at intersection",1,100,"GLENELG","SOUTH WESTERN REGION",-37.90259565,141.1248852,"Dry","Clear"
"T20190001397","24/1/19",03:20:00,"Collision with a fixed object","Thursday","Dark No street lights",1,2,"Not at intersection",2,80,"CARDINIA","METROPOLITAN SOUTH EAST REGION",-38.01755971,145.5084414,"Dry","Clear"
"T20190001398","23/1/19",05:28:00,"Vehicle overturned (no collision)","Wednesday","Dark No street lights",1,1,"Not at intersection",2,80,"GLENELG","SOUTH WESTERN REGION",-38.31725791,141.5567493,"Dry","Clear"
"T20190001399","24/1/19",06:00:00,"Collision with vehicle","Thursday","Dusk/Dawn",2,2,"Cross intersection",2,60,"WHITEHORSE","METROPOLITAN SOUTH EAST REGION",-37.83040808,145.1362987,"Dry","Clear"
"T20190001400","24/1/19",05:55:00,"Collision with vehicle","Thursday","Day",2,2,"Not at intersection",3,110,"WODONGA","NORTH EASTERN REGION",-36.10670179,146.903803,"Dry","Clear"
"T20190001401","23/1/19",16:30:00,"Collision with a fixed object","Wednesday","Day",1,1,"Not at intersection",3,80,"LATROBE","EASTERN REGION",-38.24106115,146.4171268,"Dry","Clear"
"T20190001402","23/1/19",15:45:00,"Collision with vehicle","Wednesday","Day",3,4,"Not at intersection",2,60,"WYNDHAM","METROPOLITAN NORTH WEST REGION",-37.83741663,144.7229955,"Dry","Clear"
"T20190001405","24/1/19",08:40:00,"Collision with vehicle","Thursday","Day",2,2,"Not at intersection",3,100,"WELLINGTON","EASTERN REGION",-37.98099247,147.0633895,"Dry","Clear"
"T20190001406","24/1/19",09:05:00,"Collision with vehicle","Thursday","Day",2,2,"Not at intersection",3,40,"MELBOURNE","METROPOLITAN NORTH WEST REGION",-37.81213575,144.962758,"Dry","Clear"
"T20190001407","22/1/19",14:15:00,"Collision with vehicle","Tuesday","Day",2,2,"Not at intersection",2,80,"CASEY","METROPOLITAN SOUTH EAST REGION",-38.11095777,145.2655204,"Dry","Clear"
"T20190001413","24/1/19",07:15:00,"Collision with vehicle","Thursday","Day",2,2,"Cross intersection",3,50,"BANYULE","METROPOLITAN NORTH WEST REGION",-37.74319564,145.075427,"Dry","Not known"
"T20190001414","24/1/19",11:35:00,"Collision with vehicle","Thursday","Day",2,2,"T intersection",3,70,"YARRA","METROPOLITAN NORTH WEST REGION",-37.80351241,144.9923624,"Dry","Not known"
"T20190001415","24/1/19",09:55:00,"Collision with vehicle","Thursday","Day",2,2,"Dead end",2,50,"FRANKSTON","METROPOLITAN SOUTH EAST REGION",-38.09743535,145.1487278,"Dry","Clear"
"T20190001417","23/1/19",19:35:00,"Collision with vehicle","Wednesday","Day",2,2,"T intersection",3,60,"WHITEHORSE","METROPOLITAN SOUTH EAST REGION",-37.85065356,145.0980364,"Dry","Clear"
"T20190001418","14/1/19",11:50:00,"Collision with vehicle","Monday","Day",2,2,"Cross intersection",3,60,"WHITEHORSE","METROPOLITAN SOUTH EAST REGION",-37.81682746,145.1150414,"Dry","Clear"
"T20190001422","4/1/19",08:30:00,"Collision with vehicle","Friday","Day",2,2,"Multiple intersection",3,999,"GEELONG","SOUTH WESTERN REGION",-38.0753256,144.3682935,"Unknown","Clear"
"T20190001423","15/1/19",14:00:00,"Struck Pedestrian","Tuesday","Day",1,4,"Not at intersection",2,999,"BRIMBANK","METROPOLITAN NORTH WEST REGION",-37.77867664,144.8405214,"Dry","Not known"
"T20190001424","24/1/19",11:04:00,"Collision with vehicle","Thursday","Day",2,2,"Not at intersection",3,100,"ALPINE","NORTH EASTERN REGION",-36.45077384,147.0081572,"Dry","Clear"
"T20190001426","24/1/19",13:10:00,"Struck Pedestrian","Thursday","Day",1,2,"Not at intersection",2,50,"DAREBIN","METROPOLITAN NORTH WEST REGION",-37.78098559,144.9962507,"Dry","Clear"
"T20190001429","24/1/19",11:25:00,"Vehicle overturned (no collision)","Thursday","Day",1,2,"Not at intersection",1,110,"MOORABOOL","WESTERN REGION",-37.58477061,144.1511594,"Dry","Clear"
"T20190001430","24/1/19",13:40:00,"Collision with vehicle","Thursday","Day",2,2,"Cross intersection",2,80,"CASEY","METROPOLITAN SOUTH EAST REGION",-38.02606644,145.3066842,"Dry","Clear"
"T20190001431","23/1/19",16:00:00,"Collision with vehicle","Wednesday","Unknown",2,2,"Not at intersection",3,80,"HOBSONS BAY","METROPOLITAN NORTH WEST REGION",-37.82538747,144.8418696,"Dry","Not known"
"T20190001432","24/1/19",15:39:00,"Collision with vehicle","Thursday","Day",4,5,"Not at intersection",3,60,"WYNDHAM","METROPOLITAN NORTH WEST REGION",-37.90275064,144.6539833,"Dry","Clear"
"T20190001433","24/1/19",11:20:00,"Collision with vehicle","Thursday","Day",2,2,"T intersection",3,60,"BRIMBANK","METROPOLITAN NORTH WEST REGION",-37.72763517,144.7898784,"Dry","Clear"
"T20190001434","24/1/19",15:50:00,"Collision with vehicle","Thursday","Day",2,4,"T intersection",2,80,"CARDINIA","METROPOLITAN SOUTH EAST REGION",-38.05377394,145.3790006,"Dry","Clear"
"T20190001435","24/1/19",16:47:00,"Collision with vehicle","Thursday","Day",3,3,"Not at intersection",3,100,"HUME","METROPOLITAN NORTH WEST REGION",-37.69382648,144.9096802,"Dry","Clear"
"T20190001438","24/1/19",17:00:00,"Collision with vehicle","Thursday","Day",2,2,"Cross intersection",3,60,"GLEN EIRA","METROPOLITAN SOUTH EAST REGION",-37.8993974,145.0551251,"Dry","Clear"
"T20190001441","24/1/19",13:53:00,"Collision with a fixed object","Thursday","Day",1,1,"Not at intersection",1,50,"BOROONDARA","METROPOLITAN SOUTH EAST REGION",-37.80760043,145.0146336,"Dry","Clear"
"T20190001444","24/1/19",16:40:00,"Collision with a fixed object","Thursday","Day",1,1,"Not at intersection",3,60,"SWAN HILL","NORTHERN REGION",-35.17474332,143.3848594,"Dry","Clear"
"T20190001446","23/1/19",14:30:00,"Collision with vehicle","Wednesday","Day",2,3,"Cross intersection",3,60,"HUME","METROPOLITAN NORTH WEST REGION",-37.6761452,144.9291596,"Dry","Not known"
"T20190001449","24/1/19",17:30:00,"Collision with vehicle","Thursday","Day",2,3,"Not at intersection",3,80,"MONASH","METROPOLITAN SOUTH EAST REGION",-37.90730158,145.1925997,"Dry","Clear"
"T20190001450","24/1/19",18:53:00,"Collision with vehicle","Thursday","Day",2,4,"Cross intersection",3,60,"MOONEE VALLEY","METROPOLITAN NORTH WEST REGION",-37.7537851,144.9257314,"Dry","Clear"
"T20190001452","24/1/19",22:01:00,"Collision with vehicle","Thursday","Dark Street lights on",2,3,"T intersection",3,70,"KNOX","METROPOLITAN SOUTH EAST REGION",-37.89348907,145.3092945,"Dry","Clear"
"T20190001453","24/1/19",16:22:00,"Struck Pedestrian","Thursday","Day",1,2,"Cross intersection",2,50,"PORT PHILLIP","METROPOLITAN NORTH WEST REGION",-37.83671107,144.9650907,"Dry","Clear"
"T20190001454","25/1/19",01:10:00,"Fall from or in moving vehicle","Friday","Dark Street lights on",1,1,"Not at intersection",3,60,"MORELAND","METROPOLITAN NORTH WEST REGION",-37.77637752,144.9544805,"Dry","Clear"
"T20190001462","25/1/19",07:30:00,"Collision with a fixed object","Friday","Day",1,1,"Not at intersection",3,110,"MOORABOOL","WESTERN REGION",-37.66470943,144.4464181,"Dry","Dust"
"T20190001463","16/1/19",09:00:00,"Collision with vehicle","Wednesday","Day",2,2,"Cross intersection",2,70,"GEELONG","SOUTH WESTERN REGION",-38.18232732,144.3448918,"Dry","Clear"
"T20190001464","24/1/19",13:34:00,"Collision with vehicle","Thursday","Day",2,2,"Not at intersection",3,60,"DANDENONG","METROPOLITAN SOUTH EAST REGION",-37.97507392,145.2226549,"Dry","Clear"
"T20190001468","25/1/19",03:30:00,"Vehicle overturned (no collision)","Friday","Dark No street lights",1,1,"Not at intersection",1,100,"GOLDEN PLAINS","SOUTH WESTERN REGION",-37.8360697,143.8493375,"Dry","Clear"
"T20190001469","25/1/19",07:50:00,"Collision with vehicle","Friday","Day",2,2,"Cross intersection",3,60,"MELBOURNE","METROPOLITAN NORTH WEST REGION",-37.79699891,144.9660799,"Dry","Clear"
"T20190001470","24/1/19",11:25:00,"Collision with vehicle","Thursday","Day",2,2,"Not at intersection",3,80,"BAYSIDE","METROPOLITAN SOUTH EAST REGION",-37.95042121,145.0021081,"Dry","Clear"
"T20190001472","25/1/19",11:08:00,"Collision with vehicle","Friday","Day",2,3,"Cross intersection",3,40,"MELBOURNE","METROPOLITAN NORTH WEST REGION",-37.82109904,144.955075,"Dry","Clear"
"T20190001473","25/1/19",11:46:00,"Collision with vehicle","Friday","Day",2,2,"Multiple intersection",3,60,"MOONEE VALLEY","METROPOLITAN NORTH WEST REGION",-37.74442152,144.9099882,"Dry","Not known"
"T20190001474","23/1/19",09:40:00,"Collision with vehicle","Wednesday","Day",2,2,"T intersection",3,999,"STONNINGTON","METROPOLITAN SOUTH EAST REGION",-37.83605263,144.986995,"Unknown","Clear"
"T20190001476","25/1/19",11:57:00,"Collision with a fixed object","Friday","Day",1,2,"Not at intersection",2,100,"MACEDON RANGES","NORTHERN REGION",-37.50177897,144.4904491,"Dry","Clear"
"T20190001482","25/1/19",06:20:00,"Collision with vehicle","Friday","Day",2,2,"Cross intersection",3,999,"WYNDHAM","METROPOLITAN NORTH WEST REGION",-37.81377801,144.7872621,"Unknown","Clear"
"T20190001486","25/1/19",12:05:00,"Collision with a fixed object","Friday","Day",1,1,"Not at intersection",2,100,"PYRENEES","WESTERN REGION",-37.21257104,143.6342222,"Dry","Clear"
"T20190001487","25/1/19",13:50:00,"Collision with vehicle","Friday","Day",2,3,"Not at intersection",3,60,"BRIMBANK","METROPOLITAN NORTH WEST REGION",-37.77958347,144.7798385,"Dry","Dust"
"T20190001488","25/1/19",14:00:00,"Collision with vehicle","Friday","Day",2,3,"T intersection",2,100,"CAMPASPE","NORTHERN REGION",-36.13023867,144.7883525,"Dry","Dust"
"T20190001489","25/1/19",12:40:00,"Vehicle overturned (no collision)","Friday","Day",1,2,"Not at intersection",3,100,"EAST GIPPSLAND","EASTERN REGION",-37.51995409,148.9499301,"Dry","Clear"
"T20190001491","25/1/19",12:00:00,"Collision with vehicle","Friday","Day",2,2,"Cross intersection",3,60,"GLEN EIRA","METROPOLITAN SOUTH EAST REGION",-37.86874259,145.018327,"Dry","Clear"
"T20190001492","25/1/19",13:07:00,"Collision with vehicle","Friday","Day",2,3,"Cross intersection",3,60,"MORELAND","METROPOLITAN NORTH WEST REGION",-37.75419612,144.9757797,"Dry","Clear"
"T20190001493","25/1/19",12:43:00,"Collision with vehicle","Friday","Day",2,2,"Not at intersection",2,60,"STONNINGTON","METROPOLITAN SOUTH EAST REGION",-37.87800838,145.0811494,"Dry","Not known"
"T20190001497","25/1/19",13:00:00,"Collision with a fixed object","Friday","Day",1,1,"T intersection",3,100,"WELLINGTON","EASTERN REGION",-38.19878426,147.3580646,"Dry","Clear"
"T20190001499","17/1/19",14:50:00,"Collision with vehicle","Thursday","Day",3,3,"T intersection",3,70,"BRIMBANK","METROPOLITAN NORTH WEST REGION",-37.7773302,144.8306921,"Dry","Clear"
"T20190001505","25/1/19",15:58:00,"Collision with vehicle","Friday","Day",2,4,"Cross intersection",2,80,"DANDENONG","METROPOLITAN SOUTH EAST REGION",-37.95568393,145.2261566,"Dry","Clear"
"T20190001507","25/1/19",17:25:00,"Collision with vehicle","Friday","Day",3,4,"Not at intersection",3,60,"MELBOURNE","METROPOLITAN NORTH WEST REGION",-37.82493153,144.9593582,"Dry","Clear"
"T20190001508","25/1/19",16:49:00,"Collision with a fixed object","Friday","Day",2,1,"Cross intersection",3,60,"SWAN HILL","NORTHERN REGION",-35.33928173,143.5566888,"Dry","Clear"
"T20190001513","25/1/19",16:42:00,"Collision with vehicle","Friday","Day",2,2,"Cross intersection",3,50,"WHITEHORSE","METROPOLITAN SOUTH EAST REGION",-37.81592086,145.2020408,"Dry","Clear"
"T20190001516","25/1/19",19:08:00,"Struck Pedestrian","Friday","Day",1,2,"Not at intersection",3,40,"MELBOURNE","METROPOLITAN NORTH WEST REGION",-37.80996023,144.9702301,"Dry","Clear"
"T20190001520","25/1/19",17:00:00,"Collision with vehicle","Friday","Day",2,2,"Not at intersection",3,60,"SHEPPARTON","NORTH EASTERN REGION",-36.33005294,145.407105,"Dry","Clear"
"T20190001522","25/1/19",15:13:00,"Collision with a fixed object","Friday","Day",2,2,"Not at intersection",3,60,"BRIMBANK","METROPOLITAN NORTH WEST REGION",-37.77113027,144.8298223,"Dry","Clear"
"T20190001523","25/1/19",17:40:00,"Collision with a fixed object","Friday","Day",1,1,"Not at intersection",3,80,"DANDENONG","METROPOLITAN SOUTH EAST REGION",-37.95084835,145.2272196,"Dry","Clear"
"T20190001525","25/1/19",21:53:00,"Collision with vehicle","Friday","Dark Street lights on",2,2,"Cross intersection",2,40,"MELBOURNE","METROPOLITAN NORTH WEST REGION",-37.80058525,144.9654536,"Dry","Clear"
"T20190001526","25/1/19",20:24:00,"Collision with vehicle","Friday","Dusk/Dawn",2,3,"Cross intersection",2,999,"MOONEE VALLEY","METROPOLITAN NORTH WEST REGION",-37.73490044,144.9249712,"Dry","Clear"
"T20190001530","26/1/19",00:10:00,"Collision with vehicle","Saturday","Dark No street lights",2,2,"Not at intersection",2,80,"MELTON","METROPOLITAN NORTH WEST REGION",-37.78583003,144.7541904,"Dry","Clear"
"T20190001532","25/1/19",05:45:00,"Collision with vehicle","Friday","Dusk/Dawn",2,2,"Not at intersection",3,60,"DANDENONG","METROPOLITAN SOUTH EAST REGION",-37.98854033,145.1920427,"Dry","Clear"
"T20190001536","26/1/19",01:50:00,"Collision with a fixed object","Saturday","Dark Street lights on",1,1,"T intersection",2,80,"YARRA RANGES","METROPOLITAN SOUTH EAST REGION",-37.78000097,145.3641347,"Dry","Clear"
"T20190001539","25/1/19",23:30:00,"Collision with vehicle","Friday","Dark Street lights on",2,4,"Cross intersection",3,60,"DAREBIN","METROPOLITAN NORTH WEST REGION",-37.78339885,145.0173837,"Dry","Clear"
"T20190001542","26/1/19",04:50:00,"Struck animal","Saturday","Dark No street lights",1,1,"Not at intersection",3,100,"CARDINIA","METROPOLITAN SOUTH EAST REGION",-38.09038005,145.465,"Dry","Clear"
"T20190001544","26/1/19",08:45:00,"Struck Pedestrian","Saturday","Day",1,1,"Not at intersection",2,888,"GEELONG","SOUTH WESTERN REGION",-38.1647045,144.4752373,"Dry","Clear"
"T20190001545","26/1/19",07:55:00,"Collision with a fixed object","Saturday","Day",1,1,"Not at intersection",2,100,"BENALLA","NORTH EASTERN REGION",-36.41438617,146.1845767,"Dry","Clear"
"T20190001551","26/1/19",11:45:00,"Collision with vehicle","Saturday","Day",3,3,"Not at intersection",3,60,"WYNDHAM","METROPOLITAN NORTH WEST REGION",-37.888773,144.6504136,"Dry","Clear"
"T20190001552","18/1/19",14:30:00,"Collision with vehicle","Friday","Day",2,1,"Not at intersection",2,60,"STONNINGTON","METROPOLITAN SOUTH EAST REGION",-37.85174985,145.03094,"Wet","Raining"
"T20190001553","25/1/19",19:20:00,"Collision with vehicle","Friday","Day",2,3,"Cross intersection",3,50,"DAREBIN","METROPOLITAN NORTH WEST REGION",-37.72291866,144.9950366,"Dry","Clear"
"T20190001554","26/1/19",11:50:00,"Collision with vehicle","Saturday","Day",3,4,"Not at intersection",2,60,"WYNDHAM","METROPOLITAN NORTH WEST REGION",-37.91031021,144.6262119,"Dry","Clear"
"T20190001555","26/1/19",13:33:00,"Struck Pedestrian","Saturday","Day",1,2,"Not at intersection",3,999,"FRANKSTON","METROPOLITAN SOUTH EAST REGION",-38.09852512,145.186361,"Dry","Not known"
"T20190001556","26/1/19",12:28:00,"Collision with vehicle","Saturday","Day",2,2,"Not at intersection",2,60,"MELBOURNE","METROPOLITAN NORTH WEST REGION",-37.80660035,144.9090659,"Dry","Clear"
"T20190001557","26/1/19",10:10:00,"Collision with a fixed object","Saturday","Day",1,1,"Not at intersection",2,50,"SOUTH GIPPSLAND","EASTERN REGION",-38.32793027,145.6772224,"Dry","Clear"
"T20190001558","26/1/19",10:33:00,"Collision with vehicle","Saturday","Day",2,3,"Not at intersection",3,100,"FRANKSTON","METROPOLITAN SOUTH EAST REGION",-38.07688084,145.1804545,"Dry","Clear"
"T20190001561","26/1/19",14:05:00,"Collision with vehicle","Saturday","Day",2,3,"Cross intersection",2,80,"DANDENONG","METROPOLITAN SOUTH EAST REGION",-37.94584834,145.1393576,"Dry","Clear"
"T20190001563","26/1/19",15:15:00,"Collision with vehicle","Saturday","Day",2,2,"T intersection",3,60,"BOROONDARA","METROPOLITAN SOUTH EAST REGION",-37.81195366,145.0739351,"Dry","Clear"
"T20190001564","26/1/19",13:40:00,"Collision with vehicle","Saturday","Day",2,4,"Cross intersection",3,60,"MARIBYRNONG","METROPOLITAN NORTH WEST REGION",-37.81282451,144.8834656,"Dry","Clear"
"T20190001565","24/1/19",14:15:00,"Collision with vehicle","Thursday","Unknown",2,2,"Cross intersection",3,80,"MORNINGTON PENINSULA","METROPOLITAN SOUTH EAST REGION",-38.23531327,145.1512719,"Dry","Not known"
"T20190001566","26/1/19",15:15:00,"Collision with vehicle","Saturday","Day",2,2,"Cross intersection",3,60,"CARDINIA","METROPOLITAN SOUTH EAST REGION",-38.09892391,145.7155144,"Dry","Clear"
"T20190001568","24/1/19",07:20:00,"Collision with vehicle","Thursday","Day",2,2,"T intersection",3,60,"BOROONDARA","METROPOLITAN SOUTH EAST REGION",-37.84687899,145.0644675,"Unknown","Not known"
"T20190001569","25/1/19",15:55:00,"Collision with vehicle","Friday","Day",2,2,"T intersection",3,100,"BAW BAW","EASTERN REGION",-38.21548077,145.9137553,"Wet","Raining"
"T20190001570","26/1/19",15:25:00,"Struck Pedestrian","Saturday","Day",1,2,"Not at intersection",3,60,"WHITEHORSE","METROPOLITAN SOUTH EAST REGION",-37.83197559,145.1491509,"Dry","Clear"
"T20190001571","26/1/19",16:30:00,"Collision with vehicle","Saturday","Day",2,3,"Cross intersection",3,50,"SHEPPARTON","NORTH EASTERN REGION",-36.39006225,145.3612942,"Dry","Clear"
"T20190001572","26/1/19",16:29:00,"Collision with vehicle","Saturday","Day",2,1,"Not at intersection",3,60,"WHITEHORSE","METROPOLITAN SOUTH EAST REGION",-37.83991016,145.1107215,"Dry","Clear"
"T20190001573","23/1/19",15:00:00,"Collision with vehicle","Wednesday","Unknown",2,2,"T intersection",3,50,"BALLARAT","WESTERN REGION",-37.52964023,143.8138563,"Dry","Not known"
"T20190001575","26/1/19",11:35:00,"Collision with vehicle","Saturday","Day",2,2,"T intersection",2,60,"BAW BAW","EASTERN REGION",-38.20494019,146.0618408,"Dry","Clear"
"T20190001577","26/1/19",13:40:00,"Collision with a fixed object","Saturday","Day",1,2,"Not at intersection",2,100,"STRATHBOGIE","NORTH EASTERN REGION",-36.81616835,145.0799653,"Dry","Clear"
"T20190001578","26/1/19",14:30:00,"Collision with a fixed object","Saturday","Day",1,1,"Not at intersection",1,100,"EAST GIPPSLAND","EASTERN REGION",-37.61532986,147.1893007,"Dry","Clear"
"T20190001579","26/1/19",18:30:00,"Collision with vehicle","Saturday","Day",2,3,"T intersection",3,70,"MAROONDAH","METROPOLITAN SOUTH EAST REGION",-37.80055747,145.2634549,"Dry","Clear"
"T20190001580","19/1/19",13:00:00,"Vehicle overturned (no collision)","Saturday","Day",1,1,"Not at intersection",2,100,"EAST GIPPSLAND","EASTERN REGION",-37.00916033,148.2696,"Dry","Clear"
"T20190001584","26/1/19",17:45:00,"Vehicle overturned (no collision)","Saturday","Day",3,3,"Not at intersection",2,100,"MORNINGTON PENINSULA","METROPOLITAN SOUTH EAST REGION",-38.34628939,144.9432696,"Dry","Clear"
"T20190001586","26/1/19",16:20:00,"Collision with a fixed object","Saturday","Day",1,1,"Not at intersection",3,100,"EAST GIPPSLAND","EASTERN REGION",-37.48319069,149.5519211,"Dry","Clear"
"T20190001587","26/1/19",21:15:00,"Vehicle overturned (no collision)","Saturday","Dark No street lights",1,2,"Not at intersection",2,999,"CAMPASPE","NORTHERN REGION",-36.44771268,144.8313067,"Dry","Clear"
"T20190001587","26/1/19",21:15:00,"Vehicle overturned (no collision)","Saturday","Dark No street lights",1,2,"Not at intersection",2,999,"CAMPASPE","NORTHERN REGION",-36.44771268,144.8313067,"Dry","Dust"
"T20190001589","26/1/19",22:30:00,"collision with some other object","Saturday","Dark No street lights",1,1,"Not at intersection",2,80,"MORNINGTON PENINSULA","METROPOLITAN SOUTH EAST REGION",-38.22976951,145.1526167,"Dry","Clear"
"T20190001591","26/1/19",23:23:00,"Collision with vehicle","Saturday","Dark Street lights on",3,2,"Not at intersection",2,60,"WHITTLESEA","METROPOLITAN NORTH WEST REGION",-37.68839599,145.0176007,"Dry","Clear"
"T20190001592","26/1/19",04:35:00,"Collision with vehicle","Saturday","Dark Street lights on",2,2,"Cross intersection",2,60,"MAROONDAH","METROPOLITAN SOUTH EAST REGION",-37.81112274,145.2372291,"Dry","Clear"
"T20190001599","26/1/19",22:24:00,"Collision with vehicle","Saturday","Dark Street lights on",2,3,"T intersection",3,60,"MORELAND","METROPOLITAN NORTH WEST REGION",-37.74043187,144.9575754,"Dry","Clear"
"T20190001600","23/1/19",22:49:00,"Struck Pedestrian","Wednesday","Dark Street lights on",1,2,"Not at intersection",3,60,"MORELAND","METROPOLITAN NORTH WEST REGION",-37.73113028,144.9459828,"Dry","Not known"
"T20190001602","27/1/19",01:50:00,"Collision with a fixed object","Sunday","Dark Street lights on",1,2,"Not at intersection",2,50,"BANYULE","METROPOLITAN NORTH WEST REGION",-37.72869039,145.0434037,"Dry","Clear"
"T20190001603","14/1/19",10:25:00,"Collision with vehicle","Monday","Day",2,3,"Not at intersection",3,50,"WHITTLESEA","METROPOLITAN NORTH WEST REGION",-37.65245176,145.0240274,"Dry","Clear"
"T20190001611","27/1/19",07:50:00,"Collision with a fixed object","Sunday","Day",1,1,"Not at intersection",3,60,"CASEY","METROPOLITAN SOUTH EAST REGION",-38.05413027,145.2634121,"Dry","Clear"
"T20190001613","27/1/19",11:50:00,"Collision with vehicle","Sunday","Day",2,3,"Cross intersection",3,50,"MORELAND","METROPOLITAN NORTH WEST REGION",-37.75926695,144.9698757,"Dry","Clear"
"T20190001615","27/1/19",11:40:00,"Collision with vehicle","Sunday","Day",2,5,"Not at intersection",2,60,"GEELONG","SOUTH WESTERN REGION",-38.14205636,144.301245,"Dry","Clear"
"T20190001618","27/1/19",14:30:00,"Collision with a fixed object","Sunday","Day",1,1,"Not at intersection",3,50,"LATROBE","EASTERN REGION",-38.32190925,146.4242089,"Dry","Clear"
"T20190001620","27/1/19",13:45:00,"Collision with vehicle","Sunday","Day",3,6,"T intersection",3,60,"CASEY","METROPOLITAN SOUTH EAST REGION",-38.11150585,145.2901979,"Dry","Clear"