"ACCIDENT_NO","ACCIDENTDATE","ACCIDENTTIME","Accident Type Desc","Day Week Description","Light Condition Desc","NO_OF_VEHICLES","NO_PERSONS","Road Geometry Desc","SEVERITY","SPEED_ZONE","LGA_NAME","REGION_NAME","Lat","Long","Surface Cond Desc","Atmosph Cond Desc"
"T20190001621","24/1/19",20:15:00,"Collision with vehicle","Thursday","Day",2,2,"Not at intersection",3,40,"HUME","METROPOLITAN NORTH WEST REGION",-37.58035911,144.7253281,"Dry","Clear"
"T20190001626","27/1/19",16:34:00,"Collision with vehicle","Sunday","Day",4,5,"Cross intersection",3,60,"DAREBIN","METROPOLITAN NORTH WEST REGION",-37.71671155,145.0075586,"Dry","Clear"
"T20190001627","27/1/19",16:45:00,"Collision with vehicle","Sunday","Day",2,3,"T intersection",3,60,"GEELONG","SOUTH WESTERN REGION",-38.09707972,144.3341677,"Dry","Clear"
"T20190001629","27/1/19",13:00:00,"Collision with a fixed object","Sunday","Day",1,1,"Not at intersection",1,80,"NILLUMBIK","METROPOLITAN NORTH WEST REGION",-37.66023961,145.144859,"Dry","Clear"
"T20190001631","27/1/19",16:35:00,"Collision with vehicle","Sunday","Day",2,8,"Cross intersection",3,80,"CASEY","METROPOLITAN SOUTH EAST REGION",-38.00366762,145.2529732,"Dry","Clear"
"T20190001633","27/1/19",18:10:00,"Struck Pedestrian","Sunday","Day",1,2,"Not at intersection",1,50,"SHEPPARTON","NORTH EASTERN REGION",-36.43578404,145.23284,"Dry","Clear"
"T20190001636","27/1/19",18:45:00,"Collision with vehicle","Sunday","Day",2,2,"T intersection",3,80,"KNOX","METROPOLITAN SOUTH EAST REGION",-37.92587664,145.267899,"Dry","Clear"
"T20190001637","26/1/19",11:52:00,"Collision with a fixed object","Saturday","Day",2,1,"Not at intersection",2,60,"BAW BAW","EASTERN REGION",-38.22015821,146.1554988,"Dry","Clear"
"T20190001638","27/1/19",20:15:00,"Collision with vehicle","Sunday","Day",2,3,"Cross intersection",3,60,"SWAN HILL","NORTHERN REGION",-35.34030879,143.5441641,"Dry","Clear"
"T20190001640","27/1/19",17:50:00,"Collision with vehicle","Sunday","Day",2,6,"Not at intersection",2,80,"GEELONG","SOUTH WESTERN REGION",-38.08927073,144.2791299,"Dry","Clear"
"T20190001641","27/1/19",19:50:00,"Vehicle overturned (no collision)","Sunday","Day",1,1,"Not at intersection",3,100,"MOYNE","SOUTH WESTERN REGION",-38.32839293,142.0842758,"Dry","Clear"
"T20190001642","27/1/19",17:20:00,"Collision with vehicle","Sunday","Day",2,2,"T intersection",2,50,"PORT PHILLIP","METROPOLITAN NORTH WEST REGION",-37.83861433,144.9388105,"Dry","Clear"
"T20190001645","27/1/19",22:11:00,"Collision with vehicle","Sunday","Dark Street lights on",2,3,"Cross intersection",3,60,"MILDURA","WESTERN REGION",-34.19802392,142.146737,"Dry","Clear"
"T20190001649","28/1/19",00:15:00,"Collision with vehicle","Monday","Dark Street lights on",2,2,"Not at intersection",3,60,"GEELONG","SOUTH WESTERN REGION",-38.17431405,144.3334592,"Dry","Clear"
"T20190001650","28/1/19",00:50:00,"Collision with a fixed object","Monday","Dark Street lights on",1,1,"T intersection",2,50,"MORNINGTON PENINSULA","METROPOLITAN SOUTH EAST REGION",-38.37182445,144.8535184,"Dry","Clear"
"T20190001654","28/1/19",03:15:00,"Collision with vehicle","Monday","Dark Street lights on",2,2,"Not at intersection",3,60,"WHITEHORSE","METROPOLITAN SOUTH EAST REGION",-37.84567392,145.1542109,"Dry","Clear"
"T20190001656","28/1/19",08:15:00,"Collision with vehicle","Monday","Day",4,4,"T intersection",3,60,"BAYSIDE","METROPOLITAN SOUTH EAST REGION",-37.98807119,145.0276929,"Dry","Clear"
"T20190001657","26/1/19",10:02:00,"Collision with a fixed object","Saturday","Day",1,3,"Not at intersection",3,80,"YARRA RANGES","METROPOLITAN SOUTH EAST REGION",-37.80083922,145.3586465,"Dry","Clear"
"T20190001658","28/1/19",06:40:00,"Collision with vehicle","Monday","Day",2,2,"Cross intersection",2,100,"WELLINGTON","EASTERN REGION",-38.06802317,147.0738017,"Dry","Clear"
"T20190001659","27/1/19",14:00:00,"Collision with vehicle","Sunday","Day",2,7,"Cross intersection",2,100,"CAMPASPE","NORTHERN REGION",-36.72051249,144.6827357,"Dry","Clear"
"T20190001660","28/1/19",09:48:00,"Collision with vehicle","Monday","Day",2,3,"Cross intersection",3,40,"PORT PHILLIP","METROPOLITAN NORTH WEST REGION",-37.82839947,144.9612556,"Dry","Clear"
"T20190001662","28/1/19",10:00:00,"Collision with vehicle","Monday","Day",2,2,"Not at intersection",3,80,"MORNINGTON PENINSULA","METROPOLITAN SOUTH EAST REGION",-38.47335798,144.9278217,"Dry","Clear"
"T20190001664","28/1/19",11:40:00,"Collision with a fixed object","Monday","Day",1,2,"Not at intersection",2,60,"MITCHELL","NORTHERN REGION",-37.41774161,144.9790167,"Dry","Clear"
"T20190001665","28/1/19",10:58:00,"Collision with vehicle","Monday","Day",2,2,"Cross intersection",2,60,"CORANGAMITE","SOUTH WESTERN REGION",-38.23903447,143.1349704,"Dry","Clear"
"T20190001667","28/1/19",10:45:00,"Collision with vehicle","Monday","Day",2,2,"T intersection",3,60,"MELBOURNE","METROPOLITAN NORTH WEST REGION",-37.78470579,144.9591771,"Dry","Clear"
"T20190001671","28/1/19",10:37:00,"Struck Pedestrian","Monday","Day",1,2,"T intersection",2,999,"WHITEHORSE","METROPOLITAN SOUTH EAST REGION",-37.81035261,145.1516497,"Dry","Clear"
"T20190001672","28/1/19",10:30:00,"Fall from or in moving vehicle","Monday","Day",1,1,"Not at intersection",3,100,"YARRA RANGES","METROPOLITAN SOUTH EAST REGION",-37.55904118,145.8731828,"Dry","Clear"
"T20190001674","28/1/19",11:40:00,"No collision and no object struck","Monday","Day",1,2,"Not at intersection",3,60,"NILLUMBIK","METROPOLITAN NORTH WEST REGION",-37.56171062,145.31584,"Dry","Clear"
"T20190001676","28/1/19",09:56:00,"Collision with vehicle","Monday","Day",2,5,"T intersection",3,80,"LATROBE","EASTERN REGION",-38.20434143,146.5145993,"Dry","Clear"
"T20190001679","28/1/19",13:55:00,"Collision with vehicle","Monday","Day",2,4,"Cross intersection",3,80,"KNOX","METROPOLITAN SOUTH EAST REGION",-37.92800165,145.2329359,"Dry","Clear"
"T20190001680","28/1/19",13:43:00,"Collision with vehicle","Monday","Day",2,2,"T intersection",2,80,"YARRA RANGES","METROPOLITAN SOUTH EAST REGION",-37.77627101,145.5785111,"Dry","Clear"
"T20190001681","28/1/19",13:48:00,"Collision with vehicle","Monday","Day",2,2,"T intersection",2,80,"HOBSONS BAY","METROPOLITAN NORTH WEST REGION",-37.82406689,144.8240231,"Dry","Clear"
"T20190001684","28/1/19",14:05:00,"Vehicle overturned (no collision)","Monday","Day",1,1,"Not at intersection",3,80,"BAW BAW","EASTERN REGION",-38.03162275,145.9527225,"Dry","Clear"
"T20190001687","28/1/19",16:00:00,"Collision with vehicle","Monday","Day",2,2,"T intersection",3,60,"KINGSTON","METROPOLITAN SOUTH EAST REGION",-37.98469663,145.1208256,"Dry","Clear"
"T20190001691","28/1/19",12:50:00,"Collision with vehicle","Monday","Day",2,9,"Not at intersection",3,60,"MORNINGTON PENINSULA","METROPOLITAN SOUTH EAST REGION",-38.32876933,144.9798601,"Dry","Clear"
"T20190001692","28/1/19",12:50:00,"Collision with vehicle","Monday","Day",2,3,"Not at intersection",1,100,"GOLDEN PLAINS","SOUTH WESTERN REGION",-37.89146323,144.2158096,"Dry","Clear"
"T20190001694","28/1/19",16:58:00,"Collision with vehicle","Monday","Day",2,2,"Not at intersection",2,60,"BOROONDARA","METROPOLITAN SOUTH EAST REGION",-37.84605944,145.0539056,"Dry","Clear"
"T20190001695","28/1/19",17:26:00,"Collision with vehicle","Monday","Day",2,5,"Not at intersection",2,50,"HUME","METROPOLITAN NORTH WEST REGION",-37.67288811,144.9491878,"Dry","Clear"
"T20190001697","28/1/19",16:15:00,"Collision with vehicle","Monday","Day",2,3,"Cross intersection",2,80,"COLAC OTWAY","SOUTH WESTERN REGION",-38.39056371,143.7832119,"Dry","Clear"
"T20190001698","28/1/19",16:55:00,"Collision with a fixed object","Monday","Day",1,2,"Multiple intersection",3,60,"BALLARAT","WESTERN REGION",-37.56308126,143.8647777,"Dry","Clear"
"T20190001700","28/1/19",16:35:00,"Collision with a fixed object","Monday","Day",1,4,"Not at intersection",3,80,"SHEPPARTON","NORTH EASTERN REGION",-36.38463008,145.3859219,"Dry","Clear"
"T20190001702","28/1/19",19:14:00,"Collision with vehicle","Monday","Day",3,5,"Cross intersection",2,80,"DANDENONG","METROPOLITAN SOUTH EAST REGION",-37.9616784,145.1886792,"Dry","Clear"
"T20190001703","28/1/19",19:20:00,"No collision and no object struck","Monday","Day",1,1,"Cross intersection",3,60,"GEELONG","SOUTH WESTERN REGION",-38.15293848,144.3723455,"Dry","Clear"
"T20190001704","28/1/19",15:44:00,"Collision with vehicle","Monday","Day",2,3,"Cross intersection",2,70,"GLEN EIRA","METROPOLITAN SOUTH EAST REGION",-37.86287853,145.0194325,"Dry","Clear"
"T20190001705","28/1/19",20:55:00,"Collision with a fixed object","Monday","Dusk/Dawn",1,1,"Not at intersection",2,100,"GLENELG","SOUTH WESTERN REGION",-38.25569845,141.6254744,"Dry","Clear"
"T20190001706","21/1/19",09:15:00,"Collision with vehicle","Monday","Day",2,2,"Cross intersection",3,50,"PORT PHILLIP","METROPOLITAN NORTH WEST REGION",-37.85375553,144.979322,"Dry","Not known"
"T20190001707","28/1/19",21:20:00,"Collision with a fixed object","Monday","Dark No street lights",1,2,"Not at intersection",2,100,"ARARAT","WESTERN REGION",-37.2917717,142.8677472,"Dry","Clear"
"T20190001708","28/1/19",20:15:00,"Collision with vehicle","Monday","Dusk/Dawn",2,2,"T intersection",3,50,"HUME","METROPOLITAN NORTH WEST REGION",-37.60884699,144.9302852,"Dry","Clear"
"T20190001709","28/1/19",23:00:00,"Collision with vehicle","Monday","Dark Street lights on",2,5,"Cross intersection",3,80,"KINGSTON","METROPOLITAN SOUTH EAST REGION",-38.02810384,145.1310445,"Dry","Clear"
"T20190001716","28/1/19",13:10:00,"Collision with vehicle","Monday","Day",3,5,"Not at intersection",3,60,"MANNINGHAM","METROPOLITAN SOUTH EAST REGION",-37.74619982,145.2353707,"Dry","Clear"
"T20190001718","29/1/19",08:06:00,"Collision with vehicle","Tuesday","Day",2,2,"T intersection",2,80,"GLEN EIRA","METROPOLITAN SOUTH EAST REGION",-37.92552647,145.0580285,"Dry","Clear"
"T20190001719","29/1/19",09:45:00,"Struck Pedestrian","Tuesday","Day",1,2,"Not at intersection",3,30,"BENALLA","NORTH EASTERN REGION",-36.55019441,145.9838888,"Dry","Clear"
"T20190001720","29/1/19",06:20:00,"Collision with a fixed object","Tuesday","Dusk/Dawn",2,2,"Not at intersection",2,100,"MOYNE","SOUTH WESTERN REGION",-38.34180599,142.6987966,"Dry","Clear"
"T20190001721","29/1/19",07:00:00,"Collision with vehicle","Tuesday","Dusk/Dawn",2,4,"T intersection",2,60,"DAREBIN","METROPOLITAN NORTH WEST REGION",-37.74603686,145.0120783,"Dry","Clear"
"T20190001725","29/1/19",09:25:00,"Collision with vehicle","Tuesday","Day",2,2,"T intersection",3,50,"MONASH","METROPOLITAN SOUTH EAST REGION",-37.87031204,145.1400603,"Dry","Clear"
"T20190001731","28/1/19",11:00:00,"No collision and no object struck","Monday","Day",1,1,"Not at intersection",3,999,"BASS COAST","EASTERN REGION",-38.45651935,145.5417022,"Dry","Clear"
"T20190001732","23/1/19",15:30:00,"Collision with vehicle","Wednesday","Day",2,2,"T intersection",3,50,"MELBOURNE","METROPOLITAN NORTH WEST REGION",-37.81507014,144.9691395,"Dry","Clear"
"T20190001735","29/1/19",10:00:00,"Collision with vehicle","Tuesday","Day",2,3,"Not at intersection",2,60,"HOBSONS BAY","METROPOLITAN NORTH WEST REGION",-37.84657662,144.7764884,"Dry","Clear"
"T20190001736","25/1/19",19:00:00,"Collision with vehicle","Friday","Day",2,2,"T intersection",3,60,"MACEDON RANGES","NORTHERN REGION",-37.48171835,144.5901601,"Dry","Clear"
"T20190001738","27/1/19",14:30:00,"Struck Pedestrian","Sunday","Day",1,2,"Not at intersection",3,999,"PORT PHILLIP","METROPOLITAN NORTH WEST REGION",-37.83866965,144.9425003,"Dry","Clear"
"T20190001739","29/1/19",12:30:00,"Collision with a fixed object","Tuesday","Day",1,1,"Not at intersection",2,100,"GEELONG","SOUTH WESTERN REGION",-38.01327455,144.4912138,"Dry","Not known"
"T20190001742","29/1/19",14:17:00,"Collision with vehicle","Tuesday","Day",3,6,"T intersection",3,40,"DANDENONG","METROPOLITAN SOUTH EAST REGION",-37.98709339,145.2143332,"Dry","Clear"
"T20190001744","28/1/19",20:00:00,"Vehicle overturned (no collision)","Monday","Dusk/Dawn",1,1,"Not at intersection",3,80,"COLAC OTWAY","SOUTH WESTERN REGION",-38.70606822,143.7100399,"Dry","Clear"
"T20190001745","22/1/19",18:30:00,"Collision with vehicle","Tuesday","Day",2,2,"T intersection",3,60,"MANNINGHAM","METROPOLITAN SOUTH EAST REGION",-37.76159064,145.0824973,"Dry","Clear"
"T20190001746","29/1/19",07:40:00,"Collision with vehicle","Tuesday","Day",2,3,"Not at intersection",2,70,"BRIMBANK","METROPOLITAN NORTH WEST REGION",-37.72874184,144.8077389,"Dry","Clear"
"T20190001748","29/1/19",15:00:00,"Collision with vehicle","Tuesday","Day",2,2,"Not at intersection",3,50,"MANNINGHAM","METROPOLITAN SOUTH EAST REGION",-37.75258378,145.1352495,"Dry","Clear"
"T20190001751","29/1/19",12:33:00,"Collision with vehicle","Tuesday","Day",2,2,"Not at intersection",2,60,"GEELONG","SOUTH WESTERN REGION",-38.17923932,144.338259,"Dry","Clear"
"T20190001754","29/1/19",16:40:00,"Collision with vehicle","Tuesday","Day",2,2,"Not at intersection",2,60,"GLEN EIRA","METROPOLITAN SOUTH EAST REGION",-37.90736549,145.0678933,"Dry","Clear"
"T20190001755","29/1/19",16:50:00,"Collision with vehicle","Tuesday","Day",2,3,"T intersection",2,60,"MONASH","METROPOLITAN SOUTH EAST REGION",-37.89415055,145.0879846,"Dry","Clear"
"T20190001757","27/1/19",11:00:00,"No collision and no object struck","Sunday","Day",1,1,"T intersection",3,60,"WARRNAMBOOL","SOUTH WESTERN REGION",-38.35225395,142.4665152,"Dry","Not known"
"T20190001758","29/1/19",16:30:00,"Collision with a fixed object","Tuesday","Day",1,2,"Not at intersection",3,100,"WODONGA","NORTH EASTERN REGION",-36.08349008,146.7331818,"Dry","Clear"
"T20190001761","29/1/19",17:58:00,"Collision with vehicle","Tuesday","Day",3,4,"Cross intersection",3,60,"DANDENONG","METROPOLITAN SOUTH EAST REGION",-37.96580069,145.1798583,"Dry","Not known"
"T20190001764","29/1/19",15:50:00,"Collision with vehicle","Tuesday","Day",2,2,"Not at intersection",2,50,"DANDENONG","METROPOLITAN SOUTH EAST REGION",-37.96142932,145.1594501,"Dry","Clear"
"T20190001764","29/1/19",15:50:00,"Collision with vehicle","Tuesday","Day",2,2,"Not at intersection",2,50,"DANDENONG","METROPOLITAN SOUTH EAST REGION",-37.96142932,145.1594501,"Dry","Strong winds"
"T20190001767","29/1/19",17:15:00,"Struck Pedestrian","Tuesday","Day",2,3,"Not at intersection",2,50,"MELBOURNE","METROPOLITAN NORTH WEST REGION",-37.8200284,144.9548693,"Dry","Not known"
"T20190001769","29/1/19",19:45:00,"Collision with a fixed object","Tuesday","Day",1,1,"Not at intersection",2,100,"WEST WIMMERA","WESTERN REGION",-36.32600233,141.3565195,"Dry","Clear"
"T20190001770","29/1/19",20:05:00,"Vehicle overturned (no collision)","Tuesday","Dusk/Dawn",1,1,"Not at intersection",3,50,"WELLINGTON","EASTERN REGION",-38.11709141,147.0656698,"Dry","Clear"
"T20190001772","29/1/19",15:45:00,"Collision with a fixed object","Tuesday","Day",1,1,"Not at intersection",2,60,"WYNDHAM","METROPOLITAN NORTH WEST REGION",-37.90488549,144.7153005,"Dry","Clear"
"T20190001779","30/1/19",04:35:00,"Collision with a fixed object","Wednesday","Dark No street lights",1,1,"T intersection",3,100,"BASS COAST","EASTERN REGION",-38.41069266,145.5723123,"Dry","Fog"
"T20190001781","26/1/19",22:00:00,"No collision and no object struck","Saturday","Dark No street lights",1,1,"Not at intersection",3,888,"MURRINDINDI","NORTH EASTERN REGION",-37.49584042,145.6053214,"Dry","Clear"
"T20190001786","30/1/19",08:34:00,"Collision with vehicle","Wednesday","Day",2,2,"T intersection",3,60,"MOONEE VALLEY","METROPOLITAN NORTH WEST REGION",-37.75498473,144.8989141,"Dry","Clear"
"T20190001791","30/1/19",11:00:00,"Collision with vehicle","Wednesday","Day",3,4,"Cross intersection",3,50,"HOBSONS BAY","METROPOLITAN NORTH WEST REGION",-37.82554051,144.8810444,"Dry","Clear"
"T20190001793","30/1/19",08:20:00,"Collision with vehicle","Wednesday","Day",2,2,"T intersection",3,60,"BRIMBANK","METROPOLITAN NORTH WEST REGION",-37.7429586,144.7885615,"Dry","Clear"
"T20190001795","15/1/19",07:00:00,"Struck Pedestrian","Tuesday","Unknown",1,2,"T intersection",3,50,"GLEN EIRA","METROPOLITAN SOUTH EAST REGION",-37.88439656,145.0294134,"Unknown","Not known"
"T20190001796","30/1/19",12:47:00,"Collision with vehicle","Wednesday","Day",2,2,"T intersection",3,60,"MARIBYRNONG","METROPOLITAN NORTH WEST REGION",-37.76942207,144.8959569,"Dry","Clear"
"T20190001797","25/1/19",11:30:00,"Collision with vehicle","Friday","Day",2,2,"Not at intersection",3,80,"HOBSONS BAY","METROPOLITAN NORTH WEST REGION",-37.82942903,144.8982209,"Dry","Not known"
"T20190001799","27/1/19",13:17:00,"Collision with vehicle","Sunday","Day",2,2,"Cross intersection",3,40,"PORT PHILLIP","METROPOLITAN NORTH WEST REGION",-37.8724524,144.9932199,"Dry","Clear"
"T20190001800","30/1/19",11:50:00,"Collision with vehicle","Wednesday","Day",2,2,"T intersection",2,70,"STONNINGTON","METROPOLITAN SOUTH EAST REGION",-37.8850147,145.0728966,"Dry","Clear"
"T20190001801","30/1/19",11:30:00,"Struck Pedestrian","Wednesday","Day",1,3,"T intersection",2,60,"BANYULE","METROPOLITAN NORTH WEST REGION",-37.75269335,145.0502166,"Dry","Clear"
"T20190001802","26/1/19",17:00:00,"Collision with vehicle","Saturday","Day",2,2,"Cross intersection",3,70,"PORT PHILLIP","METROPOLITAN NORTH WEST REGION",-37.85779019,144.9922389,"Dry","Clear"
"T20190001805","30/1/19",15:09:00,"Collision with vehicle","Wednesday","Day",2,2,"T intersection",3,60,"WHITEHORSE","METROPOLITAN SOUTH EAST REGION",-37.81486457,145.1395512,"Dry","Clear"
"T20190001806","30/1/19",08:50:00,"Collision with a fixed object","Wednesday","Day",1,1,"T intersection",2,100,"GANNAWARRA","NORTHERN REGION",-35.72190366,143.5254983,"Dry","Clear"
"T20190001807","28/1/19",12:00:00,"Collision with vehicle","Monday","Day",2,2,"Multiple intersection",3,999,"MAROONDAH","METROPOLITAN SOUTH EAST REGION",-37.77379227,145.2481866,"Dry","Clear"
"T20190001810","15/1/19",04:30:00,"Collision with a fixed object","Tuesday","Unknown",2,2,"Not at intersection",3,999,"STONNINGTON","METROPOLITAN SOUTH EAST REGION",-37.83669982,144.9961886,"Unknown","Not known"
"T20190001811","30/1/19",16:15:00,"Struck Pedestrian","Wednesday","Day",1,2,"Not at intersection",3,777,"MAROONDAH","METROPOLITAN SOUTH EAST REGION",-37.81576342,145.2258878,"Dry","Clear"
"T20190001813","29/1/19",19:00:00,"Collision with vehicle","Tuesday","Dusk/Dawn",2,3,"Not at intersection",3,50,"MORELAND","METROPOLITAN NORTH WEST REGION",-37.74582852,144.973445,"Dry","Clear"
"T20190001814","30/1/19",14:50:00,"Collision with vehicle","Wednesday","Day",2,3,"Not at intersection",3,100,"HOBSONS BAY","METROPOLITAN NORTH WEST REGION",-37.84036241,144.7945718,"Dry","Clear"
"T20190001815","26/1/19",10:30:00,"No collision and no object struck","Saturday","Day",1,1,"Not at intersection",3,999,"WANGARATTA","NORTH EASTERN REGION",-36.84607538,146.3351893,"Unknown","Clear"
"T20190001819","30/1/19",17:57:00,"Collision with vehicle","Wednesday","Day",4,5,"Not at intersection",3,60,"MOONEE VALLEY","METROPOLITAN NORTH WEST REGION",-37.77195878,144.9182402,"Wet","Raining"
"T20190001820","30/1/19",17:15:00,"Collision with vehicle","Wednesday","Day",2,2,"Cross intersection",3,70,"WHITTLESEA","METROPOLITAN NORTH WEST REGION",-37.62302553,145.0287848,"Dry","Clear"
"T20190001821","30/1/19",17:40:00,"Collision with vehicle","Wednesday","Day",2,2,"Not at intersection",2,80,"COLAC OTWAY","SOUTH WESTERN REGION",-38.39664818,143.5785704,"Dry","Clear"
"T20190001822","30/1/19",17:30:00,"Collision with vehicle","Wednesday","Day",2,2,"Cross intersection",3,60,"DAREBIN","METROPOLITAN NORTH WEST REGION",-37.74352484,145.022392,"Wet","Raining"
"T20190001827","30/1/19",16:40:00,"Fall from or in moving vehicle","Wednesday","Day",1,1,"Not at intersection",2,60,"BOROONDARA","METROPOLITAN SOUTH EAST REGION",-37.80207526,145.043893,"Wet","Raining"
"T20190001828","30/1/19",18:00:00,"Collision with vehicle","Wednesday","Day",2,2,"Cross intersection",3,50,"BANYULE","METROPOLITAN NORTH WEST REGION",-37.6884215,145.0665558,"Dry","Clear"
"T20190001829","30/1/19",14:35:00,"Collision with vehicle","Wednesday","Day",2,4,"T intersection",3,60,"CASEY","METROPOLITAN SOUTH EAST REGION",-38.10289084,145.3302846,"Dry","Clear"
"T20190001830","30/1/19",19:52:00,"Collision with a fixed object","Wednesday","Dusk/Dawn",1,1,"Not at intersection",2,60,"LATROBE","EASTERN REGION",-38.05468035,146.625863,"Wet","Raining"
"T20190001830","30/1/19",19:52:00,"Collision with a fixed object","Wednesday","Dusk/Dawn",1,1,"Not at intersection",2,60,"LATROBE","EASTERN REGION",-38.05468035,146.625863,"Wet","Smoke"
"T20190001830","30/1/19",19:52:00,"Collision with a fixed object","Wednesday","Dusk/Dawn",1,1,"Not at intersection",2,60,"LATROBE","EASTERN REGION",-38.05468035,146.625863,"Wet","Dust"
"T20190001830","30/1/19",19:52:00,"Collision with a fixed object","Wednesday","Dusk/Dawn",1,1,"Not at intersection",2,60,"LATROBE","EASTERN REGION",-38.05468035,146.625863,"Wet","Strong winds"
"T20190001831","30/1/19",08:10:00,"Collision with vehicle","Wednesday","Day",2,3,"Cross intersection",3,40,"CARDINIA","METROPOLITAN SOUTH EAST REGION",-38.07091974,145.4752006,"Dry","Clear"
"T20190001837","30/1/19",22:29:00,"Collision with vehicle","Wednesday","Dark Street lights on",2,3,"T intersection",3,50,"FRANKSTON","METROPOLITAN SOUTH EAST REGION",-38.13698907,145.1539762,"Dry","Clear"
"T20190001838","30/1/19",23:30:00,"Collision with vehicle","Wednesday","Dark Street lights on",3,3,"Cross intersection",3,999,"WHITTLESEA","METROPOLITAN NORTH WEST REGION",-37.69476451,145.0600905,"Wet","Clear"
"T20190001839","30/1/19",18:30:00,"Collision with vehicle","Wednesday","Day",2,2,"Cross intersection",2,80,"CASEY","METROPOLITAN SOUTH EAST REGION",-38.0253557,145.3051385,"Wet","Raining"
"T20190001839","30/1/19",18:30:00,"Collision with vehicle","Wednesday","Day",2,2,"Cross intersection",2,80,"CASEY","METROPOLITAN SOUTH EAST REGION",-38.0253557,145.3051385,"Wet","Strong winds"
"T20190001845","18/1/19",10:08:00,"Collision with vehicle","Friday","Day",2,3,"Cross intersection",3,60,"PORT PHILLIP","METROPOLITAN NORTH WEST REGION",-37.82895885,144.9484395,"Dry","Clear"
"T20190001846","30/1/19",14:22:00,"Collision with vehicle","Wednesday","Day",2,2,"T intersection",3,60,"BRIMBANK","METROPOLITAN NORTH WEST REGION",-37.81186162,144.847601,"Dry","Clear"
"T20190001847","30/1/19",18:40:00,"No collision and no object struck","Wednesday","Day",1,1,"T intersection",2,60,"BRIMBANK","METROPOLITAN NORTH WEST REGION",-37.71661855,144.8772938,"Wet","Raining"
"T20190001849","31/1/19",07:45:00,"Struck Pedestrian","Thursday","Day",1,2,"Not at intersection",2,40,"GLEN EIRA","METROPOLITAN SOUTH EAST REGION",-37.91063864,145.072301,"Dry","Clear"
"T20190001850","31/1/19",00:01:00,"Collision with vehicle","Thursday","Dark Street lights on",3,7,"T intersection",3,70,"HUME","METROPOLITAN NORTH WEST REGION",-37.70700019,144.8859301,"Dry","Clear"
"T20190001853","31/1/19",09:30:00,"Collision with vehicle","Thursday","Day",2,2,"Cross intersection",3,40,"KINGSTON","METROPOLITAN SOUTH EAST REGION",-37.95961578,145.1126356,"Dry","Clear"
"T20190001854","31/1/19",10:18:00,"Collision with vehicle","Thursday","Day",2,2,"Not at intersection",3,60,"BALLARAT","WESTERN REGION",-37.5406463,143.8354739,"Dry","Clear"
"T20190001855","26/1/19",13:10:00,"No collision and no object struck","Saturday","Day",1,1,"Not at intersection",3,80,"COLAC OTWAY","SOUTH WESTERN REGION",-38.55419878,143.6162717,"Dry","Clear"
"T20190001856","15/1/19",12:00:00,"Struck Pedestrian","Tuesday","Day",1,2,"Cross intersection",2,50,"WARRNAMBOOL","SOUTH WESTERN REGION",-38.38733757,142.4810331,"Dry","Clear"
"T20190001857","31/1/19",07:40:00,"Fall from or in moving vehicle","Thursday","Day",1,1,"T intersection",3,50,"WHITEHORSE","METROPOLITAN SOUTH EAST REGION",-37.82825057,145.1174545,"Wet","Clear"
"T20190001858","31/1/19",10:20:00,"Collision with vehicle","Thursday","Day",4,5,"Cross intersection",3,999,"DAREBIN","METROPOLITAN NORTH WEST REGION",-37.77900943,145.0251085,"Dry","Clear"
"T20190001860","31/1/19",11:47:00,"Collision with vehicle","Thursday","Day",2,2,"Not at intersection",2,40,"BRIMBANK","METROPOLITAN NORTH WEST REGION",-37.72889116,144.8589677,"Dry","Clear"
"T20190001866","31/1/19",12:27:00,"Collision with vehicle","Thursday","Day",3,3,"T intersection",2,60,"GEELONG","SOUTH WESTERN REGION",-38.15993178,144.3477668,"Dry","Clear"
"T20190001870","31/1/19",12:14:00,"Collision with vehicle","Thursday","Day",3,5,"T intersection",2,60,"MAROONDAH","METROPOLITAN SOUTH EAST REGION",-37.82735106,145.2471267,"Dry","Clear"
"T20190001871","31/1/19",07:02:00,"Collision with vehicle","Thursday","Day",2,2,"T intersection",2,999,"CASEY","METROPOLITAN SOUTH EAST REGION",-38.00295177,145.2470921,"Dry","Clear"
"T20190001872","31/1/19",13:26:00,"Collision with vehicle","Thursday","Day",2,3,"Cross intersection",2,80,"DANDENONG","METROPOLITAN SOUTH EAST REGION",-38.0014174,145.1917005,"Dry","Clear"
"T20190001877","31/1/19",13:00:00,"Collision with vehicle","Thursday","Day",3,2,"Cross intersection",3,80,"GEELONG","SOUTH WESTERN REGION",-38.06880463,144.3770781,"Dry","Clear"
"T20190001878","31/1/19",12:58:00,"Collision with vehicle","Thursday","Day",2,3,"T intersection",2,80,"CASEY","METROPOLITAN SOUTH EAST REGION",-38.00500481,145.2640648,"Dry","Clear"
"T20190001879","31/1/19",14:53:00,"Collision with vehicle","Thursday","Day",2,2,"Not at intersection",3,40,"BALLARAT","WESTERN REGION",-37.5642292,143.8626601,"Dry","Clear"
"T20190001881","31/1/19",14:50:00,"Collision with vehicle","Thursday","Day",2,2,"T intersection",3,60,"BAW BAW","EASTERN REGION",-38.16664686,145.9365786,"Dry","Clear"
"T20190001885","30/1/19",16:05:00,"Collision with vehicle","Wednesday","Day",2,2,"Not at intersection",3,999,"HUME","METROPOLITAN NORTH WEST REGION",-37.67503013,144.9561078,"Dry","Clear"