"ACCIDENT_NO","ACCIDENTDATE","ACCIDENTTIME","Accident Type Desc","Day Week Description","Light Condition Desc","NO_OF_VEHICLES","NO_PERSONS","Road Geometry Desc","SEVERITY","SPEED_ZONE","LGA_NAME","REGION_NAME","Lat","Long","Surface Cond Desc","Atmosph Cond Desc"
"T20190001887","30/1/19",13:30:00,"Vehicle overturned (no collision)","Wednesday","Day",1,1,"Not at intersection",2,100,"MANSFIELD","NORTH EASTERN REGION",-37.27539724,146.1104419,"Dry","Clear"
"T20190001888","29/1/19",14:30:00,"Collision with vehicle","Tuesday","Day",2,2,"T intersection",2,999,"BAYSIDE","METROPOLITAN SOUTH EAST REGION",-37.97585407,145.0191411,"Dry","Not known"
"T20190001889","31/1/19",16:00:00,"Collision with vehicle","Thursday","Day",3,6,"Not at intersection",2,60,"CASEY","METROPOLITAN SOUTH EAST REGION",-38.07506058,145.3398202,"Dry","Clear"
"T20190001890","31/1/19",16:00:00,"Collision with vehicle","Thursday","Day",3,3,"Not at intersection",2,100,"FRANKSTON","METROPOLITAN SOUTH EAST REGION",-38.1743702,145.2207117,"Dry","Clear"
"T20190001891","31/1/19",17:15:00,"Collision with vehicle","Thursday","Day",3,3,"Not at intersection",3,70,"GEELONG","SOUTH WESTERN REGION",-38.19875997,144.3416798,"Dry","Clear"
"T20190001892","31/1/19",17:10:00,"Collision with vehicle","Thursday","Day",2,2,"Not at intersection",2,60,"MANNINGHAM","METROPOLITAN SOUTH EAST REGION",-37.78838009,145.1236317,"Dry","Clear"
"T20190001893","31/1/19",14:40:00,"Collision with a fixed object","Thursday","Day",1,1,"Cross intersection",1,100,"CAMPASPE","NORTH EASTERN REGION",-36.44081464,145.0318619,"Dry","Clear"
"T20190001897","31/1/19",18:25:00,"Collision with vehicle","Thursday","Day",2,2,"Not at intersection",3,50,"YARRA","METROPOLITAN NORTH WEST REGION",-37.79657969,144.9810472,"Dry","Clear"
"T20190001898","31/1/19",16:38:00,"Collision with a fixed object","Thursday","Day",1,1,"Not at intersection",2,50,"WYNDHAM","METROPOLITAN NORTH WEST REGION",-37.90127129,144.7201898,"Dry","Clear"
"T20190001901","31/1/19",11:45:00,"Collision with vehicle","Thursday","Day",2,2,"T intersection",2,60,"BENDIGO","NORTHERN REGION",-36.75708705,144.2608453,"Dry","Clear"
"T20190001906","31/1/19",15:55:00,"Collision with a fixed object","Thursday","Day",1,1,"Not at intersection",1,80,"MELTON","METROPOLITAN NORTH WEST REGION",-37.77970963,144.6072475,"Dry","Clear"
"T20190001908","31/1/19",05:25:00,"Struck Pedestrian","Thursday","Day",1,2,"Not at intersection",3,60,"KINGSTON","METROPOLITAN SOUTH EAST REGION",-37.94800771,145.0620904,"Dry","Clear"
"T20190001909","31/1/19",20:00:00,"Collision with a fixed object","Thursday","Day",1,1,"T intersection",2,50,"MORNINGTON PENINSULA","METROPOLITAN SOUTH EAST REGION",-38.31903821,145.0000364,"Dry","Clear"
"T20190001910","31/1/19",15:10:00,"Collision with vehicle","Thursday","Day",2,2,"Cross intersection",3,60,"BALLARAT","WESTERN REGION",-37.56197399,143.8703376,"Dry","Clear"
"T20190001912","31/1/19",02:40:00,"Collision with vehicle","Thursday","Dark Street lights on",2,2,"Not at intersection",3,50,"MANNINGHAM","METROPOLITAN SOUTH EAST REGION",-37.78171582,145.1601033,"Dry","Clear"
"T20190001913","31/1/19",21:00:00,"Collision with vehicle","Thursday","Dark Street lights on",2,3,"Cross intersection",3,60,"MORELAND","METROPOLITAN NORTH WEST REGION",-37.75568111,144.9659953,"Dry","Clear"
"T20190001914","31/1/19",03:00:00,"Struck Pedestrian","Thursday","Dark No street lights",1,2,"Not at intersection",1,80,"SHEPPARTON","NORTH EASTERN REGION",-36.61567347,145.2302402,"Dry","Clear"
"T20190001915","31/1/19",18:48:00,"Collision with vehicle","Thursday","Day",2,3,"Not at intersection",3,60,"MORELAND","METROPOLITAN NORTH WEST REGION",-37.7720604,144.9494832,"Dry","Clear"
"T20190001920","31/1/19",18:50:00,"Collision with vehicle","Thursday","Day",3,3,"Not at intersection",2,100,"KNOX","METROPOLITAN SOUTH EAST REGION",-37.90886406,145.2159264,"Dry","Clear"
"T20190001926","1/2/19",07:45:00,"Collision with vehicle","Friday","Day",2,2,"Cross intersection",3,60,"YARRA RANGES","METROPOLITAN SOUTH EAST REGION",-37.7771623,145.4607965,"Dry","Clear"
"T20190001927","1/2/19",08:00:00,"Collision with a fixed object","Friday","Day",1,2,"Not at intersection",3,50,"MARIBYRNONG","METROPOLITAN NORTH WEST REGION",-37.79859772,144.9014104,"Dry","Clear"
"T20190001928","1/2/19",07:30:00,"Collision with vehicle","Friday","Day",2,2,"Not at intersection",3,60,"MARIBYRNONG","METROPOLITAN NORTH WEST REGION",-37.81540997,144.8969998,"Dry","Clear"
"T20190001929","1/2/19",07:45:00,"Collision with vehicle","Friday","Day",2,2,"Cross intersection",3,50,"PORT PHILLIP","METROPOLITAN NORTH WEST REGION",-37.82947852,144.9460958,"Dry","Clear"
"T20190001930","1/2/19",08:35:00,"Collision with vehicle","Friday","Day",2,2,"Cross intersection",3,60,"MELBOURNE","METROPOLITAN NORTH WEST REGION",-37.8071334,144.9673437,"Dry","Clear"
"T20190001931","1/2/19",09:13:00,"Collision with vehicle","Friday","Day",2,2,"T intersection",3,50,"BAYSIDE","METROPOLITAN SOUTH EAST REGION",-37.93530522,145.0337327,"Dry","Clear"
"T20190001932","1/2/19",08:35:00,"Collision with vehicle","Friday","Day",2,2,"T intersection",2,999,"DAREBIN","METROPOLITAN NORTH WEST REGION",-37.7429869,144.9826263,"Dry","Clear"
"T20190001933","1/2/19",09:07:00,"Collision with vehicle","Friday","Day",2,2,"Cross intersection",2,50,"MARIBYRNONG","METROPOLITAN NORTH WEST REGION",-37.8184219,144.8964608,"Dry","Clear"
"T20190001934","31/1/19",10:30:00,"Collision with vehicle","Thursday","Day",2,3,"T intersection",3,60,"MELTON","METROPOLITAN NORTH WEST REGION",-37.68375176,144.5949236,"Dry","Clear"
"T20190001935","1/2/19",09:00:00,"Collision with vehicle","Friday","Day",2,2,"T intersection",3,40,"MORELAND","METROPOLITAN NORTH WEST REGION",-37.75457127,144.9642838,"Dry","Clear"
"T20190001939","18/1/19",15:25:00,"Collision with vehicle","Friday","Day",2,2,"Cross intersection",3,60,"MELBOURNE","METROPOLITAN NORTH WEST REGION",-37.81104541,144.9504321,"Wet","Raining"
"T20190001940","1/2/19",10:30:00,"Fall from or in moving vehicle","Friday","Day",1,1,"Not at intersection",3,60,"NILLUMBIK","METROPOLITAN NORTH WEST REGION",-37.55697646,145.3341784,"Dry","Clear"
"T20190001943","1/2/19",06:30:00,"Collision with vehicle","Friday","Day",2,2,"T intersection",3,60,"MOONEE VALLEY","METROPOLITAN NORTH WEST REGION",-37.74122641,144.8636085,"Dry","Clear"
"T20190001944","26/1/19",16:00:00,"Vehicle overturned (no collision)","Saturday","Day",1,1,"Not at intersection",3,999,"MANSFIELD","NORTH EASTERN REGION",-37.16749091,145.8865601,"Dry","Dust"
"T20190001945","1/2/19",12:00:00,"Collision with vehicle","Friday","Unknown",2,2,"Cross intersection",3,999,"WYNDHAM","METROPOLITAN NORTH WEST REGION",-37.83787993,144.6903594,"Unknown","Clear"
"T20190001949","1/2/19",13:07:00,"Collision with vehicle","Friday","Day",2,2,"T intersection",3,60,"WHITEHORSE","METROPOLITAN SOUTH EAST REGION",-37.83331334,145.1358088,"Dry","Clear"
"T20190001953","1/2/19",11:15:00,"Collision with vehicle","Friday","Day",4,5,"Not at intersection",2,60,"WHITTLESEA","METROPOLITAN NORTH WEST REGION",-37.62641959,145.0282163,"Dry","Clear"
"T20190001954","1/2/19",11:20:00,"Collision with vehicle","Friday","Day",2,4,"Cross intersection",3,60,"CASEY","METROPOLITAN SOUTH EAST REGION",-38.11303495,145.2827853,"Dry","Clear"
"T20190001957","1/2/19",09:06:00,"Collision with vehicle","Friday","Day",3,4,"Cross intersection",3,60,"BAW BAW","EASTERN REGION",-38.20819591,146.1514292,"Dry","Clear"
"T20190001958","29/1/19",12:00:00,"Collision with a fixed object","Tuesday","Unknown",1,1,"Not at intersection",3,100,"LATROBE","EASTERN REGION",-38.32916701,146.2791697,"Dry","Dust"
"T20190001961","1/2/19",15:00:00,"Collision with vehicle","Friday","Day",2,2,"Not at intersection",3,70,"WYNDHAM","METROPOLITAN NORTH WEST REGION",-37.82351008,144.8235499,"Dry","Clear"
"T20190001963","1/2/19",13:55:00,"Collision with vehicle","Friday","Day",4,7,"T intersection",3,80,"HUME","METROPOLITAN NORTH WEST REGION",-37.64501239,144.9620932,"Dry","Clear"
"T20190001967","31/1/19",21:45:00,"Collision with a fixed object","Thursday","Dark Street lights on",2,3,"T intersection",3,40,"YARRA","METROPOLITAN NORTH WEST REGION",-37.80851354,144.9993729,"Unknown","Not known"
"T20190001969","7/1/19",09:30:00,"Struck Pedestrian","Monday","Day",1,2,"Cross intersection",3,60,"MELBOURNE","METROPOLITAN NORTH WEST REGION",-37.80052789,144.9459007,"Dry","Clear"
"T20190001972","1/2/19",17:00:00,"Collision with vehicle","Friday","Day",3,5,"Not at intersection",3,70,"FRANKSTON","METROPOLITAN SOUTH EAST REGION",-38.09290438,145.1255477,"Dry","Clear"
"T20190001974","30/1/19",16:40:00,"Collision with vehicle","Wednesday","Unknown",2,2,"T intersection",3,999,"NILLUMBIK","METROPOLITAN NORTH WEST REGION",-37.6938511,145.0933188,"Unknown","Raining"
"T20190001978","1/2/19",17:28:00,"Collision with vehicle","Friday","Day",3,3,"Not at intersection",2,80,"DANDENONG","METROPOLITAN SOUTH EAST REGION",-37.95875109,145.1854035,"Dry","Clear"
"T20190001981","1/2/19",18:44:00,"Collision with a fixed object","Friday","Day",1,4,"Not at intersection",3,100,"WELLINGTON","EASTERN REGION",-38.02514049,147.059224,"Dry","Clear"
"T20190001982","1/2/19",21:10:00,"Collision with a fixed object","Friday","Dark No street lights",1,1,"Not at intersection",2,50,"BENDIGO","NORTHERN REGION",-36.80113735,144.2486403,"Dry","Clear"
"T20190001983","1/2/19",17:11:00,"Collision with a fixed object","Friday","Day",1,1,"Not at intersection",3,80,"BALLARAT","WESTERN REGION",-37.60304195,143.8544693,"Dry","Clear"
"T20190001986","1/2/19",20:00:00,"Collision with vehicle","Friday","Day",2,2,"Cross intersection",3,40,"STONNINGTON","METROPOLITAN SOUTH EAST REGION",-37.84044073,144.9954281,"Dry","Clear"
"T20190001987","1/2/19",20:52:00,"Collision with a fixed object","Friday","Dusk/Dawn",1,1,"Not at intersection",3,50,"GLENELG","SOUTH WESTERN REGION",-38.36366056,141.5971301,"Dry","Not known"
"T20190001988","1/2/19",21:15:00,"Fall from or in moving vehicle","Friday","Dark Street lights on",2,3,"Not at intersection",3,60,"HOBSONS BAY","METROPOLITAN NORTH WEST REGION",-37.85689924,144.7710885,"Dry","Clear"
"T20190001989","1/2/19",19:45:00,"Struck Pedestrian","Friday","Dusk/Dawn",1,2,"Cross intersection",3,50,"WELLINGTON","EASTERN REGION",-38.10515883,147.0681888,"Dry","Clear"
"T20190001990","1/2/19",17:19:00,"Collision with vehicle","Friday","Day",2,4,"Cross intersection",3,50,"MAROONDAH","METROPOLITAN SOUTH EAST REGION",-37.7843134,145.2714435,"Dry","Clear"
"T20190001991","1/2/19",15:45:00,"Struck Pedestrian","Friday","Day",1,2,"Not at intersection",3,40,"WHITEHORSE","METROPOLITAN SOUTH EAST REGION",-37.81904997,145.1236298,"Dry","Clear"
"T20190001992","1/2/19",19:47:00,"Collision with vehicle","Friday","Day",2,2,"T intersection",1,80,"MILDURA","WESTERN REGION",-34.22390585,142.1153556,"Dry","Clear"
"T20190001996","1/2/19",22:41:00,"Collision with vehicle","Friday","Dark Street lights on",3,3,"T intersection",3,60,"HUME","METROPOLITAN NORTH WEST REGION",-37.59755785,144.9296938,"Dry","Clear"
"T20190001998","2/2/19",00:35:00,"Collision with vehicle","Saturday","Dark Street lights on",2,2,"Not at intersection",3,40,"YARRA","METROPOLITAN NORTH WEST REGION",-37.80256999,144.9972599,"Dry","Clear"
"T20190002000","2/2/19",04:00:00,"Collision with a fixed object","Saturday","Dark Street lights on",1,1,"Not at intersection",2,70,"BRIMBANK","METROPOLITAN NORTH WEST REGION",-37.77846675,144.8405906,"Dry","Clear"
"T20190002003","2/2/19",07:10:00,"Collision with vehicle","Saturday","Day",4,4,"T intersection",2,50,"MANNINGHAM","METROPOLITAN SOUTH EAST REGION",-37.78645172,145.1055566,"Dry","Clear"
"T20190002005","2/2/19",07:25:00,"Collision with a fixed object","Saturday","Dusk/Dawn",1,1,"Not at intersection",3,100,"WHITTLESEA","METROPOLITAN NORTH WEST REGION",-37.57151238,145.1428911,"Dry","Clear"
"T20190002006","2/2/19",07:55:00,"Collision with a fixed object","Saturday","Day",1,1,"Not at intersection",3,100,"MACEDON RANGES","NORTHERN REGION",-37.41385153,144.8870517,"Dry","Clear"
"T20190002010","2/2/19",08:45:00,"Struck Pedestrian","Saturday","Day",1,2,"Not at intersection",3,50,"SWAN HILL","NORTHERN REGION",-35.34012988,143.5584206,"Dry","Clear"
"T20190002013","2/2/19",11:05:00,"Struck Pedestrian","Saturday","Day",1,3,"Cross intersection",3,40,"YARRA","METROPOLITAN NORTH WEST REGION",-37.79822181,144.9773883,"Dry","Clear"
"T20190002015","2/2/19",12:00:00,"Collision with vehicle","Saturday","Day",2,3,"T intersection",3,60,"MELBOURNE","METROPOLITAN NORTH WEST REGION",-37.80949102,144.9855809,"Dry","Clear"
"T20190002017","2/2/19",03:00:00,"Vehicle overturned (no collision)","Saturday","Dark No street lights",1,1,"Not at intersection",1,100,"CORANGAMITE","SOUTH WESTERN REGION",-38.33363535,143.2395374,"Dry","Clear"
"T20190002018","2/2/19",12:20:00,"Collision with vehicle","Saturday","Day",2,2,"T intersection",3,60,"YARRA","METROPOLITAN NORTH WEST REGION",-37.821527,145.0079277,"Dry","Clear"
"T20190002021","2/2/19",13:10:00,"Fall from or in moving vehicle","Saturday","Day",1,1,"Not at intersection",2,60,"BANYULE","METROPOLITAN NORTH WEST REGION",-37.70164174,145.1066951,"Dry","Clear"
"T20190002023","2/2/19",11:21:00,"Collision with vehicle","Saturday","Day",2,2,"T intersection",2,80,"CASEY","METROPOLITAN SOUTH EAST REGION",-38.02962862,145.3322472,"Dry","Clear"
"T20190002026","2/2/19",11:07:00,"Collision with a fixed object","Saturday","Day",1,3,"T intersection",2,60,"KINGSTON","METROPOLITAN SOUTH EAST REGION",-37.93500036,145.1177546,"Dry","Clear"
"T20190002027","2/2/19",10:45:00,"Collision with vehicle","Saturday","Day",2,3,"Not at intersection",2,60,"MELBOURNE","METROPOLITAN NORTH WEST REGION",-37.82681488,144.961383,"Dry","Clear"
"T20190002030","2/2/19",13:40:00,"Collision with vehicle","Saturday","Day",3,4,"Not at intersection",3,60,"BANYULE","METROPOLITAN NORTH WEST REGION",-37.71043921,145.1328847,"Dry","Clear"
"T20190002031","1/2/19",15:30:00,"Collision with vehicle","Friday","Day",2,2,"Cross intersection",3,999,"PORT PHILLIP","METROPOLITAN NORTH WEST REGION",-37.83300876,144.9605741,"Unknown","Clear"
"T20190002034","2/2/19",16:00:00,"Collision with vehicle","Saturday","Day",2,2,"T intersection",3,60,"MARIBYRNONG","METROPOLITAN NORTH WEST REGION",-37.79238591,144.893476,"Dry","Clear"
"T20190002042","2/2/19",18:04:00,"Collision with vehicle","Saturday","Day",2,3,"Y intersection",3,50,"BANYULE","METROPOLITAN NORTH WEST REGION",-37.69438303,145.134757,"Dry","Clear"
"T20190002043","29/1/19",22:45:00,"Collision with vehicle","Tuesday","Dark Street lights on",2,2,"Not at intersection",3,40,"BRIMBANK","METROPOLITAN NORTH WEST REGION",-37.74858076,144.835688,"Dry","Clear"
"T20190002045","2/2/19",18:07:00,"Collision with a fixed object","Saturday","Day",1,2,"Not at intersection",2,60,"WYNDHAM","METROPOLITAN NORTH WEST REGION",-37.90297542,144.6515487,"Dry","Clear"
"T20190002046","2/2/19",01:00:00,"Collision with a fixed object","Saturday","Dark No street lights",1,1,"Not at intersection",2,40,"SOUTH GIPPSLAND","EASTERN REGION",-38.67127649,146.3866256,"Dry","Clear"
"T20190002047","2/2/19",18:09:00,"Collision with vehicle","Saturday","Day",2,2,"Cross intersection",3,50,"PORT PHILLIP","METROPOLITAN NORTH WEST REGION",-37.84376902,144.9449043,"Dry","Clear"
"T20190002048","2/2/19",15:45:00,"Vehicle overturned (no collision)","Saturday","Day",1,1,"Not at intersection",3,80,"MELTON","METROPOLITAN NORTH WEST REGION",-37.73462126,144.7073733,"Dry","Not known"
"T20190002051","2/2/19",19:00:00,"Collision with a fixed object","Saturday","Day",2,6,"Not at intersection",3,100,"BAW BAW","EASTERN REGION",-38.17620431,145.887272,"Dry","Clear"
"T20190002053","2/2/19",18:00:00,"Struck Pedestrian","Saturday","Day",1,2,"Not at intersection",3,50,"WHITEHORSE","METROPOLITAN SOUTH EAST REGION",-37.82323962,145.1255401,"Dry","Clear"
"T20190002055","2/2/19",21:25:00,"Collision with vehicle","Saturday","Dark Street lights on",3,5,"Not at intersection",2,100,"HUME","METROPOLITAN NORTH WEST REGION",-37.70120973,144.888607,"Dry","Clear"
"T20190002057","2/2/19",18:15:00,"Collision with vehicle","Saturday","Day",2,3,"Cross intersection",3,60,"MOONEE VALLEY","METROPOLITAN NORTH WEST REGION",-37.72659311,144.8844738,"Dry","Clear"
"T20190002059","2/2/19",18:00:00,"Collision with a fixed object","Saturday","Day",1,1,"Not at intersection",2,100,"MURRINDINDI","NORTH EASTERN REGION",-37.02409108,145.458547,"Dry","Clear"
"T20190002060","2/2/19",23:05:00,"Collision with vehicle","Saturday","Dark Street lights on",2,3,"Cross intersection",3,999,"MONASH","METROPOLITAN SOUTH EAST REGION",-37.91421916,145.1092953,"Dry","Clear"
"T20190002061","2/2/19",23:15:00,"Collision with vehicle","Saturday","Dark Street lights on",2,3,"Not at intersection",3,60,"MORELAND","METROPOLITAN NORTH WEST REGION",-37.73820047,144.9671381,"Dry","Clear"
"T20190002066","2/2/19",23:00:00,"Struck Pedestrian","Saturday","Dark Street lights on",1,2,"Multiple intersection",3,60,"MOONEE VALLEY","METROPOLITAN NORTH WEST REGION",-37.75582031,144.9177792,"Dry","Clear"
"T20190002068","3/2/19",04:56:00,"Collision with a fixed object","Sunday","Dark No street lights",1,1,"Not at intersection",3,80,"HUME","METROPOLITAN NORTH WEST REGION",-37.55393991,144.8782493,"Dry","Clear"
"T20190002071","2/2/19",23:38:00,"Collision with vehicle","Saturday","Dark Street lights on",2,2,"T intersection",2,60,"WYNDHAM","METROPOLITAN NORTH WEST REGION",-37.89163954,144.755166,"Dry","Clear"
"T20190002073","24/1/19",16:25:00,"Collision with vehicle","Thursday","Day",2,3,"T intersection",3,999,"BOROONDARA","METROPOLITAN SOUTH EAST REGION",-37.82086241,145.0265217,"Dry","Clear"
"T20190002075","2/2/19",09:43:00,"Collision with vehicle","Saturday","Day",2,2,"Not at intersection",3,60,"MORNINGTON PENINSULA","METROPOLITAN SOUTH EAST REGION",-38.35094381,144.9224018,"Dry","Clear"
"T20190002078","3/2/19",09:15:00,"Collision with a fixed object","Sunday","Day",1,1,"Cross intersection",3,50,"SOUTHERN GRAMPIANS","SOUTH WESTERN REGION",-37.59876149,141.6960998,"Dry","Clear"
"T20190002081","3/2/19",01:00:00,"Collision with a fixed object","Sunday","Dark No street lights",1,1,"Not at intersection",2,100,"TOWONG","NORTH EASTERN REGION",-35.98848332,147.3622743,"Dry","Clear"
"T20190002084","3/2/19",09:45:00,"Collision with vehicle","Sunday","Day",2,3,"Cross intersection",2,60,"MANNINGHAM","METROPOLITAN SOUTH EAST REGION",-37.75776995,145.1185578,"Dry","Clear"
"T20190002086","3/2/19",10:14:00,"Struck Pedestrian","Sunday","Day",1,2,"Not at intersection",2,60,"MONASH","METROPOLITAN SOUTH EAST REGION",-37.91354025,145.084512,"Dry","Clear"
"T20190002087","3/2/19",10:20:00,"Collision with vehicle","Sunday","Day",2,4,"Cross intersection",3,100,"CARDINIA","METROPOLITAN SOUTH EAST REGION",-37.90669679,145.592552,"Dry","Clear"
"T20190002088","3/2/19",11:20:00,"Collision with vehicle","Sunday","Day",2,5,"T intersection",3,80,"MARIBYRNONG","METROPOLITAN NORTH WEST REGION",-37.81334872,144.8614867,"Dry","Clear"
"T20190002091","1/2/19",11:05:00,"Struck Pedestrian","Friday","Day",1,2,"Not at intersection",3,888,"MURRINDINDI","NORTH EASTERN REGION",-37.51041269,145.7478375,"Dry","Clear"
"T20190002092","3/2/19",12:15:00,"Collision with a fixed object","Sunday","Day",1,1,"Not at intersection",2,100,"BASS COAST","EASTERN REGION",-38.47167003,145.54265,"Dry","Clear"
"T20190002093","3/2/19",13:01:00,"Collision with vehicle","Sunday","Day",3,6,"Not at intersection",3,50,"COLAC OTWAY","SOUTH WESTERN REGION",-38.75586007,143.6692696,"Dry","Clear"
"T20190002094","3/2/19",13:55:00,"Collision with vehicle","Sunday","Day",2,3,"Not at intersection",3,60,"NILLUMBIK","METROPOLITAN NORTH WEST REGION",-37.67513627,145.1464069,"Dry","Clear"
"T20190002097","3/2/19",14:50:00,"Collision with vehicle","Sunday","Day",2,5,"Cross intersection",3,70,"DANDENONG","METROPOLITAN SOUTH EAST REGION",-37.93314515,145.1560118,"Dry","Clear"
"T20190002099","2/2/19",23:30:00,"Vehicle overturned (no collision)","Saturday","Dark No street lights",1,1,"Not at intersection",3,80,"COLAC OTWAY","SOUTH WESTERN REGION",-38.68557962,143.2773157,"Dry","Not known"
"T20190002100","31/1/19",10:30:00,"Collision with a fixed object","Thursday","Day",1,1,"T intersection",2,60,"STONNINGTON","METROPOLITAN SOUTH EAST REGION",-37.83948693,145.014034,"Dry","Clear"
"T20190002101","2/2/19",13:00:00,"Collision with vehicle","Saturday","Day",2,2,"T intersection",2,60,"PORT PHILLIP","METROPOLITAN NORTH WEST REGION",-37.87628738,144.9770056,"Dry","Clear"
"T20190002102","3/2/19",07:00:00,"Collision with vehicle","Sunday","Day",2,2,"Cross intersection",2,100,"SURF COAST","SOUTH WESTERN REGION",-38.21283099,144.1807652,"Dry","Clear"
"T20190002110","3/2/19",18:25:00,"Collision with vehicle","Sunday","Day",2,2,"Not at intersection",3,80,"MORNINGTON PENINSULA","METROPOLITAN SOUTH EAST REGION",-38.24064044,145.1499929,"Dry","Clear"
"T20190002111","3/2/19",14:40:00,"Collision with vehicle","Sunday","Day",2,2,"T intersection",3,60,"MANNINGHAM","METROPOLITAN SOUTH EAST REGION",-37.80079139,145.1597589,"Dry","Not known"
"T20190002112","3/2/19",14:35:00,"Collision with vehicle","Sunday","Day",2,6,"Cross intersection",2,999,"MORELAND","METROPOLITAN NORTH WEST REGION",-37.74233649,144.9582465,"Dry","Clear"
"T20190002113","2/2/19",10:30:00,"Collision with a fixed object","Saturday","Day",1,1,"Not at intersection",3,80,"MOYNE","SOUTH WESTERN REGION",-38.32761091,142.0834385,"Dry","Not known"
"T20190002116","3/2/19",19:33:00,"Struck Pedestrian","Sunday","Day",1,2,"Not at intersection",2,50,"FRANKSTON","METROPOLITAN SOUTH EAST REGION",-38.09667942,145.202418,"Dry","Clear"
"T20190002117","3/2/19",19:28:00,"Collision with vehicle","Sunday","Day",2,2,"Cross intersection",3,999,"DAREBIN","METROPOLITAN NORTH WEST REGION",-37.78236462,145.0226917,"Dry","Not known"
"T20190002120","3/2/19",19:00:00,"Collision with vehicle","Sunday","Day",3,2,"Not at intersection",3,50,"WHITTLESEA","METROPOLITAN NORTH WEST REGION",-37.67622327,145.0497637,"Dry","Clear"
"T20190002121","3/2/19",22:50:00,"Collision with vehicle","Sunday","Dark Street lights on",2,5,"Multiple intersection",2,80,"KNOX","METROPOLITAN SOUTH EAST REGION",-37.84610585,145.2163779,"Dry","Clear"
"T20190002122","3/2/19",21:56:00,"Collision with vehicle","Sunday","Dark Street lights on",2,1,"Not at intersection",2,60,"BANYULE","METROPOLITAN NORTH WEST REGION",-37.71022516,145.1184393,"Dry","Clear"
"T20190002128","3/2/19",00:30:00,"Collision with vehicle","Sunday","Dark Street lights unknown",2,1,"T intersection",2,50,"GEELONG","SOUTH WESTERN REGION",-38.26353978,144.5467098,"Dry","Clear"
"T20190002129","31/1/19",11:30:00,"Fall from or in moving vehicle","Thursday","Day",1,1,"Not at intersection",2,100,"BAW BAW","EASTERN REGION",-38.09198974,146.3540089,"Dry","Clear"
"T20190002133","3/2/19",12:30:00,"Collision with a fixed object","Sunday","Day",2,3,"Not at intersection",2,60,"DANDENONG","METROPOLITAN SOUTH EAST REGION",-37.97753954,145.1723362,"Dry","Clear"
"T20190002134","4/2/19",06:00:00,"Collision with vehicle","Monday","Dusk/Dawn",2,3,"Cross intersection",2,80,"GEELONG","SOUTH WESTERN REGION",-38.24436732,144.2961203,"Dry","Clear"
"T20190002135","3/2/19",16:40:00,"Collision with vehicle","Sunday","Day",2,3,"Not at intersection",3,110,"MOORABOOL","WESTERN REGION",-37.68332182,144.4720849,"Dry","Clear"
"T20190002137","31/1/19",17:00:00,"No collision and no object struck","Thursday","Day",1,1,"Not at intersection",3,999,"BAW BAW","EASTERN REGION",-38.02947975,146.0779418,"Wet","Raining"
"T20190002138","4/2/19",08:45:00,"Struck Pedestrian","Monday","Day",1,2,"Not at intersection",3,50,"MORNINGTON PENINSULA","METROPOLITAN SOUTH EAST REGION",-38.17203799,145.0904262,"Dry","Clear"
"T20190002141","4/2/19",12:40:00,"Struck Pedestrian","Monday","Day",1,2,"Cross intersection",3,50,"SHEPPARTON","NORTH EASTERN REGION",-36.39443253,145.359371,"Dry","Clear"
"T20190002143","4/2/19",08:25:00,"Collision with vehicle","Monday","Day",2,2,"T intersection",3,70,"YARRA RANGES","METROPOLITAN SOUTH EAST REGION",-37.88664208,145.3777577,"Dry","Clear"
"T20190002145","4/2/19",13:08:00,"Collision with vehicle","Monday","Day",2,2,"Not at intersection",2,40,"BOROONDARA","METROPOLITAN SOUTH EAST REGION",-37.78677004,145.0254666,"Dry","Clear"
"T20190002146","4/2/19",10:20:00,"Collision with vehicle","Monday","Day",2,2,"Not at intersection",3,50,"KINGSTON","METROPOLITAN SOUTH EAST REGION",-37.94883991,145.0812393,"Dry","Clear"
"T20190002147","4/2/19",11:15:00,"No collision and no object struck","Monday","Day",1,1,"Not at intersection",3,50,"DAREBIN","METROPOLITAN NORTH WEST REGION",-37.7511689,144.9892602,"Dry","Clear"
"T20190002151","4/2/19",12:40:00,"Collision with vehicle","Monday","Day",3,3,"Cross intersection",3,60,"DAREBIN","METROPOLITAN NORTH WEST REGION",-37.75443333,145.0206178,"Dry","Clear"
"T20190002153","2/2/19",14:15:00,"Fall from or in moving vehicle","Saturday","Day",1,1,"Not at intersection",2,999,"SURF COAST","SOUTH WESTERN REGION",-38.52722342,143.9784934,"Unknown","Not known"
"T20190002154","12/1/19",13:50:00,"Collision with vehicle","Saturday","Unknown",2,2,"T intersection",3,70,"MORELAND","METROPOLITAN NORTH WEST REGION",-37.71587848,144.9185508,"Unknown","Not known"
"T20190002158","29/1/19",17:30:00,"No collision and no object struck","Tuesday","Day",1,1,"Not at intersection",3,50,"MELBOURNE","METROPOLITAN NORTH WEST REGION",-37.8191941,144.9537219,"Dry","Clear"
"T20190002159","4/2/19",17:10:00,"Collision with vehicle","Monday","Day",2,3,"Multiple intersection",3,60,"GEELONG","SOUTH WESTERN REGION",-38.21903903,144.2872139,"Dry","Clear"