"ACCIDENT_NO","ACCIDENTDATE","ACCIDENTTIME","Accident Type Desc","Day Week Description","Light Condition Desc","NO_OF_VEHICLES","NO_PERSONS","Road Geometry Desc","SEVERITY","SPEED_ZONE","LGA_NAME","REGION_NAME","Lat","Long","Surface Cond Desc","Atmosph Cond Desc"
"T20190002162","4/2/19",15:29:00,"Collision with vehicle","Monday","Day",2,2,"T intersection",3,60,"MONASH","METROPOLITAN SOUTH EAST REGION",-37.93588883,145.1784603,"Dry","Clear"
"T20190002165","4/2/19",18:34:00,"Collision with vehicle","Monday","Day",2,2,"Not at intersection",2,100,"CORANGAMITE","SOUTH WESTERN REGION",-38.49998901,142.9982918,"Dry","Clear"
"T20190002168","4/2/19",15:48:00,"Collision with vehicle","Monday","Day",4,5,"Not at intersection",3,80,"CASEY","METROPOLITAN SOUTH EAST REGION",-37.96973002,145.3165207,"Dry","Clear"
"T20190002171","1/2/19",21:00:00,"Struck Pedestrian","Friday","Dusk/Dawn",1,2,"T intersection",3,50,"KINGSTON","METROPOLITAN SOUTH EAST REGION",-37.93623628,145.1027257,"Unknown","Not known"
"T20190002174","4/2/19",17:50:00,"Collision with vehicle","Monday","Day",2,2,"T intersection",3,40,"MELBOURNE","METROPOLITAN NORTH WEST REGION",-37.80106096,144.9698924,"Dry","Clear"
"T20190002175","4/2/19",20:15:00,"Collision with vehicle","Monday","Day",2,2,"Not at intersection",2,100,"SOUTH GIPPSLAND","EASTERN REGION",-38.29073,145.7689731,"Dry","Clear"
"T20190002177","4/2/19",19:45:00,"Collision with a fixed object","Monday","Day",1,1,"Not at intersection",3,50,"WHITTLESEA","METROPOLITAN NORTH WEST REGION",-37.61633141,145.0314355,"Dry","Clear"
"T20190002180","4/2/19",17:25:00,"Collision with vehicle","Monday","Day",4,7,"Not at intersection",2,100,"HOBSONS BAY","METROPOLITAN NORTH WEST REGION",-37.86264909,144.7770352,"Dry","Clear"
"T20190002181","27/1/19",15:55:00,"Struck Pedestrian","Sunday","Day",1,2,"Not at intersection",3,60,"BAYSIDE","METROPOLITAN SOUTH EAST REGION",-37.95247576,145.0095309,"Dry","Clear"
"T20190002182","4/2/19",16:10:00,"Collision with vehicle","Monday","Day",3,3,"T intersection",2,60,"WYNDHAM","METROPOLITAN NORTH WEST REGION",-37.86253877,144.7041625,"Dry","Clear"
"T20190002186","4/2/19",12:03:00,"Collision with vehicle","Monday","Day",2,3,"Cross intersection",2,60,"MARIBYRNONG","METROPOLITAN NORTH WEST REGION",-37.82026528,144.8821318,"Dry","Clear"
"T20190002187","5/2/19",05:36:00,"Collision with vehicle","Tuesday","Dark Street lights on",2,2,"T intersection",2,60,"BRIMBANK","METROPOLITAN NORTH WEST REGION",-37.7563926,144.8090865,"Dry","Clear"
"T20190002188","1/2/19",20:20:00,"Struck Pedestrian","Friday","Dusk/Dawn",1,2,"Not at intersection",3,40,"HOBSONS BAY","METROPOLITAN NORTH WEST REGION",-37.86363122,144.9052937,"Dry","Clear"
"T20190002189","4/2/19",21:23:00,"Collision with a fixed object","Monday","Dark No street lights",1,4,"Not at intersection",1,80,"MELTON","METROPOLITAN NORTH WEST REGION",-37.68632641,144.5368997,"Dry","Clear"
"T20190002193","5/2/19",09:00:00,"Collision with vehicle","Tuesday","Day",2,2,"Cross intersection",2,50,"CASEY","METROPOLITAN SOUTH EAST REGION",-38.0824905,145.2790314,"Dry","Clear"
"T20190002198","5/2/19",09:04:00,"Collision with vehicle","Tuesday","Day",3,4,"T intersection",3,999,"HUME","METROPOLITAN NORTH WEST REGION",-37.68717514,144.9352773,"Unknown","Clear"
"T20190002203","1/2/19",20:12:00,"Collision with vehicle","Friday","Dusk/Dawn",3,3,"Not at intersection",3,60,"WYNDHAM","METROPOLITAN NORTH WEST REGION",-37.87587716,144.664372,"Dry","Clear"
"T20190002207","5/2/19",09:50:00,"Collision with vehicle","Tuesday","Day",2,2,"Not at intersection",3,60,"SWAN HILL","NORTHERN REGION",-35.33746091,143.5606153,"Dry","Clear"
"T20190002211","1/2/19",20:00:00,"Fall from or in moving vehicle","Friday","Day",2,2,"Not at intersection",3,60,"YARRA","METROPOLITAN NORTH WEST REGION",-37.78431079,144.9829815,"Dry","Clear"
"T20190002214","1/2/19",17:15:00,"Collision with vehicle","Friday","Day",5,6,"Not at intersection",3,60,"MELBOURNE","METROPOLITAN NORTH WEST REGION",-37.78402246,144.9180059,"Dry","Clear"
"T20190002215","5/2/19",15:35:00,"Collision with vehicle","Tuesday","Day",3,3,"Cross intersection",2,80,"STONNINGTON","METROPOLITAN SOUTH EAST REGION",-37.88388769,145.0580727,"Dry","Clear"
"T20190002216","5/2/19",16:00:00,"Collision with vehicle","Tuesday","Day",2,6,"Not at intersection",3,60,"HUME","METROPOLITAN NORTH WEST REGION",-37.59276754,144.9032905,"Dry","Clear"
"T20190002217","5/2/19",15:58:00,"Collision with vehicle","Tuesday","Day",2,4,"Not at intersection",3,80,"MONASH","METROPOLITAN SOUTH EAST REGION",-37.87748986,145.1662389,"Dry","Clear"
"T20190002219","5/2/19",18:10:00,"Collision with vehicle","Tuesday","Day",2,2,"Cross intersection",3,60,"MELBOURNE","METROPOLITAN NORTH WEST REGION",-37.79255198,144.9584548,"Dry","Clear"
"T20190002223","5/2/19",17:08:00,"Collision with vehicle","Tuesday","Day",2,3,"Not at intersection",3,60,"MARIBYRNONG","METROPOLITAN NORTH WEST REGION",-37.78238991,144.8652291,"Dry","Clear"
"T20190002224","5/2/19",17:45:00,"Collision with a fixed object","Tuesday","Day",1,1,"Not at intersection",2,100,"MOYNE","SOUTH WESTERN REGION",-38.279282,142.2568696,"Dry","Clear"
"T20190002225","5/2/19",19:15:00,"Collision with vehicle","Tuesday","Dusk/Dawn",3,4,"Cross intersection",3,60,"MAROONDAH","METROPOLITAN SOUTH EAST REGION",-37.81668707,145.2243919,"Dry","Clear"
"T20190002226","5/2/19",19:19:00,"Collision with a fixed object","Tuesday","Dusk/Dawn",1,1,"Not at intersection",3,999,"DANDENONG","METROPOLITAN SOUTH EAST REGION",-37.94906011,145.1515109,"Dry","Clear"
"T20190002231","5/2/19",14:41:00,"Collision with vehicle","Tuesday","Day",2,2,"T intersection",2,60,"GLEN EIRA","METROPOLITAN SOUTH EAST REGION",-37.87865694,145.0121534,"Dry","Clear"
"T20190002233","5/2/19",21:11:00,"Collision with vehicle","Tuesday","Dark Street lights off",2,2,"Cross intersection",2,60,"CASEY","METROPOLITAN SOUTH EAST REGION",-38.03960862,145.360339,"Dry","Clear"
"T20190002234","5/2/19",22:25:00,"Collision with vehicle","Tuesday","Dark No street lights",2,2,"Cross intersection",1,100,"GEELONG","SOUTH WESTERN REGION",-38.1963306,144.6408825,"Dry","Clear"
"T20190002234","5/2/19",22:25:00,"Collision with vehicle","Tuesday","Dark No street lights",2,2,"Cross intersection",1,100,"GEELONG","SOUTH WESTERN REGION",-38.1963306,144.6408825,"Dry","Strong winds"
"T20190002237","5/2/19",23:50:00,"Collision with a fixed object","Tuesday","Dark No street lights",1,1,"Not at intersection",1,999,"MURRINDINDI","NORTH EASTERN REGION",-37.53721874,145.3924302,"Dry","Clear"
"T20190002239","5/2/19",18:15:00,"Collision with vehicle","Tuesday","Unknown",2,2,"T intersection",2,60,"WHITTLESEA","METROPOLITAN NORTH WEST REGION",-37.68627527,145.0286636,"Unknown","Not known"
"T20190002242","6/2/19",08:55:00,"Collision with vehicle","Wednesday","Day",2,2,"Not at intersection",3,60,"PORT PHILLIP","METROPOLITAN SOUTH EAST REGION",-37.86698578,145.0043308,"Dry","Clear"
"T20190002243","6/2/19",07:50:00,"Collision with vehicle","Wednesday","Day",2,3,"T intersection",3,60,"PORT PHILLIP","METROPOLITAN NORTH WEST REGION",-37.83640103,144.9694218,"Dry","Clear"
"T20190002246","27/1/19",15:00:00,"Collision with vehicle","Sunday","Day",2,3,"Not at intersection",3,80,"COLAC OTWAY","SOUTH WESTERN REGION",-38.29960965,143.7881069,"Dry","Clear"
"T20190002247","6/2/19",07:50:00,"Struck Pedestrian","Wednesday","Day",1,2,"T intersection",3,40,"BENDIGO","NORTHERN REGION",-36.72401884,144.3106409,"Dry","Clear"
"T20190002249","6/2/19",09:06:00,"Collision with a fixed object","Wednesday","Day",1,1,"Not at intersection",3,80,"LATROBE","EASTERN REGION",-38.17311876,146.3459958,"Wet","Raining"
"T20190002250","6/2/19",08:00:00,"Collision with vehicle","Wednesday","Day",4,6,"Not at intersection",3,70,"BRIMBANK","METROPOLITAN NORTH WEST REGION",-37.69493651,144.7693204,"Dry","Clear"
"T20190002252","5/2/19",11:00:00,"Collision with a fixed object","Tuesday","Day",1,1,"Not at intersection",3,100,"SWAN HILL","NORTHERN REGION",-34.71910911,142.9992399,"Dry","Clear"
"T20190002254","6/2/19",10:05:00,"Collision with vehicle","Wednesday","Day",2,2,"T intersection",2,80,"BAW BAW","EASTERN REGION",-38.09019757,145.8294961,"Dry","Clear"
"T20190002255","6/2/19",07:45:00,"Collision with vehicle","Wednesday","Day",4,4,"Not at intersection",3,40,"MELBOURNE","METROPOLITAN NORTH WEST REGION",-37.82329315,144.9773833,"Dry","Clear"
"T20190002256","6/2/19",08:00:00,"Collision with vehicle","Wednesday","Day",3,3,"Not at intersection",1,100,"MONASH","METROPOLITAN SOUTH EAST REGION",-37.89378001,145.13812,"Dry","Clear"
"T20190002258","5/2/19",16:10:00,"Collision with vehicle","Tuesday","Unknown",2,4,"T intersection",3,999,"GLEN EIRA","METROPOLITAN SOUTH EAST REGION",-37.90057811,145.0644773,"Dry","Not known"
"T20190002261","6/2/19",12:30:00,"Collision with vehicle","Wednesday","Day",2,3,"Not at intersection",3,50,"BRIMBANK","METROPOLITAN NORTH WEST REGION",-37.71386073,144.8621195,"Dry","Clear"
"T20190002262","6/2/19",11:55:00,"Collision with vehicle","Wednesday","Day",4,4,"Not at intersection",3,60,"BOROONDARA","METROPOLITAN SOUTH EAST REGION",-37.82583955,145.0444062,"Dry","Clear"
"T20190002264","4/2/19",16:20:00,"Collision with vehicle","Monday","Day",2,2,"Not at intersection",3,40,"MAROONDAH","METROPOLITAN SOUTH EAST REGION",-37.77680696,145.2495546,"Dry","Clear"
"T20190002266","26/1/19",11:00:00,"Collision with vehicle","Saturday","Day",2,5,"Not at intersection",2,80,"DANDENONG","METROPOLITAN SOUTH EAST REGION",-38.02190802,145.1367666,"Dry","Clear"
"T20190002269","28/1/19",06:30:00,"Struck animal","Monday","Dusk/Dawn",1,1,"Not at intersection",2,100,"MITCHELL","NORTHERN REGION",-37.22717128,145.0152315,"Dry","Clear"
"T20190002270","6/2/19",12:50:00,"Collision with vehicle","Wednesday","Day",2,4,"Not at intersection",3,60,"MONASH","METROPOLITAN SOUTH EAST REGION",-37.91275003,145.1220503,"Dry","Clear"
"T20190002272","5/2/19",20:15:00,"No collision and no object struck","Tuesday","Dark No street lights",1,1,"Not at intersection",3,70,"YARRA RANGES","METROPOLITAN SOUTH EAST REGION",-37.89971914,145.3568876,"Wet","Not known"
"T20190002275","28/1/19",16:04:00,"Collision with vehicle","Monday","Day",2,2,"T intersection",3,50,"KNOX","METROPOLITAN SOUTH EAST REGION",-37.862879,145.2916063,"Dry","Clear"
"T20190002280","6/2/19",12:40:00,"Fall from or in moving vehicle","Wednesday","Day",1,1,"Cross intersection",3,60,"MELBOURNE","METROPOLITAN NORTH WEST REGION",-37.80660944,144.962454,"Dry","Clear"
"T20190002281","6/2/19",14:30:00,"Collision with vehicle","Wednesday","Day",2,2,"Not at intersection",2,70,"MELBOURNE","METROPOLITAN NORTH WEST REGION",-37.81332989,144.990719,"Dry","Clear"
"T20190002283","6/2/19",15:18:00,"Collision with vehicle","Wednesday","Day",3,3,"Not at intersection",2,100,"MORELAND","METROPOLITAN NORTH WEST REGION",-37.69649001,144.90007,"Dry","Clear"
"T20190002285","6/2/19",12:32:00,"Collision with vehicle","Wednesday","Day",2,2,"Cross intersection",3,60,"MELTON","METROPOLITAN NORTH WEST REGION",-37.77699217,144.7553844,"Dry","Clear"
"T20190002287","6/2/19",17:45:00,"Collision with vehicle","Wednesday","Day",2,2,"T intersection",2,60,"GEELONG","SOUTH WESTERN REGION",-38.06553248,144.3498286,"Dry","Clear"
"T20190002291","6/2/19",16:10:00,"Vehicle overturned (no collision)","Wednesday","Day",1,4,"T intersection",2,80,"GEELONG","SOUTH WESTERN REGION",-38.00436957,144.4225391,"Dry","Clear"
"T20190002292","6/2/19",17:51:00,"Collision with vehicle","Wednesday","Day",2,2,"Cross intersection",3,40,"GEELONG","SOUTH WESTERN REGION",-38.14550281,144.3558573,"Dry","Clear"
"T20190002292","6/2/19",17:51:00,"Collision with vehicle","Wednesday","Day",2,2,"Cross intersection",3,40,"GEELONG","SOUTH WESTERN REGION",-38.14550281,144.3558573,"Dry","Strong winds"
"T20190002293","6/2/19",17:57:00,"Collision with a fixed object","Wednesday","Day",1,3,"Not at intersection",3,40,"HORSHAM","WESTERN REGION",-36.71783613,142.20015,"Wet","Raining"
"T20190002295","6/2/19",18:15:00,"Collision with vehicle","Wednesday","Day",2,2,"Not at intersection",3,50,"CASEY","METROPOLITAN SOUTH EAST REGION",-38.02506746,145.3159034,"Dry","Clear"
"T20190002300","6/2/19",13:24:00,"Collision with vehicle","Wednesday","Day",3,2,"T intersection",3,60,"MORELAND","METROPOLITAN NORTH WEST REGION",-37.735784,144.946856,"Dry","Clear"
"T20190002301","6/2/19",20:00:00,"Collision with vehicle","Wednesday","Dark Street lights on",2,1,"Not at intersection",3,60,"PORT PHILLIP","METROPOLITAN NORTH WEST REGION",-37.83685019,144.9567293,"Wet","Raining"
"T20190002305","6/2/19",15:52:00,"Vehicle overturned (no collision)","Wednesday","Day",1,1,"Not at intersection",3,100,"LATROBE","EASTERN REGION",-38.24945004,146.53284,"Dry","Clear"
"T20190002307","6/2/19",17:15:00,"Vehicle overturned (no collision)","Wednesday","Day",1,1,"Not at intersection",3,100,"BENDIGO","NORTHERN REGION",-37.05218844,144.508518,"Wet","Raining"
"T20190002307","6/2/19",17:15:00,"Vehicle overturned (no collision)","Wednesday","Day",1,1,"Not at intersection",3,100,"BENDIGO","NORTHERN REGION",-37.05218844,144.508518,"Wet","Strong winds"
"T20190002309","6/2/19",20:49:00,"Vehicle overturned (no collision)","Wednesday","Dark No street lights",1,1,"Not at intersection",2,100,"CORANGAMITE","SOUTH WESTERN REGION",-38.58427668,142.9625043,"Wet","Clear"
"T20190002310","6/2/19",21:45:00,"Collision with vehicle","Wednesday","Dark Street lights on",2,2,"Cross intersection",3,40,"YARRA","METROPOLITAN NORTH WEST REGION",-37.81009287,144.9960401,"Wet","Raining"
"T20190002311","6/2/19",14:20:00,"Collision with vehicle","Wednesday","Day",3,4,"Not at intersection",2,70,"HUME","METROPOLITAN NORTH WEST REGION",-37.63731068,144.8999,"Dry","Not known"
"T20190002312","6/2/19",22:40:00,"Fall from or in moving vehicle","Wednesday","Dark Street lights on",1,1,"Cross intersection",3,60,"MELBOURNE","METROPOLITAN NORTH WEST REGION",-37.79795209,144.9748771,"Wet","Not known"
"T20190002313","5/2/19",22:30:00,"Collision with a fixed object","Tuesday","Dark Street lights on",1,1,"Cross intersection",3,60,"GEELONG","SOUTH WESTERN REGION",-38.18244605,144.3447307,"Dry","Clear"
"T20190002317","1/2/19",07:23:00,"Collision with vehicle","Friday","Day",2,2,"Not at intersection",3,60,"BOROONDARA","METROPOLITAN SOUTH EAST REGION",-37.81523626,145.0414107,"Dry","Clear"
"T20190002318","6/2/19",16:45:00,"Collision with vehicle","Wednesday","Day",2,3,"Not at intersection",1,100,"LODDON","NORTHERN REGION",-36.52269874,143.9473443,"Dry","Dust"
"T20190002318","6/2/19",16:45:00,"Collision with vehicle","Wednesday","Day",2,3,"Not at intersection",1,100,"LODDON","NORTHERN REGION",-36.52269874,143.9473443,"Dry","Strong winds"
"T20190002323","6/2/19",06:00:00,"Collision with vehicle","Wednesday","Dark Street lights on",2,3,"T intersection",3,50,"CAMPASPE","NORTHERN REGION",-36.14232203,144.7554737,"Dry","Clear"
"T20190002324","6/2/19",21:39:00,"Collision with vehicle","Wednesday","Dark No street lights",2,3,"Not at intersection",1,110,"MOORABOOL","WESTERN REGION",-37.55299162,144.0730589,"Wet","Raining"
"T20190002326","23/1/19",17:20:00,"Collision with vehicle","Wednesday","Day",2,2,"Not at intersection",3,70,"WYNDHAM","METROPOLITAN NORTH WEST REGION",-37.82360457,144.7323349,"Dry","Clear"
"T20190002327","7/2/19",05:13:00,"Collision with vehicle","Thursday","Dark Street lights on",2,3,"Not at intersection",3,60,"LATROBE","EASTERN REGION",-38.22970948,146.4041517,"Wet","Clear"
"T20190002331","5/2/19",15:50:00,"Collision with vehicle","Tuesday","Day",2,3,"T intersection",3,60,"BRIMBANK","METROPOLITAN NORTH WEST REGION",-37.79897028,144.7891975,"Dry","Clear"
"T20190002334","7/2/19",07:50:00,"Collision with vehicle","Thursday","Day",2,2,"Not at intersection",3,60,"YARRA","METROPOLITAN NORTH WEST REGION",-37.78459464,145.0033437,"Dry","Clear"
"T20190002335","6/2/19",17:40:00,"Collision with vehicle","Wednesday","Dusk/Dawn",3,3,"T intersection",3,70,"WYNDHAM","METROPOLITAN NORTH WEST REGION",-37.88449391,144.700955,"Wet","Raining"
"T20190002336","6/2/19",18:02:00,"Collision with a fixed object","Wednesday","Day",1,1,"Not at intersection",2,100,"MOORABOOL","WESTERN REGION",-37.62468303,144.2109131,"Wet","Raining"
"T20190002340","7/2/19",10:00:00,"Collision with a fixed object","Thursday","Day",1,1,"Not at intersection",3,60,"DANDENONG","METROPOLITAN SOUTH EAST REGION",-37.95997214,145.1908724,"Wet","Clear"
"T20190002342","7/2/19",11:14:00,"Collision with vehicle","Thursday","Day",2,3,"Not at intersection",3,70,"GEELONG","SOUTH WESTERN REGION",-38.19722082,144.3177908,"Dry","Clear"
"T20190002343","7/2/19",07:30:00,"Collision with vehicle","Thursday","Day",2,2,"Not at intersection",3,60,"PORT PHILLIP","METROPOLITAN NORTH WEST REGION",-37.82797181,144.9475169,"Dry","Clear"
"T20190002345","5/2/19",07:00:00,"Collision with vehicle","Tuesday","Day",2,2,"Cross intersection",3,80,"GLEN EIRA","METROPOLITAN SOUTH EAST REGION",-37.89975382,145.0064382,"Dry","Not known"
"T20190002349","7/2/19",08:15:00,"Collision with vehicle","Thursday","Day",2,2,"Cross intersection",2,80,"WHITEHORSE","METROPOLITAN SOUTH EAST REGION",-37.85251646,145.1520123,"Dry","Clear"
"T20190002351","7/2/19",10:18:00,"Collision with vehicle","Thursday","Day",2,2,"Not at intersection",2,70,"DAREBIN","METROPOLITAN NORTH WEST REGION",-37.72479504,145.0465269,"Dry","Clear"
"T20190002352","4/2/19",14:00:00,"Fall from or in moving vehicle","Monday","Day",1,1,"Not at intersection",3,999,"WANGARATTA","NORTH EASTERN REGION",-36.74293383,146.4780896,"Dry","Clear"
"T20190002356","7/2/19",12:15:00,"Collision with vehicle","Thursday","Day",2,2,"Not at intersection",3,80,"MORNINGTON PENINSULA","METROPOLITAN SOUTH EAST REGION",-38.24356278,145.0843,"Dry","Not known"
"T20190002357","7/2/19",09:18:00,"Collision with vehicle","Thursday","Day",2,2,"Not at intersection",3,80,"WYNDHAM","METROPOLITAN NORTH WEST REGION",-37.82507908,144.8214196,"Dry","Clear"
"T20190002360","7/2/19",10:00:00,"Collision with vehicle","Thursday","Day",2,2,"Cross intersection",3,50,"MELBOURNE","METROPOLITAN NORTH WEST REGION",-37.81031669,144.9613588,"Dry","Clear"
"T20190002362","7/2/19",12:30:00,"Collision with vehicle","Thursday","Day",2,3,"Cross intersection",2,110,"MOUNT ALEXANDER","NORTHERN REGION",-37.07758764,144.3166003,"Dry","Clear"
"T20190002364","6/2/19",21:15:00,"collision with some other object","Wednesday","Dark No street lights",1,1,"Not at intersection",3,100,"MANSFIELD","NORTH EASTERN REGION",-36.88755015,145.9952286,"Dry","Clear"
"T20190002364","6/2/19",21:15:00,"collision with some other object","Wednesday","Dark No street lights",1,1,"Not at intersection",3,100,"MANSFIELD","NORTH EASTERN REGION",-36.88755015,145.9952286,"Dry","Strong winds"
"T20190002365","7/2/19",15:25:00,"Collision with vehicle","Thursday","Day",2,2,"Not at intersection",3,60,"CARDINIA","METROPOLITAN SOUTH EAST REGION",-37.94158936,145.5359246,"Dry","Clear"
"T20190002367","7/2/19",15:25:00,"Collision with vehicle","Thursday","Day",2,2,"Not at intersection",2,50,"LATROBE","EASTERN REGION",-38.19191015,146.5288619,"Dry","Clear"
"T20190002368","30/1/19",11:00:00,"Collision with vehicle","Wednesday","Day",2,2,"Cross intersection",3,50,"BANYULE","METROPOLITAN NORTH WEST REGION",-37.72959224,145.0499746,"Dry","Clear"
"T20190002372","6/2/19",21:35:00,"Vehicle overturned (no collision)","Wednesday","Dark Street lights on",1,1,"Not at intersection",3,60,"BOROONDARA","METROPOLITAN SOUTH EAST REGION",-37.80883057,145.0379346,"Wet","Raining"
"T20190002373","7/2/19",06:20:00,"Collision with vehicle","Thursday","Dusk/Dawn",2,2,"T intersection",3,70,"FRANKSTON","METROPOLITAN SOUTH EAST REGION",-38.11829916,145.2030871,"Unknown","Not known"
"T20190002375","7/2/19",15:56:00,"Struck Pedestrian","Thursday","Day",1,2,"Cross intersection",2,60,"WHITTLESEA","METROPOLITAN NORTH WEST REGION",-37.68024479,145.0138349,"Dry","Clear"
"T20190002376","25/1/19",16:15:00,"Collision with vehicle","Friday","Day",2,2,"Cross intersection",3,70,"WYNDHAM","METROPOLITAN NORTH WEST REGION",-37.84637597,144.669466,"Dry","Clear"
"T20190002378","7/2/19",17:25:00,"Collision with vehicle","Thursday","Day",2,3,"Not at intersection",3,30,"WYNDHAM","METROPOLITAN NORTH WEST REGION",-37.83611473,144.6947225,"Dry","Clear"
"T20190002379","7/2/19",08:30:00,"Collision with vehicle","Thursday","Day",3,3,"T intersection",3,60,"WYNDHAM","METROPOLITAN NORTH WEST REGION",-37.83755437,144.7246233,"Dry","Clear"
"T20190002380","7/2/19",17:50:00,"Collision with vehicle","Thursday","Day",2,2,"Not at intersection",3,60,"MORNINGTON PENINSULA","METROPOLITAN SOUTH EAST REGION",-38.36140323,144.8846022,"Dry","Clear"
"T20190002381","7/2/19",17:30:00,"Collision with vehicle","Thursday","Day",2,4,"Not at intersection",2,110,"MOORABOOL","WESTERN REGION",-37.65838714,144.3733658,"Dry","Clear"
"T20190002382","7/2/19",15:15:00,"Collision with a fixed object","Thursday","Day",1,1,"Not at intersection",3,100,"NILLUMBIK","METROPOLITAN NORTH WEST REGION",-37.57198337,145.1537204,"Dry","Clear"
"T20190002383","7/2/19",15:00:00,"Collision with vehicle","Thursday","Day",2,2,"Cross intersection",3,50,"SURF COAST","SOUTH WESTERN REGION",-38.30914744,144.3293261,"Dry","Clear"
"T20190002386","4/2/19",08:30:00,"Collision with vehicle","Monday","Day",2,2,"T intersection",3,50,"MELTON","METROPOLITAN NORTH WEST REGION",-37.72506667,144.7351713,"Dry","Not known"
"T20190002387","7/2/19",18:49:00,"Collision with vehicle","Thursday","Day",3,3,"Not at intersection",3,100,"MONASH","METROPOLITAN SOUTH EAST REGION",-37.89933066,145.1502688,"Dry","Clear"
"T20190002388","7/2/19",18:37:00,"Collision with vehicle","Thursday","Day",2,2,"Cross intersection",3,40,"MELBOURNE","METROPOLITAN NORTH WEST REGION",-37.81228152,144.9622574,"Dry","Clear"
"T20190002389","7/2/19",18:32:00,"Collision with vehicle","Thursday","Dark No street lights",2,4,"Not at intersection",3,80,"MONASH","METROPOLITAN SOUTH EAST REGION",-37.91964948,145.1663701,"Dry","Clear"
"T20190002392","7/2/19",18:25:00,"Collision with vehicle","Thursday","Day",3,2,"Not at intersection",2,60,"GLEN EIRA","METROPOLITAN SOUTH EAST REGION",-37.87451846,145.031219,"Dry","Clear"
"T20190002393","29/1/19",16:30:00,"Struck Pedestrian","Tuesday","Day",1,2,"Not at intersection",3,60,"YARRA","METROPOLITAN NORTH WEST REGION",-37.81300042,145.0001937,"Dry","Not known"
"T20190002395","7/2/19",16:50:00,"Collision with vehicle","Thursday","Day",2,2,"T intersection",3,70,"GEELONG","SOUTH WESTERN REGION",-38.19699057,144.3420148,"Dry","Clear"
"T20190002396","7/2/19",19:45:00,"Struck Pedestrian","Thursday","Day",1,2,"Not at intersection",3,50,"CASEY","METROPOLITAN SOUTH EAST REGION",-37.99665375,145.2590014,"Dry","Clear"
"T20190002398","7/2/19",18:50:00,"Collision with vehicle","Thursday","Day",2,3,"Not at intersection",3,100,"MELTON","METROPOLITAN NORTH WEST REGION",-37.7379905,144.6796997,"Dry","Clear"
"T20190002401","7/2/19",22:40:00,"Collision with vehicle","Thursday","Dark Street lights on",2,2,"Cross intersection",2,60,"MORELAND","METROPOLITAN NORTH WEST REGION",-37.77625165,144.9787259,"Dry","Clear"
"T20190002403","7/2/19",16:19:00,"Collision with a fixed object","Thursday","Day",1,3,"Not at intersection",2,80,"MELTON","METROPOLITAN NORTH WEST REGION",-37.64381058,144.5553661,"Dry","Clear"
"T20190002404","8/2/19",00:25:00,"Collision with a fixed object","Friday","Dark Street lights on",1,1,"Not at intersection",2,40,"MELBOURNE","METROPOLITAN NORTH WEST REGION",-37.81129971,144.9656299,"Dry","Clear"
"T20190002405","8/2/19",00:35:00,"Collision with a fixed object","Friday","Dark No street lights",1,2,"Not at intersection",3,80,"GEELONG","SOUTH WESTERN REGION",-38.17042773,144.6716604,"Dry","Clear"
"T20190002406","4/2/19",03:45:00,"Collision with a fixed object","Monday","Dark No street lights",1,1,"T intersection",3,100,"MOYNE","SOUTH WESTERN REGION",-38.24925403,142.4618373,"Wet","Raining"
"T20190002408","8/2/19",03:30:00,"Collision with vehicle","Friday","Dark Street lights on",2,5,"Cross intersection",2,80,"DANDENONG","METROPOLITAN SOUTH EAST REGION",-37.96156005,145.1885555,"Dry","Clear"
"T20190002411","7/2/19",09:25:00,"Collision with vehicle","Thursday","Day",2,2,"Cross intersection",3,80,"WHITEHORSE","METROPOLITAN SOUTH EAST REGION",-37.85250846,145.1519512,"Wet","Clear"
"T20190002415","8/2/19",06:30:00,"Collision with vehicle","Friday","Dusk/Dawn",2,2,"T intersection",2,80,"LATROBE","EASTERN REGION",-38.21802993,146.4756639,"Dry","Clear"
"T20190002416","8/2/19",07:47:00,"Collision with vehicle","Friday","Day",2,2,"Cross intersection",3,60,"BALLARAT","WESTERN REGION",-37.56026506,143.8444996,"Dry","Clear"
"T20190002417","8/2/19",07:45:00,"Collision with vehicle","Friday","Day",2,3,"T intersection",3,80,"CARDINIA","METROPOLITAN SOUTH EAST REGION",-38.05150206,145.3746731,"Dry","Clear"
"T20190002418","8/2/19",08:12:00,"Collision with vehicle","Friday","Day",2,2,"Cross intersection",3,60,"BAYSIDE","METROPOLITAN SOUTH EAST REGION",-37.92083185,145.0056951,"Wet","Raining"
"T20190002420","8/2/19",08:20:00,"Struck Pedestrian","Friday","Day",1,2,"Cross intersection",3,40,"KNOX","METROPOLITAN SOUTH EAST REGION",-37.86570586,145.2249737,"Wet","Clear"
"T20190002423","29/1/19",13:48:00,"Collision with a fixed object","Tuesday","Day",1,2,"Not at intersection",3,100,"PYRENEES","WESTERN REGION",-37.47522177,143.3773313,"Dry","Clear"
"T20190002426","6/2/19",17:18:00,"Collision with vehicle","Wednesday","Unknown",2,2,"Not at intersection",3,999,"BANYULE","METROPOLITAN NORTH WEST REGION",-37.70264448,145.1060033,"Unknown","Not known"
"T20190002427","4/2/19",06:45:00,"Collision with vehicle","Monday","Dusk/Dawn",2,2,"Not at intersection",2,50,"BAYSIDE","METROPOLITAN SOUTH EAST REGION",-37.89141566,144.9907322,"Dry","Clear"