"ACCIDENT_NO","ACCIDENTDATE","ACCIDENTTIME","Accident Type Desc","Day Week Description","Light Condition Desc","NO_OF_VEHICLES","NO_PERSONS","Road Geometry Desc","SEVERITY","SPEED_ZONE","LGA_NAME","REGION_NAME","Lat","Long","Surface Cond Desc","Atmosph Cond Desc"
"T20190002429","8/2/19",11:02:00,"Collision with a fixed object","Friday","Day",2,1,"Not at intersection",2,888,"BAYSIDE","METROPOLITAN SOUTH EAST REGION",-37.92625131,144.9872449,"Dry","Clear"
"T20190002430","8/2/19",10:05:00,"Collision with a fixed object","Friday","Day",1,1,"Not at intersection",2,90,"CARDINIA","METROPOLITAN SOUTH EAST REGION",-38.11255029,145.4858921,"Dry","Clear"
"T20190002432","8/2/19",11:25:00,"Vehicle overturned (no collision)","Friday","Day",1,1,"Not at intersection",2,100,"ALPINE","NORTH EASTERN REGION",-36.7018399,146.8357125,"Dry","Clear"
"T20190002435","8/2/19",12:10:00,"Collision with vehicle","Friday","Day",2,2,"Cross intersection",1,60,"BENDIGO","NORTHERN REGION",-36.74648482,144.2778395,"Dry","Clear"
"T20190002436","7/2/19",16:00:00,"Collision with vehicle","Thursday","Day",3,3,"T intersection",3,60,"CASEY","METROPOLITAN SOUTH EAST REGION",-38.10937206,145.2523993,"Dry","Clear"
"T20190002438","8/2/19",12:12:00,"Collision with vehicle","Friday","Day",2,2,"T intersection",2,60,"WYNDHAM","METROPOLITAN NORTH WEST REGION",-37.90382807,144.6662269,"Dry","Clear"
"T20190002439","8/2/19",10:25:00,"Collision with vehicle","Friday","Day",2,3,"Not at intersection",3,100,"DANDENONG","METROPOLITAN SOUTH EAST REGION",-37.95153997,145.2035398,"Dry","Clear"
"T20190002440","18/1/19",14:00:00,"Collision with a fixed object","Friday","Day",1,1,"Not at intersection",2,100,"KNOX","METROPOLITAN SOUTH EAST REGION",-37.89136991,145.2149615,"Dry","Not known"
"T20190002441","8/2/19",12:03:00,"Collision with vehicle","Friday","Day",2,2,"Cross intersection",3,80,"MAROONDAH","METROPOLITAN SOUTH EAST REGION",-37.83230349,145.2272974,"Dry","Clear"
"T20190002443","8/2/19",12:10:00,"Collision with vehicle","Friday","Day",4,6,"Not at intersection",3,80,"SURF COAST","SOUTH WESTERN REGION",-38.37880483,144.2107171,"Dry","Clear"
"T20190002444","8/2/19",12:40:00,"Collision with vehicle","Friday","Day",2,2,"Not at intersection",3,60,"BOROONDARA","METROPOLITAN SOUTH EAST REGION",-37.86331262,145.0787695,"Dry","Not known"
"T20190002445","8/2/19",08:25:00,"Collision with vehicle","Friday","Day",2,2,"Not at intersection",3,50,"STONNINGTON","METROPOLITAN SOUTH EAST REGION",-37.84032521,145.0102109,"Dry","Clear"
"T20190002447","8/2/19",10:10:00,"Collision with vehicle","Friday","Day",2,5,"Not at intersection",2,100,"MORNINGTON PENINSULA","METROPOLITAN SOUTH EAST REGION",-38.23793177,145.086956,"Dry","Clear"
"T20190002450","8/2/19",14:45:00,"Collision with vehicle","Friday","Day",2,4,"T intersection",3,100,"MORNINGTON PENINSULA","METROPOLITAN SOUTH EAST REGION",-38.40666493,145.065383,"Dry","Clear"
"T20190002453","8/2/19",14:45:00,"Collision with vehicle","Friday","Day",2,2,"Not at intersection",3,80,"CASEY","METROPOLITAN SOUTH EAST REGION",-38.00780969,145.3106076,"Dry","Clear"
"T20190002457","7/2/19",08:20:00,"Struck Pedestrian","Thursday","Day",1,2,"T intersection",3,40,"BOROONDARA","METROPOLITAN SOUTH EAST REGION",-37.82087923,145.0208214,"Dry","Clear"
"T20190002459","8/2/19",19:25:00,"Collision with vehicle","Friday","Day",2,2,"Cross intersection",3,60,"MORNINGTON PENINSULA","METROPOLITAN SOUTH EAST REGION",-38.22964741,145.044932,"Dry","Clear"
"T20190002461","8/2/19",18:50:00,"Collision with vehicle","Friday","Day",4,4,"Cross intersection",3,60,"BANYULE","METROPOLITAN NORTH WEST REGION",-37.74131895,145.0734328,"Dry","Not known"
"T20190002463","8/2/19",15:20:00,"Collision with vehicle","Friday","Day",2,2,"Not at intersection",3,70,"WHITEHORSE","METROPOLITAN SOUTH EAST REGION",-37.82181961,145.175367,"Dry","Not known"
"T20190002465","8/2/19",14:10:00,"Collision with vehicle","Friday","Day",2,3,"Not at intersection",2,60,"WYNDHAM","METROPOLITAN NORTH WEST REGION",-37.87964473,144.7029902,"Dry","Clear"
"T20190002466","8/2/19",16:48:00,"Collision with vehicle","Friday","Day",2,2,"Not at intersection",3,70,"HUME","METROPOLITAN NORTH WEST REGION",-37.68962043,144.959226,"Dry","Clear"
"T20190002470","8/2/19",19:46:00,"Collision with vehicle","Friday","Day",2,2,"T intersection",3,60,"BENDIGO","NORTHERN REGION",-36.75399623,144.2515818,"Dry","Clear"
"T20190002472","8/2/19",17:25:00,"Collision with vehicle","Friday","Day",2,8,"Cross intersection",2,60,"KINGSTON","METROPOLITAN SOUTH EAST REGION",-38.05027836,145.1197761,"Dry","Clear"
"T20190002475","8/2/19",16:21:00,"Collision with vehicle","Friday","Day",3,4,"Not at intersection",2,100,"MONASH","METROPOLITAN SOUTH EAST REGION",-37.89895807,145.1499505,"Dry","Clear"
"T20190002480","8/2/19",21:15:00,"Collision with vehicle","Friday","Dark Street lights on",2,3,"Not at intersection",3,60,"MELBOURNE","METROPOLITAN NORTH WEST REGION",-37.80538,144.9421,"Dry","Clear"
"T20190002482","8/2/19",23:10:00,"Collision with a fixed object","Friday","Dark No street lights",1,1,"Not at intersection",3,60,"WHITEHORSE","METROPOLITAN SOUTH EAST REGION",-37.81815989,145.2020886,"Dry","Clear"
"T20190002483","8/2/19",23:30:00,"Struck Pedestrian","Friday","Dark Street lights on",1,3,"Cross intersection",3,40,"MELBOURNE","METROPOLITAN NORTH WEST REGION",-37.82036386,144.9575584,"Dry","Clear"
"T20190002484","8/2/19",23:30:00,"Collision with a fixed object","Friday","Dark No street lights",1,1,"Not at intersection",2,60,"GEELONG","SOUTH WESTERN REGION",-37.97226046,144.4614841,"Dry","Clear"
"T20190002485","8/2/19",22:20:00,"Collision with vehicle","Friday","Dark Street lights on",2,2,"Not at intersection",3,40,"MELBOURNE","METROPOLITAN NORTH WEST REGION",-37.81232013,144.9566995,"Dry","Clear"
"T20190002487","8/2/19",19:30:00,"Struck Pedestrian","Friday","Day",1,2,"Cross intersection",3,40,"MELBOURNE","METROPOLITAN NORTH WEST REGION",-37.81648513,144.9669886,"Dry","Clear"
"T20190002491","30/1/19",17:28:00,"Collision with vehicle","Wednesday","Day",2,2,"Not at intersection",3,999,"MELBOURNE","METROPOLITAN NORTH WEST REGION",-37.82944007,144.9711043,"Unknown","Not known"
"T20190002494","9/2/19",09:19:00,"Collision with vehicle","Saturday","Day",2,2,"Cross intersection",3,50,"CENTRAL GOLDFIELDS","WESTERN REGION",-37.05038197,143.7452174,"Wet","Raining"
"T20190002495","9/2/19",09:35:00,"Collision with vehicle","Saturday","Day",2,3,"Cross intersection",3,50,"MACEDON RANGES","NORTHERN REGION",-37.24447109,144.4515512,"Wet","Raining"
"T20190002496","9/2/19",10:45:00,"Collision with vehicle","Saturday","Day",2,2,"Cross intersection",3,60,"DAREBIN","METROPOLITAN NORTH WEST REGION",-37.76431382,144.9920389,"Wet","Raining"
"T20190002498","9/2/19",12:00:00,"Collision with vehicle","Saturday","Day",2,2,"Not at intersection",3,80,"DANDENONG","METROPOLITAN SOUTH EAST REGION",-37.97201064,145.1482849,"Wet","Raining"
"T20190002499","9/2/19",08:30:00,"Collision with vehicle","Saturday","Day",2,1,"Not at intersection",2,50,"KNOX","METROPOLITAN SOUTH EAST REGION",-37.85101006,145.2987205,"Dry","Clear"
"T20190002501","9/2/19",10:00:00,"Collision with vehicle","Saturday","Day",2,2,"T intersection",3,60,"BRIMBANK","METROPOLITAN NORTH WEST REGION",-37.77522471,144.8290576,"Wet","Raining"
"T20190002502","9/2/19",12:55:00,"No collision and no object struck","Saturday","Day",1,1,"Not at intersection",2,60,"GLEN EIRA","METROPOLITAN SOUTH EAST REGION",-37.90897116,145.0809298,"Wet","Clear"
"T20190002503","9/2/19",08:20:00,"Collision with a fixed object","Saturday","Day",1,1,"Not at intersection",3,100,"SURF COAST","SOUTH WESTERN REGION",-38.22185219,144.0622614,"Wet","Raining"
"T20190002503","9/2/19",08:20:00,"Collision with a fixed object","Saturday","Day",1,1,"Not at intersection",3,100,"SURF COAST","SOUTH WESTERN REGION",-38.22185219,144.0622614,"Wet","Strong winds"
"T20190002504","9/2/19",13:15:00,"Collision with vehicle","Saturday","Day",2,4,"Not at intersection",2,80,"LATROBE","EASTERN REGION",-38.20731808,146.5025033,"Wet","Raining"
"T20190002508","8/2/19",15:25:00,"No collision and no object struck","Friday","Day",2,2,"Cross intersection",3,60,"MITCHELL","NORTHERN REGION",-37.28945494,144.9558731,"Dry","Clear"
"T20190002509","9/2/19",12:00:00,"Collision with vehicle","Saturday","Day",2,3,"Cross intersection",3,100,"COLAC OTWAY","SOUTH WESTERN REGION",-38.2873723,143.652894,"Dry","Clear"
"T20190002512","5/2/19",15:20:00,"Collision with vehicle","Tuesday","Day",2,3,"Cross intersection",3,50,"ARARAT","WESTERN REGION",-37.27651259,142.9456539,"Dry","Clear"
"T20190002513","9/2/19",14:51:00,"Collision with vehicle","Saturday","Day",2,2,"Cross intersection",2,60,"GLEN EIRA","METROPOLITAN SOUTH EAST REGION",-37.87805172,145.0071736,"Dry","Clear"
"T20190002514","9/2/19",11:27:00,"Collision with vehicle","Saturday","Day",2,3,"Not at intersection",2,60,"MELTON","METROPOLITAN NORTH WEST REGION",-37.70896547,144.754931,"Wet","Clear"
"T20190002517","9/2/19",12:05:00,"Collision with vehicle","Saturday","Day",2,6,"Multiple intersection",3,80,"MAROONDAH","METROPOLITAN SOUTH EAST REGION",-37.78745871,145.2733518,"Wet","Raining"
"T20190002519","9/2/19",15:00:00,"Struck Pedestrian","Saturday","Day",1,2,"Cross intersection",3,60,"WYNDHAM","METROPOLITAN NORTH WEST REGION",-37.90429977,144.658569,"Dry","Clear"
"T20190002520","9/2/19",15:14:00,"Collision with vehicle","Saturday","Day",2,2,"T intersection",3,80,"CASEY","METROPOLITAN SOUTH EAST REGION",-38.0685978,145.2679348,"Wet","Raining"
"T20190002521","8/2/19",21:25:00,"Struck Pedestrian","Friday","Dark Street lights on",1,3,"Cross intersection",2,40,"MELBOURNE","METROPOLITAN NORTH WEST REGION",-37.81371239,144.957323,"Dry","Clear"
"T20190002523","9/2/19",15:30:00,"Vehicle overturned (no collision)","Saturday","Day",1,1,"Not at intersection",3,50,"DAREBIN","METROPOLITAN NORTH WEST REGION",-37.73748724,144.9991341,"Dry","Clear"
"T20190002524","9/2/19",18:30:00,"Struck Pedestrian","Saturday","Day",1,2,"T intersection",3,50,"HOBSONS BAY","METROPOLITAN NORTH WEST REGION",-37.8766009,144.7635397,"Dry","Clear"
"T20190002525","5/2/19",08:30:00,"Fall from or in moving vehicle","Tuesday","Day",2,2,"T intersection",3,40,"YARRA","METROPOLITAN NORTH WEST REGION",-37.81539201,144.9997552,"Dry","Clear"
"T20190002526","24/1/19",12:10:00,"Collision with vehicle","Thursday","Day",2,2,"Cross intersection",3,60,"WHITTLESEA","METROPOLITAN NORTH WEST REGION",-37.69481967,145.0114196,"Unknown","Not known"
"T20190002527","9/2/19",17:42:00,"Collision with vehicle","Saturday","Day",2,3,"T intersection",3,60,"MORELAND","METROPOLITAN NORTH WEST REGION",-37.7326722,144.9512235,"Dry","Clear"
"T20190002531","29/1/19",16:20:00,"Struck Pedestrian","Tuesday","Day",1,2,"Not at intersection",3,60,"PORT PHILLIP","METROPOLITAN NORTH WEST REGION",-37.83373975,144.9609109,"Dry","Clear"
"T20190002532","9/2/19",18:11:00,"Collision with vehicle","Saturday","Day",2,2,"Cross intersection",3,80,"CASEY","METROPOLITAN SOUTH EAST REGION",-38.02811293,145.3199981,"Dry","Clear"
"T20190002533","1/1/19",11:00:00,"Vehicle overturned (no collision)","Tuesday","Day",1,1,"Not at intersection",3,100,"GANNAWARRA","NORTHERN REGION",-35.90119067,143.5118718,"Dry","Clear"
"T20190002536","9/2/19",19:40:00,"Collision with vehicle","Saturday","Day",2,4,"Cross intersection",2,75,"DANDENONG","METROPOLITAN SOUTH EAST REGION",-37.99737329,145.1622675,"Dry","Clear"
"T20190002536","9/2/19",19:40:00,"Collision with vehicle","Saturday","Day",2,4,"Cross intersection",2,75,"DANDENONG","METROPOLITAN SOUTH EAST REGION",-37.99737329,145.1622675,"Dry","Strong winds"
"T20190002538","9/2/19",22:40:00,"Collision with a fixed object","Saturday","Dark Street lights on",1,1,"Not at intersection",3,80,"BAYSIDE","METROPOLITAN SOUTH EAST REGION",-37.90787765,145.0101338,"Dry","Clear"
"T20190002539","9/2/19",17:30:00,"Struck Pedestrian","Saturday","Day",1,2,"Not at intersection",2,60,"WYNDHAM","METROPOLITAN NORTH WEST REGION",-37.90236268,144.6526924,"Dry","Clear"
"T20190002540","10/2/19",01:00:00,"Collision with a fixed object","Sunday","Dark No street lights",1,1,"T intersection",2,100,"MOUNT ALEXANDER","NORTHERN REGION",-37.04984914,144.292084,"Dry","Clear"
"T20190002542","9/2/19",22:08:00,"Collision with vehicle","Saturday","Dark Street lights on",3,8,"Cross intersection",3,50,"BRIMBANK","METROPOLITAN NORTH WEST REGION",-37.73444061,144.7994484,"Dry","Clear"
"T20190002543","10/2/19",00:45:00,"Collision with vehicle","Sunday","Dark Street lights on",2,2,"Cross intersection",2,50,"STONNINGTON","METROPOLITAN SOUTH EAST REGION",-37.83484046,144.9965556,"Dry","Clear"
"T20190002547","10/2/19",05:00:00,"Collision with a fixed object","Sunday","Dark Street lights on",1,1,"T intersection",3,60,"KNOX","METROPOLITAN SOUTH EAST REGION",-37.85273597,145.2861206,"Dry","Clear"
"T20190002548","9/2/19",14:30:00,"Collision with a fixed object","Saturday","Day",1,1,"Not at intersection",2,100,"NORTHERN GRAMPIANS","WESTERN REGION",-36.68529956,143.1830748,"Dry","Clear"
"T20190002549","10/2/19",08:50:00,"collision with some other object","Sunday","Day",1,1,"Not at intersection",3,60,"GEELONG","SOUTH WESTERN REGION",-38.2655294,144.6175107,"Dry","Clear"
"T20190002552","9/2/19",16:28:00,"Collision with vehicle","Saturday","Day",2,3,"Not at intersection",2,110,"MELTON","METROPOLITAN NORTH WEST REGION",-37.69395392,144.5850434,"Dry","Not known"
"T20190002554","10/2/19",09:35:00,"Collision with vehicle","Sunday","Day",2,3,"T intersection",2,100,"GEELONG","SOUTH WESTERN REGION",-37.97580376,144.2724843,"Dry","Clear"
"T20190002555","10/2/19",10:50:00,"Collision with vehicle","Sunday","Day",2,2,"T intersection",3,60,"MAROONDAH","METROPOLITAN SOUTH EAST REGION",-37.79690872,145.2882602,"Dry","Clear"
"T20190002558","10/2/19",10:30:00,"Collision with vehicle","Sunday","Day",2,3,"Cross intersection",2,80,"FRANKSTON","METROPOLITAN SOUTH EAST REGION",-38.09217934,145.178544,"Dry","Clear"
"T20190002559","10/2/19",12:30:00,"Collision with vehicle","Sunday","Day",3,3,"T intersection",2,60,"GLEN EIRA","METROPOLITAN SOUTH EAST REGION",-37.89796981,145.0268185,"Dry","Clear"
"T20190002560","28/1/19",10:10:00,"Collision with vehicle","Monday","Day",2,2,"Cross intersection",3,60,"WARRNAMBOOL","SOUTH WESTERN REGION",-38.38827807,142.4833818,"Dry","Clear"
"T20190002563","10/2/19",09:40:00,"Collision with vehicle","Sunday","Day",2,2,"T intersection",2,60,"BAYSIDE","METROPOLITAN SOUTH EAST REGION",-37.93274089,145.0316657,"Dry","Clear"
"T20190002564","9/2/19",23:00:00,"Collision with a fixed object","Saturday","Dark No street lights",1,1,"Not at intersection",2,100,"GEELONG","SOUTH WESTERN REGION",-38.20488964,144.639207,"Dry","Not known"
"T20190002565","10/2/19",08:00:00,"Collision with vehicle","Sunday","Day",2,2,"Cross intersection",3,70,"MANNINGHAM","METROPOLITAN SOUTH EAST REGION",-37.75259013,145.13531,"Dry","Clear"
"T20190002568","10/2/19",14:00:00,"Collision with vehicle","Sunday","Day",2,3,"Cross intersection",3,60,"WHITTLESEA","METROPOLITAN NORTH WEST REGION",-37.63768009,145.0263649,"Dry","Clear"
"T20190002569","10/2/19",12:20:00,"Struck Pedestrian","Sunday","Day",1,3,"T intersection",2,50,"PORT PHILLIP","METROPOLITAN NORTH WEST REGION",-37.83054047,144.9647602,"Dry","Clear"
"T20190002571","9/2/19",15:40:00,"Collision with vehicle","Saturday","Day",2,6,"Not at intersection",3,40,"COLAC OTWAY","SOUTH WESTERN REGION",-38.64199182,143.6642912,"Wet","Raining"
"T20190002574","10/2/19",15:15:00,"Collision with vehicle","Sunday","Day",2,4,"T intersection",3,100,"HEPBURN","WESTERN REGION",-37.28722233,144.2801154,"Dry","Clear"
"T20190002575","10/2/19",14:25:00,"collision with some other object","Sunday","Day",1,1,"Not at intersection",2,100,"CARDINIA","METROPOLITAN SOUTH EAST REGION",-37.9082472,145.5908987,"Dry","Clear"
"T20190002576","10/2/19",10:50:00,"Collision with vehicle","Sunday","Day",5,7,"T intersection",1,100,"SOUTH GIPPSLAND","EASTERN REGION",-38.3752648,146.1777795,"Dry","Clear"
"T20190002579","10/2/19",17:45:00,"Struck Pedestrian","Sunday","Day",1,2,"Not at intersection",2,60,"GEELONG","SOUTH WESTERN REGION",-38.16085943,144.354498,"Dry","Clear"
"T20190002581","10/2/19",18:00:00,"Collision with vehicle","Sunday","Dusk/Dawn",2,4,"T intersection",3,70,"WHITEHORSE","METROPOLITAN SOUTH EAST REGION",-37.83326125,145.2087796,"Dry","Clear"
"T20190002582","10/2/19",15:41:00,"Collision with vehicle","Sunday","Day",3,2,"Not at intersection",2,50,"MELTON","METROPOLITAN NORTH WEST REGION",-37.71649733,144.5564405,"Dry","Clear"
"T20190002585","10/2/19",14:15:00,"Collision with vehicle","Sunday","Day",2,2,"Not at intersection",2,100,"SOUTH GIPPSLAND","EASTERN REGION",-38.33302979,145.7263767,"Dry","Clear"
"T20190002586","10/2/19",18:15:00,"Collision with vehicle","Sunday","Day",2,3,"T intersection",3,60,"CAMPASPE","NORTHERN REGION",-36.12575488,144.7535555,"Dry","Clear"
"T20190002587","10/2/19",02:45:00,"Vehicle overturned (no collision)","Sunday","Dark No street lights",1,3,"Not at intersection",3,100,"CORANGAMITE","SOUTH WESTERN REGION",-38.36032962,142.916587,"Wet","Not known"
"T20190002590","10/2/19",18:00:00,"Collision with a fixed object","Sunday","Day",1,1,"Not at intersection",3,100,"MOIRA","NORTH EASTERN REGION",-36.08319142,145.054101,"Dry","Clear"
"T20190002591","10/2/19",18:40:00,"Vehicle overturned (no collision)","Sunday","Day",1,2,"Not at intersection",2,60,"GEELONG","SOUTH WESTERN REGION",-37.89243617,144.3785211,"Dry","Clear"
"T20190002592","10/2/19",20:00:00,"Collision with a fixed object","Sunday","Day",1,5,"Cross intersection",2,100,"CARDINIA","METROPOLITAN SOUTH EAST REGION",-38.12990581,145.6752483,"Dry","Clear"
"T20190002593","10/2/19",21:30:00,"Collision with vehicle","Sunday","Dark Street lights on",2,4,"Cross intersection",3,60,"WARRNAMBOOL","SOUTH WESTERN REGION",-38.37813371,142.4816304,"Dry","Clear"
"T20190002598","6/2/19",21:50:00,"Collision with a fixed object","Wednesday","Dark Street lights on",1,1,"Not at intersection",2,70,"WHITEHORSE","METROPOLITAN SOUTH EAST REGION",-37.85142654,145.1436207,"Wet","Raining"
"T20190002600","11/2/19",06:00:00,"Collision with vehicle","Monday","Dusk/Dawn",2,2,"Not at intersection",2,80,"WHITTLESEA","METROPOLITAN NORTH WEST REGION",-37.64929205,144.9994096,"Dry","Clear"
"T20190002601","11/2/19",06:40:00,"Collision with vehicle","Monday","Dusk/Dawn",2,2,"Cross intersection",3,60,"KINGSTON","METROPOLITAN SOUTH EAST REGION",-37.94519464,145.043238,"Dry","Clear"
"T20190002603","10/2/19",14:50:00,"Fall from or in moving vehicle","Sunday","Day",1,1,"Not at intersection",2,50,"NILLUMBIK","METROPOLITAN NORTH WEST REGION",-37.70132001,145.2644699,"Dry","Clear"
"T20190002604","11/2/19",08:00:00,"Collision with vehicle","Monday","Day",4,4,"Not at intersection",2,100,"CASEY","METROPOLITAN SOUTH EAST REGION",-38.00106148,145.2934089,"Dry","Clear"
"T20190002605","10/2/19",19:30:00,"Collision with vehicle","Sunday","Day",2,4,"Not at intersection",2,60,"LATROBE","EASTERN REGION",-38.20189474,146.5494908,"Dry","Clear"
"T20190002606","11/2/19",07:45:00,"Struck Pedestrian","Monday","Dusk/Dawn",1,2,"Not at intersection",3,50,"MAROONDAH","METROPOLITAN SOUTH EAST REGION",-37.80806632,145.2289898,"Dry","Clear"
"T20190002607","5/2/19",16:03:00,"Collision with vehicle","Tuesday","Day",2,3,"T intersection",3,60,"KINGSTON","METROPOLITAN SOUTH EAST REGION",-37.97146966,145.1051399,"Dry","Clear"
"T20190002609","11/2/19",08:40:00,"Collision with vehicle","Monday","Day",2,2,"Cross intersection",2,60,"TOWONG","NORTH EASTERN REGION",-36.19982875,147.8946026,"Dry","Clear"
"T20190002610","11/2/19",09:55:00,"Struck Pedestrian","Monday","Day",1,3,"Not at intersection",2,50,"WANGARATTA","NORTH EASTERN REGION",-36.35515265,146.3264561,"Dry","Clear"
"T20190002611","11/2/19",06:55:00,"Collision with vehicle","Monday","Day",2,2,"T intersection",3,100,"BAW BAW","METROPOLITAN SOUTH EAST REGION",-38.16139406,145.7253083,"Dry","Clear"
"T20190002612","11/2/19",08:25:00,"Collision with vehicle","Monday","Day",2,4,"Not at intersection",3,90,"KINGSTON","METROPOLITAN SOUTH EAST REGION",-38.02766059,145.1345966,"Dry","Clear"
"T20190002613","11/2/19",08:50:00,"Collision with vehicle","Monday","Day",2,2,"T intersection",2,60,"KINGSTON","METROPOLITAN SOUTH EAST REGION",-38.04734938,145.1140734,"Dry","Clear"
"T20190002614","11/2/19",08:38:00,"Collision with vehicle","Monday","Day",2,6,"Not at intersection",3,60,"MITCHELL","NORTHERN REGION",-37.30730029,144.9501023,"Dry","Clear"
"T20190002615","11/2/19",08:22:00,"Collision with a fixed object","Monday","Day",1,2,"Not at intersection",3,100,"CAMPASPE","NORTHERN REGION",-36.35746869,144.7397999,"Dry","Clear"
"T20190002618","11/2/19",10:05:00,"Collision with vehicle","Monday","Day",2,3,"Cross intersection",3,80,"CASEY","METROPOLITAN SOUTH EAST REGION",-38.02606644,145.3066842,"Dry","Clear"
"T20190002623","11/2/19",08:50:00,"Collision with vehicle","Monday","Day",2,2,"Not at intersection",3,60,"GEELONG","SOUTH WESTERN REGION",-38.17956549,144.362778,"Dry","Clear"
"T20190002626","11/2/19",12:41:00,"Fall from or in moving vehicle","Monday","Day",1,1,"T intersection",3,80,"FRANKSTON","METROPOLITAN SOUTH EAST REGION",-38.16339764,145.1366607,"Dry","Clear"
"T20190002627","11/2/19",10:50:00,"Collision with vehicle","Monday","Day",2,2,"T intersection",3,60,"MORNINGTON PENINSULA","METROPOLITAN SOUTH EAST REGION",-38.30443602,144.9946357,"Dry","Clear"
"T20190002628","7/2/19",15:35:00,"Collision with vehicle","Thursday","Day",2,2,"Cross intersection",3,40,"HOBSONS BAY","METROPOLITAN NORTH WEST REGION",-37.86126426,144.8998427,"Dry","Clear"
"T20190002629","11/2/19",12:45:00,"Collision with vehicle","Monday","Day",2,2,"T intersection",2,60,"YARRA","METROPOLITAN NORTH WEST REGION",-37.8168976,145.00877,"Dry","Clear"
"T20190002630","11/2/19",10:45:00,"Collision with vehicle","Monday","Day",3,3,"Not at intersection",3,40,"STONNINGTON","METROPOLITAN SOUTH EAST REGION",-37.8518102,144.99306,"Dry","Clear"
"T20190002631","11/2/19",12:20:00,"Collision with vehicle","Monday","Day",2,3,"Not at intersection",3,100,"WHITTLESEA","METROPOLITAN NORTH WEST REGION",-37.5449431,145.1096081,"Dry","Clear"
"T20190002632","10/2/19",15:00:00,"Vehicle overturned (no collision)","Sunday","Day",1,1,"Not at intersection",2,80,"MURRINDINDI","NORTH EASTERN REGION",-37.19950043,145.82185,"Dry","Clear"
"T20190002635","11/2/19",07:00:00,"Collision with vehicle","Monday","Day",2,2,"Not at intersection",3,100,"HEPBURN","WESTERN REGION",-37.30768061,144.1478702,"Dry","Clear"
"T20190002637","11/2/19",06:30:00,"Collision with vehicle","Monday","Day",2,2,"T intersection",3,999,"DAREBIN","METROPOLITAN NORTH WEST REGION",-37.78384097,145.0145356,"Dry","Not known"
"T20190002638","11/2/19",12:30:00,"Vehicle overturned (no collision)","Monday","Day",1,1,"Not at intersection",2,100,"WHITTLESEA","METROPOLITAN NORTH WEST REGION",-37.6605495,144.9865035,"Dry","Clear"
"T20190002639","11/2/19",15:30:00,"Collision with vehicle","Monday","Day",2,3,"Not at intersection",3,40,"DAREBIN","METROPOLITAN NORTH WEST REGION",-37.74949818,144.9969103,"Dry","Clear"
"T20190002640","11/2/19",14:40:00,"Collision with vehicle","Monday","Day",2,2,"T intersection",3,60,"BRIMBANK","METROPOLITAN NORTH WEST REGION",-37.77301617,144.774379,"Dry","Not known"
"T20190002646","11/2/19",16:00:00,"Collision with vehicle","Monday","Day",2,2,"Not at intersection",3,50,"CARDINIA","METROPOLITAN SOUTH EAST REGION",-38.07661191,145.4824794,"Dry","Clear"
"T20190002647","30/1/19",16:10:00,"Collision with vehicle","Wednesday","Day",2,2,"Not at intersection",3,60,"KINGSTON","METROPOLITAN SOUTH EAST REGION",-37.98378078,145.0859599,"Dry","Clear"
"T20190002649","11/2/19",16:40:00,"Collision with vehicle","Monday","Day",2,2,"T intersection",2,60,"GEELONG","SOUTH WESTERN REGION",-38.18043496,144.3835427,"Dry","Clear"
"T20190002650","11/2/19",16:05:00,"Collision with vehicle","Monday","Day",3,7,"Cross intersection",3,70,"GEELONG","SOUTH WESTERN REGION",-38.18192062,144.3477442,"Dry","Clear"
"T20190002651","11/2/19",15:34:00,"Collision with vehicle","Monday","Day",2,2,"Cross intersection",2,70,"MANNINGHAM","METROPOLITAN SOUTH EAST REGION",-37.76661311,145.0912715,"Dry","Clear"
"T20190002652","11/2/19",16:05:00,"Struck Pedestrian","Monday","Day",1,2,"Not at intersection",2,888,"WHITEHORSE","METROPOLITAN SOUTH EAST REGION",-37.81764179,145.1217897,"Dry","Clear"
"T20190002658","11/2/19",23:19:00,"Collision with vehicle","Monday","Dark Street lights on",2,3,"Cross intersection",3,60,"WYNDHAM","METROPOLITAN NORTH WEST REGION",-37.84340856,144.7316725,"Dry","Clear"
"T20190002661","12/2/19",00:50:00,"Collision with a fixed object","Tuesday","Dark No street lights",1,1,"Not at intersection",2,80,"LATROBE","EASTERN REGION",-38.10687604,146.4514312,"Dry","Clear"
"T20190002663","11/2/19",16:20:00,"Collision with vehicle","Monday","Day",4,4,"T intersection",3,50,"GLEN EIRA","METROPOLITAN SOUTH EAST REGION",-37.87974422,145.0349095,"Dry","Clear"
"T20190002668","12/2/19",08:15:00,"Collision with vehicle","Tuesday","Day",2,2,"Cross intersection",3,60,"MORELAND","METROPOLITAN NORTH WEST REGION",-37.7497703,144.9463827,"Dry","Clear"
"T20190002670","12/2/19",08:55:00,"Collision with vehicle","Tuesday","Day",2,4,"T intersection",3,60,"HUME","METROPOLITAN NORTH WEST REGION",-37.57828468,144.7083463,"Dry","Clear"
"T20190002671","12/2/19",09:15:00,"Struck Pedestrian","Tuesday","Day",1,2,"Not at intersection",3,40,"MAROONDAH","METROPOLITAN SOUTH EAST REGION",-37.79644462,145.2566067,"Dry","Clear"
"T20190002672","12/2/19",07:24:00,"Collision with vehicle","Tuesday","Day",2,2,"T intersection",3,60,"STONNINGTON","METROPOLITAN SOUTH EAST REGION",-37.85566659,145.041676,"Dry","Clear"