"ACCIDENT_NO","ACCIDENTDATE","ACCIDENTTIME","Accident Type Desc","Day Week Description","Light Condition Desc","NO_OF_VEHICLES","NO_PERSONS","Road Geometry Desc","SEVERITY","SPEED_ZONE","LGA_NAME","REGION_NAME","Lat","Long","Surface Cond Desc","Atmosph Cond Desc"
"T20190002676","12/2/19",09:25:00,"Collision with vehicle","Tuesday","Day",2,2,"Cross intersection",2,60,"WHITEHORSE","METROPOLITAN SOUTH EAST REGION",-37.82772015,145.1128912,"Dry","Clear"
"T20190002677","12/2/19",07:45:00,"Collision with vehicle","Tuesday","Day",2,3,"Cross intersection",2,110,"BENALLA","NORTH EASTERN REGION",-36.60137552,145.8671336,"Dry","Clear"
"T20190002678","12/2/19",09:00:00,"Collision with vehicle","Tuesday","Day",3,4,"Not at intersection",2,80,"MELBOURNE","METROPOLITAN NORTH WEST REGION",-37.82543395,144.9409702,"Wet","Raining"
"T20190002680","12/2/19",09:10:00,"Collision with vehicle","Tuesday","Day",2,2,"Not at intersection",3,80,"LATROBE","EASTERN REGION",-38.27902974,146.4136598,"Dry","Clear"
"T20190002681","12/2/19",06:30:00,"Struck Pedestrian","Tuesday","Dark Street lights on",1,2,"Not at intersection",2,50,"MELBOURNE","METROPOLITAN NORTH WEST REGION",-37.82802227,144.9828993,"Dry","Clear"
"T20190002682","9/1/19",16:21:00,"Collision with vehicle","Wednesday","Day",2,3,"Not at intersection",3,60,"HUME","METROPOLITAN NORTH WEST REGION",-37.63852154,144.9124184,"Dry","Clear"
"T20190002683","12/2/19",10:58:00,"Collision with vehicle","Tuesday","Day",2,3,"Not at intersection",2,60,"MELTON","METROPOLITAN NORTH WEST REGION",-37.70568981,144.5642283,"Wet","Raining"
"T20190002683","12/2/19",10:58:00,"Collision with vehicle","Tuesday","Day",2,3,"Not at intersection",2,60,"MELTON","METROPOLITAN NORTH WEST REGION",-37.70568981,144.5642283,"Wet","Strong winds"
"T20190002685","12/2/19",11:05:00,"Collision with a fixed object","Tuesday","Day",1,2,"Not at intersection",3,80,"SOUTH GIPPSLAND","EASTERN REGION",-38.48915202,146.1313405,"Wet","Raining"
"T20190002688","12/2/19",11:35:00,"Collision with vehicle","Tuesday","Day",2,2,"T intersection",3,70,"CARDINIA","METROPOLITAN SOUTH EAST REGION",-38.04579852,145.3679764,"Wet","Raining"
"T20190002689","12/2/19",08:00:00,"Vehicle overturned (no collision)","Tuesday","Day",1,1,"Not at intersection",3,60,"WANGARATTA","NORTH EASTERN REGION",-36.42936935,146.6994954,"Dry","Clear"
"T20190002690","12/2/19",13:20:00,"Collision with vehicle","Tuesday","Day",2,3,"T intersection",3,60,"MONASH","METROPOLITAN SOUTH EAST REGION",-37.93637047,145.1823699,"Wet","Raining"
"T20190002695","10/2/19",12:00:00,"Collision with vehicle","Sunday","Day",2,2,"Not at intersection",3,999,"MARIBYRNONG","METROPOLITAN NORTH WEST REGION",-37.77280445,144.8862493,"Dry","Clear"
"T20190002696","12/2/19",13:10:00,"Collision with vehicle","Tuesday","Day",2,3,"T intersection",3,70,"WYNDHAM","METROPOLITAN NORTH WEST REGION",-37.81601889,144.7502077,"Dry","Clear"
"T20190002697","14/1/19",17:30:00,"Collision with a fixed object","Monday","Day",1,2,"Not at intersection",3,100,"CARDINIA","METROPOLITAN SOUTH EAST REGION",-38.0757641,145.5345017,"Dry","Not known"
"T20190002699","12/2/19",11:45:00,"Collision with a fixed object","Tuesday","Day",1,1,"Not at intersection",3,100,"SOUTH GIPPSLAND","EASTERN REGION",-38.63117926,146.2256776,"Wet","Raining"
"T20190002700","12/2/19",15:30:00,"Collision with vehicle","Tuesday","Day",2,2,"T intersection",3,60,"DANDENONG","METROPOLITAN SOUTH EAST REGION",-37.96196064,145.1486791,"Dry","Clear"
"T20190002702","12/2/19",14:30:00,"Collision with a fixed object","Tuesday","Day",1,1,"Not at intersection",3,60,"YARRA RANGES","METROPOLITAN SOUTH EAST REGION",-37.86198893,145.4138901,"Wet","Raining"
"T20190002703","12/2/19",14:05:00,"Collision with a fixed object","Tuesday","Day",1,2,"Not at intersection",2,80,"GEELONG","SOUTH WESTERN REGION",-38.21872038,144.3004832,"Wet","Raining"
"T20190002704","12/2/19",15:51:00,"Collision with vehicle","Tuesday","Day",3,9,"Not at intersection",3,50,"MORNINGTON PENINSULA","METROPOLITAN SOUTH EAST REGION",-38.18294805,145.115364,"Dry","Clear"
"T20190002706","12/2/19",14:25:00,"Collision with vehicle","Tuesday","Day",3,4,"Not at intersection",2,80,"YARRA RANGES","METROPOLITAN SOUTH EAST REGION",-37.77609392,145.57535,"Wet","Raining"
"T20190002707","12/2/19",16:30:00,"Collision with vehicle","Tuesday","Day",2,2,"Not at intersection",3,80,"GLEN EIRA","METROPOLITAN SOUTH EAST REGION",-37.89526031,145.004459,"Dry","Clear"
"T20190002708","12/2/19",15:47:00,"Collision with vehicle","Tuesday","Day",3,6,"T intersection",2,60,"YARRA RANGES","METROPOLITAN SOUTH EAST REGION",-37.86215957,145.4123645,"Wet","Raining"
"T20190002711","12/2/19",17:34:00,"Collision with vehicle","Tuesday","Day",2,3,"T intersection",3,60,"BOROONDARA","METROPOLITAN SOUTH EAST REGION",-37.79329059,145.0991375,"Dry","Clear"
"T20190002712","12/2/19",16:54:00,"Collision with vehicle","Tuesday","Day",3,3,"T intersection",2,50,"SHEPPARTON","NORTH EASTERN REGION",-36.37757551,145.4196714,"Dry","Not known"
"T20190002713","12/2/19",17:33:00,"Collision with vehicle","Tuesday","Day",3,4,"Not at intersection",3,70,"DAREBIN","METROPOLITAN NORTH WEST REGION",-37.6942317,145.0044113,"Dry","Clear"
"T20190002717","12/2/19",17:31:00,"Collision with vehicle","Tuesday","Day",3,3,"T intersection",3,70,"MONASH","METROPOLITAN SOUTH EAST REGION",-37.90284456,145.1559903,"Dry","Clear"
"T20190002721","12/2/19",18:53:00,"Collision with vehicle","Tuesday","Day",2,2,"Not at intersection",2,80,"CARDINIA","METROPOLITAN SOUTH EAST REGION",-37.93395537,145.4178525,"Dry","Clear"
"T20190002722","12/2/19",06:40:00,"Collision with vehicle","Tuesday","Day",2,2,"T intersection",3,60,"CASEY","METROPOLITAN SOUTH EAST REGION",-38.09844209,145.2927203,"Dry","Clear"
"T20190002724","12/2/19",20:55:00,"Struck Pedestrian","Tuesday","Dark Street lights on",1,2,"Not at intersection",3,80,"BRIMBANK","METROPOLITAN NORTH WEST REGION",-37.8220569,144.8303484,"Dry","Clear"
"T20190002726","12/2/19",17:50:00,"Collision with vehicle","Tuesday","Day",2,2,"T intersection",2,60,"DANDENONG","METROPOLITAN SOUTH EAST REGION",-37.99345711,145.213338,"Dry","Clear"
"T20190002727","12/2/19",20:34:00,"Collision with vehicle","Tuesday","Dark Street lights on",3,4,"Cross intersection",3,50,"COLAC OTWAY","SOUTH WESTERN REGION",-38.33971038,143.5870557,"Wet","Raining"
"T20190002735","12/2/19",13:00:00,"Collision with vehicle","Tuesday","Day",2,3,"Not at intersection",2,50,"CASEY","METROPOLITAN SOUTH EAST REGION",-38.01600721,145.2767295,"Dry","Clear"
"T20190002737","13/2/19",05:59:00,"Collision with vehicle","Wednesday","Dark Street lights unknown",2,2,"Not at intersection",2,70,"GLEN EIRA","METROPOLITAN SOUTH EAST REGION",-37.86163228,145.0165684,"Dry","Clear"
"T20190002738","30/1/19",17:40:00,"Collision with vehicle","Wednesday","Dusk/Dawn",2,5,"Y intersection",3,100,"FRANKSTON","METROPOLITAN SOUTH EAST REGION",-38.11306052,145.1640386,"Wet","Raining"
"T20190002738","30/1/19",17:40:00,"Collision with vehicle","Wednesday","Dusk/Dawn",2,5,"Y intersection",3,100,"FRANKSTON","METROPOLITAN SOUTH EAST REGION",-38.11306052,145.1640386,"Wet","Strong winds"
"T20190002740","13/2/19",08:30:00,"Struck Pedestrian","Wednesday","Day",1,2,"Not at intersection",2,50,"WHITEHORSE","METROPOLITAN SOUTH EAST REGION",-37.83702928,145.196211,"Dry","Clear"
"T20190002742","13/2/19",06:17:00,"Collision with vehicle","Wednesday","Dusk/Dawn",2,2,"Cross intersection",3,60,"PORT PHILLIP","METROPOLITAN NORTH WEST REGION",-37.87534111,144.9768775,"Dry","Clear"
"T20190002744","13/2/19",08:15:00,"Collision with vehicle","Wednesday","Day",3,4,"Not at intersection",2,100,"KINGSTON","METROPOLITAN SOUTH EAST REGION",-38.03609032,145.1386486,"Dry","Clear"
"T20190002745","13/2/19",07:30:00,"Collision with vehicle","Wednesday","Dusk/Dawn",2,2,"Not at intersection",2,60,"MORNINGTON PENINSULA","METROPOLITAN SOUTH EAST REGION",-38.26131057,145.1868897,"Wet","Raining"
"T20190002746","13/2/19",09:25:00,"Collision with vehicle","Wednesday","Day",2,2,"T intersection",2,100,"MACEDON RANGES","NORTHERN REGION",-37.28627002,144.4463546,"Dry","Clear"
"T20190002748","13/2/19",07:57:00,"Collision with vehicle","Wednesday","Day",2,2,"Cross intersection",1,100,"MILDURA","WESTERN REGION",-34.22400325,142.0642318,"Dry","Clear"
"T20190002750","13/2/19",10:45:00,"Collision with vehicle","Wednesday","Day",2,2,"Cross intersection",3,50,"GEELONG","SOUTH WESTERN REGION",-38.15476041,144.3544542,"Dry","Clear"
"T20190002751","1/2/19",13:45:00,"No collision and no object struck","Friday","Day",1,1,"Not at intersection",3,60,"PORT PHILLIP","METROPOLITAN NORTH WEST REGION",-37.83404431,144.949516,"Dry","Clear"
"T20190002752","13/2/19",08:55:00,"Collision with vehicle","Wednesday","Day",2,3,"Cross intersection",3,60,"MARIBYRNONG","METROPOLITAN NORTH WEST REGION",-37.78705298,144.8792833,"Dry","Clear"
"T20190002756","4/2/19",18:00:00,"Struck Pedestrian","Monday","Day",1,2,"Not at intersection",3,50,"BAYSIDE","METROPOLITAN SOUTH EAST REGION",-37.9487154,145.0416609,"Dry","Clear"
"T20190002758","1/2/19",10:00:00,"No collision and no object struck","Friday","Day",1,1,"Not at intersection",3,80,"MOORABOOL","WESTERN REGION",-37.5239914,144.2406669,"Dry","Clear"
"T20190002759","12/2/19",21:30:00,"Collision with vehicle","Tuesday","Dark Street lights on",2,2,"T intersection",3,60,"WYNDHAM","METROPOLITAN NORTH WEST REGION",-37.88964159,144.7555373,"Dry","Clear"
"T20190002760","8/1/19",02:20:00,"Collision with vehicle","Tuesday","Dark Street lights on",2,3,"Multiple intersection",2,80,"CASEY","METROPOLITAN SOUTH EAST REGION",-38.04399703,145.3414662,"Dry","Clear"
"T20190002762","13/2/19",12:43:00,"Collision with vehicle","Wednesday","Day",2,1,"Not at intersection",2,60,"STONNINGTON","METROPOLITAN SOUTH EAST REGION",-37.86515887,145.0506102,"Dry","Clear"
"T20190002764","13/2/19",11:00:00,"Collision with vehicle","Wednesday","Day",2,2,"Cross intersection",3,50,"KINGSTON","METROPOLITAN SOUTH EAST REGION",-37.92660105,145.0831208,"Dry","Clear"
"T20190002767","3/2/19",16:00:00,"Collision with vehicle","Sunday","Day",2,2,"Not at intersection",3,100,"HOBSONS BAY","METROPOLITAN NORTH WEST REGION",-37.85746952,144.7782969,"Dry","Clear"
"T20190002768","12/2/19",16:45:00,"Collision with vehicle","Tuesday","Day",2,2,"T intersection",3,100,"BAW BAW","EASTERN REGION",-38.19480913,146.2062121,"Wet","Clear"
"T20190002769","12/2/19",18:45:00,"Collision with a fixed object","Tuesday","Dusk/Dawn",2,2,"Not at intersection",3,100,"LODDON","NORTHERN REGION",-35.98647003,143.9457896,"Dry","Clear"
"T20190002771","13/2/19",15:00:00,"Collision with vehicle","Wednesday","Day",2,2,"Not at intersection",3,40,"MELBOURNE","METROPOLITAN NORTH WEST REGION",-37.81533117,144.9670905,"Dry","Clear"
"T20190002774","30/1/19",15:00:00,"Collision with vehicle","Wednesday","Day",2,2,"T intersection",3,60,"GEELONG","SOUTH WESTERN REGION",-38.08675,144.3480563,"Dry","Clear"
"T20190002776","14/1/19",08:00:00,"Collision with vehicle","Monday","Day",2,2,"Cross intersection",3,60,"STONNINGTON","METROPOLITAN SOUTH EAST REGION",-37.85322414,145.0421399,"Unknown","Not known"
"T20190002777","13/2/19",14:30:00,"Collision with vehicle","Wednesday","Day",2,2,"T intersection",2,60,"BAYSIDE","METROPOLITAN SOUTH EAST REGION",-37.963519,145.0121261,"Dry","Clear"
"T20190002778","13/2/19",16:40:00,"Collision with vehicle","Wednesday","Day",3,4,"Cross intersection",3,60,"MORNINGTON PENINSULA","METROPOLITAN SOUTH EAST REGION",-38.22130674,145.1764487,"Dry","Clear"
"T20190002779","13/2/19",16:27:00,"Collision with vehicle","Wednesday","Day",2,2,"Not at intersection",2,60,"BAYSIDE","METROPOLITAN SOUTH EAST REGION",-37.93252986,145.0034288,"Dry","Clear"
"T20190002780","13/2/19",16:00:00,"Struck Pedestrian","Wednesday","Day",1,2,"T intersection",3,50,"CASEY","METROPOLITAN SOUTH EAST REGION",-38.0382322,145.255759,"Dry","Clear"
"T20190002783","13/2/19",15:30:00,"Collision with a fixed object","Wednesday","Day",1,1,"Not at intersection",1,100,"SHEPPARTON","NORTH EASTERN REGION",-36.44009757,145.30495,"Dry","Clear"
"T20190002784","12/2/19",18:15:00,"Collision with vehicle","Tuesday","Unknown",2,2,"Cross intersection",3,999,"MELBOURNE","METROPOLITAN NORTH WEST REGION",-37.80369635,144.9554206,"Dry","Clear"
"T20190002785","13/2/19",15:00:00,"Struck Pedestrian","Wednesday","Day",1,2,"Cross intersection",3,60,"SURF COAST","SOUTH WESTERN REGION",-38.30778336,144.3202301,"Dry","Clear"
"T20190002786","13/2/19",19:00:00,"Collision with vehicle","Wednesday","Day",2,2,"Not at intersection",3,100,"MONASH","METROPOLITAN SOUTH EAST REGION",-37.91028284,145.1629667,"Dry","Clear"
"T20190002790","13/2/19",16:05:00,"Collision with vehicle","Wednesday","Day",2,3,"Cross intersection",1,100,"SOUTH GIPPSLAND","EASTERN REGION",-38.66183433,145.9295858,"Dry","Clear"
"T20190002791","13/2/19",14:15:00,"Collision with a fixed object","Wednesday","Day",1,2,"Not at intersection",1,100,"MACEDON RANGES","NORTHERN REGION",-37.25436922,144.6750199,"Dry","Clear"
"T20190002794","13/2/19",18:10:00,"Collision with vehicle","Wednesday","Day",2,3,"Cross intersection",2,80,"BASS COAST","EASTERN REGION",-38.49669677,145.2389322,"Dry","Clear"
"T20190002795","13/2/19",19:55:00,"Collision with vehicle","Wednesday","Day",2,1,"Not at intersection",3,60,"MONASH","METROPOLITAN SOUTH EAST REGION",-37.86643046,145.1494938,"Dry","Clear"
"T20190002796","13/2/19",20:15:00,"Collision with a fixed object","Wednesday","Dusk/Dawn",1,1,"Not at intersection",3,999,"BENDIGO","NORTHERN REGION",-36.81990409,144.0515492,"Unknown","Clear"
"T20190002799","13/2/19",06:30:00,"Collision with vehicle","Wednesday","Dusk/Dawn",2,4,"Not at intersection",2,100,"WHITTLESEA","METROPOLITAN NORTH WEST REGION",-37.45675599,145.0736212,"Dry","Clear"
"T20190002800","13/2/19",16:35:00,"Collision with vehicle","Wednesday","Day",2,4,"Not at intersection",2,60,"MORNINGTON PENINSULA","METROPOLITAN SOUTH EAST REGION",-38.38465721,145.0250331,"Dry","Clear"
"T20190002803","13/2/19",22:48:00,"Collision with a fixed object","Wednesday","Dark No street lights",1,1,"Not at intersection",2,100,"CAMPASPE","NORTHERN REGION",-36.60389943,145.0874697,"Dry","Clear"
"T20190002804","13/2/19",23:14:00,"Vehicle overturned (no collision)","Wednesday","Dark Street lights on",1,2,"Not at intersection",3,80,"MORNINGTON PENINSULA","METROPOLITAN SOUTH EAST REGION",-38.25446723,145.0780411,"Dry","Clear"
"T20190002807","14/2/19",05:10:00,"Collision with vehicle","Thursday","Dark Street lights on",2,3,"Cross intersection",3,80,"YARRA RANGES","METROPOLITAN SOUTH EAST REGION",-37.7610711,145.334325,"Dry","Clear"
"T20190002809","13/2/19",21:25:00,"Struck Pedestrian","Wednesday","Dark Street lights on",1,2,"T intersection",2,40,"PORT PHILLIP","METROPOLITAN NORTH WEST REGION",-37.84943784,144.9768128,"Dry","Clear"
"T20190002810","14/2/19",06:45:00,"Collision with a fixed object","Thursday","Dusk/Dawn",1,1,"T intersection",3,60,"MELBOURNE","METROPOLITAN NORTH WEST REGION",-37.79262258,144.9717547,"Dry","Clear"
"T20190002811","13/2/19",21:04:00,"Collision with vehicle","Wednesday","Dark No street lights",2,4,"Not at intersection",2,110,"STRATHBOGIE","NORTH EASTERN REGION",-36.69693703,145.2103773,"Dry","Clear"
"T20190002813","14/2/19",08:28:00,"Collision with vehicle","Thursday","Day",2,2,"Not at intersection",3,50,"YARRA","METROPOLITAN NORTH WEST REGION",-37.78688014,145.0093485,"Dry","Clear"
"T20190002815","14/2/19",09:15:00,"Collision with vehicle","Thursday","Day",2,2,"T intersection",3,60,"BRIMBANK","METROPOLITAN NORTH WEST REGION",-37.78508442,144.8246045,"Dry","Not known"
"T20190002816","14/2/19",07:22:00,"Collision with vehicle","Thursday","Day",2,2,"Not at intersection",3,60,"YARRA RANGES","METROPOLITAN SOUTH EAST REGION",-37.75756419,145.3094521,"Dry","Clear"
"T20190002817","14/2/19",07:55:00,"Collision with vehicle","Thursday","Day",2,1,"Cross intersection",3,50,"MILDURA","WESTERN REGION",-34.31003088,142.1830897,"Dry","Clear"
"T20190002818","14/2/19",09:12:00,"Collision with vehicle","Thursday","Day",4,4,"Not at intersection",3,100,"MORELAND","METROPOLITAN NORTH WEST REGION",-37.69301664,144.9400593,"Dry","Clear"
"T20190002820","14/2/19",10:00:00,"Collision with vehicle","Thursday","Day",3,5,"Not at intersection",3,80,"HUME","METROPOLITAN NORTH WEST REGION",-37.66299832,144.9225497,"Dry","Clear"
"T20190002821","14/2/19",10:30:00,"Collision with a fixed object","Thursday","Day",1,1,"Cross intersection",2,50,"EAST GIPPSLAND","EASTERN REGION",-37.82603167,147.6320106,"Dry","Clear"
"T20190002822","14/2/19",08:38:00,"Collision with vehicle","Thursday","Day",3,7,"Cross intersection",3,50,"BAW BAW","EASTERN REGION",-38.13639188,145.8627459,"Dry","Clear"
"T20190002823","14/2/19",07:47:00,"Collision with vehicle","Thursday","Day",5,5,"Not at intersection",2,100,"WHITEHORSE","METROPOLITAN SOUTH EAST REGION",-37.80257496,145.1650983,"Dry","Clear"
"T20190002824","14/2/19",10:55:00,"Collision with vehicle","Thursday","Day",2,3,"T intersection",3,100,"HORSHAM","WESTERN REGION",-36.50210159,142.3461502,"Dry","Clear"
"T20190002827","14/2/19",10:05:00,"Collision with vehicle","Thursday","Day",2,2,"T intersection",2,100,"MITCHELL","NORTHERN REGION",-37.33875053,144.9605181,"Dry","Clear"
"T20190002828","14/2/19",07:51:00,"Collision with vehicle","Thursday","Day",5,7,"T intersection",3,60,"KNOX","METROPOLITAN SOUTH EAST REGION",-37.86079791,145.2699483,"Dry","Clear"
"T20190002829","14/2/19",13:00:00,"Collision with vehicle","Thursday","Day",2,2,"T intersection",3,60,"MELBOURNE","METROPOLITAN NORTH WEST REGION",-37.80614969,144.9584578,"Icy","Clear"
"T20190002830","14/2/19",10:30:00,"Collision with vehicle","Thursday","Day",3,4,"Not at intersection",3,70,"GEELONG","SOUTH WESTERN REGION",-38.1142419,144.3547939,"Dry","Clear"
"T20190002832","14/2/19",06:55:00,"Collision with vehicle","Thursday","Day",2,2,"Cross intersection",2,60,"DANDENONG","METROPOLITAN SOUTH EAST REGION",-38.03447911,145.234642,"Dry","Clear"
"T20190002833","9/2/19",16:40:00,"Collision with a fixed object","Saturday","Day",1,1,"Not at intersection",3,80,"MORNINGTON PENINSULA","METROPOLITAN SOUTH EAST REGION",-38.35287051,145.08116,"Dry","Clear"
"T20190002835","14/2/19",09:44:00,"Collision with vehicle","Thursday","Day",2,3,"T intersection",3,60,"CASEY","METROPOLITAN SOUTH EAST REGION",-38.10168617,145.3147632,"Dry","Clear"
"T20190002840","14/2/19",08:23:00,"Collision with vehicle","Thursday","Day",2,2,"Not at intersection",3,60,"MOONEE VALLEY","METROPOLITAN NORTH WEST REGION",-37.76019747,144.9210464,"Dry","Clear"
"T20190002842","14/2/19",13:54:00,"Collision with vehicle","Thursday","Day",2,2,"T intersection",2,60,"CASEY","METROPOLITAN SOUTH EAST REGION",-38.10937206,145.2523993,"Dry","Clear"
"T20190002843","14/2/19",15:00:00,"Collision with vehicle","Thursday","Day",2,4,"T intersection",3,50,"BRIMBANK","METROPOLITAN NORTH WEST REGION",-37.74593061,144.7700164,"Dry","Clear"
"T20190002844","14/2/19",13:09:00,"Collision with a fixed object","Thursday","Day",1,1,"Not at intersection",3,50,"HUME","METROPOLITAN NORTH WEST REGION",-37.65573238,144.9486578,"Dry","Clear"
"T20190002845","14/2/19",11:45:00,"Struck Pedestrian","Thursday","Day",1,2,"Not at intersection",3,50,"MOIRA","NORTH EASTERN REGION",-36.01339999,146.0045789,"Dry","Clear"
"T20190002849","14/2/19",16:18:00,"Collision with vehicle","Thursday","Day",3,3,"Not at intersection",3,100,"BRIMBANK","METROPOLITAN NORTH WEST REGION",-37.71299959,144.8788695,"Dry","Clear"
"T20190002856","14/2/19",17:04:00,"Collision with vehicle","Thursday","Day",2,3,"T intersection",3,60,"DANDENONG","METROPOLITAN SOUTH EAST REGION",-38.03499139,145.1867866,"Dry","Clear"
"T20190002857","14/2/19",16:40:00,"Collision with vehicle","Thursday","Day",4,5,"Not at intersection",3,100,"CASEY","METROPOLITAN SOUTH EAST REGION",-37.9971195,145.2718202,"Dry","Clear"
"T20190002862","14/2/19",18:25:00,"Collision with vehicle","Thursday","Day",3,7,"Cross intersection",3,80,"CASEY","METROPOLITAN SOUTH EAST REGION",-38.04261309,145.2523048,"Dry","Clear"
"T20190002868","14/2/19",18:44:00,"Collision with vehicle","Thursday","Day",2,2,"Cross intersection",3,60,"MOONEE VALLEY","METROPOLITAN NORTH WEST REGION",-37.75594002,144.9260982,"Dry","Clear"
"T20190002870","14/2/19",19:06:00,"Collision with vehicle","Thursday","Day",2,3,"Cross intersection",3,60,"MORELAND","METROPOLITAN NORTH WEST REGION",-37.69578141,144.9249889,"Dry","Clear"
"T20190002871","14/2/19",20:57:00,"Struck Pedestrian","Thursday","Dark Street lights on",1,2,"T intersection",2,60,"DANDENONG","METROPOLITAN SOUTH EAST REGION",-37.96064153,145.1377843,"Dry","Clear"
"T20190002872","14/2/19",17:31:00,"Collision with vehicle","Thursday","Day",2,2,"Cross intersection",3,40,"MORELAND","METROPOLITAN NORTH WEST REGION",-37.7041409,144.9117249,"Dry","Clear"
"T20190002873","14/2/19",18:00:00,"Collision with vehicle","Thursday","Day",2,2,"T intersection",1,70,"YARRA RANGES","METROPOLITAN SOUTH EAST REGION",-37.86066338,145.338928,"Dry","Clear"
"T20190002874","14/2/19",19:55:00,"Collision with vehicle","Thursday","Dusk/Dawn",2,5,"Cross intersection",2,100,"BENDIGO","NORTHERN REGION",-36.48718043,144.3804227,"Dry","Clear"
"T20190002876","14/2/19",16:50:00,"Collision with vehicle","Thursday","Day",3,3,"Multiple intersection",1,100,"WARRNAMBOOL","SOUTH WESTERN REGION",-38.38507786,142.5863838,"Dry","Clear"
"T20190002877","14/2/19",21:31:00,"Collision with vehicle","Thursday","Dark Street lights on",3,4,"T intersection",3,60,"WHITTLESEA","METROPOLITAN NORTH WEST REGION",-37.67259948,145.0152908,"Dry","Clear"
"T20190002879","14/2/19",21:39:00,"Collision with vehicle","Thursday","Dark Street lights on",2,2,"Cross intersection",2,60,"BENDIGO","NORTHERN REGION",-36.80547564,144.35054,"Dry","Clear"
"T20190002881","14/2/19",21:30:00,"Collision with a fixed object","Thursday","Dark Street lights on",1,1,"Not at intersection",3,60,"MANNINGHAM","METROPOLITAN SOUTH EAST REGION",-37.75876821,145.0848389,"Dry","Clear"
"T20190002883","14/2/19",22:05:00,"Collision with vehicle","Thursday","Dark Street lights on",2,2,"Not at intersection",2,50,"BENDIGO","NORTHERN REGION",-36.77950867,144.233169,"Dry","Clear"
"T20190002885","14/2/19",19:57:00,"Struck Pedestrian","Thursday","Dusk/Dawn",1,2,"Not at intersection",1,60,"WHITTLESEA","METROPOLITAN NORTH WEST REGION",-37.65733953,145.0200883,"Dry","Clear"
"T20190002887","15/2/19",03:30:00,"Collision with a fixed object","Friday","Dark Street lights on",1,2,"Not at intersection",2,60,"MELBOURNE","METROPOLITAN NORTH WEST REGION",-37.79714569,144.9674307,"Dry","Clear"
"T20190002889","14/2/19",08:13:00,"Struck Pedestrian","Thursday","Day",1,2,"Cross intersection",3,50,"HUME","METROPOLITAN NORTH WEST REGION",-37.58201517,144.7276777,"Dry","Clear"
"T20190002893","15/1/19",11:15:00,"Collision with vehicle","Tuesday","Day",2,2,"Not at intersection",3,50,"MORNINGTON PENINSULA","METROPOLITAN SOUTH EAST REGION",-38.30855002,145.1904961,"Dry","Clear"
"T20190002895","14/2/19",07:55:00,"Struck Pedestrian","Thursday","Day",1,2,"T intersection",3,80,"KNOX","METROPOLITAN SOUTH EAST REGION",-37.87310157,145.2328654,"Dry","Clear"
"T20190002896","15/2/19",08:15:00,"Collision with vehicle","Friday","Day",2,2,"Not at intersection",3,999,"WODONGA","NORTH EASTERN REGION",-36.1282506,146.8908032,"Dry","Clear"
"T20190002897","15/2/19",07:30:00,"Collision with vehicle","Friday","Day",2,2,"Not at intersection",3,60,"MANNINGHAM","METROPOLITAN SOUTH EAST REGION",-37.76433455,145.1999078,"Dry","Clear"
"T20190002900","13/2/19",17:50:00,"Collision with vehicle","Wednesday","Day",3,3,"Not at intersection",3,80,"YARRA RANGES","METROPOLITAN SOUTH EAST REGION",-37.93877363,145.3147892,"Dry","Clear"
"T20190002904","12/2/19",11:55:00,"Collision with vehicle","Tuesday","Day",2,3,"Not at intersection",2,60,"BENDIGO","NORTHERN REGION",-36.78732734,144.5028119,"Dry","Clear"
"T20190002907","15/2/19",04:00:00,"Collision with a fixed object","Friday","Dark No street lights",1,1,"Not at intersection",3,100,"BAW BAW","EASTERN REGION",-37.9561977,146.3845567,"Dry","Clear"
"T20190002908","14/2/19",14:45:00,"Struck Pedestrian","Thursday","Day",1,2,"Not at intersection",3,888,"MURRINDINDI","NORTH EASTERN REGION",-37.19285017,145.7101393,"Dry","Clear"
"T20190002913","15/2/19",08:55:00,"Collision with vehicle","Friday","Day",3,3,"T intersection",2,50,"HUME","METROPOLITAN NORTH WEST REGION",-37.58444796,144.9033111,"Dry","Clear"
"T20190002915","14/2/19",18:35:00,"Collision with vehicle","Thursday","Dusk/Dawn",2,2,"Not at intersection",3,60,"BALLARAT","WESTERN REGION",-37.57049971,143.8898001,"Dry","Clear"
"T20190002919","15/2/19",09:05:00,"Collision with vehicle","Friday","Day",3,3,"T intersection",3,60,"BRIMBANK","METROPOLITAN NORTH WEST REGION",-37.71183525,144.8039238,"Dry","Clear"
"T20190002922","15/2/19",10:31:00,"Collision with vehicle","Friday","Day",3,3,"Not at intersection",2,50,"GEELONG","SOUTH WESTERN REGION",-38.15272947,144.3667182,"Dry","Clear"
"T20190002926","15/2/19",07:40:00,"Collision with vehicle","Friday","Day",3,3,"Not at intersection",3,60,"WHITTLESEA","METROPOLITAN NORTH WEST REGION",-37.63821019,145.0263167,"Dry","Clear"
"T20190002929","12/2/19",16:45:00,"Collision with vehicle","Tuesday","Day",2,2,"Not at intersection",2,80,"HOBSONS BAY","METROPOLITAN NORTH WEST REGION",-37.82441227,144.8667897,"Dry","Clear"
"T20190002932","15/2/19",14:40:00,"Collision with vehicle","Friday","Day",2,2,"Not at intersection",2,100,"WELLINGTON","EASTERN REGION",-38.6324469,146.5545054,"Dry","Clear"
"T20190002933","15/2/19",14:05:00,"Collision with vehicle","Friday","Day",2,2,"Not at intersection",3,80,"STONNINGTON","METROPOLITAN SOUTH EAST REGION",-37.85364314,145.0562361,"Dry","Clear"