"ACCIDENT_NO","ACCIDENTDATE","ACCIDENTTIME","Accident Type Desc","Day Week Description","Light Condition Desc","NO_OF_VEHICLES","NO_PERSONS","Road Geometry Desc","SEVERITY","SPEED_ZONE","LGA_NAME","REGION_NAME","Lat","Long","Surface Cond Desc","Atmosph Cond Desc"
"T20190002934","15/2/19",09:10:00,"Collision with vehicle","Friday","Day",3,3,"Not at intersection",3,60,"WYNDHAM","METROPOLITAN NORTH WEST REGION",-37.84573006,144.6886804,"Dry","Clear"
"T20190002938","15/2/19",16:10:00,"Struck Pedestrian","Friday","Day",1,2,"Cross intersection",2,40,"PORT PHILLIP","METROPOLITAN NORTH WEST REGION",-37.83273402,144.9702162,"Dry","Clear"
"T20190002941","15/2/19",15:20:00,"Collision with vehicle","Friday","Day",2,3,"T intersection",3,40,"BANYULE","METROPOLITAN NORTH WEST REGION",-37.74116441,145.0887063,"Dry","Clear"
"T20190002942","15/2/19",15:30:00,"Collision with vehicle","Friday","Day",2,2,"Not at intersection",3,40,"MELBOURNE","METROPOLITAN NORTH WEST REGION",-37.81035456,144.9830292,"Dry","Clear"
"T20190002943","15/2/19",17:45:00,"Collision with vehicle","Friday","Day",2,3,"Cross intersection",3,60,"MELBOURNE","METROPOLITAN NORTH WEST REGION",-37.79875188,144.9488732,"Dry","Clear"
"T20190002945","15/2/19",18:15:00,"Collision with vehicle","Friday","Day",2,4,"Not at intersection",3,60,"MANNINGHAM","METROPOLITAN SOUTH EAST REGION",-37.77236286,145.2012686,"Dry","Clear"
"T20190002949","14/2/19",04:40:00,"Collision with vehicle","Thursday","Dark Street lights on",2,2,"Not at intersection",2,100,"MELBOURNE","METROPOLITAN NORTH WEST REGION",-37.78066123,144.9392849,"Dry","Clear"
"T20190002950","15/2/19",19:25:00,"Collision with vehicle","Friday","Day",2,3,"Cross intersection",3,80,"CASEY","METROPOLITAN SOUTH EAST REGION",-38.08229191,145.2765902,"Dry","Clear"
"T20190002952","15/2/19",16:00:00,"Collision with vehicle","Friday","Unknown",2,3,"T intersection",3,50,"HUME","METROPOLITAN NORTH WEST REGION",-37.60337046,144.9418792,"Dry","Clear"
"T20190002954","15/2/19",17:09:00,"Collision with vehicle","Friday","Day",2,3,"Not at intersection",3,80,"FRANKSTON","METROPOLITAN SOUTH EAST REGION",-38.11407672,145.1554365,"Dry","Clear"
"T20190002956","15/2/19",21:15:00,"Collision with vehicle","Friday","Dark Street lights on",2,5,"Not at intersection",3,50,"CASEY","METROPOLITAN SOUTH EAST REGION",-38.06842126,145.3099475,"Dry","Clear"
"T20190002958","15/2/19",20:22:00,"Struck Pedestrian","Friday","Day",1,4,"Cross intersection",2,60,"WYNDHAM","METROPOLITAN NORTH WEST REGION",-37.85272441,144.7312715,"Dry","Clear"
"T20190002960","15/2/19",21:00:00,"Collision with a fixed object","Friday","Dark Street lights on",1,1,"Not at intersection",2,60,"CASEY","METROPOLITAN SOUTH EAST REGION",-38.07900089,145.2501454,"Dry","Clear"
"T20190002961","15/2/19",22:35:00,"Collision with vehicle","Friday","Dark Street lights on",2,5,"Cross intersection",2,60,"WHITTLESEA","METROPOLITAN NORTH WEST REGION",-37.69597577,145.0223208,"Dry","Clear"
"T20190002962","15/2/19",22:05:00,"Collision with vehicle","Friday","Dark Street lights on",2,3,"Not at intersection",3,60,"WHITTLESEA","METROPOLITAN NORTH WEST REGION",-37.68416954,145.0131756,"Dry","Clear"
"T20190002963","15/2/19",21:35:00,"Collision with vehicle","Friday","Dark Street lights on",2,2,"Cross intersection",3,60,"DAREBIN","METROPOLITAN NORTH WEST REGION",-37.72607208,145.0061138,"Dry","Clear"
"T20190002964","15/2/19",02:53:00,"Collision with vehicle","Friday","Dark Street lights on",2,2,"Not at intersection",2,40,"MONASH","METROPOLITAN SOUTH EAST REGION",-37.93234482,145.1884484,"Dry","Clear"
"T20190002965","15/2/19",21:40:00,"Collision with vehicle","Friday","Dark Street lights on",2,2,"Cross intersection",3,40,"GEELONG","SOUTH WESTERN REGION",-38.14078283,144.3482861,"Dry","Clear"
"T20190002966","15/2/19",23:20:00,"Collision with vehicle","Friday","Dark Street lights on",2,6,"Cross intersection",3,80,"MAROONDAH","METROPOLITAN SOUTH EAST REGION",-37.82600064,145.2875861,"Dry","Clear"
"T20190002968","6/2/19",02:30:00,"No collision and no object struck","Wednesday","Unknown",1,1,"T intersection",3,60,"NILLUMBIK","METROPOLITAN NORTH WEST REGION",-37.60448788,145.2668175,"Unknown","Not known"
"T20190002971","15/2/19",23:31:00,"Collision with vehicle","Friday","Dark Street lights on",4,1,"Not at intersection",2,50,"DANDENONG","METROPOLITAN SOUTH EAST REGION",-37.97163263,145.1734838,"Dry","Clear"
"T20190002974","16/2/19",03:00:00,"collision with some other object","Saturday","Dark Street lights on",1,1,"Not at intersection",2,60,"FRANKSTON","METROPOLITAN SOUTH EAST REGION",-38.07791005,145.2393396,"Dry","Clear"
"T20190002977","16/2/19",02:08:00,"Struck Pedestrian","Saturday","Dark No street lights",1,3,"T intersection",1,80,"LATROBE","EASTERN REGION",-38.20948455,146.4927557,"Dry","Not known"
"T20190002978","15/2/19",22:11:00,"Collision with vehicle","Friday","Dark No street lights",2,2,"Not at intersection",2,110,"LATROBE","EASTERN REGION",-38.22871134,146.3619082,"Dry","Clear"
"T20190002982","16/2/19",07:27:00,"Collision with vehicle","Saturday","Day",2,2,"Cross intersection",2,60,"WHITEHORSE","METROPOLITAN SOUTH EAST REGION",-37.82837524,145.1185272,"Dry","Clear"
"T20190002983","16/2/19",07:28:00,"Struck Pedestrian","Saturday","Day",1,2,"Not at intersection",2,50,"CENTRAL GOLDFIELDS","WESTERN REGION",-37.03998178,143.7332273,"Dry","Clear"
"T20190002985","16/2/19",09:00:00,"Collision with vehicle","Saturday","Day",2,2,"Not at intersection",3,999,"PORT PHILLIP","METROPOLITAN NORTH WEST REGION",-37.87527593,144.9951038,"Dry","Clear"
"T20190002986","16/2/19",07:55:00,"Collision with vehicle","Saturday","Day",5,1,"Not at intersection",3,50,"MILDURA","WESTERN REGION",-34.31062996,142.1843436,"Dry","Clear"
"T20190002987","16/2/19",10:40:00,"Collision with vehicle","Saturday","Day",2,2,"T intersection",3,50,"BANYULE","METROPOLITAN NORTH WEST REGION",-37.69714005,145.1168163,"Dry","Clear"
"T20190002992","16/2/19",10:10:00,"Collision with vehicle","Saturday","Day",2,2,"Not at intersection",2,100,"BASS COAST","EASTERN REGION",-38.55090183,145.6838,"Dry","Clear"
"T20190002993","16/2/19",11:08:00,"Vehicle overturned (no collision)","Saturday","Day",1,1,"Not at intersection",3,60,"MELTON","METROPOLITAN NORTH WEST REGION",-37.7473669,144.7011203,"Dry","Clear"
"T20190002994","16/2/19",12:25:00,"Collision with vehicle","Saturday","Day",2,8,"Cross intersection",3,60,"WODONGA","NORTH EASTERN REGION",-36.11951557,146.8962802,"Dry","Clear"
"T20190002996","16/2/19",08:45:00,"Collision with vehicle","Saturday","Day",2,2,"Cross intersection",3,60,"MILDURA","WESTERN REGION",-34.17827595,142.1509824,"Dry","Clear"
"T20190002998","16/2/19",11:50:00,"Collision with vehicle","Saturday","Day",2,3,"T intersection",3,60,"MAROONDAH","METROPOLITAN SOUTH EAST REGION",-37.79522202,145.2907251,"Dry","Clear"
"T20190003002","16/2/19",14:15:00,"Collision with vehicle","Saturday","Day",2,3,"Cross intersection",3,40,"CAMPASPE","NORTHERN REGION",-36.13358214,144.7603486,"Dry","Clear"
"T20190003007","16/2/19",16:11:00,"Collision with vehicle","Saturday","Day",2,2,"T intersection",2,50,"HUME","METROPOLITAN NORTH WEST REGION",-37.61959038,144.9186786,"Dry","Clear"
"T20190003008","16/2/19",14:30:00,"collision with some other object","Saturday","Day",1,1,"Not at intersection",3,100,"MURRINDINDI","NORTH EASTERN REGION",-37.29664129,145.3768661,"Dry","Clear"
"T20190003010","16/2/19",15:05:00,"Collision with vehicle","Saturday","Day",2,2,"T intersection",3,60,"BANYULE","METROPOLITAN NORTH WEST REGION",-37.74322434,145.0585852,"Dry","Clear"
"T20190003011","16/2/19",00:14:00,"Collision with vehicle","Saturday","Dark Street lights on",3,4,"T intersection",3,80,"DANDENONG","METROPOLITAN SOUTH EAST REGION",-38.03551407,145.2459427,"Dry","Clear"
"T20190003012","16/2/19",16:00:00,"Collision with a fixed object","Saturday","Day",1,1,"Not at intersection",2,80,"CENTRAL GOLDFIELDS","WESTERN REGION",-37.09267783,143.8704312,"Dry","Clear"
"T20190003014","16/2/19",15:00:00,"Collision with vehicle","Saturday","Day",2,2,"T intersection",2,60,"BRIMBANK","METROPOLITAN NORTH WEST REGION",-37.69932784,144.7656635,"Dry","Clear"
"T20190003016","16/2/19",17:00:00,"Vehicle overturned (no collision)","Saturday","Day",1,1,"Not at intersection",2,80,"BAW BAW","EASTERN REGION",-37.95346216,146.4395929,"Dry","Clear"
"T20190003018","16/2/19",16:40:00,"Struck Pedestrian","Saturday","Day",1,3,"T intersection",3,40,"MELBOURNE","METROPOLITAN NORTH WEST REGION",-37.8304393,144.9652563,"Dry","Clear"
"T20190003021","15/2/19",21:40:00,"Collision with vehicle","Friday","Dark Street lights on",2,2,"Not at intersection",3,50,"MILDURA","WESTERN REGION",-35.06798931,142.3128786,"Dry","Clear"
"T20190003022","16/2/19",19:55:00,"Struck Pedestrian","Saturday","Dusk/Dawn",1,3,"Not at intersection",3,40,"MELBOURNE","METROPOLITAN NORTH WEST REGION",-37.81757016,144.9534595,"Dry","Clear"
"T20190003023","15/2/19",23:29:00,"Collision with vehicle","Friday","Dark Street lights on",2,2,"Cross intersection",3,60,"MANNINGHAM","METROPOLITAN SOUTH EAST REGION",-37.75040719,145.1688836,"Dry","Clear"
"T20190003025","16/2/19",05:35:00,"Collision with vehicle","Saturday","Dark Street lights on",2,3,"Cross intersection",3,80,"MAROONDAH","METROPOLITAN SOUTH EAST REGION",-37.79782868,145.2539406,"Dry","Clear"
"T20190003028","16/2/19",23:00:00,"Vehicle overturned (no collision)","Saturday","Dark No street lights",1,2,"Not at intersection",3,50,"MITCHELL","NORTHERN REGION",-37.41234007,145.0359799,"Dry","Clear"
"T20190003030","16/2/19",23:30:00,"Collision with a fixed object","Saturday","Dark Street lights on",1,3,"T intersection",2,60,"WODONGA","NORTH EASTERN REGION",-36.14678864,146.8751169,"Dry","Clear"
"T20190003032","16/2/19",23:10:00,"Collision with vehicle","Saturday","Dark Street lights on",2,3,"Cross intersection",2,50,"MELBOURNE","METROPOLITAN NORTH WEST REGION",-37.80697362,144.9658525,"Dry","Clear"
"T20190003040","16/2/19",23:50:00,"Collision with a fixed object","Saturday","Dark No street lights",1,1,"Not at intersection",3,60,"YARRA RANGES","METROPOLITAN SOUTH EAST REGION",-37.86171963,145.3675176,"Dry","Clear"
"T20190003042","17/2/19",03:30:00,"Collision with a fixed object","Sunday","Dark Street lights on",1,1,"Not at intersection",3,100,"MONASH","METROPOLITAN SOUTH EAST REGION",-37.89357002,145.1362634,"Dry","Clear"
"T20190003047","17/2/19",05:31:00,"Collision with vehicle","Sunday","Dark Street lights on",2,2,"Not at intersection",3,50,"HUME","METROPOLITAN NORTH WEST REGION",-37.63643673,144.9340343,"Dry","Not known"
"T20190003048","17/2/19",05:44:00,"Collision with vehicle","Sunday","Dark Street lights on",2,4,"T intersection",3,60,"MORELAND","METROPOLITAN NORTH WEST REGION",-37.7213105,144.9212221,"Dry","Clear"
"T20190003051","16/2/19",16:30:00,"Collision with vehicle","Saturday","Day",2,2,"Not at intersection",2,100,"CARDINIA","METROPOLITAN SOUTH EAST REGION",-37.94683948,145.6528604,"Dry","Clear"
"T20190003052","16/2/19",12:26:00,"Collision with vehicle","Saturday","Day",2,3,"Cross intersection",3,50,"BENDIGO","NORTHERN REGION",-36.76337163,144.2828909,"Dry","Clear"
"T20190003055","6/2/19",18:37:00,"Collision with vehicle","Wednesday","Day",3,4,"Not at intersection",3,60,"BOROONDARA","METROPOLITAN SOUTH EAST REGION",-37.82402993,145.0472,"Dry","Clear"
"T20190003056","7/2/19",15:00:00,"Fall from or in moving vehicle","Thursday","Day",2,2,"Not at intersection",3,60,"MOONEE VALLEY","METROPOLITAN NORTH WEST REGION",-37.78524803,144.938534,"Unknown","Not known"
"T20190003057","17/2/19",12:05:00,"Collision with vehicle","Sunday","Day",2,3,"T intersection",3,80,"CASEY","METROPOLITAN SOUTH EAST REGION",-38.0824905,145.2790314,"Dry","Clear"
"T20190003059","17/2/19",12:05:00,"Collision with vehicle","Sunday","Day",2,2,"Not at intersection",3,80,"CASEY","METROPOLITAN SOUTH EAST REGION",-37.97800091,145.2825072,"Dry","Clear"
"T20190003062","17/2/19",12:15:00,"Collision with a fixed object","Sunday","Day",1,1,"Not at intersection",2,40,"HEPBURN","WESTERN REGION",-37.29865877,144.1252032,"Dry","Clear"
"T20190003065","16/2/19",20:07:00,"Collision with vehicle","Saturday","Dusk/Dawn",2,2,"Cross intersection",3,60,"BALLARAT","WESTERN REGION",-37.56092213,143.8474373,"Dry","Clear"
"T20190003067","16/2/19",12:30:00,"Vehicle overturned (no collision)","Saturday","Unknown",1,1,"Not at intersection",3,999,"NILLUMBIK","METROPOLITAN NORTH WEST REGION",-37.56222084,145.3153535,"Unknown","Not known"
"T20190003070","17/2/19",14:30:00,"Fall from or in moving vehicle","Sunday","Day",1,2,"Not at intersection",2,80,"YARRA RANGES","METROPOLITAN SOUTH EAST REGION",-37.83775492,145.6774289,"Dry","Clear"
"T20190003071","12/2/19",07:55:00,"Collision with vehicle","Tuesday","Day",4,4,"T intersection",3,80,"CASEY","METROPOLITAN SOUTH EAST REGION",-38.10189587,145.2920531,"Dry","Clear"
"T20190003074","17/2/19",12:00:00,"Collision with vehicle","Sunday","Day",2,6,"Not at intersection",1,80,"KNOX","METROPOLITAN SOUTH EAST REGION",-37.912949,145.2358931,"Dry","Clear"
"T20190003075","17/2/19",08:55:00,"Collision with vehicle","Sunday","Day",2,2,"T intersection",3,60,"MONASH","METROPOLITAN SOUTH EAST REGION",-37.85604805,145.0946217,"Dry","Not known"
"T20190003076","17/2/19",17:25:00,"Struck Pedestrian","Sunday","Day",1,2,"Cross intersection",3,60,"SHEPPARTON","NORTH EASTERN REGION",-36.36667145,145.4022437,"Dry","Clear"
"T20190003077","17/2/19",16:00:00,"Struck animal","Sunday","Day",1,2,"Not at intersection",2,100,"GLENELG","SOUTH WESTERN REGION",-37.72081268,141.15754,"Dry","Clear"
"T20190003078","17/2/19",13:22:00,"Collision with a fixed object","Sunday","Day",1,1,"Not at intersection",2,60,"CASEY","METROPOLITAN SOUTH EAST REGION",-37.98321845,145.3400607,"Dry","Clear"
"T20190003082","17/2/19",15:45:00,"Collision with vehicle","Sunday","Day",2,4,"Not at intersection",2,60,"MAROONDAH","METROPOLITAN SOUTH EAST REGION",-37.82976999,145.2271838,"Dry","Clear"
"T20190003083","17/2/19",18:25:00,"Collision with vehicle","Sunday","Day",2,5,"T intersection",3,80,"MONASH","METROPOLITAN SOUTH EAST REGION",-37.91924346,145.1648787,"Dry","Clear"
"T20190003084","17/2/19",19:45:00,"Collision with a fixed object","Sunday","Dusk/Dawn",1,1,"Not at intersection",2,100,"SHEPPARTON","NORTH EASTERN REGION",-36.42046,145.1862198,"Dry","Dust"
"T20190003085","17/2/19",20:05:00,"Collision with vehicle","Sunday","Dark Street lights on",2,2,"Cross intersection",3,60,"WHITTLESEA","METROPOLITAN NORTH WEST REGION",-37.68628216,145.0023367,"Dry","Clear"
"T20190003090","17/2/19",18:08:00,"Collision with a fixed object","Sunday","Day",4,4,"Not at intersection",2,50,"HOBSONS BAY","METROPOLITAN NORTH WEST REGION",-37.87676262,144.7741267,"Dry","Clear"
"T20190003091","17/2/19",20:16:00,"Collision with a fixed object","Sunday","Dark No street lights",1,1,"Not at intersection",1,100,"GOLDEN PLAINS","SOUTH WESTERN REGION",-37.84272015,143.6812847,"Dry","Clear"
"T20190003093","18/2/19",02:30:00,"Collision with vehicle","Monday","Dark Street lights on",2,2,"Not at intersection",2,40,"MORELAND","METROPOLITAN NORTH WEST REGION",-37.69661403,144.8999151,"Dry","Clear"
"T20190003095","16/2/19",00:22:00,"Collision with a fixed object","Saturday","Dark Street lights on",1,2,"Not at intersection",2,50,"WYNDHAM","METROPOLITAN NORTH WEST REGION",-37.8858904,144.6194313,"Dry","Clear"
"T20190003096","18/2/19",05:30:00,"Collision with a fixed object","Monday","Dark Street lights on",1,1,"T intersection",2,60,"SOUTHERN GRAMPIANS","SOUTH WESTERN REGION",-37.7321211,142.0265968,"Dry","Clear"
"T20190003097","17/2/19",19:50:00,"Collision with a fixed object","Sunday","Day",1,1,"Not at intersection",3,40,"MORNINGTON PENINSULA","METROPOLITAN SOUTH EAST REGION",-38.22461089,145.0546812,"Dry","Clear"
"T20190003100","18/2/19",06:33:00,"Collision with vehicle","Monday","Dark Street lights on",3,5,"Cross intersection",3,80,"DANDENONG","METROPOLITAN SOUTH EAST REGION",-38.00294755,145.2079731,"Dry","Clear"
"T20190003101","17/2/19",03:48:00,"Collision with vehicle","Sunday","Dark Street lights on",2,3,"T intersection",2,50,"WYNDHAM","METROPOLITAN NORTH WEST REGION",-37.8778245,144.7001794,"Dry","Clear"
"T20190003102","18/2/19",08:25:00,"Collision with vehicle","Monday","Day",2,2,"Not at intersection",3,40,"BAYSIDE","METROPOLITAN SOUTH EAST REGION",-37.90596509,145.005911,"Dry","Clear"
"T20190003106","15/2/19",17:00:00,"No collision and no object struck","Friday","Day",2,2,"Not at intersection",3,50,"CARDINIA","METROPOLITAN SOUTH EAST REGION",-38.08074005,145.4668654,"Dry","Clear"
"T20190003108","2/2/19",14:00:00,"Collision with vehicle","Saturday","Day",2,2,"Cross intersection",3,80,"NILLUMBIK","METROPOLITAN NORTH WEST REGION",-37.68919673,145.1128887,"Dry","Not known"
"T20190003109","18/2/19",01:00:00,"Struck animal","Monday","Dark No street lights",1,1,"Not at intersection",2,100,"WELLINGTON","EASTERN REGION",-37.61944933,146.6286773,"Dry","Clear"
"T20190003111","18/2/19",12:20:00,"Collision with vehicle","Monday","Day",3,6,"Cross intersection",2,60,"WHITEHORSE","METROPOLITAN SOUTH EAST REGION",-37.85038679,145.0956114,"Dry","Clear"
"T20190003112","12/2/19",16:16:00,"Collision with vehicle","Tuesday","Day",2,2,"T intersection",2,70,"GLEN EIRA","METROPOLITAN SOUTH EAST REGION",-37.90310272,145.0337842,"Dry","Clear"
"T20190003114","17/2/19",21:30:00,"Collision with vehicle","Sunday","Dark Street lights on",2,1,"Not at intersection",3,50,"WHITTLESEA","METROPOLITAN NORTH WEST REGION",-37.61436033,145.0236188,"Dry","Clear"
"T20190003115","18/2/19",08:30:00,"Collision with vehicle","Monday","Day",2,2,"Cross intersection",2,999,"MORNINGTON PENINSULA","METROPOLITAN SOUTH EAST REGION",-38.19511054,145.0913061,"Dry","Clear"
"T20190003122","18/2/19",15:10:00,"Struck Pedestrian","Monday","Day",1,2,"Not at intersection",2,40,"MORELAND","METROPOLITAN NORTH WEST REGION",-37.71635212,144.9350896,"Dry","Clear"
"T20190003127","18/2/19",16:00:00,"Collision with vehicle","Monday","Day",3,4,"Not at intersection",2,60,"MELBOURNE","METROPOLITAN NORTH WEST REGION",-37.84622756,144.9794417,"Dry","Clear"
"T20190003128","18/2/19",16:20:00,"Collision with vehicle","Monday","Day",2,2,"Cross intersection",2,999,"MELBOURNE","METROPOLITAN NORTH WEST REGION",-37.80052789,144.9459007,"Dry","Clear"
"T20190003129","18/2/19",13:30:00,"Collision with a fixed object","Monday","Day",1,1,"Not at intersection",2,50,"QUEENSCLIFFE","SOUTH WESTERN REGION",-38.26218929,144.6250303,"Dry","Clear"
"T20190003130","18/2/19",17:12:00,"Collision with vehicle","Monday","Day",2,3,"Cross intersection",2,80,"KNOX","METROPOLITAN SOUTH EAST REGION",-37.90226463,145.2350909,"Dry","Clear"
"T20190003131","18/2/19",15:00:00,"Collision with vehicle","Monday","Day",2,2,"Cross intersection",3,60,"MELBOURNE","METROPOLITAN NORTH WEST REGION",-37.81282302,144.9429554,"Dry","Clear"
"T20190003133","18/2/19",17:50:00,"Collision with vehicle","Monday","Day",2,3,"T intersection",2,50,"DANDENONG","METROPOLITAN SOUTH EAST REGION",-37.9959286,145.224647,"Dry","Not known"
"T20190003137","18/2/19",15:50:00,"Collision with vehicle","Monday","Day",2,3,"Not at intersection",3,60,"BALLARAT","WESTERN REGION",-37.56022977,143.850568,"Dry","Clear"
"T20190003138","18/2/19",16:23:00,"Struck Pedestrian","Monday","Day",1,2,"T intersection",3,40,"CARDINIA","METROPOLITAN SOUTH EAST REGION",-38.14579288,145.4219292,"Dry","Clear"
"T20190003139","18/2/19",16:00:00,"Struck Pedestrian","Monday","Day",1,2,"T intersection",2,80,"CARDINIA","METROPOLITAN SOUTH EAST REGION",-38.07179955,145.4850763,"Dry","Clear"
"T20190003140","9/2/19",10:00:00,"No collision and no object struck","Saturday","Day",1,1,"Not at intersection",3,999,"BAW BAW","EASTERN REGION",-37.99872141,146.042268,"Wet","Raining"
"T20190003140","9/2/19",10:00:00,"No collision and no object struck","Saturday","Day",1,1,"Not at intersection",3,999,"BAW BAW","EASTERN REGION",-37.99872141,146.042268,"Muddy","Raining"
"T20190003141","18/2/19",15:15:00,"Collision with vehicle","Monday","Day",2,2,"Not at intersection",3,50,"MELBOURNE","METROPOLITAN NORTH WEST REGION",-37.79725094,144.9683898,"Dry","Clear"
"T20190003142","14/2/19",14:20:00,"Collision with vehicle","Thursday","Day",2,1,"Not at intersection",3,60,"MORNINGTON PENINSULA","METROPOLITAN SOUTH EAST REGION",-38.3517392,145.1936028,"Dry","Clear"
"T20190003144","18/2/19",19:50:00,"Collision with vehicle","Monday","Day",2,3,"T intersection",3,60,"KNOX","METROPOLITAN SOUTH EAST REGION",-37.8379951,145.2801869,"Dry","Clear"
"T20190003146","18/2/19",14:55:00,"Collision with vehicle","Monday","Day",2,3,"T intersection",2,60,"MOONEE VALLEY","METROPOLITAN NORTH WEST REGION",-37.76261185,144.9256897,"Dry","Clear"
"T20190003148","15/2/19",13:35:00,"Collision with vehicle","Friday","Day",3,3,"Not at intersection",3,100,"MOYNE","SOUTH WESTERN REGION",-38.10293134,142.7750939,"Dry","Clear"
"T20190003149","18/2/19",20:20:00,"Collision with vehicle","Monday","Dark Street lights on",2,3,"Not at intersection",3,100,"CARDINIA","METROPOLITAN SOUTH EAST REGION",-38.07820636,145.4275815,"Dry","Clear"
"T20190003150","18/2/19",19:05:00,"Collision with vehicle","Monday","Day",2,2,"Cross intersection",2,60,"WARRNAMBOOL","SOUTH WESTERN REGION",-38.37190534,142.4742125,"Dry","Clear"
"T20190003154","18/2/19",21:40:00,"Struck Pedestrian","Monday","Dark Street lights on",1,2,"T intersection",2,70,"BANYULE","METROPOLITAN NORTH WEST REGION",-37.6884215,145.0665558,"Dry","Not known"
"T20190003157","18/2/19",23:33:00,"Collision with a fixed object","Monday","Dark No street lights",1,1,"Not at intersection",2,110,"STRATHBOGIE","NORTH EASTERN REGION",-36.73125977,145.6068198,"Dry","Clear"
"T20190003160","18/2/19",16:10:00,"Collision with a fixed object","Monday","Day",2,2,"Not at intersection",3,70,"GEELONG","SOUTH WESTERN REGION",-38.16860833,144.3843749,"Dry","Clear"
"T20190003161","19/2/19",06:20:00,"Struck Pedestrian","Tuesday","Dusk/Dawn",1,2,"T intersection",2,60,"MAROONDAH","METROPOLITAN SOUTH EAST REGION",-37.8055711,145.2273116,"Dry","Clear"
"T20190003163","17/2/19",17:10:00,"Collision with vehicle","Sunday","Day",2,3,"T intersection",3,60,"BENDIGO","NORTHERN REGION",-36.78398612,144.2804069,"Dry","Clear"
"T20190003165","16/2/19",12:00:00,"Collision with a fixed object","Saturday","Day",1,1,"T intersection",2,40,"MORELAND","METROPOLITAN NORTH WEST REGION",-37.76271371,144.9791947,"Dry","Clear"
"T20190003166","18/2/19",22:15:00,"Collision with vehicle","Monday","Dark No street lights",2,2,"Cross intersection",3,100,"SHEPPARTON","NORTH EASTERN REGION",-36.42552142,145.3388365,"Dry","Clear"
"T20190003167","19/2/19",00:00:00,"Collision with vehicle","Tuesday","Dark Street lights on",2,2,"Not at intersection",3,50,"WHITTLESEA","METROPOLITAN NORTH WEST REGION",-37.61193256,145.0408456,"Dry","Not known"
"T20190003169","17/2/19",11:50:00,"Collision with a fixed object","Sunday","Day",1,3,"Not at intersection",2,60,"MONASH","METROPOLITAN SOUTH EAST REGION",-37.90605972,145.0857277,"Dry","Clear"
"T20190003171","18/2/19",07:19:00,"Collision with vehicle","Monday","Day",2,2,"T intersection",3,80,"KNOX","METROPOLITAN SOUTH EAST REGION",-37.92502584,145.2854358,"Dry","Clear"
"T20190003173","19/2/19",06:30:00,"Struck animal","Tuesday","Dusk/Dawn",1,1,"Not at intersection",3,100,"BAW BAW","METROPOLITAN SOUTH EAST REGION",-38.17755268,145.7157619,"Wet","Raining"
"T20190003174","18/2/19",20:08:00,"Collision with a fixed object","Monday","Dusk/Dawn",1,1,"Not at intersection",3,100,"GLENELG","SOUTH WESTERN REGION",-38.14007526,141.7703756,"Dry","Clear"
"T20190003175","19/2/19",08:50:00,"Collision with vehicle","Tuesday","Day",2,5,"T intersection",3,50,"CASEY","METROPOLITAN SOUTH EAST REGION",-38.06646586,145.2829349,"Dry","Clear"
"T20190003176","19/2/19",06:40:00,"Collision with vehicle","Tuesday","Dusk/Dawn",3,3,"T intersection",2,80,"DANDENONG","METROPOLITAN SOUTH EAST REGION",-37.95106195,145.1382346,"Dry","Clear"
"T20190003178","29/1/19",19:30:00,"Collision with vehicle","Tuesday","Unknown",2,2,"Not at intersection",3,60,"MELBOURNE","METROPOLITAN NORTH WEST REGION",-37.7877626,144.9251229,"Dry","Not known"
"T20190003181","19/2/19",11:20:00,"Collision with vehicle","Tuesday","Day",2,3,"Cross intersection",3,50,"DAREBIN","METROPOLITAN NORTH WEST REGION",-37.75936002,145.0214243,"Dry","Clear"
"T20190003183","18/2/19",12:30:00,"Vehicle overturned (no collision)","Monday","Day",1,1,"Not at intersection",3,80,"YARRA RANGES","METROPOLITAN SOUTH EAST REGION",-37.82860998,145.6640796,"Wet","Raining"
"T20190003184","19/2/19",10:12:00,"Collision with a fixed object","Tuesday","Day",1,4,"Not at intersection",2,100,"EAST GIPPSLAND","EASTERN REGION",-37.9256066,147.6346807,"Dry","Clear"
"T20190003185","17/2/19",13:10:00,"Collision with vehicle","Sunday","Day",2,2,"T intersection",3,60,"BAYSIDE","METROPOLITAN SOUTH EAST REGION",-37.94600174,145.0009467,"Dry","Clear"
"T20190003186","19/2/19",07:30:00,"Collision with vehicle","Tuesday","Day",2,2,"T intersection",3,50,"MORELAND","METROPOLITAN NORTH WEST REGION",-37.75977629,144.9542182,"Dry","Clear"
"T20190003187","5/2/19",16:00:00,"Collision with vehicle","Tuesday","Day",2,3,"T intersection",3,60,"HOBSONS BAY","METROPOLITAN NORTH WEST REGION",-37.84406478,144.8460719,"Dry","Clear"
"T20190003189","19/2/19",10:38:00,"Collision with vehicle","Tuesday","Day",3,4,"Not at intersection",2,70,"NILLUMBIK","METROPOLITAN NORTH WEST REGION",-37.62086967,145.1355777,"Dry","Clear"
"T20190003193","15/2/19",12:45:00,"Struck Pedestrian","Friday","Day",1,2,"Not at intersection",3,40,"MORNINGTON PENINSULA","METROPOLITAN SOUTH EAST REGION",-38.26720993,145.0132799,"Dry","Clear"