"ACCIDENT_NO","ACCIDENTDATE","ACCIDENTTIME","Accident Type Desc","Day Week Description","Light Condition Desc","NO_OF_VEHICLES","NO_PERSONS","Road Geometry Desc","SEVERITY","SPEED_ZONE","LGA_NAME","REGION_NAME","Lat","Long","Surface Cond Desc","Atmosph Cond Desc"
"T20190003201","19/2/19",13:17:00,"Collision with vehicle","Tuesday","Day",2,2,"Cross intersection",3,60,"BENDIGO","NORTHERN REGION",-36.75548978,144.284313,"Dry","Clear"
"T20190003204","17/2/19",06:50:00,"Collision with vehicle","Sunday","Dusk/Dawn",2,2,"Cross intersection",2,80,"KNOX","METROPOLITAN SOUTH EAST REGION",-37.85721745,145.2415636,"Dry","Clear"
"T20190003206","19/2/19",08:05:00,"Collision with a fixed object","Tuesday","Day",1,3,"Not at intersection",3,80,"BAW BAW","EASTERN REGION",-37.88701138,146.0437117,"Wet","Clear"
"T20190003208","19/2/19",15:30:00,"Collision with vehicle","Tuesday","Day",3,7,"Not at intersection",2,80,"FRANKSTON","METROPOLITAN SOUTH EAST REGION",-38.10608927,145.2263701,"Dry","Clear"
"T20190003209","2/2/19",10:45:00,"Collision with vehicle","Saturday","Day",2,2,"T intersection",3,60,"WYNDHAM","METROPOLITAN NORTH WEST REGION",-37.8762066,144.7152275,"Dry","Clear"
"T20190003210","19/2/19",13:55:00,"Collision with vehicle","Tuesday","Day",3,4,"Not at intersection",3,70,"BAYSIDE","METROPOLITAN SOUTH EAST REGION",-37.93208609,145.0263708,"Dry","Clear"
"T20190003213","19/2/19",13:45:00,"Collision with vehicle","Tuesday","Day",2,2,"Not at intersection",3,60,"DAREBIN","METROPOLITAN NORTH WEST REGION",-37.72740433,145.0200045,"Dry","Clear"
"T20190003214","19/2/19",17:22:00,"Collision with vehicle","Tuesday","Day",2,1,"Not at intersection",3,50,"MORELAND","METROPOLITAN NORTH WEST REGION",-37.77545054,144.949823,"Dry","Clear"
"T20190003216","19/2/19",14:07:00,"Collision with vehicle","Tuesday","Day",3,3,"Not at intersection",2,60,"PORT PHILLIP","METROPOLITAN NORTH WEST REGION",-37.82872815,144.9629419,"Dry","Clear"
"T20190003219","17/2/19",15:30:00,"Collision with a fixed object","Sunday","Day",1,1,"Not at intersection",3,50,"MONASH","METROPOLITAN SOUTH EAST REGION",-37.89502238,145.0929896,"Dry","Not known"
"T20190003220","19/2/19",18:46:00,"Collision with vehicle","Tuesday","Day",2,1,"T intersection",3,50,"MOONEE VALLEY","METROPOLITAN NORTH WEST REGION",-37.76221082,144.8552969,"Dry","Clear"
"T20190003221","19/2/19",18:50:00,"Collision with vehicle","Tuesday","Day",2,2,"Not at intersection",3,60,"FRANKSTON","METROPOLITAN SOUTH EAST REGION",-38.1004658,145.1806078,"Dry","Clear"
"T20190003222","19/2/19",17:45:00,"Collision with vehicle","Tuesday","Day",2,2,"Not at intersection",3,888,"FRANKSTON","METROPOLITAN SOUTH EAST REGION",-38.13101979,145.1251328,"Dry","Clear"
"T20190003224","19/2/19",08:53:00,"No collision and no object struck","Tuesday","Day",2,2,"Not at intersection",2,40,"GEELONG","SOUTH WESTERN REGION",-38.14280478,144.3575278,"Dry","Clear"
"T20190003225","19/2/19",16:05:00,"Collision with vehicle","Tuesday","Day",2,2,"Not at intersection",3,999,"BANYULE","METROPOLITAN NORTH WEST REGION",-37.72961291,145.0501395,"Unknown","Clear"
"T20190003227","19/2/19",17:50:00,"Collision with vehicle","Tuesday","Day",5,5,"Not at intersection",3,100,"CASEY","METROPOLITAN SOUTH EAST REGION",-38.0936599,145.2365493,"Dry","Clear"
"T20190003229","19/2/19",21:00:00,"Struck Pedestrian","Tuesday","Dark Street lights on",1,7,"T intersection",3,50,"HUME","METROPOLITAN NORTH WEST REGION",-37.68692249,144.9332198,"Dry","Clear"
"T20190003230","19/2/19",17:00:00,"Collision with vehicle","Tuesday","Day",3,3,"Cross intersection",3,70,"MARIBYRNONG","METROPOLITAN NORTH WEST REGION",-37.7796962,144.8520019,"Dry","Clear"
"T20190003231","19/2/19",20:45:00,"Collision with a fixed object","Tuesday","Dark No street lights",1,1,"Not at intersection",3,60,"BENDIGO","NORTHERN REGION",-36.78944081,144.261755,"Dry","Clear"
"T20190003235","19/2/19",15:15:00,"Collision with vehicle","Tuesday","Day",2,2,"T intersection",3,80,"MARIBYRNONG","METROPOLITAN NORTH WEST REGION",-37.78015459,144.8573065,"Dry","Clear"
"T20190003237","19/2/19",22:20:00,"Collision with vehicle","Tuesday","Dark No street lights",2,4,"Not at intersection",2,100,"WODONGA","NORTH EASTERN REGION",-36.23683013,146.8355201,"Dry","Clear"
"T20190003238","19/2/19",23:02:00,"Collision with a fixed object","Tuesday","Dark Street lights on",1,1,"Not at intersection",2,60,"FRANKSTON","METROPOLITAN SOUTH EAST REGION",-38.16449456,145.1842791,"Dry","Clear"
"T20190003239","20/2/19",00:25:00,"Collision with vehicle","Wednesday","Dark No street lights",2,2,"Not at intersection",3,60,"SOUTH GIPPSLAND","EASTERN REGION",-38.4462227,145.8491439,"Dry","Clear"
"T20190003240","19/2/19",22:51:00,"Collision with vehicle","Tuesday","Dark Street lights on",2,3,"Cross intersection",3,50,"CASEY","METROPOLITAN SOUTH EAST REGION",-38.03112181,145.3498086,"Dry","Clear"
"T20190003241","20/2/19",01:10:00,"Collision with a fixed object","Wednesday","Dark Street lights on",1,4,"Not at intersection",3,60,"DANDENONG","METROPOLITAN SOUTH EAST REGION",-37.96230082,145.1514198,"Dry","Clear"
"T20190003243","20/2/19",03:45:00,"Collision with a fixed object","Wednesday","Dark Street lights on",1,2,"T intersection",2,80,"WHITEHORSE","METROPOLITAN SOUTH EAST REGION",-37.81662094,145.2077595,"Dry","Clear"
"T20190003244","19/2/19",13:50:00,"Collision with vehicle","Tuesday","Day",3,3,"Not at intersection",2,100,"BRIMBANK","METROPOLITAN NORTH WEST REGION",-37.71484233,144.8768131,"Dry","Clear"
"T20190003247","19/2/19",23:00:00,"Struck Pedestrian","Tuesday","Dark Street lights on",1,2,"Cross intersection",3,60,"WHITTLESEA","METROPOLITAN NORTH WEST REGION",-37.63696196,145.0218581,"Dry","Clear"
"T20190003248","13/2/19",10:00:00,"Collision with vehicle","Wednesday","Day",2,3,"Not at intersection",3,80,"LATROBE","EASTERN REGION",-38.1723333,146.2811094,"Wet","Raining"
"T20190003252","15/2/19",16:20:00,"Struck Pedestrian","Friday","Day",1,2,"T intersection",3,40,"GEELONG","SOUTH WESTERN REGION",-38.14416232,144.362182,"Dry","Clear"
"T20190003254","19/2/19",16:00:00,"Collision with vehicle","Tuesday","Day",4,4,"Not at intersection",3,80,"DANDENONG","METROPOLITAN SOUTH EAST REGION",-38.02613048,145.2467201,"Dry","Clear"
"T20190003255","20/2/19",07:05:00,"Collision with vehicle","Wednesday","Day",5,5,"Not at intersection",3,60,"YARRA","METROPOLITAN NORTH WEST REGION",-37.78924509,144.9894367,"Dry","Clear"
"T20190003257","22/1/19",15:58:00,"Collision with a fixed object","Tuesday","Day",1,1,"Not at intersection",3,100,"GEELONG","SOUTH WESTERN REGION",-38.03955222,144.413032,"Dry","Clear"
"T20190003261","20/2/19",10:00:00,"Struck Pedestrian","Wednesday","Day",1,5,"Cross intersection",2,60,"SHEPPARTON","NORTH EASTERN REGION",-36.38089833,145.3978907,"Dry","Clear"
"T20190003263","20/2/19",09:27:00,"Collision with vehicle","Wednesday","Day",2,2,"Cross intersection",3,80,"MILDURA","WESTERN REGION",-34.2198246,142.1104782,"Dry","Clear"
"T20190003264","20/2/19",07:00:00,"Collision with vehicle","Wednesday","Day",2,2,"Not at intersection",3,60,"MARIBYRNONG","METROPOLITAN NORTH WEST REGION",-37.77035622,144.8864563,"Dry","Clear"
"T20190003266","20/2/19",06:08:00,"Struck animal","Wednesday","Dark No street lights",1,1,"Not at intersection",3,80,"CARDINIA","METROPOLITAN SOUTH EAST REGION",-38.03740955,145.4824968,"Dry","Clear"
"T20190003267","20/2/19",09:27:00,"Collision with vehicle","Wednesday","Day",2,4,"Multiple intersection",3,50,"SWAN HILL","NORTHERN REGION",-35.34360542,143.5565248,"Dry","Clear"
"T20190003268","20/2/19",11:45:00,"Collision with vehicle","Wednesday","Day",2,2,"Cross intersection",2,60,"MANNINGHAM","METROPOLITAN SOUTH EAST REGION",-37.77027272,145.0994296,"Unknown","Not known"
"T20190003270","20/2/19",10:25:00,"Collision with vehicle","Wednesday","Day",3,3,"T intersection",2,60,"KNOX","METROPOLITAN SOUTH EAST REGION",-37.84947716,145.2691839,"Wet","Clear"
"T20190003271","20/2/19",10:40:00,"Collision with vehicle","Wednesday","Day",2,2,"Not at intersection",3,999,"WHITTLESEA","METROPOLITAN NORTH WEST REGION",-37.65080813,145.0250003,"Dry","Clear"
"T20190003275","20/2/19",12:22:00,"Collision with vehicle","Wednesday","Day",3,3,"Not at intersection",2,80,"CASEY","METROPOLITAN SOUTH EAST REGION",-38.11726276,145.3154656,"Dry","Clear"
"T20190003278","20/2/19",13:49:00,"Collision with vehicle","Wednesday","Day",2,2,"Not at intersection",3,40,"HORSHAM","WESTERN REGION",-36.71501001,142.1997156,"Dry","Clear"
"T20190003279","8/2/19",15:15:00,"Collision with vehicle","Friday","Day",2,2,"T intersection",3,60,"GEELONG","SOUTH WESTERN REGION",-38.1656416,144.3345812,"Dry","Clear"
"T20190003280","10/2/19",10:00:00,"collision with some other object","Sunday","Day",1,1,"Not at intersection",3,100,"ALPINE","NORTH EASTERN REGION",-36.41672704,146.9676688,"Dry","Clear"
"T20190003281","20/2/19",11:20:00,"Fall from or in moving vehicle","Wednesday","Day",1,4,"Not at intersection",3,50,"WEST WIMMERA","WESTERN REGION",-36.37848264,141.2387293,"Dry","Clear"
"T20190003285","17/2/19",16:55:00,"collision with some other object","Sunday","Day",1,1,"Not at intersection",2,110,"ARARAT","WESTERN REGION",-37.34725914,143.1340306,"Dry","Clear"
"T20190003288","20/2/19",11:50:00,"Collision with vehicle","Wednesday","Day",2,3,"Not at intersection",3,100,"HUME","METROPOLITAN NORTH WEST REGION",-37.55539008,144.9432308,"Dry","Clear"
"T20190003289","20/2/19",12:53:00,"Collision with a fixed object","Wednesday","Day",1,2,"Not at intersection",3,80,"FRANKSTON","METROPOLITAN SOUTH EAST REGION",-38.16706835,145.2061203,"Dry","Clear"
"T20190003290","2/2/19",11:30:00,"Collision with vehicle","Saturday","Day",2,6,"Cross intersection",3,50,"KINGSTON","METROPOLITAN SOUTH EAST REGION",-37.98763548,145.0703247,"Dry","Not known"
"T20190003291","20/2/19",16:15:00,"Collision with vehicle","Wednesday","Day",2,2,"T intersection",3,60,"KNOX","METROPOLITAN SOUTH EAST REGION",-37.87124426,145.2488454,"Dry","Clear"
"T20190003292","20/2/19",17:23:00,"Collision with vehicle","Wednesday","Day",2,2,"Not at intersection",3,100,"BRIMBANK","METROPOLITAN NORTH WEST REGION",-37.71274272,144.8792033,"Dry","Clear"
"T20190003293","20/2/19",18:10:00,"Collision with vehicle","Wednesday","Day",3,4,"Not at intersection",3,60,"BENDIGO","NORTHERN REGION",-36.72636999,144.2586995,"Dry","Clear"
"T20190003295","20/2/19",18:00:00,"Collision with vehicle","Wednesday","Day",3,5,"Not at intersection",2,80,"MONASH","METROPOLITAN SOUTH EAST REGION",-37.9184089,145.1581202,"Dry","Clear"
"T20190003296","20/2/19",15:35:00,"Collision with vehicle","Wednesday","Day",4,3,"Cross intersection",2,50,"HOBSONS BAY","METROPOLITAN NORTH WEST REGION",-37.85300535,144.8626457,"Dry","Clear"
"T20190003298","20/2/19",18:40:00,"Collision with vehicle","Wednesday","Day",3,3,"T intersection",3,60,"PORT PHILLIP","METROPOLITAN NORTH WEST REGION",-37.86347042,144.985128,"Dry","Clear"
"T20190003299","20/2/19",16:08:00,"Struck Pedestrian","Wednesday","Day",2,2,"Cross intersection",3,50,"HUME","METROPOLITAN NORTH WEST REGION",-37.57151279,144.9092842,"Dry","Clear"
"T20190003300","20/2/19",17:06:00,"Collision with a fixed object","Wednesday","Day",1,1,"T intersection",2,50,"MACEDON RANGES","NORTHERN REGION",-37.34057478,144.5350799,"Dry","Clear"
"T20190003301","20/2/19",17:53:00,"Collision with vehicle","Wednesday","Day",5,7,"Not at intersection",3,60,"MORELAND","METROPOLITAN NORTH WEST REGION",-37.72723,144.9636701,"Dry","Clear"
"T20190003303","20/2/19",18:45:00,"Struck Pedestrian","Wednesday","Day",1,3,"Not at intersection",2,60,"DAREBIN","METROPOLITAN NORTH WEST REGION",-37.77151162,145.0173897,"Dry","Clear"
"T20190003305","19/2/19",22:05:00,"Collision with vehicle","Tuesday","Dark Street lights on",2,2,"T intersection",3,70,"WHITTLESEA","METROPOLITAN NORTH WEST REGION",-37.69177466,145.002093,"Dry","Clear"
"T20190003307","20/2/19",22:15:00,"Collision with vehicle","Wednesday","Dark Street lights on",2,2,"T intersection",2,60,"KINGSTON","METROPOLITAN SOUTH EAST REGION",-37.93154864,145.0809813,"Dry","Clear"
"T20190003308","20/2/19",05:19:00,"Collision with a fixed object","Wednesday","Dark No street lights",1,3,"Not at intersection",2,100,"GOLDEN PLAINS","SOUTH WESTERN REGION",-37.91822584,144.1524917,"Dry","Clear"
"T20190003309","20/2/19",22:53:00,"Collision with vehicle","Wednesday","Dark Street lights on",2,2,"T intersection",2,60,"MARIBYRNONG","METROPOLITAN NORTH WEST REGION",-37.76899686,144.8867034,"Dry","Clear"
"T20190003311","20/2/19",22:22:00,"Collision with vehicle","Wednesday","Dark Street lights on",3,3,"Not at intersection",2,80,"HUME","METROPOLITAN NORTH WEST REGION",-37.6764166,144.8632324,"Dry","Clear"
"T20190003312","20/2/19",23:33:00,"Collision with vehicle","Wednesday","Dark Street lights on",2,2,"T intersection",3,60,"BALLARAT","WESTERN REGION",-37.57484212,143.8681029,"Dry","Clear"
"T20190003320","21/2/19",06:00:00,"Collision with vehicle","Thursday","Dark No street lights",3,3,"Not at intersection",3,100,"CASEY","METROPOLITAN SOUTH EAST REGION",-38.03772983,145.3297703,"Dry","Clear"
"T20190003321","20/2/19",13:20:00,"Collision with vehicle","Wednesday","Day",2,3,"Not at intersection",2,70,"MONASH","METROPOLITAN SOUTH EAST REGION",-37.9194802,145.1395517,"Dry","Clear"
"T20190003325","19/2/19",13:15:00,"Collision with vehicle","Tuesday","Day",2,2,"Cross intersection",3,50,"MITCHELL","NORTHERN REGION",-37.47378093,144.9745724,"Dry","Clear"
"T20190003330","21/2/19",06:20:00,"Collision with vehicle","Thursday","Dusk/Dawn",2,2,"T intersection",3,60,"HUME","METROPOLITAN NORTH WEST REGION",-37.69068246,144.841592,"Dry","Clear"
"T20190003332","21/2/19",07:15:00,"Vehicle overturned (no collision)","Thursday","Day",1,1,"Not at intersection",3,100,"BAW BAW","EASTERN REGION",-38.07318076,145.8917535,"Dry","Clear"
"T20190003333","21/2/19",10:40:00,"Collision with vehicle","Thursday","Day",2,2,"T intersection",3,50,"MORNINGTON PENINSULA","METROPOLITAN SOUTH EAST REGION",-38.33331169,144.9635646,"Dry","Clear"
"T20190003337","20/2/19",10:30:00,"Collision with vehicle","Wednesday","Day",2,2,"Not at intersection",3,40,"YARRA","METROPOLITAN NORTH WEST REGION",-37.79860552,144.9809708,"Dry","Clear"
"T20190003341","20/2/19",21:30:00,"Collision with vehicle","Wednesday","Dark Street lights on",2,2,"T intersection",3,70,"GLEN EIRA","METROPOLITAN SOUTH EAST REGION",-37.90564781,145.0539351,"Unknown","Not known"
"T20190003345","20/2/19",19:50:00,"Collision with vehicle","Wednesday","Day",2,3,"T intersection",3,50,"SHEPPARTON","NORTH EASTERN REGION",-36.36077947,145.3905339,"Dry","Clear"
"T20190003348","21/2/19",11:45:00,"Collision with vehicle","Thursday","Day",2,3,"Not at intersection",3,60,"DAREBIN","METROPOLITAN NORTH WEST REGION",-37.74080041,145.0291399,"Dry","Clear"
"T20190003349","21/2/19",12:49:00,"Collision with vehicle","Thursday","Day",2,2,"Cross intersection",2,60,"WHITEHORSE","METROPOLITAN SOUTH EAST REGION",-37.85039426,145.0956793,"Dry","Clear"
"T20190003352","21/2/19",13:09:00,"collision with some other object","Thursday","Day",1,1,"Not at intersection",3,60,"MORELAND","METROPOLITAN NORTH WEST REGION",-37.75472033,144.9580199,"Dry","Clear"
"T20190003354","20/2/19",16:48:00,"Collision with vehicle","Wednesday","Day",2,2,"T intersection",3,80,"BRIMBANK","METROPOLITAN NORTH WEST REGION",-37.80970013,144.7877923,"Dry","Clear"
"T20190003358","20/1/19",09:30:00,"Vehicle overturned (no collision)","Sunday","Day",1,1,"Not at intersection",3,999,"MURRINDINDI","NORTH EASTERN REGION",-37.52465999,145.59497,"Dry","Clear"
"T20190003359","21/2/19",13:20:00,"Collision with a fixed object","Thursday","Day",1,1,"Cross intersection",2,80,"WYNDHAM","METROPOLITAN NORTH WEST REGION",-37.81978141,144.6935671,"Dry","Clear"
"T20190003360","21/2/19",08:30:00,"Collision with vehicle","Thursday","Day",2,2,"Cross intersection",2,60,"BENDIGO","NORTHERN REGION",-36.69655068,144.3226866,"Dry","Clear"
"T20190003363","21/2/19",15:10:00,"No collision and no object struck","Thursday","Day",1,1,"T intersection",3,60,"STONNINGTON","METROPOLITAN SOUTH EAST REGION",-37.85226916,145.034795,"Dry","Clear"
"T20190003365","20/2/19",11:53:00,"Struck Pedestrian","Wednesday","Day",1,3,"Cross intersection",2,60,"GLEN EIRA","METROPOLITAN SOUTH EAST REGION",-37.88887888,145.0376607,"Dry","Clear"
"T20190003368","21/2/19",16:30:00,"Struck Pedestrian","Thursday","Day",1,2,"Not at intersection",2,60,"BENDIGO","NORTHERN REGION",-36.79725795,144.2321093,"Dry","Clear"
"T20190003369","21/2/19",15:16:00,"Collision with vehicle","Thursday","Day",3,4,"T intersection",2,100,"MOORABOOL","WESTERN REGION",-37.77727306,144.4413502,"Dry","Clear"
"T20190003370","21/2/19",16:15:00,"Collision with a fixed object","Thursday","Day",1,1,"Not at intersection",2,80,"MITCHELL","NORTHERN REGION",-37.01987301,145.1095169,"Dry","Clear"
"T20190003371","21/2/19",15:00:00,"Collision with vehicle","Thursday","Day",2,2,"Cross intersection",3,60,"WANGARATTA","NORTH EASTERN REGION",-36.3664844,146.3236098,"Dry","Clear"
"T20190003372","21/2/19",10:00:00,"Collision with vehicle","Thursday","Day",2,3,"Cross intersection",3,60,"BRIMBANK","METROPOLITAN NORTH WEST REGION",-37.78522858,144.8352002,"Dry","Clear"
"T20190003374","21/2/19",16:45:00,"Collision with vehicle","Thursday","Day",2,2,"Cross intersection",3,50,"WHITTLESEA","METROPOLITAN NORTH WEST REGION",-37.69476451,145.0600905,"Dry","Clear"
"T20190003376","21/2/19",16:45:00,"Collision with a fixed object","Thursday","Day",1,3,"Not at intersection",2,110,"MACEDON RANGES","NORTHERN REGION",-37.42353998,144.5424298,"Dry","Clear"
"T20190003378","21/2/19",16:05:00,"Collision with vehicle","Thursday","Day",2,2,"T intersection",3,50,"SHEPPARTON","NORTH EASTERN REGION",-36.36101431,145.3881397,"Dry","Clear"
"T20190003379","21/2/19",17:40:00,"Collision with vehicle","Thursday","Day",2,2,"Cross intersection",3,60,"PORT PHILLIP","METROPOLITAN NORTH WEST REGION",-37.83554201,144.9561304,"Dry","Clear"
"T20190003380","16/2/19",15:01:00,"Collision with vehicle","Saturday","Day",2,2,"Cross intersection",3,999,"PORT PHILLIP","METROPOLITAN NORTH WEST REGION",-37.84425308,144.9521071,"Unknown","Clear"
"T20190003381","21/2/19",17:16:00,"Collision with vehicle","Thursday","Day",3,6,"Not at intersection",3,80,"MOONEE VALLEY","METROPOLITAN NORTH WEST REGION",-37.72403012,144.8916615,"Dry","Clear"
"T20190003383","21/2/19",18:23:00,"Collision with vehicle","Thursday","Day",2,2,"Cross intersection",3,50,"MELBOURNE","METROPOLITAN NORTH WEST REGION",-37.80953754,144.9756514,"Dry","Clear"
"T20190003387","21/2/19",14:20:00,"Collision with vehicle","Thursday","Day",2,2,"T intersection",2,60,"STONNINGTON","METROPOLITAN SOUTH EAST REGION",-37.86830508,145.0598441,"Dry","Not known"
"T20190003388","21/2/19",19:05:00,"Collision with vehicle","Thursday","Dusk/Dawn",2,3,"Cross intersection",3,60,"MELBOURNE","METROPOLITAN NORTH WEST REGION",-37.78917508,144.940026,"Dry","Clear"
"T20190003389","21/2/19",15:33:00,"Collision with a fixed object","Thursday","Day",2,3,"Not at intersection",3,40,"MORELAND","METROPOLITAN NORTH WEST REGION",-37.72962992,144.9646336,"Dry","Clear"
"T20190003390","21/2/19",16:00:00,"Collision with vehicle","Thursday","Day",2,2,"Cross intersection",2,50,"WARRNAMBOOL","SOUTH WESTERN REGION",-38.38443631,142.4800881,"Dry","Clear"
"T20190003392","19/2/19",16:44:00,"Collision with vehicle","Tuesday","Day",3,3,"T intersection",2,100,"HUME","METROPOLITAN NORTH WEST REGION",-37.54789753,144.8794221,"Dry","Clear"
"T20190003393","21/2/19",18:04:00,"Collision with vehicle","Thursday","Day",5,6,"Not at intersection",3,100,"MONASH","METROPOLITAN SOUTH EAST REGION",-37.91368209,145.1665486,"Dry","Clear"
"T20190003395","21/2/19",15:37:00,"Collision with vehicle","Thursday","Day",4,4,"Not at intersection",3,60,"DAREBIN","METROPOLITAN NORTH WEST REGION",-37.7443481,145.0303915,"Dry","Clear"
"T20190003397","21/2/19",20:34:00,"Collision with vehicle","Thursday","Dark Street lights on",2,2,"Cross intersection",2,80,"KINGSTON","METROPOLITAN SOUTH EAST REGION",-37.96228952,145.1291088,"Dry","Clear"
"T20190003398","21/2/19",20:50:00,"Collision with vehicle","Thursday","Dark Street lights on",2,4,"Cross intersection",3,80,"CASEY","METROPOLITAN SOUTH EAST REGION",-38.02682229,145.3103426,"Dry","Clear"
"T20190003399","21/2/19",16:45:00,"Collision with vehicle","Thursday","Day",3,3,"Not at intersection",2,80,"WHITEHORSE","METROPOLITAN SOUTH EAST REGION",-37.8496004,145.1702433,"Dry","Clear"
"T20190003400","21/2/19",19:45:00,"Collision with vehicle","Thursday","Dusk/Dawn",4,4,"Cross intersection",2,60,"GEELONG","SOUTH WESTERN REGION",-38.17047963,144.3914615,"Dry","Clear"
"T20190003408","22/2/19",07:10:00,"Collision with vehicle","Friday","Day",2,2,"T intersection",3,60,"PORT PHILLIP","METROPOLITAN NORTH WEST REGION",-37.83782313,144.9571799,"Dry","Clear"
"T20190003411","22/2/19",07:35:00,"Collision with vehicle","Friday","Day",2,2,"Not at intersection",2,100,"CORANGAMITE","SOUTH WESTERN REGION",-38.04919454,143.4556506,"Dry","Clear"
"T20190003412","22/2/19",08:30:00,"Collision with vehicle","Friday","Day",2,2,"Cross intersection",3,60,"BALLARAT","WESTERN REGION",-37.57401501,143.8576109,"Dry","Clear"
"T20190003413","22/2/19",06:20:00,"Collision with vehicle","Friday","Dark No street lights",3,3,"T intersection",2,60,"DAREBIN","METROPOLITAN NORTH WEST REGION",-37.72573155,145.0013291,"Dry","Clear"
"T20190003414","22/2/19",08:48:00,"Collision with vehicle","Friday","Day",2,2,"T intersection",2,60,"GLEN EIRA","METROPOLITAN SOUTH EAST REGION",-37.90368848,145.0384293,"Dry","Clear"
"T20190003415","22/2/19",08:40:00,"Collision with a fixed object","Friday","Day",1,1,"Not at intersection",2,100,"CENTRAL GOLDFIELDS","WESTERN REGION",-37.05738219,143.6757697,"Dry","Clear"
"T20190003416","22/2/19",10:00:00,"Collision with vehicle","Friday","Day",2,9,"Not at intersection",2,60,"MELBOURNE","METROPOLITAN NORTH WEST REGION",-37.7937578,144.9476328,"Dry","Clear"
"T20190003417","22/2/19",08:42:00,"Collision with vehicle","Friday","Day",2,4,"Cross intersection",2,50,"WHITTLESEA","METROPOLITAN NORTH WEST REGION",-37.62075644,145.0052343,"Dry","Clear"
"T20190003418","17/2/19",21:00:00,"Struck animal","Sunday","Dark No street lights",1,1,"Not at intersection",3,100,"MOIRA","NORTH EASTERN REGION",-35.94443997,145.673094,"Dry","Clear"
"T20190003419","22/2/19",08:45:00,"Collision with vehicle","Friday","Day",2,2,"Cross intersection",3,50,"MELBOURNE","METROPOLITAN NORTH WEST REGION",-37.79715948,144.9675577,"Dry","Clear"
"T20190003420","22/2/19",08:30:00,"Collision with vehicle","Friday","Day",2,2,"Cross intersection",3,50,"MANNINGHAM","METROPOLITAN SOUTH EAST REGION",-37.78133533,145.1709072,"Dry","Clear"
"T20190003426","21/2/19",08:00:00,"Collision with vehicle","Thursday","Day",2,2,"T intersection",2,80,"CASEY","METROPOLITAN SOUTH EAST REGION",-38.00536368,145.266977,"Dry","Clear"
"T20190003428","21/2/19",16:00:00,"Collision with vehicle","Thursday","Day",2,1,"Not at intersection",3,50,"NILLUMBIK","METROPOLITAN NORTH WEST REGION",-37.67860836,145.1453496,"Dry","Clear"
"T20190003430","22/2/19",07:45:00,"Collision with vehicle","Friday","Day",2,2,"Not at intersection",3,60,"WYNDHAM","METROPOLITAN NORTH WEST REGION",-37.82787252,144.7828118,"Dry","Clear"
"T20190003432","11/2/19",07:45:00,"Collision with vehicle","Monday","Day",2,2,"Cross intersection",3,50,"WANGARATTA","NORTH EASTERN REGION",-36.35045549,146.3107527,"Dry","Clear"
"T20190003434","21/2/19",08:00:00,"Collision with vehicle","Thursday","Day",2,2,"Cross intersection",3,50,"YARRA","METROPOLITAN NORTH WEST REGION",-37.78491733,144.9750694,"Dry","Clear"
"T20190003435","22/2/19",10:40:00,"Collision with vehicle","Friday","Day",2,4,"T intersection",3,60,"MARIBYRNONG","METROPOLITAN NORTH WEST REGION",-37.77279943,144.8861555,"Dry","Clear"
"T20190003436","22/2/19",05:45:00,"Vehicle overturned (no collision)","Friday","Dark No street lights",1,1,"Not at intersection",3,100,"EAST GIPPSLAND","EASTERN REGION",-37.00496873,147.6631991,"Dry","Clear"
"T20190003437","22/2/19",10:45:00,"Collision with a fixed object","Friday","Day",1,1,"Not at intersection",3,100,"LATROBE","EASTERN REGION",-38.28521691,146.4128634,"Dry","Clear"
"T20190003438","22/2/19",11:45:00,"Collision with vehicle","Friday","Day",2,3,"T intersection",2,50,"CASEY","METROPOLITAN SOUTH EAST REGION",-38.05291665,145.2918356,"Dry","Clear"
"T20190003442","22/2/19",07:30:00,"Collision with vehicle","Friday","Day",2,3,"Not at intersection",3,999,"BRIMBANK","METROPOLITAN NORTH WEST REGION",-37.72345287,144.8439171,"Dry","Clear"
"T20190003443","22/2/19",13:13:00,"Collision with vehicle","Friday","Day",2,5,"T intersection",3,80,"DANDENONG","METROPOLITAN SOUTH EAST REGION",-37.9653095,145.1348602,"Dry","Clear"
"T20190003444","22/2/19",13:15:00,"Collision with vehicle","Friday","Day",2,3,"Cross intersection",2,70,"KINGSTON","METROPOLITAN SOUTH EAST REGION",-37.95319607,145.0767681,"Dry","Clear"
"T20190003445","21/2/19",12:11:00,"Collision with a fixed object","Thursday","Day",2,2,"Not at intersection",2,100,"TOWONG","NORTH EASTERN REGION",-36.70795095,147.4488451,"Dry","Clear"
"T20190003448","22/2/19",14:40:00,"Collision with vehicle","Friday","Day",2,2,"Not at intersection",2,50,"CASEY","METROPOLITAN SOUTH EAST REGION",-38.10994238,145.2652458,"Dry","Clear"
"T20190003449","22/2/19",15:00:00,"Collision with vehicle","Friday","Day",2,3,"T intersection",3,50,"MILDURA","WESTERN REGION",-34.17750076,142.1597236,"Dry","Clear"
"T20190003450","22/2/19",10:10:00,"Collision with a fixed object","Friday","Day",1,1,"Not at intersection",3,100,"GLENELG","SOUTH WESTERN REGION",-37.47501004,141.5257359,"Dry","Clear"