"ACCIDENT_NO","ACCIDENTDATE","ACCIDENTTIME","Accident Type Desc","Day Week Description","Light Condition Desc","NO_OF_VEHICLES","NO_PERSONS","Road Geometry Desc","SEVERITY","SPEED_ZONE","LGA_NAME","REGION_NAME","Lat","Long","Surface Cond Desc","Atmosph Cond Desc"
"T20190003452","22/2/19",14:10:00,"Collision with vehicle","Friday","Day",2,2,"Not at intersection",2,100,"CAMPASPE","NORTHERN REGION",-36.5958619,144.9372167,"Dry","Clear"
"T20190003455","22/2/19",12:00:00,"Collision with a fixed object","Friday","Day",1,1,"Not at intersection",3,100,"BAW BAW","EASTERN REGION",-37.89246039,146.0300297,"Dry","Clear"
"T20190003456","22/2/19",15:20:00,"Collision with vehicle","Friday","Day",3,7,"Not at intersection",2,60,"WARRNAMBOOL","SOUTH WESTERN REGION",-38.38097872,142.4860033,"Dry","Clear"
"T20190003457","22/2/19",14:36:00,"Collision with a fixed object","Friday","Day",1,1,"Not at intersection",3,100,"GEELONG","SOUTH WESTERN REGION",-38.15682984,144.2667287,"Dry","Clear"
"T20190003459","22/2/19",15:40:00,"Collision with vehicle","Friday","Day",2,3,"Multiple intersection",3,80,"CAMPASPE","NORTHERN REGION",-36.1486587,144.7777614,"Dry","Clear"
"T20190003460","22/2/19",14:45:00,"Struck Pedestrian","Friday","Day",1,2,"Cross intersection",2,40,"GEELONG","SOUTH WESTERN REGION",-38.14789318,144.3548291,"Dry","Clear"
"T20190003464","22/2/19",11:06:00,"Collision with vehicle","Friday","Day",2,2,"Not at intersection",3,70,"YARRA","METROPOLITAN NORTH WEST REGION",-37.80932971,144.9914172,"Dry","Clear"
"T20190003465","22/2/19",16:25:00,"Struck Pedestrian","Friday","Day",1,2,"T intersection",2,40,"BENDIGO","NORTHERN REGION",-36.74467856,144.2086332,"Dry","Clear"
"T20190003466","21/2/19",14:00:00,"Collision with a fixed object","Thursday","Day",1,1,"Not at intersection",1,100,"TOWONG","NORTH EASTERN REGION",-36.66439843,147.4377911,"Dry","Clear"
"T20190003468","22/2/19",16:40:00,"Collision with vehicle","Friday","Day",2,3,"Cross intersection",2,50,"BALLARAT","WESTERN REGION",-37.55686865,143.8160286,"Dry","Clear"
"T20190003469","22/2/19",16:35:00,"Collision with vehicle","Friday","Day",3,2,"Cross intersection",3,60,"COLAC OTWAY","SOUTH WESTERN REGION",-38.35767426,143.5828859,"Dry","Clear"
"T20190003470","22/2/19",15:45:00,"Collision with vehicle","Friday","Day",2,3,"Cross intersection",2,50,"SOUTHERN GRAMPIANS","SOUTH WESTERN REGION",-37.74212279,142.0217149,"Dry","Clear"
"T20190003471","21/2/19",18:45:00,"Collision with vehicle","Thursday","Day",2,2,"T intersection",3,40,"MELBOURNE","METROPOLITAN NORTH WEST REGION",-37.80249904,144.9636183,"Dry","Clear"
"T20190003476","22/2/19",19:00:00,"Collision with vehicle","Friday","Day",2,2,"Not at intersection",3,80,"MELBOURNE","METROPOLITAN NORTH WEST REGION",-37.83241812,144.9146984,"Dry","Clear"
"T20190003478","22/2/19",19:30:00,"Collision with vehicle","Friday","Day",2,2,"T intersection",3,80,"CASEY","METROPOLITAN SOUTH EAST REGION",-38.15991374,145.3185669,"Dry","Clear"
"T20190003481","22/2/19",16:00:00,"Collision with vehicle","Friday","Day",2,2,"T intersection",2,80,"GLEN EIRA","METROPOLITAN SOUTH EAST REGION",-37.88527582,145.0727425,"Dry","Not known"
"T20190003482","22/2/19",18:45:00,"Collision with vehicle","Friday","Day",3,4,"Cross intersection",3,40,"MORELAND","METROPOLITAN NORTH WEST REGION",-37.73183502,144.9835902,"Dry","Clear"
"T20190003483","22/2/19",18:12:00,"Collision with vehicle","Friday","Day",4,6,"Not at intersection",3,80,"STONNINGTON","METROPOLITAN SOUTH EAST REGION",-37.86794923,145.0624913,"Dry","Not known"
"T20190003486","22/2/19",18:02:00,"Collision with vehicle","Friday","Day",2,3,"Not at intersection",2,60,"MILDURA","WESTERN REGION",-34.21465323,142.1458262,"Dry","Clear"
"T20190003487","22/2/19",19:05:00,"Collision with vehicle","Friday","Day",2,4,"Cross intersection",3,50,"SHEPPARTON","NORTH EASTERN REGION",-36.39006225,145.3612942,"Dry","Clear"
"T20190003492","22/2/19",21:30:00,"Collision with vehicle","Friday","Dark Street lights off",2,2,"Cross intersection",2,80,"BAYSIDE","METROPOLITAN SOUTH EAST REGION",-37.9158295,145.0176919,"Dry","Clear"
"T20190003494","22/2/19",23:00:00,"Collision with vehicle","Friday","Dark Street lights on",2,4,"Cross intersection",3,40,"MELBOURNE","METROPOLITAN NORTH WEST REGION",-37.80959426,144.9638262,"Dry","Clear"
"T20190003500","22/2/19",23:30:00,"Collision with vehicle","Friday","Dark Street lights on",2,2,"T intersection",2,60,"MELBOURNE","METROPOLITAN NORTH WEST REGION",-37.81551277,144.9773585,"Dry","Clear"
"T20190003502","23/2/19",06:00:00,"Collision with a fixed object","Saturday","Dark Street lights on",1,1,"Not at intersection",3,80,"CASEY","METROPOLITAN SOUTH EAST REGION",-38.10127925,145.2827407,"Dry","Clear"
"T20190003503","23/2/19",08:00:00,"Collision with vehicle","Saturday","Day",2,2,"Not at intersection",3,50,"DAREBIN","METROPOLITAN NORTH WEST REGION",-37.78083963,144.9948701,"Dry","Clear"
"T20190003504","23/2/19",07:50:00,"Collision with vehicle","Saturday","Day",2,2,"Not at intersection",3,60,"MACEDON RANGES","NORTHERN REGION",-37.23323825,144.4499409,"Dry","Clear"
"T20190003506","19/2/19",12:30:00,"Collision with vehicle","Tuesday","Day",3,3,"Cross intersection",2,80,"MORNINGTON PENINSULA","METROPOLITAN SOUTH EAST REGION",-38.19511054,145.0913061,"Dry","Clear"
"T20190003509","23/2/19",10:00:00,"Collision with vehicle","Saturday","Day",2,2,"T intersection",2,100,"MORNINGTON PENINSULA","METROPOLITAN SOUTH EAST REGION",-38.21393581,145.1095005,"Dry","Clear"
"T20190003510","23/2/19",02:57:00,"Collision with vehicle","Saturday","Dark Street lights on",3,2,"Not at intersection",1,50,"DAREBIN","METROPOLITAN NORTH WEST REGION",-37.71093029,144.9825028,"Dry","Clear"
"T20190003511","21/2/19",17:30:00,"Collision with vehicle","Thursday","Day",2,3,"Not at intersection",3,60,"FRANKSTON","METROPOLITAN SOUTH EAST REGION",-38.16469872,145.1380716,"Unknown","Not known"
"T20190003512","23/2/19",10:45:00,"Collision with vehicle","Saturday","Day",2,14,"Not at intersection",2,100,"WHITTLESEA","METROPOLITAN NORTH WEST REGION",-37.68709713,145.0288391,"Dry","Clear"
"T20190003513","22/2/19",16:30:00,"Collision with vehicle","Friday","Unknown",2,2,"Multiple intersection",3,50,"BAYSIDE","METROPOLITAN SOUTH EAST REGION",-37.91948428,144.9931229,"Unknown","Not known"
"T20190003516","11/2/19",15:15:00,"Collision with vehicle","Monday","Day",2,2,"T intersection",3,999,"MELBOURNE","METROPOLITAN NORTH WEST REGION",-37.83694855,144.9148215,"Unknown","Not known"
"T20190003521","21/2/19",17:30:00,"Collision with vehicle","Thursday","Day",2,2,"Multiple intersection",3,60,"BALLARAT","WESTERN REGION",-37.539102,143.8222505,"Dry","Clear"
"T20190003522","23/2/19",11:08:00,"Struck Pedestrian","Saturday","Day",1,2,"Not at intersection",2,60,"WHITEHORSE","METROPOLITAN SOUTH EAST REGION",-37.8073799,145.1408691,"Dry","Clear"
"T20190003523","23/2/19",13:00:00,"Collision with vehicle","Saturday","Day",2,6,"Cross intersection",3,60,"MORELAND","METROPOLITAN NORTH WEST REGION",-37.75568111,144.9659953,"Dry","Clear"
"T20190003524","23/2/19",10:53:00,"Collision with a fixed object","Saturday","Day",1,1,"Not at intersection",2,50,"BRIMBANK","METROPOLITAN NORTH WEST REGION",-37.75971939,144.7657595,"Dry","Clear"
"T20190003526","23/2/19",14:00:00,"Collision with vehicle","Saturday","Day",2,3,"Not at intersection",2,80,"MELBOURNE","METROPOLITAN NORTH WEST REGION",-37.82846349,144.9594788,"Dry","Clear"
"T20190003529","23/2/19",16:04:00,"Collision with vehicle","Saturday","Day",3,5,"T intersection",2,100,"WANGARATTA","NORTH EASTERN REGION",-36.38501743,146.4973272,"Dry","Clear"
"T20190003531","23/2/19",16:25:00,"Vehicle overturned (no collision)","Saturday","Day",1,1,"Not at intersection",2,50,"HOBSONS BAY","METROPOLITAN NORTH WEST REGION",-37.85366012,144.8257393,"Dry","Clear"
"T20190003533","23/2/19",11:30:00,"Collision with vehicle","Saturday","Day",2,2,"Not at intersection",3,999,"YARRA RANGES","METROPOLITAN SOUTH EAST REGION",-37.555,145.8593909,"Dry","Clear"
"T20190003534","23/2/19",15:40:00,"Collision with vehicle","Saturday","Day",2,2,"T intersection",2,70,"MANNINGHAM","METROPOLITAN SOUTH EAST REGION",-37.79017084,145.1710465,"Dry","Clear"
"T20190003535","23/2/19",15:08:00,"Collision with a fixed object","Saturday","Day",1,1,"Not at intersection",3,70,"YARRA RANGES","METROPOLITAN SOUTH EAST REGION",-37.65239129,145.4928459,"Dry","Clear"
"T20190003536","23/2/19",15:05:00,"Collision with vehicle","Saturday","Day",2,3,"Not at intersection",2,70,"CASEY","METROPOLITAN SOUTH EAST REGION",-38.02708312,145.3743178,"Dry","Clear"
"T20190003537","18/2/19",08:10:00,"Struck Pedestrian","Monday","Unknown",1,2,"Not at intersection",3,999,"DAREBIN","METROPOLITAN NORTH WEST REGION",-37.74403027,145.0074205,"Unknown","Not known"
"T20190003538","23/2/19",18:09:00,"Collision with vehicle","Saturday","Day",2,2,"T intersection",2,60,"LATROBE","EASTERN REGION",-38.17473944,146.2571917,"Dry","Clear"
"T20190003540","23/2/19",15:23:00,"Collision with vehicle","Saturday","Day",3,5,"T intersection",1,80,"YARRA RANGES","METROPOLITAN SOUTH EAST REGION",-37.96117797,145.3611396,"Dry","Clear"
"T20190003541","23/2/19",16:35:00,"Collision with vehicle","Saturday","Day",2,2,"T intersection",1,60,"DANDENONG","METROPOLITAN SOUTH EAST REGION",-37.96011915,145.1334481,"Dry","Clear"
"T20190003542","23/2/19",18:47:00,"Collision with a fixed object","Saturday","Day",1,1,"T intersection",2,60,"MORNINGTON PENINSULA","METROPOLITAN SOUTH EAST REGION",-38.25783893,145.1898161,"Dry","Clear"
"T20190003544","23/2/19",16:00:00,"Collision with vehicle","Saturday","Day",2,3,"Not at intersection",3,50,"MORELAND","METROPOLITAN NORTH WEST REGION",-37.70422068,144.9156654,"Dry","Clear"
"T20190003545","23/2/19",18:10:00,"Collision with vehicle","Saturday","Day",2,4,"T intersection",3,50,"BASS COAST","EASTERN REGION",-38.3820144,145.5527078,"Dry","Clear"
"T20190003546","23/2/19",14:30:00,"Collision with vehicle","Saturday","Day",2,3,"Not at intersection",3,70,"WHITTLESEA","METROPOLITAN NORTH WEST REGION",-37.6492246,144.9987909,"Dry","Clear"
"T20190003547","23/2/19",17:24:00,"Collision with vehicle","Saturday","Day",2,2,"Cross intersection",1,80,"GLENELG","SOUTH WESTERN REGION",-38.34352727,141.5871983,"Dry","Clear"
"T20190003548","23/2/19",18:45:00,"Collision with vehicle","Saturday","Day",2,6,"Not at intersection",2,100,"CASEY","METROPOLITAN SOUTH EAST REGION",-38.21405723,145.4147298,"Dry","Clear"
"T20190003549","23/2/19",18:30:00,"Vehicle overturned (no collision)","Saturday","Dusk/Dawn",1,1,"Not at intersection",2,100,"MANSFIELD","NORTH EASTERN REGION",-36.94039936,145.8558379,"Unknown","Not known"
"T20190003551","23/2/19",20:58:00,"Collision with a fixed object","Saturday","Dark Street lights on",1,1,"Not at intersection",3,80,"MELBOURNE","METROPOLITAN NORTH WEST REGION",-37.83272084,144.9035993,"Dry","Clear"
"T20190003552","23/2/19",19:25:00,"Collision with vehicle","Saturday","Dusk/Dawn",2,2,"T intersection",3,50,"WHITTLESEA","METROPOLITAN NORTH WEST REGION",-37.63572535,145.0148555,"Dry","Not known"
"T20190003554","23/2/19",20:50:00,"collision with some other object","Saturday","Dark No street lights",1,1,"Not at intersection",3,80,"DANDENONG","METROPOLITAN SOUTH EAST REGION",-38.01296685,145.1615105,"Dry","Clear"
"T20190003558","23/2/19",17:00:00,"Collision with a fixed object","Saturday","Day",1,1,"Not at intersection",2,100,"ALPINE","NORTH EASTERN REGION",-36.91541052,147.2915389,"Dry","Clear"
"T20190003562","23/2/19",22:10:00,"Collision with vehicle","Saturday","Dark Street lights on",2,2,"Not at intersection",2,80,"BAYSIDE","METROPOLITAN SOUTH EAST REGION",-37.89217898,145.0026332,"Dry","Clear"
"T20190003563","24/2/19",03:03:00,"Collision with vehicle","Sunday","Dark No street lights",2,3,"Not at intersection",3,999,"DAREBIN","METROPOLITAN NORTH WEST REGION",-37.75591111,145.0082777,"Dry","Clear"
"T20190003567","23/2/19",23:40:00,"Fall from or in moving vehicle","Saturday","Dark No street lights",1,3,"Not at intersection",3,888,"EAST GIPPSLAND","EASTERN REGION",-37.70340163,147.5843797,"Dry","Clear"
"T20190003568","24/2/19",03:00:00,"Collision with a fixed object","Sunday","Dark Street lights on",1,1,"T intersection",3,60,"MORNINGTON PENINSULA","METROPOLITAN SOUTH EAST REGION",-38.23511069,145.0676847,"Dry","Clear"
"T20190003569","23/2/19",00:20:00,"Collision with vehicle","Saturday","Dark Street lights on",2,3,"Cross intersection",2,60,"KNOX","METROPOLITAN SOUTH EAST REGION",-37.83756547,145.2870726,"Dry","Clear"
"T20190003570","24/2/19",07:30:00,"Collision with vehicle","Sunday","Dusk/Dawn",2,2,"T intersection",3,60,"HOBSONS BAY","METROPOLITAN NORTH WEST REGION",-37.8323006,144.8584524,"Dry","Not known"
"T20190003571","24/2/19",06:34:00,"Collision with a fixed object","Sunday","Dusk/Dawn",1,2,"Not at intersection",3,100,"WHITTLESEA","METROPOLITAN NORTH WEST REGION",-37.58994989,145.0334939,"Dry","Clear"
"T20190003574","24/2/19",08:45:00,"Vehicle overturned (no collision)","Sunday","Day",1,2,"T intersection",3,100,"SOUTHERN GRAMPIANS","SOUTH WESTERN REGION",-37.6295205,142.3337053,"Dry","Clear"
"T20190003575","24/2/19",06:30:00,"Collision with a fixed object","Sunday","Dark Street lights on",1,1,"Not at intersection",3,100,"BRIMBANK","METROPOLITAN NORTH WEST REGION",-37.69105027,144.7944197,"Dry","Clear"
"T20190003577","24/2/19",10:30:00,"Collision with vehicle","Sunday","Day",2,2,"T intersection",2,60,"GEELONG","SOUTH WESTERN REGION",-38.1636926,144.3532739,"Dry","Clear"
"T20190003578","24/2/19",11:15:00,"Collision with vehicle","Sunday","Day",2,5,"Cross intersection",2,60,"MANNINGHAM","METROPOLITAN SOUTH EAST REGION",-37.76739744,145.1045944,"Dry","Clear"
"T20190003580","24/2/19",12:00:00,"Collision with vehicle","Sunday","Day",2,3,"Cross intersection",3,60,"BOROONDARA","METROPOLITAN SOUTH EAST REGION",-37.82046484,145.0983132,"Dry","Clear"
"T20190003581","23/2/19",10:30:00,"Collision with a fixed object","Saturday","Day",1,1,"Not at intersection",3,100,"INDIGO","NORTH EASTERN REGION",-36.40385936,146.7033952,"Dry","Clear"
"T20190003581","23/2/19",10:30:00,"Collision with a fixed object","Saturday","Day",1,1,"Not at intersection",3,100,"INDIGO","NORTH EASTERN REGION",-36.40385936,146.7033952,"Dry","Dust"
"T20190003585","24/2/19",09:50:00,"Struck Pedestrian","Sunday","Day",1,2,"Cross intersection",3,40,"BOROONDARA","METROPOLITAN SOUTH EAST REGION",-37.83092043,145.0527894,"Dry","Clear"
"T20190003590","24/2/19",12:02:00,"Collision with vehicle","Sunday","Day",2,2,"Not at intersection",2,60,"DAREBIN","METROPOLITAN NORTH WEST REGION",-37.72483782,145.0254994,"Dry","Clear"
"T20190003594","24/2/19",15:00:00,"Collision with vehicle","Sunday","Day",2,5,"Not at intersection",3,60,"NILLUMBIK","METROPOLITAN NORTH WEST REGION",-37.67106441,145.1255077,"Dry","Clear"
"T20190003598","24/2/19",11:30:00,"Collision with vehicle","Sunday","Day",2,3,"Not at intersection",2,50,"HUME","METROPOLITAN NORTH WEST REGION",-37.57042325,144.9000472,"Dry","Clear"
"T20190003599","23/2/19",18:05:00,"Collision with vehicle","Saturday","Day",2,3,"Cross intersection",3,60,"MONASH","METROPOLITAN SOUTH EAST REGION",-37.86108016,145.1129989,"Dry","Clear"
"T20190003600","23/2/19",12:45:00,"Collision with vehicle","Saturday","Day",2,3,"Not at intersection",3,50,"BOROONDARA","METROPOLITAN SOUTH EAST REGION",-37.83501574,145.0534896,"Dry","Clear"
"T20190003602","24/2/19",13:54:00,"Collision with vehicle","Sunday","Day",2,2,"Cross intersection",3,60,"BALLARAT","WESTERN REGION",-37.56615951,143.8663175,"Dry","Clear"
"T20190003603","24/2/19",14:39:00,"Collision with vehicle","Sunday","Day",4,4,"T intersection",3,60,"MORNINGTON PENINSULA","METROPOLITAN SOUTH EAST REGION",-38.36931778,144.8513895,"Dry","Clear"
"T20190003606","24/2/19",15:20:00,"Collision with vehicle","Sunday","Day",2,6,"Not at intersection",2,80,"BASS COAST","EASTERN REGION",-38.51659472,145.3166787,"Dry","Clear"
"T20190003608","24/2/19",16:00:00,"Collision with a fixed object","Sunday","Day",1,2,"Not at intersection",3,100,"LATROBE","EASTERN REGION",-38.22773441,146.519262,"Dry","Clear"
"T20190003609","22/2/19",18:05:00,"Collision with vehicle","Friday","Day",2,3,"T intersection",2,999,"MELTON","METROPOLITAN NORTH WEST REGION",-37.69726541,144.6035585,"Dry","Clear"
"T20190003610","24/2/19",15:00:00,"Collision with vehicle","Sunday","Day",2,2,"T intersection",3,40,"STONNINGTON","METROPOLITAN SOUTH EAST REGION",-37.84461954,144.9945864,"Dry","Clear"
"T20190003612","24/2/19",19:20:00,"Collision with vehicle","Sunday","Day",3,3,"Not at intersection",3,60,"YARRA","METROPOLITAN NORTH WEST REGION",-37.7797468,144.9868957,"Dry","Clear"
"T20190003613","24/2/19",19:10:00,"Collision with a fixed object","Sunday","Day",1,1,"Not at intersection",2,100,"CORANGAMITE","SOUTH WESTERN REGION",-38.36813048,143.056777,"Dry","Clear"
"T20190003615","24/2/19",18:30:00,"Collision with vehicle","Sunday","Day",2,2,"Not at intersection",3,40,"DAREBIN","METROPOLITAN NORTH WEST REGION",-37.76928861,144.9985803,"Dry","Clear"
"T20190003616","24/2/19",18:55:00,"Collision with a fixed object","Sunday","Day",1,3,"Not at intersection",3,100,"SURF COAST","SOUTH WESTERN REGION",-38.21175648,144.2344998,"Dry","Clear"
"T20190003619","24/2/19",21:40:00,"Collision with a fixed object","Sunday","Dark No street lights",1,1,"Not at intersection",2,100,"LATROBE","EASTERN REGION",-38.33078202,146.34341,"Dry","Clear"
"T20190003620","24/2/19",20:40:00,"Collision with vehicle","Sunday","Dark Street lights on",2,2,"T intersection",1,50,"WYNDHAM","METROPOLITAN NORTH WEST REGION",-37.85231342,144.6653097,"Dry","Clear"
"T20190003621","24/2/19",23:55:00,"Collision with vehicle","Sunday","Dark Street lights on",2,2,"T intersection",2,80,"CARDINIA","METROPOLITAN SOUTH EAST REGION",-38.06460795,145.4299993,"Dry","Clear"
"T20190003628","25/2/19",07:55:00,"Collision with vehicle","Monday","Day",2,2,"Cross intersection",2,40,"YARRA","METROPOLITAN NORTH WEST REGION",-37.83019639,144.994387,"Dry","Clear"
"T20190003629","25/2/19",07:50:00,"Collision with vehicle","Monday","Day",2,2,"Not at intersection",3,50,"GEELONG","SOUTH WESTERN REGION",-38.0321819,144.3932597,"Dry","Clear"
"T20190003630","25/2/19",07:16:00,"Collision with vehicle","Monday","Day",2,2,"T intersection",2,50,"DAREBIN","METROPOLITAN NORTH WEST REGION",-37.71184997,144.9894847,"Dry","Clear"
"T20190003635","25/2/19",07:00:00,"Collision with a fixed object","Monday","Day",1,1,"Not at intersection",3,100,"GOLDEN PLAINS","SOUTH WESTERN REGION",-37.92888898,144.1163724,"Dry","Clear"
"T20190003636","25/2/19",08:00:00,"Collision with vehicle","Monday","Day",2,2,"Cross intersection",2,60,"BOROONDARA","METROPOLITAN SOUTH EAST REGION",-37.81273597,145.0202591,"Dry","Clear"
"T20190003637","25/2/19",08:30:00,"Collision with vehicle","Monday","Day",3,9,"Not at intersection",2,60,"BALLARAT","WESTERN REGION",-37.53575861,143.8533302,"Dry","Clear"
"T20190003639","25/2/19",07:40:00,"Collision with vehicle","Monday","Day",2,2,"Not at intersection",2,60,"MANNINGHAM","METROPOLITAN SOUTH EAST REGION",-37.79314961,145.1798363,"Dry","Clear"
"T20190003641","25/2/19",06:02:00,"Struck Pedestrian","Monday","Dark Street lights on",1,2,"Not at intersection",1,50,"STONNINGTON","METROPOLITAN SOUTH EAST REGION",-37.8576298,145.0171379,"Dry","Clear"
"T20190003642","25/2/19",09:00:00,"Collision with vehicle","Monday","Day",3,3,"Not at intersection",2,60,"YARRA RANGES","METROPOLITAN SOUTH EAST REGION",-37.74286938,145.3190418,"Dry","Clear"
"T20190003646","25/2/19",08:20:00,"Collision with vehicle","Monday","Day",2,2,"Not at intersection",3,100,"MOYNE","SOUTH WESTERN REGION",-38.29045396,142.5845527,"Dry","Clear"
"T20190003647","25/2/19",12:05:00,"Collision with vehicle","Monday","Day",2,2,"Cross intersection",2,80,"BASS COAST","EASTERN REGION",-38.62701905,145.7217363,"Dry","Clear"
"T20190003648","25/2/19",08:25:00,"Struck Pedestrian","Monday","Day",1,2,"T intersection",3,40,"WYNDHAM","METROPOLITAN NORTH WEST REGION",-37.87763496,144.6592705,"Dry","Clear"
"T20190003650","25/2/19",08:00:00,"Struck Pedestrian","Monday","Day",1,2,"Not at intersection",2,40,"MORELAND","METROPOLITAN NORTH WEST REGION",-37.72991004,144.9637578,"Dry","Clear"
"T20190003651","25/2/19",07:25:00,"Collision with vehicle","Monday","Day",3,3,"Not at intersection",2,80,"DANDENONG","METROPOLITAN SOUTH EAST REGION",-38.00094074,145.1897398,"Dry","Clear"
"T20190003654","25/2/19",12:04:00,"Collision with vehicle","Monday","Day",2,4,"Cross intersection",3,100,"MOIRA","NORTH EASTERN REGION",-35.96984842,145.6192356,"Dry","Clear"
"T20190003657","25/2/19",15:50:00,"Collision with a fixed object","Monday","Day",1,1,"Not at intersection",3,100,"MOYNE","SOUTH WESTERN REGION",-38.00340975,142.1098904,"Dry","Clear"
"T20190003658","25/2/19",13:30:00,"Collision with vehicle","Monday","Day",4,5,"T intersection",2,60,"MONASH","METROPOLITAN SOUTH EAST REGION",-37.91990964,145.0832291,"Dry","Clear"
"T20190003659","25/2/19",15:30:00,"Collision with vehicle","Monday","Day",2,2,"Not at intersection",2,60,"MANNINGHAM","METROPOLITAN SOUTH EAST REGION",-37.74059994,145.2820996,"Dry","Clear"
"T20190003661","25/2/19",13:15:00,"Collision with vehicle","Monday","Day",2,4,"Cross intersection",2,60,"BRIMBANK","METROPOLITAN NORTH WEST REGION",-37.6991236,144.7805902,"Dry","Clear"
"T20190003664","25/2/19",15:55:00,"Collision with vehicle","Monday","Day",2,5,"T intersection",2,80,"MAROONDAH","METROPOLITAN SOUTH EAST REGION",-37.79123636,145.2632183,"Dry","Clear"
"T20190003665","25/2/19",13:15:00,"Collision with vehicle","Monday","Day",3,1,"Not at intersection",2,40,"BRIMBANK","METROPOLITAN NORTH WEST REGION",-37.74304195,144.7991758,"Dry","Clear"
"T20190003667","23/2/19",21:45:00,"Collision with vehicle","Saturday","Dark Street lights unknown",2,2,"Not at intersection",3,999,"HUME","METROPOLITAN NORTH WEST REGION",-37.63295956,144.8817865,"Unknown","Clear"
"T20190003669","25/2/19",16:25:00,"Collision with vehicle","Monday","Day",2,4,"Cross intersection",3,60,"BENALLA","NORTH EASTERN REGION",-36.55617971,145.9715333,"Dry","Clear"
"T20190003670","25/2/19",16:00:00,"Collision with vehicle","Monday","Day",2,4,"T intersection",3,60,"MONASH","METROPOLITAN SOUTH EAST REGION",-37.91814495,145.1210757,"Dry","Clear"
"T20190003671","25/2/19",17:05:00,"Collision with vehicle","Monday","Day",2,2,"Not at intersection",3,80,"BENALLA","NORTH EASTERN REGION",-36.5413294,146.0145596,"Dry","Clear"
"T20190003672","25/2/19",17:30:00,"Struck Pedestrian","Monday","Day",1,2,"Not at intersection",2,60,"FRANKSTON","METROPOLITAN SOUTH EAST REGION",-38.17465545,145.1476408,"Dry","Clear"
"T20190003674","25/2/19",16:45:00,"Collision with vehicle","Monday","Day",2,4,"Not at intersection",3,100,"SOUTH GIPPSLAND","EASTERN REGION",-38.38919139,145.992014,"Dry","Clear"
"T20190003676","25/2/19",16:20:00,"Collision with vehicle","Monday","Day",2,2,"T intersection",3,80,"MITCHELL","NORTHERN REGION",-37.0297806,145.1041988,"Dry","Clear"
"T20190003677","12/2/19",19:30:00,"Collision with vehicle","Tuesday","Unknown",2,2,"T intersection",3,70,"WHITTLESEA","METROPOLITAN NORTH WEST REGION",-37.64813528,144.9915053,"Dry","Not known"
"T20190003680","24/2/19",09:00:00,"No collision and no object struck","Sunday","Day",1,1,"Not at intersection",2,100,"BULOKE","NORTHERN REGION",-36.27511689,143.3902213,"Dry","Clear"
"T20190003682","25/2/19",17:30:00,"Collision with vehicle","Monday","Day",4,4,"Not at intersection",3,60,"MELBOURNE","METROPOLITAN NORTH WEST REGION",-37.7854797,144.959306,"Dry","Clear"
"T20190003683","25/2/19",17:25:00,"Collision with vehicle","Monday","Day",2,3,"Not at intersection",3,100,"GOLDEN PLAINS","SOUTH WESTERN REGION",-37.77399852,143.7740777,"Dry","Clear"
"T20190003685","25/2/19",17:20:00,"Collision with a fixed object","Monday","Day",1,1,"Not at intersection",3,100,"GOLDEN PLAINS","SOUTH WESTERN REGION",-37.77399238,143.7740838,"Dry","Clear"
"T20190003686","25/2/19",15:49:00,"Collision with vehicle","Monday","Day",2,3,"T intersection",2,60,"CASEY","METROPOLITAN SOUTH EAST REGION",-38.1127158,145.2807568,"Dry","Clear"
"T20190003688","25/2/19",15:40:00,"Collision with vehicle","Monday","Day",4,5,"Not at intersection",3,50,"CASEY","METROPOLITAN SOUTH EAST REGION",-38.09765493,145.279641,"Dry","Not known"
"T20190003689","25/2/19",18:15:00,"Collision with vehicle","Monday","Day",2,2,"T intersection",2,80,"CASEY","METROPOLITAN SOUTH EAST REGION",-38.06858526,145.2679268,"Dry","Clear"
"T20190003690","25/2/19",17:00:00,"Collision with vehicle","Monday","Day",2,3,"T intersection",2,70,"MORNINGTON PENINSULA","METROPOLITAN SOUTH EAST REGION",-38.30305282,145.1836217,"Dry","Clear"
"T20190003691","22/2/19",18:00:00,"Collision with vehicle","Friday","Day",2,3,"Cross intersection",3,50,"EAST GIPPSLAND","EASTERN REGION",-37.82458249,147.6315121,"Dry","Clear"
"T20190003693","25/2/19",22:20:00,"Collision with vehicle","Monday","Dark Street lights on",3,4,"T intersection",2,60,"BRIMBANK","METROPOLITAN NORTH WEST REGION",-37.79591635,144.8302937,"Dry","Clear"
"T20190003695","25/2/19",16:30:00,"Collision with vehicle","Monday","Day",4,4,"Not at intersection",1,100,"MORNINGTON PENINSULA","METROPOLITAN SOUTH EAST REGION",-38.22384121,145.2371118,"Dry","Clear"
"T20190003697","25/2/19",23:30:00,"Fall from or in moving vehicle","Monday","Dark Street lights on",1,2,"Not at intersection",2,50,"BALLARAT","WESTERN REGION",-37.52555123,143.7971297,"Dry","Clear"
"T20190003700","25/2/19",20:51:00,"Collision with a fixed object","Monday","Dark Street lights on",2,3,"Not at intersection",2,50,"MELTON","METROPOLITAN NORTH WEST REGION",-37.6905587,144.5745661,"Dry","Clear"
"T20190003701","24/2/19",23:15:00,"Struck Pedestrian","Sunday","Dark Street lights on",1,2,"Not at intersection",2,40,"MELBOURNE","METROPOLITAN NORTH WEST REGION",-37.81860414,144.981747,"Dry","Clear"