"ACCIDENT_NO","ACCIDENTDATE","ACCIDENTTIME","Accident Type Desc","Day Week Description","Light Condition Desc","NO_OF_VEHICLES","NO_PERSONS","Road Geometry Desc","SEVERITY","SPEED_ZONE","LGA_NAME","REGION_NAME","Lat","Long","Surface Cond Desc","Atmosph Cond Desc"
"T20190003703","25/2/19",22:35:00,"Collision with vehicle","Monday","Dark Street lights on",3,4,"Multiple intersection",3,60,"WHITTLESEA","METROPOLITAN NORTH WEST REGION",-37.68628216,145.0023367,"Dry","Clear"
"T20190003708","26/2/19",06:53:00,"Collision with vehicle","Tuesday","Day",3,3,"Not at intersection",2,70,"MELTON","METROPOLITAN NORTH WEST REGION",-37.68239401,144.6182201,"Dry","Clear"
"T20190003709","26/2/19",05:45:00,"Collision with vehicle","Tuesday","Dark Street lights on",2,2,"Not at intersection",2,60,"KINGSTON","METROPOLITAN SOUTH EAST REGION",-38.03944864,145.1090237,"Dry","Clear"
"T20190003710","24/2/19",14:22:00,"Vehicle overturned (no collision)","Sunday","Day",1,1,"Not at intersection",3,60,"CARDINIA","METROPOLITAN SOUTH EAST REGION",-37.91557001,145.5005299,"Dry","Clear"
"T20190003713","26/2/19",08:45:00,"Collision with vehicle","Tuesday","Day",2,2,"T intersection",3,60,"BALLARAT","WESTERN REGION",-37.57367971,143.8285575,"Dry","Clear"
"T20190003717","26/2/19",07:15:00,"Collision with vehicle","Tuesday","Day",2,2,"Not at intersection",3,100,"KINGSTON","METROPOLITAN SOUTH EAST REGION",-38.05065957,145.1440419,"Dry","Clear"
"T20190003719","26/2/19",07:30:00,"Collision with vehicle","Tuesday","Day",2,2,"T intersection",3,40,"YARRA","METROPOLITAN NORTH WEST REGION",-37.80418038,144.9738236,"Dry","Clear"
"T20190003721","26/2/19",09:50:00,"Struck Pedestrian","Tuesday","Day",1,2,"Not at intersection",2,70,"MONASH","METROPOLITAN SOUTH EAST REGION",-37.88941963,145.1640466,"Dry","Clear"
"T20190003725","26/2/19",07:00:00,"Vehicle overturned (no collision)","Tuesday","Day",1,1,"Not at intersection",3,100,"LODDON","NORTHERN REGION",-36.32930511,143.9746741,"Dry","Clear"
"T20190003726","25/2/19",13:50:00,"Collision with vehicle","Monday","Day",3,3,"T intersection",3,60,"DANDENONG","METROPOLITAN SOUTH EAST REGION",-37.990841,145.198761,"Dry","Clear"
"T20190003728","26/2/19",09:45:00,"Collision with vehicle","Tuesday","Day",2,2,"T intersection",3,80,"SWAN HILL","NORTHERN REGION",-35.18530773,143.3771935,"Dry","Clear"
"T20190003732","26/2/19",08:52:00,"Struck Pedestrian","Tuesday","Day",1,2,"T intersection",3,40,"HUME","METROPOLITAN NORTH WEST REGION",-37.6793962,144.9284913,"Dry","Clear"
"T20190003736","26/2/19",12:30:00,"Collision with vehicle","Tuesday","Day",2,3,"Not at intersection",2,60,"MOYNE","SOUTH WESTERN REGION",-38.03099783,141.9981031,"Dry","Clear"
"T20190003737","26/2/19",11:52:00,"Struck Pedestrian","Tuesday","Day",1,2,"T intersection",1,60,"GEELONG","SOUTH WESTERN REGION",-38.11695569,144.3422102,"Dry","Clear"
"T20190003738","26/2/19",10:15:00,"Collision with vehicle","Tuesday","Day",2,3,"Not at intersection",2,60,"GEELONG","SOUTH WESTERN REGION",-38.18584758,144.3709001,"Dry","Clear"
"T20190003740","26/2/19",12:55:00,"Collision with vehicle","Tuesday","Day",2,2,"Not at intersection",3,40,"MELBOURNE","METROPOLITAN NORTH WEST REGION",-37.80963842,144.9610454,"Dry","Clear"
"T20190003744","26/2/19",14:00:00,"Collision with vehicle","Tuesday","Day",2,1,"T intersection",3,50,"WHITTLESEA","METROPOLITAN NORTH WEST REGION",-37.68928809,145.0494501,"Dry","Clear"
"T20190003747","26/2/19",14:30:00,"Collision with vehicle","Tuesday","Day",2,3,"Cross intersection",2,60,"MELBOURNE","METROPOLITAN NORTH WEST REGION",-37.80927688,144.9493903,"Dry","Clear"
"T20190003748","26/2/19",12:46:00,"Collision with vehicle","Tuesday","Day",2,3,"Cross intersection",2,80,"MONASH","METROPOLITAN SOUTH EAST REGION",-37.91641512,145.140551,"Dry","Clear"
"T20190003749","26/2/19",15:05:00,"Collision with vehicle","Tuesday","Day",2,2,"Not at intersection",3,80,"DANDENONG","METROPOLITAN SOUTH EAST REGION",-38.01112262,145.1740304,"Dry","Clear"
"T20190003753","26/2/19",17:20:00,"Collision with vehicle","Tuesday","Day",2,2,"Cross intersection",3,50,"DAREBIN","METROPOLITAN NORTH WEST REGION",-37.77170884,145.0193475,"Dry","Clear"
"T20190003754","26/2/19",17:15:00,"Collision with vehicle","Tuesday","Day",2,2,"T intersection",2,80,"GLEN EIRA","METROPOLITAN SOUTH EAST REGION",-37.88459933,145.0609302,"Dry","Clear"
"T20190003755","26/2/19",08:30:00,"Collision with vehicle","Tuesday","Day",2,2,"Cross intersection",3,60,"GEELONG","SOUTH WESTERN REGION",-38.15774423,144.3728017,"Dry","Clear"
"T20190003756","26/2/19",16:20:00,"Collision with vehicle","Tuesday","Day",2,2,"T intersection",2,60,"KINGSTON","METROPOLITAN SOUTH EAST REGION",-37.98259352,145.0741132,"Dry","Clear"
"T20190003758","26/2/19",14:00:00,"collision with some other object","Tuesday","Day",1,1,"Not at intersection",2,100,"TOWONG","NORTH EASTERN REGION",-36.70876978,147.4485188,"Dry","Clear"
"T20190003762","26/2/19",16:35:00,"Collision with vehicle","Tuesday","Day",2,2,"Cross intersection",2,60,"MANNINGHAM","METROPOLITAN SOUTH EAST REGION",-37.79113658,145.1615905,"Dry","Clear"
"T20190003763","26/2/19",17:15:00,"Vehicle overturned (no collision)","Tuesday","Day",2,2,"T intersection",3,40,"MELBOURNE","METROPOLITAN NORTH WEST REGION",-37.81125647,144.9657784,"Dry","Clear"
"T20190003764","24/2/19",13:45:00,"Collision with vehicle","Sunday","Day",2,2,"Cross intersection",3,80,"CASEY","METROPOLITAN SOUTH EAST REGION",-38.02633203,145.3068557,"Dry","Clear"
"T20190003766","26/2/19",17:30:00,"Collision with vehicle","Tuesday","Day",2,2,"T intersection",3,60,"HUME","METROPOLITAN NORTH WEST REGION",-37.57448857,144.713095,"Dry","Clear"
"T20190003767","26/2/19",20:30:00,"Collision with vehicle","Tuesday","Dark Street lights on",3,3,"Not at intersection",3,50,"DAREBIN","METROPOLITAN NORTH WEST REGION",-37.77111987,145.0114777,"Dry","Clear"
"T20190003768","26/2/19",17:10:00,"Collision with vehicle","Tuesday","Day",3,3,"Not at intersection",3,80,"DANDENONG","METROPOLITAN SOUTH EAST REGION",-38.01360052,145.1737993,"Dry","Clear"
"T20190003769","26/2/19",14:30:00,"Collision with vehicle","Tuesday","Day",4,2,"Not at intersection",3,60,"MARIBYRNONG","METROPOLITAN NORTH WEST REGION",-37.78543685,144.854725,"Dry","Clear"
"T20190003774","26/2/19",06:15:00,"Collision with vehicle","Tuesday","Dusk/Dawn",2,3,"Cross intersection",2,60,"HUME","METROPOLITAN NORTH WEST REGION",-37.61643337,144.9134234,"Dry","Clear"
"T20190003777","27/2/19",04:30:00,"Collision with a fixed object","Wednesday","Dark Street lights on",1,2,"T intersection",2,60,"MOONEE VALLEY","METROPOLITAN NORTH WEST REGION",-37.77057787,144.8656437,"Dry","Clear"
"T20190003778","12/2/19",15:26:00,"Struck Pedestrian","Tuesday","Day",1,2,"Not at intersection",3,40,"DANDENONG","METROPOLITAN SOUTH EAST REGION",-37.99038035,145.2254794,"Dry","Clear"
"T20190003781","22/2/19",17:25:00,"Collision with vehicle","Friday","Day",2,2,"T intersection",3,60,"MORELAND","METROPOLITAN NORTH WEST REGION",-37.75980916,144.9446598,"Dry","Clear"
"T20190003785","27/2/19",08:01:00,"Collision with vehicle","Wednesday","Day",2,3,"Cross intersection",3,100,"MOIRA","NORTH EASTERN REGION",-36.06910607,145.4504748,"Dry","Clear"
"T20190003786","25/2/19",18:00:00,"collision with some other object","Monday","Day",1,1,"Not at intersection",3,888,"MURRINDINDI","NORTH EASTERN REGION",-37.27380588,145.6149437,"Dry","Dust"
"T20190003789","27/2/19",10:01:00,"Struck Pedestrian","Wednesday","Day",1,2,"Not at intersection",3,40,"MELBOURNE","METROPOLITAN NORTH WEST REGION",-37.81901052,144.9584102,"Dry","Clear"
"T20190003795","27/2/19",06:33:00,"Collision with vehicle","Wednesday","Dusk/Dawn",2,2,"Cross intersection",2,80,"BANYULE","METROPOLITAN NORTH WEST REGION",-37.6884215,145.0665558,"Dry","Clear"
"T20190003796","26/2/19",18:21:00,"Collision with vehicle","Tuesday","Day",2,2,"Cross intersection",3,60,"MELBOURNE","METROPOLITAN NORTH WEST REGION",-37.82329191,144.9784939,"Unknown","Not known"
"T20190003797","18/2/19",15:15:00,"Collision with vehicle","Monday","Day",2,2,"Multiple intersection",3,60,"DAREBIN","METROPOLITAN NORTH WEST REGION",-37.71814976,145.0214503,"Dry","Clear"
"T20190003799","27/2/19",09:34:00,"Collision with a fixed object","Wednesday","Day",1,1,"Not at intersection",3,80,"CASEY","METROPOLITAN SOUTH EAST REGION",-38.01416938,145.2901083,"Dry","Clear"
"T20190003800","26/2/19",15:47:00,"Collision with a fixed object","Tuesday","Day",1,1,"Not at intersection",3,100,"ALPINE","NORTH EASTERN REGION",-36.62435279,146.8326248,"Dry","Clear"
"T20190003801","12/2/19",08:30:00,"Collision with vehicle","Tuesday","Day",2,2,"Cross intersection",3,40,"HOBSONS BAY","METROPOLITAN NORTH WEST REGION",-37.82958381,144.8842824,"Unknown","Not known"
"T20190003802","27/2/19",11:26:00,"Collision with vehicle","Wednesday","Day",2,2,"Not at intersection",2,80,"WHITTLESEA","METROPOLITAN NORTH WEST REGION",-37.59500546,145.0456806,"Dry","Clear"
"T20190003803","18/2/19",10:15:00,"Collision with vehicle","Monday","Day",2,3,"Not at intersection",2,60,"BAW BAW","EASTERN REGION",-38.16665874,145.9422802,"Dry","Not known"
"T20190003804","27/2/19",12:35:00,"Collision with a fixed object","Wednesday","Day",1,2,"T intersection",3,110,"MELTON","METROPOLITAN NORTH WEST REGION",-37.70261379,144.6211029,"Dry","Clear"
"T20190003806","27/2/19",12:00:00,"Collision with vehicle","Wednesday","Day",2,2,"T intersection",3,100,"SOUTH GIPPSLAND","EASTERN REGION",-38.70268286,146.0871188,"Dry","Clear"
"T20190003806","27/2/19",12:00:00,"Collision with vehicle","Wednesday","Day",2,2,"T intersection",3,100,"SOUTH GIPPSLAND","EASTERN REGION",-38.70268286,146.0871188,"Dry","Strong winds"
"T20190003807","27/2/19",08:25:00,"Collision with vehicle","Wednesday","Day",2,5,"T intersection",2,100,"BASS COAST","EASTERN REGION",-38.3820144,145.5527078,"Dry","Clear"
"T20190003808","27/2/19",07:35:00,"Collision with vehicle","Wednesday","Day",2,2,"Cross intersection",3,50,"MORELAND","METROPOLITAN NORTH WEST REGION",-37.77146279,144.9605426,"Unknown","Clear"
"T20190003809","27/2/19",12:20:00,"Collision with vehicle","Wednesday","Day",2,2,"T intersection",2,60,"MORNINGTON PENINSULA","METROPOLITAN SOUTH EAST REGION",-38.32887459,144.9807324,"Dry","Clear"
"T20190003810","18/2/19",17:00:00,"Collision with vehicle","Monday","Day",2,5,"Cross intersection",3,999,"YARRA RANGES","METROPOLITAN SOUTH EAST REGION",-37.7610711,145.334325,"Dry","Clear"
"T20190003812","27/2/19",10:15:00,"Struck Pedestrian","Wednesday","Day",1,3,"Cross intersection",3,60,"HOBSONS BAY","METROPOLITAN NORTH WEST REGION",-37.8686903,144.7779294,"Dry","Clear"
"T20190003813","22/2/19",22:00:00,"Collision with a fixed object","Friday","Dark No street lights",1,2,"Not at intersection",2,999,"MURRINDINDI","NORTH EASTERN REGION",-37.24040649,145.3271953,"Dry","Clear"
"T20190003816","27/2/19",14:00:00,"Collision with a fixed object","Wednesday","Day",1,1,"Not at intersection",2,100,"GOLDEN PLAINS","SOUTH WESTERN REGION",-37.60968159,143.7364906,"Dry","Clear"
"T20190003817","27/2/19",14:10:00,"Collision with vehicle","Wednesday","Day",2,3,"Cross intersection",3,60,"GEELONG","SOUTH WESTERN REGION",-38.11547038,144.6566465,"Dry","Clear"
"T20190003818","27/2/19",13:49:00,"Collision with vehicle","Wednesday","Day",2,3,"Not at intersection",2,100,"DANDENONG","METROPOLITAN SOUTH EAST REGION",-38.04598012,145.1428595,"Dry","Clear"
"T20190003819","27/2/19",13:09:00,"Collision with vehicle","Wednesday","Day",2,2,"Not at intersection",3,100,"HORSHAM","WESTERN REGION",-36.96421881,142.1616905,"Dry","Clear"
"T20190003823","27/2/19",16:30:00,"Collision with vehicle","Wednesday","Day",2,3,"T intersection",3,80,"WODONGA","NORTH EASTERN REGION",-36.1068492,146.8379326,"Dry","Clear"
"T20190003825","27/2/19",15:20:00,"Collision with vehicle","Wednesday","Day",2,2,"T intersection",3,40,"DAREBIN","METROPOLITAN NORTH WEST REGION",-37.75419472,145.0013339,"Dry","Clear"
"T20190003827","27/2/19",16:43:00,"Collision with vehicle","Wednesday","Day",2,2,"Cross intersection",3,60,"MELTON","METROPOLITAN NORTH WEST REGION",-37.72979099,144.74506,"Dry","Clear"
"T20190003828","27/2/19",17:00:00,"Collision with vehicle","Wednesday","Day",2,2,"Cross intersection",3,50,"SOUTHERN GRAMPIANS","SOUTH WESTERN REGION",-37.73278217,142.0324794,"Dry","Clear"
"T20190003829","27/2/19",16:50:00,"Collision with vehicle","Wednesday","Day",4,6,"T intersection",3,80,"MORNINGTON PENINSULA","METROPOLITAN SOUTH EAST REGION",-38.21446973,145.1131401,"Dry","Clear"
"T20190003831","27/2/19",15:55:00,"Collision with vehicle","Wednesday","Day",2,3,"Cross intersection",3,50,"KINGSTON","METROPOLITAN SOUTH EAST REGION",-37.93560571,145.132262,"Dry","Clear"
"T20190003833","27/2/19",14:55:00,"Collision with vehicle","Wednesday","Day",2,3,"T intersection",3,80,"CASEY","METROPOLITAN SOUTH EAST REGION",-38.10358378,145.282252,"Dry","Clear"
"T20190003835","27/2/19",17:55:00,"Collision with a fixed object","Wednesday","Day",1,1,"Not at intersection",3,100,"GLENELG","SOUTH WESTERN REGION",-38.2630698,141.4874881,"Dry","Clear"
"T20190003837","27/2/19",17:35:00,"Collision with vehicle","Wednesday","Day",3,5,"Not at intersection",2,80,"FRANKSTON","METROPOLITAN SOUTH EAST REGION",-38.15417294,145.1848592,"Dry","Clear"
"T20190003838","27/2/19",18:10:00,"Collision with vehicle","Wednesday","Unknown",2,2,"T intersection",3,999,"MARIBYRNONG","METROPOLITAN NORTH WEST REGION",-37.82245298,144.8816241,"Unknown","Not known"
"T20190003839","27/2/19",17:30:00,"Collision with vehicle","Wednesday","Day",2,3,"Y intersection",3,60,"MANNINGHAM","METROPOLITAN SOUTH EAST REGION",-37.78457795,145.2076924,"Dry","Clear"
"T20190003840","27/2/19",17:45:00,"Collision with vehicle","Wednesday","Day",2,2,"T intersection",2,50,"GEELONG","SOUTH WESTERN REGION",-38.023499,144.4010572,"Dry","Clear"
"T20190003841","27/2/19",15:00:00,"Collision with vehicle","Wednesday","Day",2,2,"T intersection",3,70,"DANDENONG","METROPOLITAN SOUTH EAST REGION",-37.96296276,145.2247805,"Dry","Clear"
"T20190003842","27/2/19",19:45:00,"collision with some other object","Wednesday","Dusk/Dawn",2,2,"Not at intersection",2,60,"BAYSIDE","METROPOLITAN SOUTH EAST REGION",-37.95277875,145.0043822,"Dry","Clear"
"T20190003844","27/2/19",19:39:00,"Collision with vehicle","Wednesday","Day",2,3,"T intersection",2,50,"CASEY","METROPOLITAN SOUTH EAST REGION",-37.98724084,145.2353424,"Dry","Clear"
"T20190003845","27/2/19",17:35:00,"Collision with vehicle","Wednesday","Day",2,2,"Multiple intersection",2,80,"BRIMBANK","METROPOLITAN NORTH WEST REGION",-37.77029191,144.7959993,"Dry","Clear"
"T20190003847","15/2/19",15:25:00,"Struck Pedestrian","Friday","Day",1,2,"Not at intersection",3,60,"MELBOURNE","METROPOLITAN NORTH WEST REGION",-37.80714699,144.9674705,"Dry","Clear"
"T20190003850","27/2/19",16:30:00,"Collision with vehicle","Wednesday","Day",2,2,"Cross intersection",3,60,"BANYULE","METROPOLITAN NORTH WEST REGION",-37.75281731,145.0503062,"Dry","Clear"
"T20190003852","27/2/19",19:00:00,"Collision with vehicle","Wednesday","Dusk/Dawn",2,3,"Cross intersection",3,60,"MARIBYRNONG","METROPOLITAN NORTH WEST REGION",-37.82026528,144.8821318,"Dry","Clear"
"T20190003853","23/2/19",19:15:00,"Collision with vehicle","Saturday","Day",2,4,"Cross intersection",3,80,"YARRA RANGES","METROPOLITAN SOUTH EAST REGION",-37.76050588,145.3281651,"Dry","Clear"
"T20190003854","27/2/19",19:30:00,"Collision with vehicle","Wednesday","Dusk/Dawn",2,3,"Not at intersection",2,60,"BANYULE","METROPOLITAN NORTH WEST REGION",-37.75782339,145.0583144,"Dry","Not known"
"T20190003862","27/2/19",06:50:00,"Collision with vehicle","Wednesday","Dusk/Dawn",2,2,"Cross intersection",3,50,"WARRNAMBOOL","SOUTH WESTERN REGION",-38.38158295,142.4791037,"Dry","Clear"
"T20190003863","28/2/19",03:14:00,"Collision with a fixed object","Thursday","Dark Street lights on",1,1,"Cross intersection",3,70,"BRIMBANK","METROPOLITAN NORTH WEST REGION",-37.75258548,144.7776987,"Dry","Clear"
"T20190003864","23/2/19",09:31:00,"Collision with vehicle","Saturday","Day",2,2,"T intersection",3,50,"GEELONG","SOUTH WESTERN REGION",-38.14549632,144.3473415,"Dry","Clear"
"T20190003866","28/2/19",05:24:00,"Collision with a fixed object","Thursday","Dark Street lights on",1,1,"Not at intersection",2,100,"MORNINGTON PENINSULA","METROPOLITAN SOUTH EAST REGION",-38.25487557,145.0791593,"Dry","Clear"
"T20190003867","28/2/19",07:45:00,"Struck Pedestrian","Thursday","Day",1,2,"T intersection",3,60,"MONASH","METROPOLITAN SOUTH EAST REGION",-37.89424905,145.0879661,"Dry","Clear"
"T20190003871","28/2/19",05:07:00,"Collision with vehicle","Thursday","Dark Street lights on",2,2,"Multiple intersection",2,60,"MELBOURNE","METROPOLITAN NORTH WEST REGION",-37.80953958,144.9340754,"Dry","Clear"
"T20190003873","28/2/19",06:35:00,"No collision and no object struck","Thursday","Dusk/Dawn",2,3,"Not at intersection",3,50,"SWAN HILL","NORTHERN REGION",-34.58700029,142.7782003,"Dry","Clear"
"T20190003874","21/2/19",20:50:00,"Collision with vehicle","Thursday","Day",3,3,"Not at intersection",3,60,"BOROONDARA","METROPOLITAN SOUTH EAST REGION",-37.84544955,145.0540263,"Dry","Clear"
"T20190003876","28/2/19",08:00:00,"Collision with a fixed object","Thursday","Day",1,1,"Not at intersection",3,100,"BENALLA","NORTH EASTERN REGION",-36.47061014,146.0029097,"Dry","Clear"
"T20190003877","28/2/19",07:45:00,"Collision with vehicle","Thursday","Day",2,2,"Not at intersection",3,80,"GEELONG","SOUTH WESTERN REGION",-38.17484707,144.4628446,"Dry","Clear"
"T20190003878","28/2/19",07:45:00,"Collision with vehicle","Thursday","Day",2,2,"Cross intersection",3,60,"BALLARAT","WESTERN REGION",-37.56917643,143.8459107,"Dry","Clear"
"T20190003879","28/2/19",07:00:00,"Collision with vehicle","Thursday","Dusk/Dawn",3,3,"Not at intersection",3,100,"BRIMBANK","METROPOLITAN NORTH WEST REGION",-37.78602102,144.7890443,"Dry","Clear"
"T20190003880","26/2/19",15:45:00,"Collision with vehicle","Tuesday","Day",2,2,"T intersection",3,999,"CASEY","METROPOLITAN SOUTH EAST REGION",-38.05369981,145.3015106,"Icy","Clear"
"T20190003881","28/2/19",08:00:00,"Collision with vehicle","Thursday","Day",2,2,"Not at intersection",3,60,"BENDIGO","NORTHERN REGION",-36.75733304,144.2596413,"Dry","Clear"
"T20190003882","24/2/19",14:59:00,"Collision with vehicle","Sunday","Day",2,4,"T intersection",2,70,"WHITTLESEA","METROPOLITAN NORTH WEST REGION",-37.66802695,145.060602,"Dry","Clear"
"T20190003884","27/2/19",00:30:00,"Collision with vehicle","Wednesday","Dark Street lights on",2,2,"T intersection",3,50,"WYNDHAM","METROPOLITAN NORTH WEST REGION",-37.89068014,144.6678997,"Dry","Clear"
"T20190003886","28/2/19",11:08:00,"Collision with vehicle","Thursday","Day",2,3,"Not at intersection",3,60,"DAREBIN","METROPOLITAN NORTH WEST REGION",-37.74513212,145.0018772,"Dry","Clear"
"T20190003888","28/2/19",11:55:00,"Collision with vehicle","Thursday","Day",2,1,"Not at intersection",3,40,"BOROONDARA","METROPOLITAN SOUTH EAST REGION",-37.82371949,145.0351456,"Dry","Clear"
"T20190003889","28/2/19",10:09:00,"Collision with vehicle","Thursday","Day",2,2,"T intersection",2,80,"GEELONG","SOUTH WESTERN REGION",-38.16477332,144.4252022,"Dry","Clear"
"T20190003891","28/2/19",09:36:00,"Collision with vehicle","Thursday","Day",2,2,"T intersection",2,60,"DANDENONG","METROPOLITAN SOUTH EAST REGION",-37.96103418,145.1410304,"Dry","Clear"
"T20190003894","28/2/19",09:00:00,"Collision with a fixed object","Thursday","Day",1,1,"Not at intersection",1,999,"MACEDON RANGES","NORTHERN REGION",-37.31203051,144.5194484,"Dry","Clear"
"T20190003898","28/2/19",08:20:00,"Struck Pedestrian","Thursday","Day",1,2,"T intersection",1,50,"MAROONDAH","METROPOLITAN SOUTH EAST REGION",-37.80968948,145.2582826,"Dry","Clear"
"T20190003899","28/2/19",08:40:00,"Collision with vehicle","Thursday","Day",2,2,"T intersection",3,60,"MORELAND","METROPOLITAN NORTH WEST REGION",-37.77483291,144.9416463,"Dry","Clear"
"T20190003900","11/2/19",15:00:00,"Collision with vehicle","Monday","Day",2,2,"Not at intersection",3,60,"KINGSTON","METROPOLITAN SOUTH EAST REGION",-38.03810946,145.137962,"Dry","Clear"
"T20190003901","27/2/19",07:45:00,"Collision with vehicle","Wednesday","Day",2,2,"Cross intersection",3,60,"BOROONDARA","METROPOLITAN SOUTH EAST REGION",-37.79754784,145.0331618,"Dry","Clear"
"T20190003902","28/2/19",12:40:00,"Collision with vehicle","Thursday","Day",2,2,"T intersection",2,40,"YARRA","METROPOLITAN NORTH WEST REGION",-37.82438208,144.9981644,"Dry","Clear"
"T20190003903","12/2/19",15:30:00,"Collision with vehicle","Tuesday","Day",2,3,"Not at intersection",3,80,"FRANKSTON","METROPOLITAN SOUTH EAST REGION",-38.10680124,145.2321198,"Dry","Clear"
"T20190003905","27/2/19",13:50:00,"Collision with vehicle","Wednesday","Day",3,6,"T intersection",3,60,"WHITEHORSE","METROPOLITAN SOUTH EAST REGION",-37.83604881,145.1352987,"Dry","Clear"
"T20190003906","28/2/19",13:00:00,"Collision with vehicle","Thursday","Day",2,2,"T intersection",3,60,"MORELAND","METROPOLITAN NORTH WEST REGION",-37.74052925,144.9585463,"Dry","Clear"
"T20190003912","28/2/19",15:20:00,"Collision with vehicle","Thursday","Day",3,5,"Cross intersection",3,60,"STONNINGTON","METROPOLITAN SOUTH EAST REGION",-37.84928289,145.0123171,"Dry","Clear"
"T20190003913","8/2/19",13:00:00,"Collision with vehicle","Friday","Day",2,3,"Cross intersection",2,50,"STONNINGTON","METROPOLITAN SOUTH EAST REGION",-37.88388769,145.0580727,"Dry","Clear"
"T20190003914","26/2/19",17:50:00,"Collision with a fixed object","Tuesday","Day",3,2,"Not at intersection",2,30,"MELBOURNE","METROPOLITAN NORTH WEST REGION",-37.84714003,144.9795198,"Dry","Clear"
"T20190003919","28/2/19",15:05:00,"Collision with vehicle","Thursday","Day",2,1,"Not at intersection",2,40,"BOROONDARA","METROPOLITAN SOUTH EAST REGION",-37.84007963,145.0839067,"Dry","Clear"
"T20190003920","28/2/19",10:40:00,"Collision with vehicle","Thursday","Day",2,3,"Cross intersection",3,40,"MELBOURNE","METROPOLITAN NORTH WEST REGION",-37.78815849,144.9294826,"Dry","Not known"
"T20190003921","22/2/19",12:25:00,"Collision with vehicle","Friday","Day",2,2,"Not at intersection",3,60,"MOONEE VALLEY","METROPOLITAN NORTH WEST REGION",-37.74564139,144.9263123,"Dry","Not known"
"T20190003923","28/2/19",15:25:00,"Collision with vehicle","Thursday","Day",4,5,"Not at intersection",2,100,"CASEY","METROPOLITAN SOUTH EAST REGION",-38.03695874,145.3294121,"Dry","Clear"
"T20190003924","28/2/19",16:12:00,"Collision with vehicle","Thursday","Day",2,1,"Not at intersection",2,60,"GEELONG","SOUTH WESTERN REGION",-38.12865721,144.3505976,"Dry","Clear"
"T20190003925","28/2/19",13:30:00,"Struck Pedestrian","Thursday","Day",1,2,"Not at intersection",3,999,"STONNINGTON","METROPOLITAN SOUTH EAST REGION",-37.84951134,144.9947457,"Dry","Not known"
"T20190003926","28/2/19",18:44:00,"Struck Pedestrian","Thursday","Day",1,2,"Cross intersection",3,50,"MARIBYRNONG","METROPOLITAN NORTH WEST REGION",-37.81717858,144.8908171,"Dry","Clear"
"T20190003929","27/2/19",18:00:00,"Collision with a fixed object","Wednesday","Day",1,5,"Not at intersection",2,60,"CASEY","METROPOLITAN SOUTH EAST REGION",-38.10605942,145.3146454,"Dry","Clear"
"T20190003933","28/2/19",18:00:00,"Collision with vehicle","Thursday","Day",2,4,"Cross intersection",3,60,"MORELAND","METROPOLITAN NORTH WEST REGION",-37.77625165,144.9787259,"Unknown","Clear"
"T20190003934","28/2/19",14:45:00,"Collision with vehicle","Thursday","Day",2,2,"T intersection",2,80,"MONASH","METROPOLITAN SOUTH EAST REGION",-37.91727011,145.1470981,"Dry","Not known"
"T20190003935","28/2/19",16:15:00,"Struck Pedestrian","Thursday","Day",1,2,"T intersection",3,70,"MORELAND","METROPOLITAN NORTH WEST REGION",-37.70104271,144.9597991,"Dry","Clear"
"T20190003937","28/2/19",21:00:00,"Collision with vehicle","Thursday","Dark Street lights on",2,5,"Cross intersection",3,60,"MOIRA","NORTH EASTERN REGION",-36.01502123,146.0132886,"Dry","Clear"
"T20190003938","28/2/19",16:50:00,"Vehicle overturned (no collision)","Thursday","Day",1,1,"Not at intersection",3,60,"EAST GIPPSLAND","EASTERN REGION",-37.81570561,147.6169502,"Dry","Clear"
"T20190003939","28/2/19",20:30:00,"Collision with vehicle","Thursday","Dark Street lights on",2,3,"Not at intersection",3,60,"GEELONG","SOUTH WESTERN REGION",-38.16391863,144.3619806,"Dry","Clear"
"T20190003940","27/2/19",06:36:00,"Struck Pedestrian","Wednesday","Dusk/Dawn",1,2,"T intersection",2,80,"MAROONDAH","METROPOLITAN SOUTH EAST REGION",-37.78669004,145.2753466,"Dry","Clear"
"T20190003941","27/2/19",23:34:00,"Collision with vehicle","Wednesday","Dark No street lights",3,3,"T intersection",2,100,"LATROBE","EASTERN REGION",-38.23733366,146.3515185,"Unknown","Not known"
"T20190003943","1/3/19",00:38:00,"Collision with vehicle","Friday","Dark Street lights on",2,4,"Cross intersection",2,80,"WHITEHORSE","METROPOLITAN SOUTH EAST REGION",-37.85274481,145.1519215,"Dry","Clear"
"T20190003944","1/3/19",00:55:00,"Struck Pedestrian","Friday","Dark Street lights on",1,2,"Cross intersection",1,60,"MORELAND","METROPOLITAN NORTH WEST REGION",-37.70634813,144.9161576,"Dry","Clear"
"T20190003945","1/3/19",01:10:00,"Struck Pedestrian","Friday","Dark Street lights on",1,2,"Not at intersection",3,40,"MONASH","METROPOLITAN SOUTH EAST REGION",-37.8996532,145.0879762,"Dry","Clear"
"T20190003947","28/2/19",23:20:00,"Collision with vehicle","Thursday","Dark Street lights on",2,2,"T intersection",2,80,"BAYSIDE","METROPOLITAN SOUTH EAST REGION",-37.92550632,145.0268386,"Dry","Clear"
"T20190003948","1/3/19",05:34:00,"Struck Pedestrian","Friday","Dark Street lights on",1,2,"T intersection",2,50,"DANDENONG","METROPOLITAN SOUTH EAST REGION",-37.96173778,145.1806385,"Dry","Clear"