"ACCIDENT_NO","ACCIDENTDATE","ACCIDENTTIME","Accident Type Desc","Day Week Description","Light Condition Desc","NO_OF_VEHICLES","NO_PERSONS","Road Geometry Desc","SEVERITY","SPEED_ZONE","LGA_NAME","REGION_NAME","Lat","Long","Surface Cond Desc","Atmosph Cond Desc"
"T20190003949","1/3/19",05:08:00,"Struck Pedestrian","Friday","Dark Street lights on",1,3,"Not at intersection",3,999,"MELBOURNE","METROPOLITAN NORTH WEST REGION",-37.80610022,144.962992,"Dry","Not known"
"T20190003951","24/2/19",12:00:00,"Fall from or in moving vehicle","Sunday","Day",1,1,"Not at intersection",3,60,"WELLINGTON","EASTERN REGION",-38.43568648,146.7347784,"Dry","Clear"
"T20190003953","1/3/19",01:10:00,"Vehicle overturned (no collision)","Friday","Dark Street lights on",1,2,"Not at intersection",1,80,"WHITTLESEA","METROPOLITAN NORTH WEST REGION",-37.64689764,144.9774798,"Dry","Clear"
"T20190003954","1/3/19",07:50:00,"Collision with vehicle","Friday","Day",2,2,"Cross intersection",3,50,"DAREBIN","METROPOLITAN NORTH WEST REGION",-37.76721768,145.0177968,"Dry","Clear"
"T20190003956","1/3/19",07:55:00,"Collision with vehicle","Friday","Day",2,2,"Cross intersection",2,50,"STONNINGTON","METROPOLITAN SOUTH EAST REGION",-37.83800552,145.0077252,"Dry","Clear"
"T20190003957","1/3/19",07:20:00,"Collision with vehicle","Friday","Day",2,2,"Cross intersection",2,60,"KINGSTON","METROPOLITAN SOUTH EAST REGION",-37.99923398,145.0915242,"Dry","Clear"
"T20190003958","28/2/19",22:00:00,"Vehicle overturned (no collision)","Thursday","Dark No street lights",1,1,"Not at intersection",2,60,"BENALLA","NORTH EASTERN REGION",-36.5296912,146.0024408,"Dry","Clear"
"T20190003961","28/2/19",08:30:00,"Collision with vehicle","Thursday","Day",2,2,"Not at intersection",3,100,"FRANKSTON","METROPOLITAN SOUTH EAST REGION",-38.10294112,145.158387,"Dry","Clear"
"T20190003962","22/2/19",15:30:00,"Collision with vehicle","Friday","Day",4,4,"Cross intersection",3,80,"MAROONDAH","METROPOLITAN SOUTH EAST REGION",-37.83230349,145.2272974,"Dry","Clear"
"T20190003963","28/2/19",12:00:00,"Collision with vehicle","Thursday","Day",2,2,"T intersection",2,60,"YARRA RANGES","METROPOLITAN SOUTH EAST REGION",-37.89332592,145.3258391,"Dry","Not known"
"T20190003965","25/2/19",15:35:00,"Struck Pedestrian","Monday","Day",2,2,"Not at intersection",3,60,"BANYULE","METROPOLITAN NORTH WEST REGION",-37.71861983,145.113919,"Dry","Clear"
"T20190003967","1/3/19",10:40:00,"Collision with vehicle","Friday","Day",2,2,"Cross intersection",3,70,"MONASH","METROPOLITAN SOUTH EAST REGION",-37.91221207,145.1096063,"Dry","Clear"
"T20190003968","28/2/19",13:15:00,"Fall from or in moving vehicle","Thursday","Day",1,1,"T intersection",2,60,"YARRA RANGES","METROPOLITAN SOUTH EAST REGION",-37.63316554,145.5231063,"Dry","Clear"
"T20190003969","1/3/19",10:55:00,"Collision with vehicle","Friday","Day",2,3,"T intersection",2,60,"WODONGA","NORTH EASTERN REGION",-36.1376448,146.8824359,"Dry","Clear"
"T20190003971","1/3/19",07:50:00,"Collision with vehicle","Friday","Day",2,2,"T intersection",3,80,"FRANKSTON","METROPOLITAN SOUTH EAST REGION",-38.10925048,145.1611921,"Dry","Clear"
"T20190003973","1/3/19",12:40:00,"Struck Pedestrian","Friday","Day",1,2,"Not at intersection",3,40,"BENDIGO","NORTHERN REGION",-36.76059943,144.2824508,"Dry","Clear"
"T20190003975","1/3/19",10:10:00,"Fall from or in moving vehicle","Friday","Day",1,1,"Not at intersection",2,100,"NORTHERN GRAMPIANS","WESTERN REGION",-37.15426129,142.4858195,"Dry","Clear"
"T20190003976","1/3/19",12:18:00,"Collision with vehicle","Friday","Day",2,2,"Not at intersection",3,50,"MONASH","METROPOLITAN SOUTH EAST REGION",-37.88358332,145.1613694,"Dry","Clear"
"T20190003977","28/2/19",15:20:00,"Collision with vehicle","Thursday","Day",2,2,"T intersection",3,70,"BRIMBANK","METROPOLITAN NORTH WEST REGION",-37.72843077,144.803453,"Dry","Clear"
"T20190003979","1/3/19",11:40:00,"Collision with vehicle","Friday","Day",3,3,"Cross intersection",2,100,"WELLINGTON","EASTERN REGION",-38.38120528,146.7589671,"Dry","Clear"
"T20190003982","1/3/19",09:40:00,"Collision with vehicle","Friday","Day",2,2,"T intersection",2,80,"MARIBYRNONG","METROPOLITAN NORTH WEST REGION",-37.80835095,144.8745615,"Dry","Clear"
"T20190003983","1/3/19",12:25:00,"Collision with vehicle","Friday","Day",2,3,"Not at intersection",2,60,"WHITTLESEA","METROPOLITAN NORTH WEST REGION",-37.64917956,145.019685,"Dry","Clear"
"T20190003984","1/3/19",09:10:00,"Collision with vehicle","Friday","Day",2,2,"T intersection",2,100,"BASS COAST","EASTERN REGION",-38.3820144,145.5527078,"Dry","Clear"
"T20190003985","1/3/19",13:10:00,"Collision with vehicle","Friday","Day",2,2,"T intersection",3,60,"YARRA","METROPOLITAN NORTH WEST REGION",-37.8202202,145.014484,"Dry","Clear"
"T20190003990","1/3/19",10:25:00,"Collision with vehicle","Friday","Day",2,3,"Cross intersection",3,80,"WARRNAMBOOL","SOUTH WESTERN REGION",-38.35686125,142.5015512,"Dry","Clear"
"T20190003992","1/3/19",15:03:00,"Collision with vehicle","Friday","Day",2,3,"Cross intersection",2,70,"MACEDON RANGES","NORTHERN REGION",-37.34527929,144.7423484,"Dry","Clear"
"T20190003993","1/3/19",16:00:00,"Collision with vehicle","Friday","Unknown",2,2,"Not at intersection",3,999,"KINGSTON","METROPOLITAN SOUTH EAST REGION",-37.97330906,145.1198141,"Unknown","Not known"
"T20190003994","18/1/19",17:00:00,"Fall from or in moving vehicle","Friday","Day",1,2,"Not at intersection",3,100,"INDIGO","NORTH EASTERN REGION",-36.35853946,146.7535428,"Dry","Not known"
"T20190003996","1/3/19",16:10:00,"Collision with vehicle","Friday","Day",2,2,"T intersection",3,70,"DAREBIN","METROPOLITAN NORTH WEST REGION",-37.72898025,145.0175813,"Dry","Not known"
"T20190003999","28/2/19",21:50:00,"Struck Pedestrian","Thursday","Dark Street lights on",1,2,"Not at intersection",3,50,"MELBOURNE","METROPOLITAN NORTH WEST REGION",-37.78772987,144.9592678,"Dry","Clear"
"T20190004000","1/3/19",16:15:00,"Collision with vehicle","Friday","Day",2,3,"Cross intersection",3,80,"BAW BAW","EASTERN REGION",-38.08961585,145.8317047,"Dry","Clear"
"T20190004001","1/3/19",17:22:00,"Struck Pedestrian","Friday","Unknown",1,2,"Cross intersection",2,40,"DAREBIN","METROPOLITAN NORTH WEST REGION",-37.74100627,145.0308542,"Dry","Clear"
"T20190004002","1/3/19",17:25:00,"Fall from or in moving vehicle","Friday","Day",1,1,"Not at intersection",3,110,"STRATHBOGIE","NORTH EASTERN REGION",-36.59854023,145.3273506,"Dry","Clear"
"T20190004004","1/3/19",18:25:00,"Collision with vehicle","Friday","Day",2,2,"T intersection",3,70,"WHITTLESEA","METROPOLITAN NORTH WEST REGION",-37.66999309,145.066494,"Wet","Raining"
"T20190004006","1/3/19",15:00:00,"Collision with vehicle","Friday","Day",2,2,"Not at intersection",3,60,"KINGSTON","METROPOLITAN SOUTH EAST REGION",-37.95761875,145.0534098,"Dry","Clear"
"T20190004009","25/2/19",19:22:00,"Collision with vehicle","Monday","Day",2,2,"Cross intersection",3,80,"MILDURA","WESTERN REGION",-34.2400434,142.1554307,"Dry","Clear"
"T20190004012","1/3/19",20:41:00,"Collision with vehicle","Friday","Dark Street lights on",2,2,"T intersection",3,50,"SHEPPARTON","NORTH EASTERN REGION",-36.39791832,145.4194319,"Dry","Clear"
"T20190004014","1/3/19",18:33:00,"Collision with a fixed object","Friday","Day",2,3,"Not at intersection",3,60,"HUME","METROPOLITAN NORTH WEST REGION",-37.5983709,144.9357598,"Dry","Clear"
"T20190004016","1/3/19",23:55:00,"Collision with vehicle","Friday","Dark Street lights on",2,2,"Cross intersection",3,50,"WHITTLESEA","METROPOLITAN NORTH WEST REGION",-37.64895676,145.0299784,"Dry","Clear"
"T20190004018","1/3/19",17:50:00,"Vehicle overturned (no collision)","Friday","Day",1,1,"Not at intersection",3,80,"YARRA RANGES","METROPOLITAN SOUTH EAST REGION",-37.6594349,145.4629108,"Wet","Raining"
"T20190004025","2/3/19",02:30:00,"Collision with vehicle","Saturday","Dark Street lights on",2,2,"Not at intersection",3,60,"BANYULE","METROPOLITAN NORTH WEST REGION",-37.75046041,145.0707336,"Dry","Clear"
"T20190004026","2/3/19",04:45:00,"Collision with a fixed object","Saturday","Dark Street lights on",1,1,"Not at intersection",3,999,"HUME","METROPOLITAN NORTH WEST REGION",-37.63784506,144.9346938,"Dry","Not known"
"T20190004029","2/3/19",04:35:00,"Collision with vehicle","Saturday","Dark Street lights on",2,4,"T intersection",3,50,"YARRA RANGES","METROPOLITAN SOUTH EAST REGION",-37.78104598,145.3077401,"Dry","Clear"
"T20190004030","1/3/19",13:21:00,"Collision with vehicle","Friday","Day",2,2,"Cross intersection",3,60,"MONASH","METROPOLITAN SOUTH EAST REGION",-37.91009728,145.0902168,"Dry","Clear"
"T20190004031","2/3/19",07:55:00,"Collision with a fixed object","Saturday","Day",1,1,"Not at intersection",2,100,"EAST GIPPSLAND","EASTERN REGION",-37.91982712,147.2843681,"Dry","Clear"
"T20190004033","2/3/19",10:05:00,"Collision with vehicle","Saturday","Day",2,6,"Not at intersection",3,50,"WANGARATTA","NORTH EASTERN REGION",-36.35584053,146.3260106,"Dry","Clear"
"T20190004034","2/3/19",04:00:00,"Vehicle overturned (no collision)","Saturday","Dark No street lights",1,1,"Not at intersection",3,60,"INDIGO","NORTH EASTERN REGION",-36.04731457,146.4729347,"Dry","Clear"
"T20190004036","27/2/19",13:00:00,"Collision with vehicle","Wednesday","Day",4,4,"Cross intersection",3,60,"BOROONDARA","METROPOLITAN SOUTH EAST REGION",-37.81364798,145.0278838,"Dry","Not known"
"T20190004037","2/3/19",06:25:00,"Collision with vehicle","Saturday","Dusk/Dawn",5,1,"Not at intersection",3,70,"PORT PHILLIP","METROPOLITAN NORTH WEST REGION",-37.8598447,145.0063912,"Dry","Clear"
"T20190004038","2/3/19",06:45:00,"Collision with vehicle","Saturday","Dark Street lights on",2,1,"Not at intersection",3,60,"STONNINGTON","METROPOLITAN SOUTH EAST REGION",-37.84965055,145.002947,"Dry","Not known"
"T20190004039","2/3/19",12:05:00,"Collision with vehicle","Saturday","Day",2,2,"T intersection",2,50,"BANYULE","METROPOLITAN NORTH WEST REGION",-37.7241975,145.0614737,"Dry","Clear"
"T20190004040","2/3/19",08:40:00,"Struck Pedestrian","Saturday","Day",1,2,"T intersection",2,60,"WHITEHORSE","METROPOLITAN SOUTH EAST REGION",-37.79989028,145.1181235,"Dry","Clear"
"T20190004041","2/3/19",09:15:00,"Collision with vehicle","Saturday","Day",4,4,"Not at intersection",3,100,"GLENELG","SOUTH WESTERN REGION",-37.61475117,141.0333617,"Dry","Clear"
"T20190004041","2/3/19",09:15:00,"Collision with vehicle","Saturday","Day",4,4,"Not at intersection",3,100,"GLENELG","SOUTH WESTERN REGION",-37.61475117,141.0333617,"Dry","Strong winds"
"T20190004044","2/3/19",10:25:00,"Collision with vehicle","Saturday","Day",2,2,"Not at intersection",3,888,"MORELAND","METROPOLITAN NORTH WEST REGION",-37.70745003,144.9611697,"Dry","Clear"
"T20190004046","7/2/19",17:40:00,"Collision with vehicle","Thursday","Day",3,3,"Not at intersection",3,100,"CASEY","METROPOLITAN SOUTH EAST REGION",-38.00778949,145.3002316,"Dry","Clear"
"T20190004048","2/3/19",12:45:00,"Collision with vehicle","Saturday","Day",2,2,"Cross intersection",3,50,"WANGARATTA","NORTH EASTERN REGION",-36.35805308,146.3210019,"Dry","Clear"
"T20190004051","28/2/19",09:28:00,"Collision with vehicle","Thursday","Day",2,2,"T intersection",2,50,"WYNDHAM","METROPOLITAN NORTH WEST REGION",-37.91190737,144.7700178,"Dry","Clear"
"T20190004055","2/3/19",12:52:00,"Collision with vehicle","Saturday","Day",4,7,"Not at intersection",2,80,"KINGSTON","METROPOLITAN SOUTH EAST REGION",-37.94994226,145.0465849,"Dry","Clear"
"T20190004057","1/3/19",23:40:00,"Vehicle overturned (no collision)","Friday","Dark No street lights",1,1,"Not at intersection",2,80,"ALPINE","NORTH EASTERN REGION",-36.5752363,146.7098705,"Dry","Clear"
"T20190004058","2/3/19",12:00:00,"Collision with vehicle","Saturday","Day",3,4,"Cross intersection",3,999,"BRIMBANK","METROPOLITAN NORTH WEST REGION",-37.74354692,144.7938454,"Dry","Clear"
"T20190004062","2/3/19",16:30:00,"Vehicle overturned (no collision)","Saturday","Day",1,1,"Not at intersection",3,50,"MORNINGTON PENINSULA","METROPOLITAN SOUTH EAST REGION",-38.36012004,144.8998539,"Dry","Clear"
"T20190004065","2/3/19",13:30:00,"Collision with vehicle","Saturday","Day",2,2,"Not at intersection",3,110,"INDIGO","NORTH EASTERN REGION",-36.12978671,146.6487131,"Dry","Clear"
"T20190004067","2/3/19",16:30:00,"Collision with a fixed object","Saturday","Day",1,1,"Not at intersection",3,100,"SURF COAST","SOUTH WESTERN REGION",-38.23212,144.20585,"Dry","Clear"
"T20190004069","2/3/19",18:05:00,"Collision with vehicle","Saturday","Day",2,3,"Cross intersection",2,60,"MAROONDAH","METROPOLITAN SOUTH EAST REGION",-37.81458517,145.2310369,"Dry","Clear"
"T20190004070","2/3/19",16:50:00,"Vehicle overturned (no collision)","Saturday","Day",1,1,"Not at intersection",2,50,"MORNINGTON PENINSULA","METROPOLITAN SOUTH EAST REGION",-38.32564037,144.9929801,"Dry","Clear"
"T20190004074","2/3/19",17:50:00,"Collision with a fixed object","Saturday","Day",1,1,"T intersection",2,60,"WYNDHAM","METROPOLITAN NORTH WEST REGION",-37.87870254,144.6952611,"Dry","Clear"
"T20190004075","2/3/19",19:30:00,"Collision with vehicle","Saturday","Dusk/Dawn",4,4,"T intersection",2,70,"WYNDHAM","METROPOLITAN NORTH WEST REGION",-37.89793959,144.73328,"Dry","Clear"
"T20190004080","28/2/19",16:30:00,"Collision with vehicle","Thursday","Day",2,2,"Cross intersection",3,50,"YARRA","METROPOLITAN NORTH WEST REGION",-37.78465728,144.972688,"Unknown","Clear"
"T20190004081","2/3/19",21:00:00,"Vehicle overturned (no collision)","Saturday","Dark Street lights unknown",1,1,"Not at intersection",2,60,"WHITTLESEA","METROPOLITAN NORTH WEST REGION",-37.65098395,145.0141793,"Dry","Not known"
"T20190004084","2/3/19",22:53:00,"Collision with vehicle","Saturday","Dark Street lights on",2,2,"T intersection",3,60,"BRIMBANK","METROPOLITAN NORTH WEST REGION",-37.78613467,144.8430092,"Dry","Not known"
"T20190004088","2/3/19",23:33:00,"Fall from or in moving vehicle","Saturday","Dark Street lights on",1,7,"T intersection",2,60,"BENDIGO","NORTHERN REGION",-36.77265327,144.2745898,"Dry","Clear"
"T20190004090","3/3/19",03:00:00,"Collision with vehicle","Sunday","Dark Street lights on",3,3,"Not at intersection",3,50,"MORELAND","METROPOLITAN NORTH WEST REGION",-37.69569703,144.9243006,"Dry","Clear"
"T20190004091","2/3/19",10:00:00,"Collision with vehicle","Saturday","Day",2,2,"T intersection",2,100,"CARDINIA","METROPOLITAN SOUTH EAST REGION",-38.21165885,145.4684185,"Dry","Clear"
"T20190004096","3/3/19",10:25:00,"Collision with vehicle","Sunday","Day",2,3,"Not at intersection",3,70,"MELTON","METROPOLITAN NORTH WEST REGION",-37.74967522,144.7023909,"Dry","Clear"
"T20190004097","3/3/19",09:40:00,"Collision with vehicle","Sunday","Day",2,6,"T intersection",3,60,"DAREBIN","METROPOLITAN NORTH WEST REGION",-37.7409706,145.0324019,"Dry","Clear"
"T20190004098","2/3/19",11:00:00,"Collision with vehicle","Saturday","Day",2,2,"T intersection",3,50,"CASEY","METROPOLITAN SOUTH EAST REGION",-38.07575377,145.2727359,"Dry","Clear"
"T20190004099","3/3/19",11:14:00,"Collision with a fixed object","Sunday","Day",1,2,"Not at intersection",2,50,"GEELONG","SOUTH WESTERN REGION",-38.1225295,144.3239254,"Dry","Clear"
"T20190004100","3/3/19",10:16:00,"Collision with a fixed object","Sunday","Day",1,1,"Not at intersection",3,60,"MELBOURNE","METROPOLITAN NORTH WEST REGION",-37.81562818,144.9488533,"Dry","Clear"
"T20190004102","3/3/19",10:20:00,"Struck Pedestrian","Sunday","Day",1,2,"Not at intersection",3,60,"MORELAND","METROPOLITAN NORTH WEST REGION",-37.75666738,144.9655105,"Dry","Clear"
"T20190004103","3/3/19",00:30:00,"Vehicle overturned (no collision)","Sunday","Dark No street lights",1,1,"Not at intersection",2,100,"STRATHBOGIE","NORTH EASTERN REGION",-36.79146624,145.08417,"Dry","Clear"
"T20190004105","10/2/19",12:30:00,"Fall from or in moving vehicle","Sunday","Day",1,1,"Not at intersection",3,100,"(LAKE MOUNTAIN)","NORTH EASTERN REGION",-37.52585327,145.8449913,"Unknown","Not known"
"T20190004106","3/3/19",09:48:00,"Collision with vehicle","Sunday","Day",2,3,"Cross intersection",2,60,"HEPBURN","WESTERN REGION",-37.33917109,144.1337763,"Dry","Clear"
"T20190004108","2/3/19",12:20:00,"No collision and no object struck","Saturday","Day",1,1,"Not at intersection",2,888,"SOUTHERN GRAMPIANS","SOUTH WESTERN REGION",-37.33048432,142.4827507,"Dry","Clear"
"T20190004111","3/3/19",13:25:00,"Collision with vehicle","Sunday","Day",2,1,"Not at intersection",2,100,"WHITEHORSE","METROPOLITAN SOUTH EAST REGION",-37.79763486,145.135261,"Dry","Not known"
"T20190004112","3/3/19",00:01:00,"Fall from or in moving vehicle","Sunday","Dark No street lights",1,2,"Not at intersection",3,80,"MURRINDINDI","NORTH EASTERN REGION",-37.16043977,145.2627294,"Dry","Clear"
"T20190004114","3/3/19",11:40:00,"collision with some other object","Sunday","Day",1,1,"Not at intersection",2,100,"ALPINE","NORTH EASTERN REGION",-36.7967702,146.6976238,"Dry","Clear"
"T20190004118","1/3/19",13:15:00,"Collision with vehicle","Friday","Day",2,4,"Cross intersection",3,60,"MONASH","METROPOLITAN SOUTH EAST REGION",-37.88066622,145.0930036,"Dry","Clear"
"T20190004119","3/3/19",16:00:00,"No collision and no object struck","Sunday","Day",1,1,"T intersection",3,60,"MARIBYRNONG","METROPOLITAN NORTH WEST REGION",-37.78175228,144.8703949,"Dry","Clear"
"T20190004120","3/3/19",13:50:00,"Collision with vehicle","Sunday","Day",2,4,"Not at intersection",3,80,"HUME","METROPOLITAN NORTH WEST REGION",-37.67660017,144.9226114,"Dry","Clear"
"T20190004122","3/3/19",13:20:00,"Collision with vehicle","Sunday","Day",3,3,"Not at intersection",2,50,"CASEY","METROPOLITAN SOUTH EAST REGION",-38.03084866,145.2573474,"Dry","Clear"
"T20190004124","3/3/19",17:39:00,"Collision with vehicle","Sunday","Day",2,2,"T intersection",3,60,"PORT PHILLIP","METROPOLITAN NORTH WEST REGION",-37.86560968,145.000177,"Dry","Not known"
"T20190004125","1/3/19",16:50:00,"Collision with vehicle","Friday","Day",2,2,"Cross intersection",3,60,"MOONEE VALLEY","METROPOLITAN NORTH WEST REGION",-37.75031331,144.9144701,"Dry","Clear"
"T20190004126","3/3/19",18:10:00,"Collision with vehicle","Sunday","Day",2,2,"Cross intersection",3,40,"MELBOURNE","METROPOLITAN NORTH WEST REGION",-37.81226665,144.9623085,"Dry","Clear"
"T20190004127","3/3/19",17:35:00,"Collision with vehicle","Sunday","Day",2,2,"T intersection",3,50,"GLENELG","SOUTH WESTERN REGION",-38.3593138,141.6000036,"Dry","Clear"
"T20190004128","1/3/19",13:56:00,"Collision with a fixed object","Friday","Day",1,1,"Not at intersection",3,50,"CARDINIA","METROPOLITAN SOUTH EAST REGION",-37.94769019,145.4976116,"Dry","Clear"
"T20190004130","3/3/19",20:07:00,"Collision with vehicle","Sunday","Dark Street lights on",3,2,"Not at intersection",3,60,"MAROONDAH","METROPOLITAN SOUTH EAST REGION",-37.79684876,145.2922696,"Dry","Clear"
"T20190004133","3/3/19",21:15:00,"Collision with vehicle","Sunday","Dark Street lights unknown",2,3,"Cross intersection",2,60,"BALLARAT","WESTERN REGION",-37.57231157,143.8328445,"Dry","Clear"
"T20190004134","3/3/19",22:40:00,"Collision with a fixed object","Sunday","Dark Street lights on",1,1,"Not at intersection",3,60,"DAREBIN","METROPOLITAN NORTH WEST REGION",-37.78420532,145.0121693,"Dry","Not known"
"T20190004137","3/3/19",22:00:00,"Collision with vehicle","Sunday","Dark No street lights",2,3,"Not at intersection",2,100,"HEPBURN","WESTERN REGION",-37.37282183,144.3314165,"Dry","Clear"
"T20190004138","3/3/19",21:32:00,"Struck Pedestrian","Sunday","Dark Street lights on",1,2,"T intersection",2,60,"BRIMBANK","METROPOLITAN NORTH WEST REGION",-37.74407965,144.7703405,"Dry","Clear"
"T20190004139","3/3/19",21:55:00,"Collision with vehicle","Sunday","Dark No street lights",2,2,"Not at intersection",3,60,"MELBOURNE","METROPOLITAN NORTH WEST REGION",-37.80519752,144.9688904,"Dry","Clear"
"T20190004145","4/3/19",07:47:00,"Collision with vehicle","Monday","Day",2,2,"Not at intersection",2,80,"MELBOURNE","METROPOLITAN NORTH WEST REGION",-37.82761938,144.9615597,"Dry","Clear"
"T20190004146","26/2/19",19:40:00,"Collision with vehicle","Tuesday","Dusk/Dawn",2,2,"T intersection",3,50,"GEELONG","SOUTH WESTERN REGION",-38.14199126,144.3391147,"Dry","Clear"
"T20190004148","1/3/19",22:30:00,"Vehicle overturned (no collision)","Friday","Dark No street lights",1,3,"Not at intersection",2,50,"CARDINIA","METROPOLITAN SOUTH EAST REGION",-38.09844187,145.7164097,"Dry","Clear"
"T20190004149","4/3/19",08:00:00,"Collision with vehicle","Monday","Day",2,2,"T intersection",3,60,"BOROONDARA","METROPOLITAN SOUTH EAST REGION",-37.83782362,145.0422115,"Dry","Clear"
"T20190004150","4/3/19",08:00:00,"Collision with vehicle","Monday","Day",2,2,"T intersection",2,999,"BOROONDARA","METROPOLITAN SOUTH EAST REGION",-37.8176529,145.0746228,"Dry","Clear"
"T20190004151","4/3/19",08:45:00,"Collision with vehicle","Monday","Day",2,3,"Cross intersection",2,60,"FRANKSTON","METROPOLITAN SOUTH EAST REGION",-38.072202,145.1954999,"Dry","Clear"
"T20190004152","28/2/19",15:45:00,"Collision with vehicle","Thursday","Day",2,2,"Not at intersection",3,60,"MONASH","METROPOLITAN SOUTH EAST REGION",-37.9228503,145.1201725,"Dry","Clear"
"T20190004154","4/3/19",08:00:00,"Collision with vehicle","Monday","Day",2,2,"Cross intersection",3,60,"FRANKSTON","METROPOLITAN SOUTH EAST REGION",-38.13018492,145.1318871,"Dry","Clear"
"T20190004155","4/3/19",09:45:00,"Collision with vehicle","Monday","Day",2,3,"Cross intersection",3,60,"BALLARAT","WESTERN REGION",-37.56432227,143.8406318,"Dry","Clear"
"T20190004157","25/2/19",21:00:00,"Collision with vehicle","Monday","Dark Street lights on",2,2,"Cross intersection",3,60,"MITCHELL","NORTHERN REGION",-37.41637204,144.9791124,"Dry","Clear"
"T20190004160","2/3/19",12:00:00,"Collision with vehicle","Saturday","Day",2,4,"Cross intersection",3,50,"MELBOURNE","METROPOLITAN NORTH WEST REGION",-37.8117548,144.9564464,"Dry","Clear"
"T20190004161","1/2/19",08:35:00,"Struck Pedestrian","Friday","Day",1,2,"Not at intersection",3,50,"GEELONG","SOUTH WESTERN REGION",-38.15107547,144.3578321,"Dry","Clear"
"T20190004165","28/2/19",19:15:00,"Collision with vehicle","Thursday","Dusk/Dawn",2,3,"Not at intersection",3,80,"DANDENONG","METROPOLITAN SOUTH EAST REGION",-37.93459307,145.1555974,"Dry","Clear"
"T20190004166","4/3/19",11:28:00,"Struck Pedestrian","Monday","Day",2,2,"Not at intersection",3,40,"BRIMBANK","METROPOLITAN NORTH WEST REGION",-37.74489146,144.8004369,"Dry","Clear"
"T20190004167","4/3/19",06:28:00,"Collision with vehicle","Monday","Day",3,2,"T intersection",3,60,"BRIMBANK","METROPOLITAN NORTH WEST REGION",-37.74444637,144.8017106,"Dry","Clear"
"T20190004172","4/3/19",06:15:00,"Collision with vehicle","Monday","Dark No street lights",2,2,"Not at intersection",2,60,"DANDENONG","METROPOLITAN SOUTH EAST REGION",-38.02917619,145.2162908,"Dry","Clear"
"T20190004180","2/3/19",21:15:00,"collision with some other object","Saturday","Unknown",1,1,"T intersection",3,999,"BANYULE","METROPOLITAN NORTH WEST REGION",-37.69968718,145.1076997,"Dry","Clear"
"T20190004182","4/3/19",11:25:00,"Collision with vehicle","Monday","Day",2,5,"Not at intersection",2,60,"HOBSONS BAY","METROPOLITAN NORTH WEST REGION",-37.84665722,144.7762684,"Dry","Clear"
"T20190004183","4/3/19",09:20:00,"Collision with vehicle","Monday","Day",2,2,"Not at intersection",2,70,"BRIMBANK","METROPOLITAN NORTH WEST REGION",-37.77666202,144.8259796,"Dry","Clear"
"T20190004184","4/3/19",11:57:00,"Collision with vehicle","Monday","Day",2,3,"Cross intersection",3,60,"PORT PHILLIP","METROPOLITAN NORTH WEST REGION",-37.82957567,144.9490154,"Dry","Clear"
"T20190004187","4/3/19",14:28:00,"Collision with a fixed object","Monday","Day",1,1,"T intersection",3,100,"DANDENONG","METROPOLITAN SOUTH EAST REGION",-37.99767465,145.1918937,"Dry","Clear"
"T20190004189","4/3/19",16:16:00,"Collision with vehicle","Monday","Day",2,3,"Not at intersection",3,60,"CARDINIA","METROPOLITAN SOUTH EAST REGION",-38.07918024,145.4930519,"Dry","Clear"
"T20190004190","20/1/19",10:15:00,"Collision with vehicle","Sunday","Day",2,2,"Not at intersection",3,50,"PORT PHILLIP","METROPOLITAN NORTH WEST REGION",-37.83933955,144.9416492,"Dry","Not known"
"T20190004193","4/3/19",15:15:00,"Struck Pedestrian","Monday","Day",1,2,"Not at intersection",3,40,"WHITEHORSE","METROPOLITAN SOUTH EAST REGION",-37.84766733,145.1491205,"Dry","Clear"
"T20190004194","4/3/19",17:55:00,"Collision with vehicle","Monday","Day",3,2,"Not at intersection",3,70,"HOBSONS BAY","METROPOLITAN NORTH WEST REGION",-37.85023596,144.8456018,"Dry","Clear"
"T20190004196","4/3/19",16:30:00,"Collision with vehicle","Monday","Day",3,3,"Not at intersection",2,60,"WHITTLESEA","METROPOLITAN NORTH WEST REGION",-37.65177938,145.0932901,"Dry","Clear"
"T20190004198","21/2/19",22:36:00,"Collision with vehicle","Thursday","Dark Street lights on",2,2,"Cross intersection",2,60,"CASEY","METROPOLITAN SOUTH EAST REGION",-38.11303495,145.2827853,"Dry","Clear"
"T20190004200","4/3/19",17:55:00,"Collision with vehicle","Monday","Day",2,2,"Cross intersection",3,80,"GEELONG","SOUTH WESTERN REGION",-38.17652672,144.351804,"Dry","Clear"
"T20190004201","4/3/19",18:50:00,"Collision with a fixed object","Monday","Day",1,3,"Not at intersection",2,60,"WHITTLESEA","METROPOLITAN NORTH WEST REGION",-37.69962003,145.0582501,"Wet","Raining"
"T20190004203","4/3/19",18:07:00,"Collision with vehicle","Monday","Day",3,3,"T intersection",3,60,"BANYULE","METROPOLITAN NORTH WEST REGION",-37.77151947,145.0641221,"Dry","Clear"
"T20190004207","4/3/19",15:30:00,"Collision with vehicle","Monday","Day",2,2,"Cross intersection",3,50,"GEELONG","SOUTH WESTERN REGION",-38.15016002,144.3708363,"Dry","Clear"