"ACCIDENT_NO","ACCIDENTDATE","ACCIDENTTIME","Accident Type Desc","Day Week Description","Light Condition Desc","NO_OF_VEHICLES","NO_PERSONS","Road Geometry Desc","SEVERITY","SPEED_ZONE","LGA_NAME","REGION_NAME","Lat","Long","Surface Cond Desc","Atmosph Cond Desc"
"T20190004212","4/3/19",22:45:00,"Collision with vehicle","Monday","Dark Street lights on",2,4,"T intersection",3,90,"CARDINIA","METROPOLITAN SOUTH EAST REGION",-38.15365725,145.4855097,"Dry","Clear"
"T20190004215","27/1/19",12:14:00,"Collision with vehicle","Sunday","Day",2,2,"Not at intersection",3,60,"YARRA RANGES","METROPOLITAN SOUTH EAST REGION",-37.8818023,145.3821174,"Dry","Clear"
"T20190004216","5/3/19",06:10:00,"Struck Pedestrian","Tuesday","Dark Street lights on",1,2,"T intersection",3,50,"BALLARAT","WESTERN REGION",-37.56961123,143.8576857,"Dry","Clear"
"T20190004217","5/3/19",06:15:00,"Collision with vehicle","Tuesday","Dusk/Dawn",2,2,"Cross intersection",3,70,"HUME","METROPOLITAN NORTH WEST REGION",-37.64332413,144.9511615,"Dry","Not known"
"T20190004218","3/3/19",18:00:00,"Collision with vehicle","Sunday","Dusk/Dawn",2,2,"Not at intersection",3,999,"BRIMBANK","METROPOLITAN NORTH WEST REGION",-37.74227959,144.8079565,"Unknown","Clear"
"T20190004221","28/2/19",08:10:00,"Collision with vehicle","Thursday","Day",2,2,"T intersection",3,70,"MONASH","METROPOLITAN SOUTH EAST REGION",-37.87562811,145.1789936,"Dry","Clear"
"T20190004224","5/3/19",08:30:00,"Collision with a fixed object","Tuesday","Day",1,1,"Not at intersection",3,80,"BRIMBANK","METROPOLITAN NORTH WEST REGION",-37.7260133,144.860541,"Dry","Clear"
"T20190004225","4/3/19",16:50:00,"Collision with vehicle","Monday","Day",2,2,"Not at intersection",3,60,"BAYSIDE","METROPOLITAN SOUTH EAST REGION",-37.90866009,145.0248108,"Dry","Clear"
"T20190004227","5/3/19",10:00:00,"Collision with vehicle","Tuesday","Day",2,3,"Not at intersection",2,60,"MELTON","METROPOLITAN NORTH WEST REGION",-37.68448212,144.5657302,"Dry","Clear"
"T20190004229","5/3/19",08:12:00,"Collision with vehicle","Tuesday","Day",3,3,"Not at intersection",2,110,"MELTON","METROPOLITAN NORTH WEST REGION",-37.69162359,144.5779387,"Dry","Clear"
"T20190004231","5/3/19",08:50:00,"Collision with vehicle","Tuesday","Day",2,2,"T intersection",3,70,"MELBOURNE","METROPOLITAN NORTH WEST REGION",-37.82028953,144.9895717,"Dry","Clear"
"T20190004232","5/3/19",11:10:00,"Collision with vehicle","Tuesday","Day",2,2,"T intersection",3,60,"BOROONDARA","METROPOLITAN SOUTH EAST REGION",-37.81418614,145.0599633,"Dry","Clear"
"T20190004241","4/3/19",15:30:00,"Collision with vehicle","Monday","Day",2,2,"T intersection",2,60,"GEELONG","SOUTH WESTERN REGION",-38.17441597,144.3343052,"Dry","Clear"
"T20190004242","18/1/19",12:20:00,"Collision with vehicle","Friday","Unknown",2,2,"Not at intersection",3,999,"WHITTLESEA","METROPOLITAN NORTH WEST REGION",-37.68969249,145.028178,"Unknown","Not known"
"T20190004243","5/3/19",11:20:00,"Collision with vehicle","Tuesday","Day",2,2,"Not at intersection",3,999,"MORELAND","METROPOLITAN NORTH WEST REGION",-37.73071656,144.9312769,"Dry","Clear"
"T20190004244","5/3/19",08:08:00,"Collision with a fixed object","Tuesday","Day",1,1,"Not at intersection",2,60,"SHEPPARTON","NORTH EASTERN REGION",-36.61621091,145.2200954,"Dry","Clear"
"T20190004246","5/3/19",10:45:00,"Collision with vehicle","Tuesday","Day",2,1,"Not at intersection",3,50,"STONNINGTON","METROPOLITAN SOUTH EAST REGION",-37.83332159,145.0135756,"Dry","Clear"
"T20190004248","5/3/19",10:00:00,"Collision with vehicle","Tuesday","Day",2,2,"Cross intersection",3,50,"YARRA","METROPOLITAN NORTH WEST REGION",-37.78027241,144.9781623,"Dry","Clear"
"T20190004249","5/3/19",12:20:00,"No collision and no object struck","Tuesday","Day",1,1,"Not at intersection",3,50,"SHEPPARTON","NORTH EASTERN REGION",-36.38273809,145.3489867,"Dry","Clear"
"T20190004252","3/3/19",12:45:00,"Collision with vehicle","Sunday","Day",2,5,"Cross intersection",3,40,"YARRA","METROPOLITAN NORTH WEST REGION",-37.81904086,145.0037887,"Dry","Clear"
"T20190004253","5/3/19",12:45:00,"Collision with vehicle","Tuesday","Day",2,2,"Cross intersection",2,100,"CAMPASPE","NORTHERN REGION",-36.35535445,145.0138024,"Dry","Clear"
"T20190004254","5/3/19",07:10:00,"Collision with vehicle","Tuesday","Day",2,2,"Not at intersection",2,70,"WYNDHAM","METROPOLITAN NORTH WEST REGION",-37.9048772,144.648894,"Dry","Clear"
"T20190004259","4/3/19",18:30:00,"Fall from or in moving vehicle","Monday","Day",1,1,"T intersection",3,50,"FRANKSTON","METROPOLITAN SOUTH EAST REGION",-38.13635769,145.1441643,"Dry","Clear"
"T20190004260","4/3/19",17:50:00,"Collision with vehicle","Monday","Day",2,3,"Not at intersection",3,100,"BOROONDARA","METROPOLITAN SOUTH EAST REGION",-37.78432966,145.0998117,"Dry","Clear"
"T20190004261","5/3/19",14:41:00,"Struck Pedestrian","Tuesday","Day",1,3,"Not at intersection",3,30,"BANYULE","METROPOLITAN NORTH WEST REGION",-37.70548513,145.0646039,"Dry","Clear"
"T20190004262","1/3/19",21:25:00,"Fall from or in moving vehicle","Friday","Dark Street lights unknown",1,1,"Not at intersection",3,60,"GOLDEN PLAINS","SOUTH WESTERN REGION",-37.66889404,143.6541675,"Dry","Clear"
"T20190004263","5/3/19",13:10:00,"Collision with vehicle","Tuesday","Day",2,3,"T intersection",3,40,"MELBOURNE","METROPOLITAN NORTH WEST REGION",-37.80106096,144.9698924,"Dry","Clear"
"T20190004271","5/3/19",15:10:00,"Collision with a fixed object","Tuesday","Day",1,1,"Not at intersection",2,80,"NILLUMBIK","METROPOLITAN NORTH WEST REGION",-37.6924629,145.100752,"Dry","Clear"
"T20190004272","5/3/19",15:25:00,"Collision with vehicle","Tuesday","Day",2,1,"Not at intersection",2,777,"CASEY","METROPOLITAN SOUTH EAST REGION",-38.01406854,145.3233741,"Dry","Clear"
"T20190004274","5/3/19",18:40:00,"Collision with vehicle","Tuesday","Day",3,3,"Cross intersection",3,50,"PORT PHILLIP","METROPOLITAN NORTH WEST REGION",-37.83897823,144.9474858,"Dry","Clear"
"T20190004275","5/3/19",18:45:00,"Collision with vehicle","Tuesday","Day",2,2,"T intersection",3,50,"DANDENONG","METROPOLITAN SOUTH EAST REGION",-37.95049459,145.1397122,"Dry","Clear"
"T20190004277","5/3/19",18:18:00,"Collision with vehicle","Tuesday","Day",2,6,"T intersection",3,60,"BENDIGO","NORTHERN REGION",-36.74443386,144.2902577,"Dry","Clear"
"T20190004283","5/3/19",17:15:00,"Collision with vehicle","Tuesday","Day",2,2,"T intersection",3,60,"WHITEHORSE","METROPOLITAN SOUTH EAST REGION",-37.80034093,145.1152702,"Dry","Clear"
"T20190004285","5/3/19",19:45:00,"Collision with vehicle","Tuesday","Dusk/Dawn",2,2,"T intersection",3,50,"MORELAND","METROPOLITAN NORTH WEST REGION",-37.76999444,144.9485361,"Dry","Clear"
"T20190004286","4/3/19",15:45:00,"Collision with vehicle","Monday","Day",2,2,"T intersection",3,999,"STONNINGTON","METROPOLITAN SOUTH EAST REGION",-37.85956534,145.0528023,"Dry","Clear"
"T20190004287","5/3/19",16:25:00,"Collision with vehicle","Tuesday","Day",4,4,"Not at intersection",2,60,"KNOX","METROPOLITAN SOUTH EAST REGION",-37.86402917,145.2651587,"Dry","Clear"
"T20190004295","6/3/19",04:10:00,"Collision with vehicle","Wednesday","Dark No street lights",2,2,"Not at intersection",3,110,"MITCHELL","NORTHERN REGION",-37.47623934,144.9729583,"Wet","Clear"
"T20190004302","27/2/19",18:10:00,"Struck Pedestrian","Wednesday","Day",1,2,"Not at intersection",3,888,"CORANGAMITE","SOUTH WESTERN REGION",-38.52505137,142.8509276,"Dry","Clear"
"T20190004303","6/3/19",08:40:00,"Collision with vehicle","Wednesday","Day",2,2,"Cross intersection",2,50,"MELBOURNE","METROPOLITAN NORTH WEST REGION",-37.80392485,144.9574516,"Dry","Clear"
"T20190004304","5/3/19",16:40:00,"Collision with a fixed object","Tuesday","Day",1,1,"Not at intersection",3,100,"BALLARAT","WESTERN REGION",-37.343713,143.7915968,"Dry","Clear"
"T20190004307","25/2/19",16:00:00,"Collision with vehicle","Monday","Unknown",2,2,"Cross intersection",3,70,"MANNINGHAM","METROPOLITAN SOUTH EAST REGION",-37.78916309,145.1619558,"Unknown","Not known"
"T20190004308","6/3/19",08:04:00,"Struck Pedestrian","Wednesday","Day",1,2,"T intersection",3,50,"KNOX","METROPOLITAN SOUTH EAST REGION",-37.8414142,145.2668228,"Dry","Clear"
"T20190004309","6/3/19",07:25:00,"Collision with vehicle","Wednesday","Day",3,5,"Not at intersection",3,100,"HOBSONS BAY","METROPOLITAN NORTH WEST REGION",-37.85843942,144.7777862,"Dry","Clear"
"T20190004311","6/3/19",09:10:00,"Collision with vehicle","Wednesday","Day",2,2,"Not at intersection",3,50,"MONASH","METROPOLITAN SOUTH EAST REGION",-37.90854881,145.1635542,"Wet","Clear"
"T20190004312","6/3/19",09:05:00,"Collision with vehicle","Wednesday","Day",2,4,"Cross intersection",3,777,"MARIBYRNONG","METROPOLITAN NORTH WEST REGION",-37.77903936,144.8507841,"Dry","Clear"
"T20190004313","6/3/19",08:40:00,"Struck Pedestrian","Wednesday","Day",1,2,"T intersection",3,40,"BALLARAT","WESTERN REGION",-37.58805762,143.8218238,"Dry","Clear"
"T20190004314","4/3/19",17:50:00,"Collision with vehicle","Monday","Day",2,3,"Not at intersection",3,60,"WYNDHAM","METROPOLITAN NORTH WEST REGION",-37.88096046,144.6822314,"Dry","Clear"
"T20190004316","6/3/19",08:15:00,"Struck animal","Wednesday","Day",1,1,"Not at intersection",3,100,"HEPBURN","WESTERN REGION",-37.42322695,143.8605405,"Dry","Clear"
"T20190004319","6/3/19",08:50:00,"Collision with vehicle","Wednesday","Day",3,3,"T intersection",3,70,"GEELONG","SOUTH WESTERN REGION",-38.15172483,144.351973,"Dry","Clear"
"T20190004320","6/3/19",10:06:00,"Collision with vehicle","Wednesday","Day",2,2,"T intersection",2,70,"MELTON","METROPOLITAN NORTH WEST REGION",-37.79797529,144.752274,"Dry","Clear"
"T20190004322","6/3/19",12:40:00,"Struck Pedestrian","Wednesday","Day",1,2,"Cross intersection",2,40,"PORT PHILLIP","METROPOLITAN NORTH WEST REGION",-37.84162321,144.9761951,"Dry","Clear"
"T20190004327","6/3/19",11:20:00,"Collision with vehicle","Wednesday","Day",2,2,"Cross intersection",3,60,"MOORABOOL","WESTERN REGION",-37.57962698,144.100028,"Dry","Clear"
"T20190004331","6/3/19",13:30:00,"Collision with vehicle","Wednesday","Day",2,2,"T intersection",2,60,"WYNDHAM","METROPOLITAN NORTH WEST REGION",-37.87613219,144.701887,"Dry","Clear"
"T20190004332","6/3/19",14:04:00,"Collision with vehicle","Wednesday","Day",2,2,"T intersection",2,80,"WHITEHORSE","METROPOLITAN SOUTH EAST REGION",-37.8429057,145.1711764,"Wet","Not known"
"T20190004333","24/2/19",16:06:00,"Struck Pedestrian","Sunday","Day",1,2,"Cross intersection",3,777,"MELBOURNE","METROPOLITAN NORTH WEST REGION",-37.81755491,144.9900128,"Dry","Clear"
"T20190004335","6/3/19",14:35:00,"Struck Pedestrian","Wednesday","Day",1,3,"Not at intersection",3,50,"SHEPPARTON","NORTH EASTERN REGION",-36.35597001,145.4040322,"Dry","Clear"
"T20190004337","6/3/19",14:00:00,"Collision with a fixed object","Wednesday","Day",1,1,"Not at intersection",2,999,"WARRNAMBOOL","SOUTH WESTERN REGION",-38.38520278,142.5881472,"Dry","Clear"
"T20190004342","6/3/19",12:55:00,"Collision with a fixed object","Wednesday","Day",1,1,"Not at intersection",3,80,"MAROONDAH","METROPOLITAN SOUTH EAST REGION",-37.79605364,145.2564043,"Dry","Clear"
"T20190004343","6/3/19",14:25:00,"Collision with vehicle","Wednesday","Day",2,2,"Cross intersection",3,70,"WHITEHORSE","METROPOLITAN SOUTH EAST REGION",-37.86201561,145.1692273,"Wet","Raining"
"T20190004346","6/3/19",15:00:00,"Collision with a fixed object","Wednesday","Day",1,2,"Not at intersection",3,50,"WODONGA","NORTH EASTERN REGION",-36.12004918,146.9007318,"Dry","Clear"
"T20190004351","6/3/19",16:48:00,"Collision with vehicle","Wednesday","Day",2,2,"Cross intersection",2,60,"GEELONG","SOUTH WESTERN REGION",-38.18485325,144.5502136,"Dry","Clear"
"T20190004354","3/3/19",05:30:00,"Collision with a fixed object","Sunday","Day",1,1,"Not at intersection",3,100,"MURRINDINDI","NORTH EASTERN REGION",-37.47974227,145.7514957,"Dry","Clear"
"T20190004357","6/3/19",18:43:00,"Collision with vehicle","Wednesday","Day",2,2,"Not at intersection",3,40,"MORELAND","METROPOLITAN NORTH WEST REGION",-37.76838956,144.9618959,"Dry","Clear"
"T20190004359","6/3/19",15:00:00,"Collision with vehicle","Wednesday","Day",3,4,"T intersection",3,80,"KINGSTON","METROPOLITAN SOUTH EAST REGION",-37.97847287,145.0681045,"Wet","Clear"
"T20190004360","6/3/19",20:14:00,"Collision with vehicle","Wednesday","Dark Street lights on",3,4,"Not at intersection",2,60,"MARIBYRNONG","METROPOLITAN NORTH WEST REGION",-37.79076013,144.8463609,"Dry","Clear"
"T20190004361","6/3/19",17:38:00,"Struck Pedestrian","Wednesday","Day",1,2,"Not at intersection",2,40,"CASEY","METROPOLITAN SOUTH EAST REGION",-38.03005578,145.3473109,"Dry","Clear"
"T20190004362","6/3/19",15:05:00,"Collision with vehicle","Wednesday","Day",2,3,"T intersection",3,999,"KINGSTON","METROPOLITAN SOUTH EAST REGION",-37.94685326,145.056086,"Dry","Not known"
"T20190004363","6/3/19",17:40:00,"Collision with vehicle","Wednesday","Day",2,2,"Not at intersection",3,80,"YARRA RANGES","METROPOLITAN SOUTH EAST REGION",-37.76067736,145.3383919,"Dry","Clear"
"T20190004365","27/2/19",11:05:00,"Collision with vehicle","Wednesday","Day",2,2,"Cross intersection",3,999,"YARRA","METROPOLITAN NORTH WEST REGION",-37.80872702,144.9825865,"Dry","Clear"
"T20190004366","4/3/19",06:50:00,"Collision with vehicle","Monday","Day",2,2,"T intersection",2,60,"MANNINGHAM","METROPOLITAN SOUTH EAST REGION",-37.76061284,145.2341808,"Dry","Not known"
"T20190004369","7/3/19",01:54:00,"Fall from or in moving vehicle","Thursday","Dark Street lights off",1,1,"T intersection",2,60,"BANYULE","METROPOLITAN NORTH WEST REGION",-37.73556395,145.0598575,"Dry","Clear"
"T20190004370","6/3/19",02:20:00,"Collision with a fixed object","Wednesday","Dark Street lights on",1,1,"Not at intersection",3,80,"YARRA RANGES","METROPOLITAN SOUTH EAST REGION",-37.80712132,145.4046568,"Wet","Raining"
"T20190004372","7/3/19",00:10:00,"Collision with vehicle","Thursday","Dark Street lights unknown",2,2,"Not at intersection",3,50,"MONASH","METROPOLITAN SOUTH EAST REGION",-37.86797858,145.1553503,"Dry","Clear"
"T20190004373","6/3/19",06:05:00,"Collision with a fixed object","Wednesday","Dark Street lights on",1,1,"Not at intersection",3,60,"YARRA RANGES","METROPOLITAN SOUTH EAST REGION",-37.80978664,145.3716283,"Dry","Clear"
"T20190004374","7/3/19",04:20:00,"Collision with vehicle","Thursday","Dark Street lights unknown",2,2,"Not at intersection",3,100,"WHITTLESEA","METROPOLITAN NORTH WEST REGION",-37.65428975,144.989528,"Dry","Clear"
"T20190004376","6/3/19",17:00:00,"Collision with vehicle","Wednesday","Day",2,2,"T intersection",3,60,"BOROONDARA","METROPOLITAN SOUTH EAST REGION",-37.8217878,145.0283145,"Dry","Clear"
"T20190004378","6/3/19",16:45:00,"Collision with a fixed object","Wednesday","Day",1,1,"Not at intersection",2,100,"GLENELG","SOUTH WESTERN REGION",-38.07235639,141.6771135,"Dry","Clear"
"T20190004379","6/3/19",09:05:00,"Collision with vehicle","Wednesday","Day",4,5,"Not at intersection",3,70,"GEELONG","SOUTH WESTERN REGION",-38.11081288,144.3532593,"Dry","Clear"
"T20190004380","6/3/19",16:28:00,"Collision with vehicle","Wednesday","Day",2,3,"Cross intersection",2,50,"CASEY","METROPOLITAN SOUTH EAST REGION",-38.09320943,145.2797156,"Dry","Clear"
"T20190004381","7/3/19",08:30:00,"Collision with vehicle","Thursday","Day",2,2,"T intersection",3,40,"MARIBYRNONG","METROPOLITAN NORTH WEST REGION",-37.77922431,144.8494583,"Dry","Clear"
"T20190004383","3/3/19",13:40:00,"Collision with vehicle","Sunday","Day",2,5,"Not at intersection",3,60,"MORNINGTON PENINSULA","METROPOLITAN SOUTH EAST REGION",-38.22674306,145.028812,"Dry","Clear"
"T20190004384","7/3/19",06:18:00,"Collision with vehicle","Thursday","Dark No street lights",2,3,"Cross intersection",3,60,"BOROONDARA","METROPOLITAN SOUTH EAST REGION",-37.81831958,145.0803001,"Dry","Clear"
"T20190004385","7/3/19",08:40:00,"Collision with vehicle","Thursday","Day",3,3,"Not at intersection",2,100,"BRIMBANK","METROPOLITAN NORTH WEST REGION",-37.81025999,144.8080003,"Dry","Clear"
"T20190004386","7/3/19",09:00:00,"Collision with vehicle","Thursday","Day",2,3,"T intersection",3,80,"CASEY","METROPOLITAN SOUTH EAST REGION",-38.13069423,145.3023142,"Dry","Clear"
"T20190004387","2/3/19",19:50:00,"Collision with vehicle","Saturday","Day",2,3,"T intersection",3,60,"KINGSTON","METROPOLITAN SOUTH EAST REGION",-38.06712482,145.1201043,"Dry","Clear"
"T20190004388","7/3/19",08:40:00,"Collision with vehicle","Thursday","Day",2,2,"T intersection",3,80,"DANDENONG","METROPOLITAN SOUTH EAST REGION",-37.9922411,145.1582207,"Dry","Clear"
"T20190004398","7/3/19",12:00:00,"Collision with vehicle","Thursday","Day",2,2,"Not at intersection",2,777,"WHITTLESEA","METROPOLITAN NORTH WEST REGION",-37.65422863,145.021507,"Dry","Clear"
"T20190004401","7/3/19",07:25:00,"Collision with vehicle","Thursday","Day",2,2,"T intersection",3,60,"MELBOURNE","METROPOLITAN NORTH WEST REGION",-37.80009642,144.9419915,"Dry","Clear"
"T20190004402","7/3/19",13:15:00,"Collision with vehicle","Thursday","Day",2,2,"Not at intersection",3,40,"GEELONG","SOUTH WESTERN REGION",-38.15745969,144.3451273,"Dry","Clear"
"T20190004404","7/3/19",06:15:00,"Collision with vehicle","Thursday","Dark Street lights unknown",3,3,"Cross intersection",3,50,"YARRA RANGES","METROPOLITAN SOUTH EAST REGION",-37.75756481,145.3533669,"Dry","Clear"
"T20190004406","7/3/19",13:06:00,"Collision with vehicle","Thursday","Day",2,3,"Not at intersection",2,80,"WHITEHORSE","METROPOLITAN SOUTH EAST REGION",-37.85386796,145.1599204,"Dry","Clear"
"T20190004407","7/3/19",10:30:00,"Collision with vehicle","Thursday","Day",2,2,"Cross intersection",3,50,"GEELONG","SOUTH WESTERN REGION",-38.08608929,144.3744176,"Dry","Clear"
"T20190004408","7/3/19",13:35:00,"Collision with vehicle","Thursday","Day",2,4,"Cross intersection",3,70,"KNOX","METROPOLITAN SOUTH EAST REGION",-37.84768669,145.2271415,"Dry","Clear"
"T20190004409","6/3/19",07:42:00,"Collision with vehicle","Wednesday","Day",2,2,"T intersection",3,60,"KINGSTON","METROPOLITAN SOUTH EAST REGION",-38.07408049,145.1219947,"Dry","Clear"
"T20190004413","9/2/19",11:45:00,"Fall from or in moving vehicle","Saturday","Day",1,1,"Cross intersection",2,80,"CASEY","METROPOLITAN SOUTH EAST REGION",-37.97636782,145.2706236,"Wet","Raining"
"T20190004416","7/3/19",12:15:00,"Vehicle overturned (no collision)","Thursday","Day",1,1,"Not at intersection",3,60,"BALLARAT","WESTERN REGION",-37.55043918,143.8200734,"Dry","Clear"
"T20190004418","7/3/19",14:50:00,"Collision with vehicle","Thursday","Day",2,2,"T intersection",2,60,"PORT PHILLIP","METROPOLITAN NORTH WEST REGION",-37.88769186,144.9849715,"Dry","Clear"
"T20190004422","7/3/19",12:00:00,"Collision with vehicle","Thursday","Day",2,2,"T intersection",3,60,"WYNDHAM","METROPOLITAN NORTH WEST REGION",-37.87898646,144.6952153,"Dry","Clear"
"T20190004424","7/3/19",16:56:00,"Collision with vehicle","Thursday","Day",2,5,"Multiple intersection",2,999,"MOORABOOL","WESTERN REGION",-37.66316736,144.4396839,"Dry","Clear"
"T20190004425","4/3/19",15:30:00,"Collision with vehicle","Monday","Day",2,2,"T intersection",3,80,"MAROONDAH","METROPOLITAN SOUTH EAST REGION",-37.82708234,145.259167,"Dry","Clear"
"T20190004426","7/3/19",17:12:00,"Collision with vehicle","Thursday","Day",2,2,"Not at intersection",2,40,"DAREBIN","METROPOLITAN NORTH WEST REGION",-37.77498046,144.9978637,"Dry","Clear"
"T20190004427","7/3/19",17:30:00,"Collision with vehicle","Thursday","Day",2,2,"T intersection",3,80,"MOORABOOL","WESTERN REGION",-37.57553986,144.3156447,"Dry","Clear"
"T20190004429","2/3/19",07:05:00,"Collision with a fixed object","Saturday","Day",1,1,"Not at intersection",2,100,"MURRINDINDI","NORTH EASTERN REGION",-37.51440962,145.7687437,"Dry","Clear"
"T20190004432","7/3/19",05:40:00,"Vehicle overturned (no collision)","Thursday","Dark No street lights",1,2,"T intersection",2,80,"COLAC OTWAY","SOUTH WESTERN REGION",-38.46944306,143.7687811,"Dry","Clear"
"T20190004434","7/3/19",06:50:00,"Collision with vehicle","Thursday","Dark Street lights on",2,2,"Cross intersection",3,50,"MORELAND","METROPOLITAN NORTH WEST REGION",-37.76734748,144.9802307,"Dry","Clear"
"T20190004436","7/3/19",19:50:00,"Struck Pedestrian","Thursday","Dark Street lights on",1,2,"Not at intersection",3,50,"EAST GIPPSLAND","EASTERN REGION",-37.87826169,147.9922706,"Dry","Clear"
"T20190004438","7/3/19",18:00:00,"No collision and no object struck","Thursday","Day",3,2,"Not at intersection",3,50,"BALLARAT","WESTERN REGION",-37.53978468,143.8645592,"Dry","Clear"
"T20190004440","7/3/19",20:58:00,"Fall from or in moving vehicle","Thursday","Dark Street lights on",1,1,"Not at intersection",3,60,"WHITTLESEA","METROPOLITAN NORTH WEST REGION",-37.65972099,145.0193799,"Dry","Clear"
"T20190004441","7/3/19",21:00:00,"Collision with vehicle","Thursday","Dark No street lights",2,2,"Not at intersection",2,100,"GOLDEN PLAINS","SOUTH WESTERN REGION",-38.04206887,144.2490208,"Dry","Clear"
"T20190004443","7/3/19",20:53:00,"Collision with a fixed object","Thursday","Dark Street lights on",1,5,"Not at intersection",3,50,"WHITTLESEA","METROPOLITAN NORTH WEST REGION",-37.58842722,145.0893193,"Dry","Clear"
"T20190004444","7/3/19",18:25:00,"Collision with vehicle","Thursday","Day",2,2,"T intersection",2,100,"WYNDHAM","METROPOLITAN NORTH WEST REGION",-37.82560621,144.8134742,"Dry","Clear"
"T20190004445","7/3/19",23:50:00,"Collision with vehicle","Thursday","Dark Street lights on",2,3,"Cross intersection",2,60,"STONNINGTON","METROPOLITAN SOUTH EAST REGION",-37.85431267,145.0115612,"Dry","Clear"
"T20190004446","7/3/19",21:10:00,"Collision with vehicle","Thursday","Dark Street lights on",3,3,"Not at intersection",2,100,"BOROONDARA","METROPOLITAN SOUTH EAST REGION",-37.78469839,145.0648698,"Dry","Clear"
"T20190004447","8/3/19",00:16:00,"Fall from or in moving vehicle","Friday","Dark Street lights on",2,2,"Not at intersection",2,50,"YARRA","METROPOLITAN NORTH WEST REGION",-37.810194,144.9970093,"Dry","Clear"
"T20190004449","7/3/19",23:58:00,"Struck Pedestrian","Thursday","Dark Street lights on",2,2,"Not at intersection",2,60,"YARRA","METROPOLITAN NORTH WEST REGION",-37.79646017,144.9935316,"Dry","Clear"
"T20190004456","8/3/19",08:30:00,"Collision with vehicle","Friday","Day",2,3,"T intersection",3,80,"MONASH","METROPOLITAN SOUTH EAST REGION",-37.92356456,145.199021,"Dry","Clear"
"T20190004459","7/3/19",19:10:00,"Collision with vehicle","Thursday","Unknown",2,2,"Cross intersection",2,999,"KINGSTON","METROPOLITAN SOUTH EAST REGION",-38.02208461,145.1165915,"Unknown","Not known"
"T20190004460","8/3/19",10:15:00,"Collision with vehicle","Friday","Day",2,2,"Not at intersection",2,60,"MOONEE VALLEY","METROPOLITAN NORTH WEST REGION",-37.76193141,144.8618848,"Dry","Clear"
"T20190004461","8/3/19",09:26:00,"Collision with vehicle","Friday","Day",2,2,"Not at intersection",2,60,"BAYSIDE","METROPOLITAN SOUTH EAST REGION",-37.91642855,145.0220403,"Dry","Clear"
"T20190004463","8/3/19",10:30:00,"Collision with vehicle","Friday","Day",2,2,"T intersection",3,70,"GEELONG","SOUTH WESTERN REGION",-38.14628961,144.3529777,"Dry","Clear"
"T20190004464","5/3/19",21:00:00,"Struck Pedestrian","Tuesday","Dark No street lights",1,2,"Not at intersection",2,999,"MORNINGTON PENINSULA","METROPOLITAN SOUTH EAST REGION",-38.3835503,144.8035724,"Dry","Clear"
"T20190004466","7/3/19",22:25:00,"Collision with vehicle","Thursday","Dark Street lights on",2,2,"T intersection",2,60,"YARRA","METROPOLITAN NORTH WEST REGION",-37.80029437,144.9975957,"Dry","Clear"
"T20190004467","8/3/19",11:10:00,"Collision with vehicle","Friday","Day",2,2,"T intersection",2,40,"YARRA","METROPOLITAN NORTH WEST REGION",-37.83112297,144.9969551,"Dry","Clear"
"T20190004468","8/3/19",09:48:00,"Collision with a fixed object","Friday","Day",1,1,"Not at intersection",3,100,"CASEY","METROPOLITAN SOUTH EAST REGION",-38.10007058,145.2351844,"Dry","Clear"
"T20190004469","25/1/19",22:00:00,"Collision with a fixed object","Friday","Dark No street lights",1,1,"Not at intersection",2,60,"GOLDEN PLAINS","SOUTH WESTERN REGION",-37.87764617,144.1785297,"Unknown","Not known"
"T20190004470","7/3/19",08:45:00,"Collision with vehicle","Thursday","Unknown",2,2,"Not at intersection",3,60,"WYNDHAM","METROPOLITAN NORTH WEST REGION",-37.88793973,144.6402674,"Unknown","Not known"
"T20190004472","8/3/19",06:56:00,"Collision with vehicle","Friday","Dusk/Dawn",2,2,"T intersection",3,70,"MANNINGHAM","METROPOLITAN SOUTH EAST REGION",-37.7875525,145.1135251,"Dry","Not known"
"T20190004477","8/3/19",14:10:00,"Collision with vehicle","Friday","Day",4,4,"Not at intersection",2,80,"GLEN EIRA","METROPOLITAN SOUTH EAST REGION",-37.88199954,145.0504406,"Dry","Clear"
"T20190004478","8/3/19",13:45:00,"Collision with vehicle","Friday","Day",2,2,"Cross intersection",3,60,"NILLUMBIK","METROPOLITAN NORTH WEST REGION",-37.67790797,145.1255589,"Dry","Clear"
"T20190004479","8/3/19",06:46:00,"Collision with vehicle","Friday","Day",2,2,"Not at intersection",3,100,"DANDENONG","METROPOLITAN SOUTH EAST REGION",-37.9433289,145.2021714,"Dry","Clear"
"T20190004480","7/3/19",06:30:00,"Collision with vehicle","Thursday","Dark Street lights on",2,2,"T intersection",3,80,"DANDENONG","METROPOLITAN SOUTH EAST REGION",-38.03622988,145.2468769,"Dry","Clear"
"T20190004481","8/3/19",08:40:00,"Struck Pedestrian","Friday","Day",1,2,"Not at intersection",3,40,"LATROBE","EASTERN REGION",-38.20237906,146.5530901,"Dry","Clear"
"T20190004484","8/3/19",14:45:00,"Struck Pedestrian","Friday","Day",1,2,"T intersection",3,60,"LATROBE","EASTERN REGION",-38.2003432,146.5332031,"Dry","Clear"
"T20190004488","8/3/19",11:30:00,"Collision with vehicle","Friday","Day",2,2,"Not at intersection",2,80,"DANDENONG","METROPOLITAN SOUTH EAST REGION",-38.02515044,145.1337308,"Dry","Clear"