"ACCIDENT_NO","ACCIDENTDATE","ACCIDENTTIME","Accident Type Desc","Day Week Description","Light Condition Desc","NO_OF_VEHICLES","NO_PERSONS","Road Geometry Desc","SEVERITY","SPEED_ZONE","LGA_NAME","REGION_NAME","Lat","Long","Surface Cond Desc","Atmosph Cond Desc"
"T20190004490","8/3/19",12:15:00,"Collision with a fixed object","Friday","Day",1,1,"Not at intersection",2,80,"MANSFIELD","NORTH EASTERN REGION",-36.95462823,146.2280293,"Dry","Clear"
"T20190004492","8/3/19",16:40:00,"Collision with vehicle","Friday","Day",2,3,"Not at intersection",3,60,"KINGSTON","METROPOLITAN SOUTH EAST REGION",-37.95396145,145.0675097,"Dry","Clear"
"T20190004493","8/3/19",07:50:00,"Collision with vehicle","Friday","Day",2,2,"T intersection",3,70,"MELBOURNE","METROPOLITAN NORTH WEST REGION",-37.80308593,144.9291608,"Dry","Clear"
"T20190004494","8/3/19",15:40:00,"Collision with vehicle","Friday","Day",2,4,"Cross intersection",3,60,"MELBOURNE","METROPOLITAN NORTH WEST REGION",-37.8071334,144.9673437,"Dry","Clear"
"T20190004496","8/3/19",09:30:00,"Collision with vehicle","Friday","Day",2,2,"T intersection",3,40,"STONNINGTON","METROPOLITAN SOUTH EAST REGION",-37.8500304,144.9936343,"Dry","Not known"
"T20190004497","8/3/19",17:00:00,"Collision with vehicle","Friday","Day",2,2,"Not at intersection",2,100,"KNOX","METROPOLITAN SOUTH EAST REGION",-37.86152024,145.2120419,"Dry","Clear"
"T20190004501","8/3/19",19:00:00,"Collision with vehicle","Friday","Day",2,2,"T intersection",2,60,"MORELAND","METROPOLITAN NORTH WEST REGION",-37.70592597,144.9178936,"Dry","Clear"
"T20190004503","8/3/19",17:40:00,"Collision with vehicle","Friday","Day",2,4,"T intersection",2,80,"BRIMBANK","METROPOLITAN NORTH WEST REGION",-37.77103781,144.7975195,"Dry","Not known"
"T20190004506","8/3/19",15:09:00,"Collision with a fixed object","Friday","Day",1,1,"Not at intersection",3,100,"WELLINGTON","EASTERN REGION",-38.21709169,147.1127272,"Dry","Smoke"
"T20190004506","8/3/19",15:09:00,"Collision with a fixed object","Friday","Day",1,1,"Not at intersection",3,100,"WELLINGTON","EASTERN REGION",-38.21709169,147.1127272,"Dry","Dust"
"T20190004509","8/3/19",13:10:00,"Collision with a fixed object","Friday","Day",1,1,"Not at intersection",2,100,"WANGARATTA","NORTH EASTERN REGION",-36.78947939,146.3532226,"Dry","Clear"
"T20190004510","8/3/19",16:00:00,"Fall from or in moving vehicle","Friday","Dusk/Dawn",1,1,"Not at intersection",3,60,"YARRA RANGES","METROPOLITAN SOUTH EAST REGION",-37.61340036,145.4961471,"Dry","Clear"
"T20190004511","4/3/19",12:18:00,"Collision with vehicle","Monday","Day",2,2,"T intersection",3,999,"MAROONDAH","METROPOLITAN SOUTH EAST REGION",-37.83245093,145.2383852,"Unknown","Clear"
"T20190004520","9/3/19",00:01:00,"Collision with vehicle","Saturday","Dark Street lights on",2,1,"T intersection",3,50,"DAREBIN","METROPOLITAN NORTH WEST REGION",-37.71230251,145.0002196,"Dry","Not known"
"T20190004522","8/3/19",19:30:00,"Collision with a fixed object","Friday","Dusk/Dawn",1,1,"Not at intersection",3,110,"BAW BAW","EASTERN REGION",-38.18971822,146.2201224,"Dry","Clear"
"T20190004523","8/3/19",23:30:00,"Collision with vehicle","Friday","Dark Street lights on",2,1,"Not at intersection",3,60,"MOONEE VALLEY","METROPOLITAN NORTH WEST REGION",-37.71939972,144.8917374,"Dry","Clear"
"T20190004524","9/3/19",02:05:00,"Collision with a fixed object","Saturday","Dark Street lights on",1,1,"Cross intersection",2,60,"STONNINGTON","METROPOLITAN SOUTH EAST REGION",-37.8773238,145.0592935,"Dry","Clear"
"T20190004526","8/3/19",23:20:00,"No collision and no object struck","Friday","Dark No street lights",3,3,"Not at intersection",3,100,"CASEY","METROPOLITAN SOUTH EAST REGION",-38.05593077,145.3638488,"Dry","Clear"
"T20190004527","9/3/19",04:10:00,"Collision with a fixed object","Saturday","Dark Street lights on",2,1,"Cross intersection",3,60,"BENDIGO","NORTHERN REGION",-36.73511385,144.131456,"Dry","Clear"
"T20190004528","9/3/19",05:50:00,"Collision with vehicle","Saturday","Dark Street lights on",2,1,"Not at intersection",3,40,"YARRA","METROPOLITAN NORTH WEST REGION",-37.79825055,144.9819551,"Dry","Clear"
"T20190004532","28/2/19",08:05:00,"Collision with vehicle","Thursday","Day",2,2,"Not at intersection",3,60,"PORT PHILLIP","METROPOLITAN NORTH WEST REGION",-37.84730011,144.9793595,"Dry","Clear"
"T20190004534","9/3/19",12:00:00,"Collision with vehicle","Saturday","Day",2,3,"Not at intersection",3,80,"HUME","METROPOLITAN NORTH WEST REGION",-37.7017883,144.8925477,"Dry","Clear"
"T20190004535","9/3/19",10:00:00,"Collision with vehicle","Saturday","Day",2,3,"T intersection",3,60,"WHITTLESEA","METROPOLITAN NORTH WEST REGION",-37.63343242,145.066085,"Dry","Clear"
"T20190004536","9/3/19",12:53:00,"Collision with vehicle","Saturday","Day",2,2,"T intersection",2,60,"DAREBIN","METROPOLITAN NORTH WEST REGION",-37.70773007,145.0091406,"Dry","Clear"
"T20190004537","9/3/19",09:10:00,"Collision with vehicle","Saturday","Day",2,2,"T intersection",3,80,"MORNINGTON PENINSULA","METROPOLITAN SOUTH EAST REGION",-38.19947123,145.0838612,"Dry","Clear"
"T20190004539","8/3/19",19:15:00,"Collision with vehicle","Friday","Dusk/Dawn",2,3,"Not at intersection",3,100,"CARDINIA","METROPOLITAN SOUTH EAST REGION",-38.0922162,145.4695951,"Dry","Not known"
"T20190004541","24/2/19",11:30:00,"Collision with vehicle","Sunday","Day",2,2,"Not at intersection",3,40,"MORELAND","METROPOLITAN NORTH WEST REGION",-37.76756964,144.9620367,"Unknown","Not known"
"T20190004542","6/3/19",10:15:00,"Fall from or in moving vehicle","Wednesday","Day",1,2,"Not at intersection",2,999,"YARRA","METROPOLITAN NORTH WEST REGION",-37.78651013,144.99493,"Unknown","Not known"
"T20190004543","9/3/19",13:30:00,"Collision with vehicle","Saturday","Day",2,3,"Not at intersection",2,50,"WYNDHAM","METROPOLITAN NORTH WEST REGION",-37.90333669,144.777227,"Dry","Clear"
"T20190004544","7/3/19",15:44:00,"Collision with vehicle","Thursday","Day",2,2,"Cross intersection",3,40,"BENDIGO","NORTHERN REGION",-36.7659943,144.2781666,"Dry","Clear"
"T20190004545","9/3/19",11:35:00,"Collision with vehicle","Saturday","Day",6,12,"Not at intersection",3,100,"CASEY","METROPOLITAN SOUTH EAST REGION",-38.03686053,145.3293191,"Dry","Clear"
"T20190004546","5/3/19",18:00:00,"Collision with vehicle","Tuesday","Day",2,2,"T intersection",3,40,"MELBOURNE","METROPOLITAN NORTH WEST REGION",-37.82284925,144.9714756,"Dry","Clear"
"T20190004547","9/3/19",13:30:00,"Vehicle overturned (no collision)","Saturday","Day",1,1,"T intersection",2,60,"WHITEHORSE","METROPOLITAN SOUTH EAST REGION",-37.81860422,145.1147051,"Dry","Clear"
"T20190004548","9/3/19",10:35:00,"Collision with vehicle","Saturday","Day",3,3,"Not at intersection",2,100,"(MOUNT HOTHAM)","NORTH EASTERN REGION",-37.00498821,147.0850672,"Dry","Clear"
"T20190004549","6/3/19",17:18:00,"Collision with vehicle","Wednesday","Day",2,4,"Cross intersection",3,60,"LATROBE","EASTERN REGION",-38.24004253,146.3997489,"Dry","Clear"
"T20190004550","9/3/19",12:40:00,"Collision with vehicle","Saturday","Day",3,3,"Cross intersection",3,999,"BANYULE","METROPOLITAN NORTH WEST REGION",-37.75938424,145.0665766,"Dry","Not known"
"T20190004555","9/3/19",16:20:00,"Collision with vehicle","Saturday","Day",3,2,"Cross intersection",3,50,"GLEN EIRA","METROPOLITAN SOUTH EAST REGION",-37.86631063,145.0124362,"Dry","Clear"
"T20190004556","9/3/19",18:00:00,"Collision with vehicle","Saturday","Day",2,2,"Cross intersection",3,60,"BASS COAST","EASTERN REGION",-38.61297354,145.5939615,"Dry","Clear"
"T20190004559","9/3/19",16:55:00,"Collision with a fixed object","Saturday","Day",1,1,"Not at intersection",2,60,"HORSHAM","WESTERN REGION",-36.7073201,142.2022096,"Dry","Clear"
"T20190004562","9/3/19",17:50:00,"Collision with a fixed object","Saturday","Day",1,1,"Not at intersection",2,80,"BALLARAT","WESTERN REGION",-37.51411947,143.7595167,"Dry","Clear"
"T20190004567","9/3/19",20:15:00,"Collision with a fixed object","Saturday","Dusk/Dawn",1,1,"Not at intersection",2,80,"MELTON","METROPOLITAN NORTH WEST REGION",-37.77346007,144.5629907,"Dry","Clear"
"T20190004570","9/3/19",20:20:00,"Collision with a fixed object","Saturday","Dark Street lights on",1,1,"Not at intersection",2,100,"WHITTLESEA","METROPOLITAN NORTH WEST REGION",-37.68844933,144.9877105,"Dry","Clear"
"T20190004572","9/3/19",18:45:00,"Collision with vehicle","Saturday","Day",2,2,"Cross intersection",2,80,"CASEY","METROPOLITAN SOUTH EAST REGION",-38.06527824,145.2991244,"Dry","Clear"
"T20190004574","9/3/19",02:00:00,"Collision with vehicle","Saturday","Dark Street lights unknown",2,2,"T intersection",3,999,"STONNINGTON","METROPOLITAN SOUTH EAST REGION",-37.87896277,145.0685478,"Dry","Clear"
"T20190004575","9/3/19",18:20:00,"No collision and no object struck","Saturday","Day",1,1,"Not at intersection",3,60,"YARRA RANGES","METROPOLITAN SOUTH EAST REGION",-37.81497279,145.358068,"Dry","Clear"
"T20190004577","9/3/19",22:33:00,"Collision with vehicle","Saturday","Dark No street lights",2,3,"Not at intersection",2,100,"MELTON","METROPOLITAN NORTH WEST REGION",-37.57823094,144.571888,"Dry","Clear"
"T20190004578","9/3/19",22:10:00,"Collision with vehicle","Saturday","Dark Street lights on",2,3,"T intersection",2,80,"HOBSONS BAY","METROPOLITAN NORTH WEST REGION",-37.84508077,144.7907234,"Dry","Clear"
"T20190004581","9/3/19",22:53:00,"Collision with vehicle","Saturday","Dark Street lights on",2,4,"Not at intersection",2,60,"EAST GIPPSLAND","EASTERN REGION",-37.82026946,147.6489282,"Dry","Clear"
"T20190004586","10/3/19",02:00:00,"Collision with a fixed object","Sunday","Dark Street lights on",1,4,"Not at intersection",3,50,"HUME","METROPOLITAN NORTH WEST REGION",-37.62228916,144.9356844,"Dry","Clear"
"T20190004587","9/3/19",12:05:00,"Collision with a fixed object","Saturday","Day",1,2,"Not at intersection",3,50,"MONASH","METROPOLITAN SOUTH EAST REGION",-37.90598077,145.1497928,"Dry","Clear"
"T20190004588","9/3/19",12:00:00,"Collision with vehicle","Saturday","Day",2,5,"Y intersection",3,80,"SHEPPARTON","NORTH EASTERN REGION",-36.33703653,145.4022179,"Dry","Clear"
"T20190004590","9/3/19",17:10:00,"Collision with vehicle","Saturday","Day",2,3,"T intersection",3,50,"MURRINDINDI","NORTH EASTERN REGION",-37.21141153,145.4242054,"Dry","Clear"
"T20190004591","10/3/19",06:12:00,"Collision with a fixed object","Sunday","Dark Street lights on",1,1,"Not at intersection",2,60,"BANYULE","METROPOLITAN NORTH WEST REGION",-37.74939772,145.0369303,"Dry","Clear"
"T20190004594","10/3/19",05:54:00,"Collision with vehicle","Sunday","Dark Street lights on",2,1,"Not at intersection",1,50,"KINGSTON","METROPOLITAN SOUTH EAST REGION",-37.92998495,145.1162771,"Dry","Clear"
"T20190004598","10/3/19",13:15:00,"Collision with vehicle","Sunday","Day",2,2,"T intersection",3,80,"SURF COAST","SOUTH WESTERN REGION",-38.3385779,144.2631814,"Dry","Clear"
"T20190004599","10/3/19",13:30:00,"Vehicle overturned (no collision)","Sunday","Day",1,1,"Not at intersection",3,100,"MURRINDINDI","NORTH EASTERN REGION",-37.24765626,145.1705906,"Wet","Raining"
"T20190004600","10/3/19",11:41:00,"Collision with vehicle","Sunday","Day",3,5,"Cross intersection",2,60,"WYNDHAM","METROPOLITAN NORTH WEST REGION",-37.87763875,144.6827831,"Dry","Clear"
"T20190004601","10/3/19",13:50:00,"Collision with vehicle","Sunday","Day",2,2,"Cross intersection",2,80,"CASEY","METROPOLITAN SOUTH EAST REGION",-38.0032104,145.2492258,"Dry","Clear"
"T20190004603","10/3/19",13:30:00,"Collision with vehicle","Sunday","Day",2,2,"Cross intersection",3,100,"CAMPASPE","NORTHERN REGION",-36.39880154,144.9823575,"Dry","Clear"
"T20190004604","6/3/19",19:45:00,"Vehicle overturned (no collision)","Wednesday","Day",1,2,"Not at intersection",3,70,"HORSHAM","WESTERN REGION",-36.7333521,142.2037028,"Dry","Clear"
"T20190004605","10/3/19",11:30:00,"Collision with vehicle","Sunday","Day",2,2,"T intersection",3,40,"WYNDHAM","METROPOLITAN NORTH WEST REGION",-37.90414453,144.6368475,"Dry","Clear"
"T20190004610","10/3/19",14:41:00,"Collision with vehicle","Sunday","Day",3,6,"Not at intersection",2,80,"CASEY","METROPOLITAN SOUTH EAST REGION",-38.0067516,145.2744761,"Dry","Raining"
"T20190004610","10/3/19",14:41:00,"Collision with vehicle","Sunday","Day",3,6,"Not at intersection",2,80,"CASEY","METROPOLITAN SOUTH EAST REGION",-38.0067516,145.2744761,"Dry","Smoke"
"T20190004611","10/3/19",10:50:00,"Collision with a fixed object","Sunday","Day",1,2,"Not at intersection",2,100,"MOYNE","SOUTH WESTERN REGION",-38.33962879,142.1862584,"Dry","Clear"
"T20190004613","9/3/19",18:30:00,"Collision with a fixed object","Saturday","Day",1,1,"T intersection",2,60,"NILLUMBIK","METROPOLITAN NORTH WEST REGION",-37.69766852,145.1501619,"Dry","Clear"
"T20190004618","10/3/19",20:00:00,"Collision with vehicle","Sunday","Dark Street lights on",2,3,"Not at intersection",2,100,"WYNDHAM","METROPOLITAN NORTH WEST REGION",-37.82249022,144.8106592,"Dry","Clear"
"T20190004620","10/3/19",15:30:00,"Collision with vehicle","Sunday","Day",2,9,"Not at intersection",3,40,"BALLARAT","WESTERN REGION",-37.54486025,143.8241202,"Dry","Clear"
"T20190004621","9/3/19",18:15:00,"Collision with vehicle","Saturday","Day",2,2,"T intersection",2,80,"BAYSIDE","METROPOLITAN SOUTH EAST REGION",-37.93237916,145.028755,"Dry","Clear"
"T20190004622","10/3/19",18:02:00,"Fall from or in moving vehicle","Sunday","Day",1,3,"Not at intersection",1,50,"HUME","METROPOLITAN NORTH WEST REGION",-37.67818961,144.9662365,"Dry","Clear"
"T20190004623","10/3/19",22:00:00,"Collision with a fixed object","Sunday","Dark No street lights",1,1,"Not at intersection",3,60,"HUME","METROPOLITAN NORTH WEST REGION",-37.66075378,144.9389241,"Dry","Clear"
"T20190004624","10/3/19",11:05:00,"Collision with vehicle","Sunday","Day",2,2,"Not at intersection",3,40,"YARRA","METROPOLITAN NORTH WEST REGION",-37.80996766,144.9948404,"Unknown","Not known"
"T20190004627","10/3/19",22:50:00,"Collision with a fixed object","Sunday","Dark Street lights on",1,5,"Cross intersection",3,80,"CASEY","METROPOLITAN SOUTH EAST REGION",-37.97313702,145.2422611,"Dry","Clear"
"T20190004628","10/3/19",21:28:00,"Collision with vehicle","Sunday","Dark No street lights",2,2,"Not at intersection",2,100,"KINGSTON","METROPOLITAN SOUTH EAST REGION",-38.06312026,145.1486089,"Dry","Clear"
"T20190004629","10/3/19",22:50:00,"Vehicle overturned (no collision)","Sunday","Dark Street lights on",1,2,"T intersection",3,50,"WHITTLESEA","METROPOLITAN NORTH WEST REGION",-37.62970178,145.0179197,"Dry","Clear"
"T20190004633","10/3/19",23:00:00,"Collision with vehicle","Sunday","Dark Street lights on",2,8,"Cross intersection",2,50,"NORTHERN GRAMPIANS","WESTERN REGION",-36.6167175,143.2582856,"Dry","Clear"
"T20190004634","4/3/19",11:47:00,"Collision with vehicle","Monday","Day",3,2,"T intersection",3,60,"MONASH","METROPOLITAN SOUTH EAST REGION",-37.88551531,145.1084116,"Dry","Clear"
"T20190004635","9/3/19",08:53:00,"Collision with vehicle","Saturday","Day",2,2,"T intersection",3,50,"MORNINGTON PENINSULA","METROPOLITAN SOUTH EAST REGION",-38.32027693,144.7150974,"Dry","Clear"
"T20190004636","10/3/19",11:01:00,"Collision with vehicle","Sunday","Day",2,2,"Cross intersection",3,50,"EAST GIPPSLAND","EASTERN REGION",-37.91528202,147.7204093,"Dry","Clear"
"T20190004637","11/3/19",10:30:00,"Collision with vehicle","Monday","Day",2,2,"Cross intersection",3,60,"DAREBIN","METROPOLITAN NORTH WEST REGION",-37.72690993,145.0059701,"Dry","Clear"
"T20190004638","11/3/19",11:18:00,"Struck Pedestrian","Monday","Day",1,2,"Cross intersection",3,50,"HUME","METROPOLITAN NORTH WEST REGION",-37.57972968,144.7293329,"Dry","Clear"
"T20190004639","10/3/19",20:00:00,"Collision with vehicle","Sunday","Dark Street lights on",3,5,"Not at intersection",2,70,"HUME","METROPOLITAN NORTH WEST REGION",-37.68411219,144.9572793,"Dry","Clear"
"T20190004642","11/3/19",11:46:00,"Collision with vehicle","Monday","Day",4,7,"Cross intersection",3,70,"HUME","METROPOLITAN NORTH WEST REGION",-37.68946536,144.9579808,"Dry","Clear"
"T20190004644","11/3/19",09:01:00,"Collision with vehicle","Monday","Day",2,3,"T intersection",3,50,"WHITEHORSE","METROPOLITAN SOUTH EAST REGION",-37.82047729,145.1190996,"Dry","Clear"
"T20190004647","11/3/19",12:00:00,"Collision with a fixed object","Monday","Day",1,1,"Not at intersection",3,80,"MORNINGTON PENINSULA","METROPOLITAN SOUTH EAST REGION",-38.33439001,145.1670571,"Wet","Clear"
"T20190004648","1/3/19",08:50:00,"Collision with vehicle","Friday","Day",2,2,"T intersection",3,60,"MELBOURNE","METROPOLITAN NORTH WEST REGION",-37.82870827,144.9711192,"Dry","Clear"
"T20190004649","11/3/19",08:30:00,"Collision with vehicle","Monday","Day",2,1,"Cross intersection",3,80,"MORNINGTON PENINSULA","METROPOLITAN SOUTH EAST REGION",-38.238575,145.189242,"Dry","Clear"
"T20190004651","6/3/19",13:52:00,"Collision with a fixed object","Wednesday","Day",1,3,"Not at intersection",3,80,"YARRA RANGES","METROPOLITAN SOUTH EAST REGION",-37.76176754,145.3099775,"Wet","Clear"
"T20190004653","11/3/19",13:23:00,"Vehicle overturned (no collision)","Monday","Day",1,2,"Not at intersection",3,50,"LATROBE","EASTERN REGION",-38.23714706,146.3965313,"Dry","Clear"
"T20190004654","11/3/19",13:45:00,"Collision with vehicle","Monday","Day",4,1,"Not at intersection",3,50,"GEELONG","SOUTH WESTERN REGION",-38.26874944,144.52305,"Wet","Raining"
"T20190004655","11/3/19",11:25:00,"Collision with a fixed object","Monday","Day",1,2,"Not at intersection",2,100,"HEPBURN","WESTERN REGION",-37.36367446,143.998761,"Dry","Clear"
"T20190004658","11/3/19",14:02:00,"Collision with a fixed object","Monday","Day",1,2,"Not at intersection",3,60,"CASEY","METROPOLITAN SOUTH EAST REGION",-38.03062143,145.2569889,"Dry","Clear"
"T20190004660","11/3/19",14:00:00,"Collision with vehicle","Monday","Day",2,7,"Cross intersection",3,80,"MONASH","METROPOLITAN SOUTH EAST REGION",-37.93253217,145.1562187,"Dry","Clear"
"T20190004661","10/3/19",19:30:00,"Collision with vehicle","Sunday","Day",2,2,"Not at intersection",3,100,"BOROONDARA","METROPOLITAN SOUTH EAST REGION",-37.77959475,145.0932922,"Dry","Clear"
"T20190004663","11/3/19",10:55:00,"Collision with vehicle","Monday","Day",2,2,"Cross intersection",3,60,"DAREBIN","METROPOLITAN NORTH WEST REGION",-37.77438215,145.0188978,"Dry","Clear"
"T20190004664","11/3/19",16:12:00,"Collision with vehicle","Monday","Day",2,2,"T intersection",3,40,"PORT PHILLIP","METROPOLITAN NORTH WEST REGION",-37.86065001,144.9758922,"Dry","Clear"
"T20190004665","11/3/19",13:55:00,"Collision with vehicle","Monday","Day",2,2,"T intersection",3,60,"WHITTLESEA","METROPOLITAN NORTH WEST REGION",-37.65310773,145.0228403,"Dry","Clear"
"T20190004666","11/3/19",13:02:00,"Collision with vehicle","Monday","Day",2,3,"Not at intersection",3,100,"HOBSONS BAY","METROPOLITAN NORTH WEST REGION",-37.86171721,144.7770124,"Dry","Clear"
"T20190004667","10/3/19",18:20:00,"Collision with vehicle","Sunday","Dusk/Dawn",2,4,"T intersection",2,80,"WYNDHAM","METROPOLITAN NORTH WEST REGION",-37.92708981,144.7040561,"Dry","Clear"
"T20190004668","11/3/19",16:30:00,"Collision with vehicle","Monday","Day",2,2,"Cross intersection",2,60,"MELBOURNE","METROPOLITAN NORTH WEST REGION",-37.82329191,144.9784939,"Dry","Clear"
"T20190004670","11/3/19",18:30:00,"Collision with vehicle","Monday","Day",2,4,"Cross intersection",3,40,"MELBOURNE","METROPOLITAN NORTH WEST REGION",-37.81790987,144.9620286,"Dry","Clear"
"T20190004671","11/3/19",18:45:00,"Collision with vehicle","Monday","Day",2,4,"Cross intersection",3,40,"ARARAT","WESTERN REGION",-37.29071212,142.9270072,"Dry","Clear"
"T20190004673","11/3/19",16:00:00,"Collision with a fixed object","Monday","Day",1,1,"Not at intersection",2,80,"MELTON","METROPOLITAN NORTH WEST REGION",-37.66110847,144.7262903,"Dry","Clear"
"T20190004674","11/3/19",20:11:00,"Collision with vehicle","Monday","Dark Street lights on",2,3,"T intersection",3,50,"CASEY","METROPOLITAN SOUTH EAST REGION",-37.98084685,145.2407264,"Dry","Clear"
"T20190004676","11/3/19",20:00:00,"Collision with a fixed object","Monday","Dark Street lights on",1,2,"Not at intersection",3,60,"CASEY","METROPOLITAN SOUTH EAST REGION",-38.11367023,145.2829929,"Dry","Clear"
"T20190004677","11/3/19",19:00:00,"Collision with vehicle","Monday","Day",2,1,"Not at intersection",3,60,"HOBSONS BAY","METROPOLITAN NORTH WEST REGION",-37.83384127,144.8727698,"Dry","Clear"
"T20190004678","11/3/19",18:50:00,"Collision with a fixed object","Monday","Day",1,1,"Not at intersection",2,100,"MORNINGTON PENINSULA","METROPOLITAN SOUTH EAST REGION",-38.38825178,144.9033253,"Dry","Clear"
"T20190004679","6/3/19",18:15:00,"Collision with vehicle","Wednesday","Dusk/Dawn",2,3,"Cross intersection",3,60,"BALLARAT","WESTERN REGION",-37.58206106,143.838941,"Dry","Clear"
"T20190004681","11/3/19",23:00:00,"Collision with vehicle","Monday","Dark Street lights on",2,3,"Cross intersection",2,60,"MARIBYRNONG","METROPOLITAN NORTH WEST REGION",-37.79118294,144.8895003,"Dry","Clear"
"T20190004683","11/3/19",02:00:00,"Struck Pedestrian","Monday","Dark Street lights on",1,5,"Not at intersection",3,40,"MORNINGTON PENINSULA","METROPOLITAN SOUTH EAST REGION",-38.21820162,145.0376357,"Dry","Clear"
"T20190004684","11/3/19",23:30:00,"Collision with vehicle","Monday","Dark Street lights on",2,2,"Cross intersection",3,70,"NILLUMBIK","METROPOLITAN NORTH WEST REGION",-37.67161479,145.1264641,"Dry","Clear"
"T20190004689","12/3/19",06:35:00,"Struck Pedestrian","Tuesday","Dark Street lights on",1,2,"Not at intersection",2,60,"MAROONDAH","METROPOLITAN SOUTH EAST REGION",-37.80794999,145.2273125,"Dry","Clear"
"T20190004690","12/3/19",00:30:00,"Struck Pedestrian","Tuesday","Dark Street lights on",1,2,"T intersection",3,40,"YARRA","METROPOLITAN NORTH WEST REGION",-37.82517579,144.9933892,"Dry","Clear"
"T20190004691","11/3/19",16:50:00,"Struck Pedestrian","Monday","Day",1,2,"T intersection",2,60,"WANGARATTA","NORTH EASTERN REGION",-36.37317626,146.3106371,"Dry","Clear"
"T20190004692","12/3/19",07:20:00,"Fall from or in moving vehicle","Tuesday","Day",1,1,"Not at intersection",3,60,"BENDIGO","NORTHERN REGION",-36.74959657,144.3157931,"Unknown","Not known"
"T20190004693","12/3/19",06:45:00,"Collision with vehicle","Tuesday","Dusk/Dawn",2,2,"Not at intersection",3,100,"MELTON","METROPOLITAN NORTH WEST REGION",-37.72063381,144.6470765,"Dry","Clear"
"T20190004694","12/3/19",08:00:00,"Collision with vehicle","Tuesday","Day",2,2,"Cross intersection",2,30,"YARRA","METROPOLITAN NORTH WEST REGION",-37.79410233,144.9791802,"Dry","Clear"
"T20190004695","9/3/19",01:30:00,"Struck Pedestrian","Saturday","Dark Street lights on",1,3,"Not at intersection",3,60,"MELTON","METROPOLITAN NORTH WEST REGION",-37.73311027,144.7439302,"Dry","Clear"
"T20190004696","9/3/19",11:20:00,"Collision with vehicle","Saturday","Day",2,2,"T intersection",3,80,"WHITEHORSE","METROPOLITAN SOUTH EAST REGION",-37.83388467,145.1642861,"Dry","Clear"
"T20190004697","12/3/19",09:45:00,"Collision with vehicle","Tuesday","Day",2,2,"Not at intersection",3,100,"GEELONG","SOUTH WESTERN REGION",-38.12332452,144.3174846,"Dry","Clear"
"T20190004698","12/3/19",10:00:00,"Struck Pedestrian","Tuesday","Day",1,2,"Cross intersection",3,60,"MORELAND","METROPOLITAN NORTH WEST REGION",-37.71651378,144.9366391,"Dry","Clear"
"T20190004699","12/3/19",08:25:00,"Collision with vehicle","Tuesday","Day",2,2,"Not at intersection",3,888,"WHITTLESEA","METROPOLITAN NORTH WEST REGION",-37.69407501,145.0036347,"Dry","Clear"
"T20190004701","12/1/19",15:00:00,"Collision with vehicle","Saturday","Day",3,3,"Cross intersection",3,60,"SHEPPARTON","NORTH EASTERN REGION",-36.38522752,145.3985013,"Dry","Clear"
"T20190004705","26/2/19",08:10:00,"Collision with vehicle","Tuesday","Day",2,2,"Not at intersection",3,60,"KNOX","METROPOLITAN SOUTH EAST REGION",-37.91078006,145.2749301,"Dry","Clear"
"T20190004706","12/3/19",10:35:00,"Collision with vehicle","Tuesday","Day",2,3,"Not at intersection",2,80,"MAROONDAH","METROPOLITAN SOUTH EAST REGION",-37.8271046,145.2847024,"Wet","Raining"
"T20190004707","11/3/19",16:35:00,"Collision with vehicle","Monday","Day",2,2,"Not at intersection",1,100,"NORTHERN GRAMPIANS","WESTERN REGION",-36.47101785,143.0687028,"Dry","Clear"
"T20190004709","20/2/19",17:15:00,"Vehicle overturned (no collision)","Wednesday","Day",1,1,"Not at intersection",3,60,"BENDIGO","NORTHERN REGION",-36.75961196,144.3381318,"Unknown","Not known"
"T20190004710","12/3/19",08:50:00,"Collision with vehicle","Tuesday","Day",2,2,"Cross intersection",3,50,"MILDURA","WESTERN REGION",-34.18237468,142.1558648,"Dry","Clear"
"T20190004714","12/3/19",12:25:00,"Collision with a fixed object","Tuesday","Day",1,1,"Not at intersection",3,80,"WHITEHORSE","METROPOLITAN SOUTH EAST REGION",-37.85293392,145.1551092,"Wet","Clear"
"T20190004716","12/3/19",13:55:00,"Collision with vehicle","Tuesday","Day",2,2,"Cross intersection",3,40,"YARRA","METROPOLITAN NORTH WEST REGION",-37.79534365,144.9848938,"Dry","Clear"
"T20190004717","11/3/19",19:40:00,"No collision and no object struck","Monday","Dark No street lights",1,1,"Not at intersection",3,60,"YARRA RANGES","METROPOLITAN SOUTH EAST REGION",-37.86221376,145.36181,"Dry","Clear"
"T20190004718","12/3/19",10:37:00,"Collision with vehicle","Tuesday","Day",3,1,"Not at intersection",3,60,"BENDIGO","NORTHERN REGION",-36.70973069,144.2790828,"Dry","Clear"
"T20190004719","12/3/19",11:33:00,"Collision with vehicle","Tuesday","Day",2,2,"Not at intersection",2,60,"BRIMBANK","METROPOLITAN NORTH WEST REGION",-37.78516555,144.8253757,"Dry","Clear"
"T20190004720","10/3/19",16:15:00,"Vehicle overturned (no collision)","Sunday","Day",1,1,"Not at intersection",3,80,"MURRINDINDI","NORTH EASTERN REGION",-37.33838038,145.9636019,"Wet","Raining"