"ACCIDENT_NO","ACCIDENTDATE","ACCIDENTTIME","Accident Type Desc","Day Week Description","Light Condition Desc","NO_OF_VEHICLES","NO_PERSONS","Road Geometry Desc","SEVERITY","SPEED_ZONE","LGA_NAME","REGION_NAME","Lat","Long","Surface Cond Desc","Atmosph Cond Desc"
"T20190004722","12/3/19",09:05:00,"Collision with vehicle","Tuesday","Day",2,2,"T intersection",3,999,"DAREBIN","METROPOLITAN NORTH WEST REGION",-37.77209063,144.9906999,"Dry","Clear"
"T20190004723","12/3/19",14:19:00,"Collision with vehicle","Tuesday","Day",2,2,"T intersection",3,60,"MORELAND","METROPOLITAN NORTH WEST REGION",-37.75466174,144.9575216,"Dry","Clear"
"T20190004724","12/3/19",14:30:00,"Collision with vehicle","Tuesday","Day",4,1,"Not at intersection",3,50,"MELBOURNE","METROPOLITAN NORTH WEST REGION",-37.80221001,144.9456002,"Dry","Clear"
"T20190004725","10/3/19",01:42:00,"Collision with a fixed object","Sunday","Dark Street lights on",1,1,"Not at intersection",2,60,"ALPINE","NORTH EASTERN REGION",-36.72861041,146.950489,"Dry","Clear"
"T20190004729","11/3/19",18:35:00,"Collision with vehicle","Monday","Day",2,2,"Cross intersection",3,60,"KINGSTON","METROPOLITAN SOUTH EAST REGION",-38.04390379,145.1399582,"Dry","Clear"
"T20190004730","9/3/19",17:00:00,"No collision and no object struck","Saturday","Day",1,1,"Not at intersection",3,888,"SWAN HILL","NORTHERN REGION",-34.60647059,142.7040326,"Dry","Clear"
"T20190004731","12/3/19",13:30:00,"Collision with a fixed object","Tuesday","Day",1,1,"Not at intersection",2,80,"MELBOURNE","METROPOLITAN NORTH WEST REGION",-37.82671506,144.948571,"Dry","Clear"
"T20190004732","12/3/19",11:35:00,"Vehicle overturned (no collision)","Tuesday","Day",1,1,"Not at intersection",3,100,"SOUTHERN GRAMPIANS","SOUTH WESTERN REGION",-37.62184967,142.4903386,"Dry","Clear"
"T20190004732","12/3/19",11:35:00,"Vehicle overturned (no collision)","Tuesday","Day",1,1,"Not at intersection",3,100,"SOUTHERN GRAMPIANS","SOUTH WESTERN REGION",-37.62184967,142.4903386,"Dry","Dust"
"T20190004735","12/3/19",15:15:00,"Struck Pedestrian","Tuesday","Day",1,2,"Not at intersection",3,40,"BOROONDARA","METROPOLITAN SOUTH EAST REGION",-37.80672952,145.061386,"Dry","Clear"
"T20190004736","12/3/19",16:23:00,"Collision with vehicle","Tuesday","Day",2,4,"T intersection",3,80,"CARDINIA","METROPOLITAN SOUTH EAST REGION",-38.10283071,145.4879376,"Dry","Clear"
"T20190004738","12/3/19",16:18:00,"Collision with vehicle","Tuesday","Day",2,4,"Cross intersection",2,60,"DANDENONG","METROPOLITAN SOUTH EAST REGION",-37.99110292,145.2078924,"Dry","Clear"
"T20190004739","12/3/19",20:20:00,"Struck Pedestrian","Tuesday","Dark Street lights on",1,3,"Not at intersection",3,60,"YARRA RANGES","METROPOLITAN SOUTH EAST REGION",-37.90631748,145.3426209,"Dry","Clear"
"T20190004740","12/3/19",19:34:00,"Collision with a fixed object","Tuesday","Dark No street lights",1,1,"Not at intersection",3,80,"CASEY","METROPOLITAN SOUTH EAST REGION",-38.21878933,145.3234002,"Dry","Clear"
"T20190004741","12/3/19",15:14:00,"Collision with vehicle","Tuesday","Day",2,2,"T intersection",2,50,"DANDENONG","METROPOLITAN SOUTH EAST REGION",-37.95834922,145.1994158,"Dry","Clear"
"T20190004742","12/3/19",18:47:00,"Collision with vehicle","Tuesday","Day",2,2,"Not at intersection",3,80,"MELTON","METROPOLITAN NORTH WEST REGION",-37.79389854,144.7518516,"Dry","Clear"
"T20190004745","10/3/19",00:38:00,"Collision with vehicle","Sunday","Dark Street lights unknown",2,2,"Cross intersection",3,60,"BRIMBANK","METROPOLITAN NORTH WEST REGION",-37.75159073,144.8326367,"Unknown","Clear"
"T20190004747","12/3/19",18:30:00,"No collision and no object struck","Tuesday","Day",1,1,"Not at intersection",1,100,"WEST WIMMERA","WESTERN REGION",-36.71654218,141.4476091,"Dry","Clear"
"T20190004756","13/3/19",05:09:00,"Collision with vehicle","Wednesday","Day",2,2,"T intersection",3,80,"DANDENONG","METROPOLITAN SOUTH EAST REGION",-37.97102725,145.1484888,"Dry","Clear"
"T20190004760","13/3/19",06:50:00,"Collision with vehicle","Wednesday","Day",3,5,"Cross intersection",3,60,"BRIMBANK","METROPOLITAN NORTH WEST REGION",-37.74991131,144.8317069,"Dry","Clear"
"T20190004763","13/3/19",08:30:00,"Collision with vehicle","Wednesday","Day",2,4,"T intersection",3,60,"GEELONG","SOUTH WESTERN REGION",-38.18749906,144.4742579,"Dry","Clear"
"T20190004768","13/3/19",09:30:00,"Collision with vehicle","Wednesday","Day",2,2,"T intersection",3,999,"GLEN EIRA","METROPOLITAN SOUTH EAST REGION",-37.87166204,145.0350562,"Unknown","Clear"
"T20190004770","13/3/19",09:30:00,"Collision with vehicle","Wednesday","Day",2,2,"Not at intersection",2,80,"WHITEHORSE","METROPOLITAN SOUTH EAST REGION",-37.8529504,145.1696233,"Dry","Clear"
"T20190004771","13/3/19",11:05:00,"Struck Pedestrian","Wednesday","Day",1,2,"T intersection",3,60,"MELBOURNE","METROPOLITAN NORTH WEST REGION",-37.78472297,144.9593976,"Dry","Clear"
"T20190004773","13/3/19",10:20:00,"Collision with a fixed object","Wednesday","Day",1,1,"Not at intersection",3,80,"WHITTLESEA","METROPOLITAN NORTH WEST REGION",-37.69184109,144.9820508,"Dry","Clear"
"T20190004777","13/3/19",11:40:00,"Collision with vehicle","Wednesday","Day",2,3,"T intersection",2,50,"BRIMBANK","METROPOLITAN NORTH WEST REGION",-37.80493466,144.7675941,"Dry","Clear"
"T20190004778","27/2/19",16:20:00,"Collision with vehicle","Wednesday","Day",2,3,"Not at intersection",3,80,"FRANKSTON","METROPOLITAN SOUTH EAST REGION",-38.1217291,145.2299303,"Dry","Clear"
"T20190004779","13/3/19",13:10:00,"Collision with vehicle","Wednesday","Day",2,2,"T intersection",3,40,"YARRA","METROPOLITAN NORTH WEST REGION",-37.82491136,144.9911642,"Dry","Clear"
"T20190004780","5/3/19",14:00:00,"Collision with vehicle","Tuesday","Day",2,2,"T intersection",2,80,"KNOX","METROPOLITAN SOUTH EAST REGION",-37.84834836,145.2301998,"Dry","Clear"
"T20190004782","13/3/19",13:45:00,"Collision with a fixed object","Wednesday","Day",1,2,"Cross intersection",3,60,"HOBSONS BAY","METROPOLITAN NORTH WEST REGION",-37.87373112,144.7872896,"Dry","Clear"
"T20190004783","13/3/19",08:40:00,"Collision with a fixed object","Wednesday","Day",1,1,"Not at intersection",2,100,"GLENELG","SOUTH WESTERN REGION",-37.99677434,141.7500324,"Dry","Clear"
"T20190004785","13/3/19",13:10:00,"Collision with vehicle","Wednesday","Day",3,4,"T intersection",2,60,"WHITEHORSE","METROPOLITAN SOUTH EAST REGION",-37.85422727,145.1319905,"Dry","Clear"
"T20190004787","13/3/19",14:05:00,"Collision with vehicle","Wednesday","Day",2,3,"Not at intersection",3,60,"CASEY","METROPOLITAN SOUTH EAST REGION",-37.9666684,145.2651913,"Dry","Not known"
"T20190004788","13/3/19",14:57:00,"Collision with vehicle","Wednesday","Day",3,4,"Cross intersection",2,80,"FRANKSTON","METROPOLITAN SOUTH EAST REGION",-38.15641092,145.1706608,"Dry","Clear"
"T20190004790","13/3/19",14:09:00,"Collision with a fixed object","Wednesday","Day",1,1,"Multiple intersection",2,60,"NORTHERN GRAMPIANS","WESTERN REGION",-36.61234679,143.2546073,"Dry","Clear"
"T20190004793","13/3/19",14:45:00,"Collision with vehicle","Wednesday","Day",2,2,"Not at intersection",3,50,"KINGSTON","METROPOLITAN SOUTH EAST REGION",-38.06220993,145.1453899,"Dry","Clear"
"T20190004794","13/3/19",16:55:00,"Collision with vehicle","Wednesday","Day",2,2,"Not at intersection",3,100,"HUME","METROPOLITAN NORTH WEST REGION",-37.69182369,144.9609703,"Dry","Clear"
"T20190004795","13/3/19",16:10:00,"Struck Pedestrian","Wednesday","Day",1,2,"Not at intersection",3,60,"DANDENONG","METROPOLITAN SOUTH EAST REGION",-37.98504531,145.2207583,"Dry","Clear"
"T20190004796","13/3/19",15:30:00,"Collision with vehicle","Wednesday","Day",2,2,"Cross intersection",3,60,"MELTON","METROPOLITAN NORTH WEST REGION",-37.68430545,144.5681911,"Dry","Clear"
"T20190004798","13/3/19",19:10:00,"Collision with vehicle","Wednesday","Day",2,2,"T intersection",3,80,"BRIMBANK","METROPOLITAN NORTH WEST REGION",-37.70052993,144.7963523,"Dry","Clear"
"T20190004799","13/3/19",14:40:00,"Collision with vehicle","Wednesday","Day",2,2,"Not at intersection",2,60,"CASEY","METROPOLITAN SOUTH EAST REGION",-38.09794933,145.2821196,"Dry","Clear"
"T20190004800","13/3/19",18:35:00,"Collision with vehicle","Wednesday","Dusk/Dawn",3,4,"Not at intersection",3,60,"WHITTLESEA","METROPOLITAN NORTH WEST REGION",-37.69231801,145.0623867,"Dry","Clear"
"T20190004806","13/3/19",18:10:00,"Collision with vehicle","Wednesday","Day",2,3,"Not at intersection",3,50,"HUME","METROPOLITAN NORTH WEST REGION",-37.6852781,144.9222404,"Dry","Clear"
"T20190004810","13/3/19",22:05:00,"Collision with a fixed object","Wednesday","Dark No street lights",1,1,"Not at intersection",3,100,"EAST GIPPSLAND","EASTERN REGION",-37.75864734,147.6104353,"Dry","Dust"
"T20190004811","13/3/19",22:00:00,"Collision with vehicle","Wednesday","Dark No street lights",2,2,"Not at intersection",2,110,"BENALLA","NORTH EASTERN REGION",-36.49056286,146.1316538,"Dry","Clear"
"T20190004815","13/3/19",19:25:00,"Collision with a fixed object","Wednesday","Day",1,1,"Not at intersection",3,80,"LATROBE","EASTERN REGION",-38.19754888,146.32277,"Dry","Clear"
"T20190004817","14/3/19",03:20:00,"Collision with a fixed object","Thursday","Dark Street lights on",1,3,"T intersection",3,50,"HUME","METROPOLITAN NORTH WEST REGION",-37.59774631,144.9314902,"Dry","Clear"
"T20190004819","14/3/19",07:05:00,"Collision with vehicle","Thursday","Day",4,6,"Not at intersection",3,100,"KNOX","METROPOLITAN SOUTH EAST REGION",-37.93224575,145.2093855,"Dry","Clear"
"T20190004820","13/3/19",16:30:00,"Fall from or in moving vehicle","Wednesday","Day",1,2,"Cross intersection",3,50,"HORSHAM","WESTERN REGION",-36.71783821,142.1997291,"Dry","Clear"
"T20190004821","14/3/19",06:30:00,"Collision with vehicle","Thursday","Dusk/Dawn",3,3,"Not at intersection",3,80,"HUME","METROPOLITAN NORTH WEST REGION",-37.6810466,144.8708643,"Dry","Clear"
"T20190004824","14/3/19",08:45:00,"Collision with vehicle","Thursday","Day",3,7,"Not at intersection",2,100,"KINGSTON","METROPOLITAN SOUTH EAST REGION",-38.03451979,145.1380709,"Dry","Clear"
"T20190004828","14/3/19",10:40:00,"Collision with vehicle","Thursday","Day",2,6,"Not at intersection",3,50,"MILDURA","WESTERN REGION",-34.18852592,142.1484147,"Dry","Clear"
"T20190004831","14/3/19",09:45:00,"Collision with vehicle","Thursday","Day",2,2,"T intersection",2,80,"NILLUMBIK","METROPOLITAN NORTH WEST REGION",-37.68360723,145.1189015,"Dry","Clear"
"T20190004834","14/3/19",07:00:00,"Collision with vehicle","Thursday","Dusk/Dawn",2,2,"T intersection",3,100,"SHEPPARTON","NORTH EASTERN REGION",-36.34752382,145.4619626,"Dry","Smoke"
"T20190004835","14/3/19",10:20:00,"Collision with vehicle","Thursday","Day",2,2,"T intersection",3,60,"BRIMBANK","METROPOLITAN NORTH WEST REGION",-37.76007521,144.8318666,"Dry","Clear"
"T20190004839","30/1/19",11:30:00,"Collision with vehicle","Wednesday","Day",2,2,"Cross intersection",3,60,"MOORABOOL","WESTERN REGION",-37.67756357,144.4349755,"Dry","Clear"
"T20190004841","14/3/19",11:10:00,"Collision with vehicle","Thursday","Day",2,2,"T intersection",3,60,"MELBOURNE","METROPOLITAN NORTH WEST REGION",-37.79374558,144.9681375,"Dry","Clear"
"T20190004843","14/3/19",10:20:00,"Collision with vehicle","Thursday","Day",2,3,"T intersection",3,70,"GEELONG","SOUTH WESTERN REGION",-38.19031617,144.4688205,"Dry","Clear"
"T20190004846","14/3/19",08:29:00,"Collision with vehicle","Thursday","Day",2,2,"Not at intersection",3,50,"KINGSTON","METROPOLITAN SOUTH EAST REGION",-37.97757032,145.0745627,"Dry","Clear"
"T20190004848","14/3/19",11:40:00,"Collision with vehicle","Thursday","Day",3,3,"Not at intersection",3,80,"GEELONG","SOUTH WESTERN REGION",-38.17420217,144.4575396,"Dry","Clear"
"T20190004855","13/3/19",15:00:00,"Collision with a fixed object","Wednesday","Day",1,1,"Not at intersection",3,100,"LATROBE","EASTERN REGION",-38.14910117,146.4735198,"Dry","Clear"
"T20190004858","14/3/19",15:33:00,"Collision with vehicle","Thursday","Day",2,2,"Cross intersection",3,50,"MELBOURNE","METROPOLITAN NORTH WEST REGION",-37.81070411,144.9861589,"Dry","Clear"
"T20190004859","14/3/19",10:10:00,"Collision with vehicle","Thursday","Day",2,2,"Cross intersection",3,100,"MOIRA","NORTH EASTERN REGION",-35.92548099,145.3318948,"Dry","Smoke"
"T20190004859","14/3/19",10:10:00,"Collision with vehicle","Thursday","Day",2,2,"Cross intersection",3,100,"MOIRA","NORTH EASTERN REGION",-35.92548099,145.3318948,"Dry","Dust"
"T20190004861","14/3/19",15:20:00,"Struck Pedestrian","Thursday","Day",1,2,"Cross intersection",3,40,"GEELONG","SOUTH WESTERN REGION",-38.13084513,144.3317375,"Dry","Clear"
"T20190004865","14/3/19",16:10:00,"Collision with vehicle","Thursday","Day",2,1,"Not at intersection",2,60,"CARDINIA","METROPOLITAN SOUTH EAST REGION",-38.09908256,145.7246597,"Dry","Clear"
"T20190004866","13/3/19",18:45:00,"Collision with a fixed object","Wednesday","Day",1,1,"Cross intersection",2,50,"GEELONG","SOUTH WESTERN REGION",-38.14757563,144.357754,"Dry","Clear"
"T20190004867","14/3/19",15:50:00,"Collision with vehicle","Thursday","Day",2,3,"Cross intersection",3,60,"BALLARAT","WESTERN REGION",-37.55006079,143.8503253,"Dry","Clear"
"T20190004869","14/3/19",12:50:00,"Collision with vehicle","Thursday","Day",2,2,"Not at intersection",3,50,"WHITEHORSE","METROPOLITAN SOUTH EAST REGION",-37.83099526,145.172214,"Dry","Clear"
"T20190004870","13/3/19",14:24:00,"Collision with vehicle","Wednesday","Day",3,3,"Not at intersection",3,60,"MOONEE VALLEY","METROPOLITAN NORTH WEST REGION",-37.75321946,144.9256351,"Dry","Clear"
"T20190004872","14/3/19",16:30:00,"Collision with vehicle","Thursday","Day",2,4,"Not at intersection",3,70,"CASEY","METROPOLITAN SOUTH EAST REGION",-38.03374186,145.2841875,"Dry","Clear"
"T20190004877","14/3/19",19:15:00,"Vehicle overturned (no collision)","Thursday","Dusk/Dawn",1,1,"T intersection",3,60,"GEELONG","SOUTH WESTERN REGION",-38.18281165,144.3541684,"Dry","Clear"
"T20190004878","14/3/19",16:55:00,"Collision with vehicle","Thursday","Day",2,4,"Cross intersection",3,80,"CASEY","METROPOLITAN SOUTH EAST REGION",-38.09460791,145.2553286,"Dry","Clear"
"T20190004880","13/3/19",17:50:00,"Collision with vehicle","Wednesday","Day",2,2,"Cross intersection",3,40,"MORELAND","METROPOLITAN NORTH WEST REGION",-37.76704903,144.9621261,"Dry","Clear"
"T20190004882","14/3/19",17:52:00,"Collision with vehicle","Thursday","Day",2,3,"T intersection",2,80,"YARRA RANGES","METROPOLITAN SOUTH EAST REGION",-37.77623974,145.5764805,"Dry","Clear"
"T20190004883","14/3/19",08:17:00,"Collision with vehicle","Thursday","Day",2,2,"Not at intersection",3,888,"BAYSIDE","METROPOLITAN SOUTH EAST REGION",-37.93239307,145.0209394,"Dry","Clear"
"T20190004886","14/3/19",16:50:00,"Collision with vehicle","Thursday","Day",2,2,"T intersection",2,50,"GEELONG","SOUTH WESTERN REGION",-38.19886622,144.3393986,"Dry","Clear"
"T20190004887","14/3/19",19:30:00,"Collision with vehicle","Thursday","Day",2,3,"Not at intersection",2,50,"MORELAND","METROPOLITAN NORTH WEST REGION",-37.76561804,144.9636174,"Dry","Clear"
"T20190004889","14/3/19",15:25:00,"Collision with vehicle","Thursday","Day",2,3,"Not at intersection",2,60,"WHITTLESEA","METROPOLITAN NORTH WEST REGION",-37.62992004,145.0276205,"Dry","Clear"
"T20190004891","14/3/19",18:50:00,"Collision with vehicle","Thursday","Day",2,2,"T intersection",3,999,"BAYSIDE","METROPOLITAN SOUTH EAST REGION",-37.95746825,145.038563,"Dry","Clear"
"T20190004894","14/3/19",15:45:00,"Collision with vehicle","Thursday","Day",2,6,"Not at intersection",3,50,"BENDIGO","NORTHERN REGION",-36.70554467,144.3193222,"Unknown","Not known"
"T20190004899","14/3/19",08:00:00,"Collision with vehicle","Thursday","Day",2,2,"T intersection",3,80,"MORNINGTON PENINSULA","METROPOLITAN SOUTH EAST REGION",-38.41244471,144.8806944,"Dry","Clear"
"T20190004901","14/3/19",17:45:00,"Collision with vehicle","Thursday","Day",2,3,"T intersection",3,60,"CASEY","METROPOLITAN SOUTH EAST REGION",-38.10336612,145.3255284,"Dry","Clear"
"T20190004905","15/3/19",01:32:00,"Collision with a fixed object","Friday","Dark Street lights on",1,1,"Not at intersection",3,60,"BOROONDARA","METROPOLITAN SOUTH EAST REGION",-37.79628448,145.0575981,"Dry","Clear"
"T20190004906","11/2/19",01:15:00,"Collision with vehicle","Monday","Dark Street lights on",2,4,"T intersection",3,70,"GEELONG","SOUTH WESTERN REGION",-38.15172483,144.351973,"Dry","Clear"
"T20190004908","14/3/19",21:55:00,"Collision with vehicle","Thursday","Dark Street lights on",2,2,"Not at intersection",2,60,"CASEY","METROPOLITAN SOUTH EAST REGION",-38.05300224,145.361228,"Dry","Clear"
"T20190004909","14/3/19",11:45:00,"Collision with vehicle","Thursday","Day",2,4,"T intersection",3,80,"KINGSTON","METROPOLITAN SOUTH EAST REGION",-37.99273554,145.106773,"Dry","Clear"
"T20190004910","14/3/19",21:47:00,"Collision with vehicle","Thursday","Dark No street lights",2,2,"T intersection",2,100,"SURF COAST","SOUTH WESTERN REGION",-38.21232845,144.2037847,"Dry","Clear"
"T20190004911","11/3/19",22:40:00,"Vehicle overturned (no collision)","Monday","Dark Street lights on",1,1,"Cross intersection",3,50,"BALLARAT","WESTERN REGION",-37.58226056,143.8408747,"Dry","Not known"
"T20190004912","1/2/19",14:00:00,"Collision with vehicle","Friday","Day",2,2,"Cross intersection",3,999,"BAYSIDE","METROPOLITAN SOUTH EAST REGION",-37.88859397,144.9961709,"Dry","Clear"
"T20190004913","15/3/19",05:15:00,"Collision with vehicle","Friday","Dark Street lights off",2,1,"T intersection",3,80,"KINGSTON","METROPOLITAN SOUTH EAST REGION",-37.93916235,145.0390294,"Dry","Clear"
"T20190004920","15/2/19",07:45:00,"Struck animal","Friday","Day",1,1,"Not at intersection",3,100,"MELTON","METROPOLITAN NORTH WEST REGION",-37.61329739,144.5586657,"Dry","Clear"
"T20190004921","15/3/19",08:10:00,"Collision with vehicle","Friday","Day",4,4,"T intersection",3,80,"YARRA RANGES","METROPOLITAN SOUTH EAST REGION",-37.96117797,145.3611396,"Dry","Clear"
"T20190004922","15/3/19",09:10:00,"Collision with vehicle","Friday","Day",2,2,"Not at intersection",2,70,"MORELAND","METROPOLITAN NORTH WEST REGION",-37.71579987,144.9621614,"Dry","Clear"
"T20190004923","14/3/19",17:40:00,"Collision with vehicle","Thursday","Unknown",2,2,"T intersection",3,60,"MAROONDAH","METROPOLITAN SOUTH EAST REGION",-37.78727051,145.2479967,"Dry","Not known"
"T20190004929","15/3/19",08:27:00,"Collision with vehicle","Friday","Day",3,3,"Not at intersection",3,100,"MILDURA","WESTERN REGION",-34.28694207,142.1238475,"Dry","Clear"
"T20190004931","15/3/19",09:35:00,"Struck Pedestrian","Friday","Day",1,2,"Multiple intersection",2,50,"BOROONDARA","METROPOLITAN SOUTH EAST REGION",-37.82820841,145.0577103,"Dry","Clear"
"T20190004932","15/3/19",10:15:00,"Collision with a fixed object","Friday","Day",1,1,"Not at intersection",2,50,"MONASH","METROPOLITAN SOUTH EAST REGION",-37.9110373,145.1957405,"Dry","Clear"
"T20190004933","15/3/19",09:39:00,"Collision with vehicle","Friday","Day",2,2,"Not at intersection",3,60,"WYNDHAM","METROPOLITAN NORTH WEST REGION",-37.83774356,144.7280559,"Dry","Clear"
"T20190004935","15/3/19",08:35:00,"Collision with vehicle","Friday","Day",2,2,"T intersection",3,40,"YARRA","METROPOLITAN NORTH WEST REGION",-37.80894953,144.9847893,"Dry","Clear"
"T20190004937","15/3/19",09:25:00,"Collision with vehicle","Friday","Day",2,3,"Cross intersection",2,100,"CARDINIA","METROPOLITAN SOUTH EAST REGION",-38.18824829,145.6425757,"Dry","Clear"
"T20190004939","15/3/19",11:00:00,"Collision with vehicle","Friday","Day",2,4,"Cross intersection",3,60,"SHEPPARTON","NORTH EASTERN REGION",-36.38833207,145.4318216,"Dry","Clear"
"T20190004941","15/3/19",12:30:00,"Collision with vehicle","Friday","Day",2,2,"Cross intersection",2,60,"WHITEHORSE","METROPOLITAN SOUTH EAST REGION",-37.8274657,145.1106511,"Dry","Clear"
"T20190004942","22/2/19",10:30:00,"Collision with a fixed object","Friday","Day",1,2,"Not at intersection",3,999,"CARDINIA","METROPOLITAN SOUTH EAST REGION",-38.27753986,145.5468786,"Dry","Clear"
"T20190004943","15/3/19",13:00:00,"Collision with vehicle","Friday","Day",2,2,"Cross intersection",3,60,"BOROONDARA","METROPOLITAN SOUTH EAST REGION",-37.8128421,145.081344,"Dry","Clear"
"T20190004944","15/3/19",11:35:00,"Collision with a fixed object","Friday","Day",1,1,"Not at intersection",2,100,"SHEPPARTON","NORTH EASTERN REGION",-36.33066789,145.461975,"Dry","Clear"
"T20190004945","9/2/19",12:30:00,"Collision with vehicle","Saturday","Day",2,2,"Cross intersection",3,70,"GEELONG","SOUTH WESTERN REGION",-38.17652672,144.351804,"Unknown","Not known"
"T20190004946","15/3/19",12:00:00,"Collision with vehicle","Friday","Day",2,2,"Not at intersection",3,50,"SHEPPARTON","NORTH EASTERN REGION",-36.38034263,145.406154,"Dry","Clear"
"T20190004948","13/3/19",20:45:00,"Collision with vehicle","Wednesday","Dark Street lights unknown",2,2,"Not at intersection",3,999,"MOONEE VALLEY","METROPOLITAN NORTH WEST REGION",-37.75717926,144.9183344,"Dry","Clear"
"T20190004949","14/3/19",14:32:00,"Collision with vehicle","Thursday","Day",4,6,"Not at intersection",3,100,"MACEDON RANGES","NORTHERN REGION",-37.46752197,144.6567703,"Dry","Clear"
"T20190004950","15/3/19",13:45:00,"Collision with vehicle","Friday","Day",3,4,"Not at intersection",2,70,"MORELAND","METROPOLITAN NORTH WEST REGION",-37.70157806,144.9602023,"Dry","Clear"
"T20190004951","15/3/19",11:56:00,"Struck Pedestrian","Friday","Day",1,2,"T intersection",3,999,"MOONEE VALLEY","METROPOLITAN NORTH WEST REGION",-37.7435405,144.9099623,"Dry","Clear"
"T20190004952","15/3/19",14:00:00,"Struck Pedestrian","Friday","Day",1,2,"T intersection",2,999,"GLEN EIRA","METROPOLITAN SOUTH EAST REGION",-37.91858896,145.0398002,"Unknown","Clear"
"T20190004953","13/3/19",19:40:00,"Collision with vehicle","Wednesday","Dusk/Dawn",2,3,"Not at intersection",3,80,"MELBOURNE","METROPOLITAN NORTH WEST REGION",-37.82528171,144.9703812,"Dry","Clear"
"T20190004959","12/3/19",09:00:00,"Collision with vehicle","Tuesday","Day",2,3,"T intersection",2,100,"WYNDHAM","METROPOLITAN NORTH WEST REGION",-37.86922883,144.7561198,"Dry","Clear"
"T20190004960","15/3/19",16:40:00,"Struck Pedestrian","Friday","Day",1,2,"Not at intersection",3,60,"BOROONDARA","METROPOLITAN SOUTH EAST REGION",-37.82125641,145.0237007,"Dry","Clear"
"T20190004962","15/3/19",15:15:00,"Collision with vehicle","Friday","Day",2,2,"Not at intersection",3,60,"BOROONDARA","METROPOLITAN SOUTH EAST REGION",-37.83110041,145.0434337,"Dry","Clear"
"T20190004963","15/3/19",16:50:00,"Collision with vehicle","Friday","Day",2,1,"Not at intersection",3,50,"DAREBIN","METROPOLITAN NORTH WEST REGION",-37.761572,144.9978596,"Dry","Clear"
"T20190004967","15/3/19",08:40:00,"Collision with vehicle","Friday","Day",2,2,"T intersection",2,50,"MELBOURNE","METROPOLITAN NORTH WEST REGION",-37.81271884,144.9831607,"Dry","Clear"
"T20190004968","15/3/19",17:05:00,"Collision with vehicle","Friday","Day",2,2,"Cross intersection",2,60,"MANNINGHAM","METROPOLITAN SOUTH EAST REGION",-37.78745041,145.1247419,"Dry","Clear"
"T20190004969","15/3/19",15:56:00,"Collision with vehicle","Friday","Day",2,2,"Not at intersection",1,60,"YARRA RANGES","METROPOLITAN SOUTH EAST REGION",-37.87277296,145.3832207,"Dry","Clear"
"T20190004972","15/3/19",15:45:00,"Collision with vehicle","Friday","Day",2,3,"Not at intersection",3,60,"FRANKSTON","METROPOLITAN SOUTH EAST REGION",-38.1434797,145.1267089,"Dry","Clear"
"T20190004973","15/3/19",16:50:00,"Collision with vehicle","Friday","Day",2,2,"Not at intersection",3,50,"MOONEE VALLEY","METROPOLITAN NORTH WEST REGION",-37.78086981,144.93189,"Dry","Clear"
"T20190004975","14/3/19",16:22:00,"Collision with vehicle","Thursday","Day",2,2,"Cross intersection",3,40,"MELBOURNE","METROPOLITAN NORTH WEST REGION",-37.81480109,144.9690162,"Dry","Clear"
"T20190004977","15/3/19",16:10:00,"Collision with a fixed object","Friday","Day",1,1,"Not at intersection",3,100,"BENDIGO","NORTHERN REGION",-36.81929297,144.2570017,"Dry","Clear"
"T20190004978","15/3/19",16:30:00,"Collision with vehicle","Friday","Day",2,4,"Not at intersection",2,70,"MORELAND","METROPOLITAN NORTH WEST REGION",-37.70669178,144.9607248,"Dry","Clear"
"T20190004985","15/3/19",17:45:00,"No collision and no object struck","Friday","Day",1,2,"T intersection",3,50,"YARRA","METROPOLITAN NORTH WEST REGION",-37.8037718,144.97982,"Dry","Clear"
"T20190004987","15/3/19",21:08:00,"Collision with vehicle","Friday","Dark Street lights on",2,3,"T intersection",3,60,"BALLARAT","WESTERN REGION",-37.58019265,143.8496554,"Dry","Clear"
"T20190004991","15/3/19",05:45:00,"Collision with vehicle","Friday","Dusk/Dawn",2,2,"Not at intersection",3,80,"MELBOURNE","METROPOLITAN NORTH WEST REGION",-37.8101726,144.9337376,"Dry","Clear"
"T20190004992","15/3/19",16:35:00,"Collision with vehicle","Friday","Day",2,4,"T intersection",2,80,"HUME","METROPOLITAN NORTH WEST REGION",-37.54649684,144.6900866,"Dry","Clear"
"T20190004994","15/3/19",20:25:00,"Collision with vehicle","Friday","Dark Street lights on",2,3,"Cross intersection",2,60,"MELBOURNE","METROPOLITAN NORTH WEST REGION",-37.80629056,144.9498088,"Dry","Clear"
"T20190004999","15/3/19",17:00:00,"Collision with vehicle","Friday","Day",2,2,"Not at intersection",3,80,"YARRA","METROPOLITAN NORTH WEST REGION",-37.82987057,144.9888091,"Dry","Clear"
"T20190005000","16/3/19",05:30:00,"Collision with a fixed object","Saturday","Dark No street lights",1,1,"Not at intersection",2,100,"MOIRA","NORTH EASTERN REGION",-36.00839999,145.4603566,"Dry","Clear"
"T20190005001","13/3/19",14:05:00,"Collision with vehicle","Wednesday","Day",2,2,"T intersection",3,60,"WHITEHORSE","METROPOLITAN SOUTH EAST REGION",-37.82647146,145.1019006,"Dry","Clear"