"ACCIDENT_NO","ACCIDENTDATE","ACCIDENTTIME","Accident Type Desc","Day Week Description","Light Condition Desc","NO_OF_VEHICLES","NO_PERSONS","Road Geometry Desc","SEVERITY","SPEED_ZONE","LGA_NAME","REGION_NAME","Lat","Long","Surface Cond Desc","Atmosph Cond Desc"
"T20190005002","16/3/19",06:05:00,"Collision with vehicle","Saturday","Dark No street lights",3,3,"Not at intersection",2,100,"GOLDEN PLAINS","SOUTH WESTERN REGION",-38.05726742,144.210135,"Dry","Clear"
"T20190005003","16/3/19",06:55:00,"Struck Pedestrian","Saturday","Dusk/Dawn",1,2,"Not at intersection",2,50,"STRATHBOGIE","NORTH EASTERN REGION",-36.79295815,145.152053,"Dry","Clear"
"T20190005004","14/3/19",17:20:00,"Collision with vehicle","Thursday","Day",2,2,"Not at intersection",3,50,"KINGSTON","METROPOLITAN SOUTH EAST REGION",-37.99843835,145.0849303,"Dry","Clear"
"T20190005005","16/3/19",08:10:00,"Collision with vehicle","Saturday","Day",2,2,"Not at intersection",2,110,"MACEDON RANGES","NORTHERN REGION",-37.4634787,144.580755,"Dry","Clear"
"T20190005006","16/3/19",07:55:00,"Collision with vehicle","Saturday","Day",2,1,"Not at intersection",2,50,"GEELONG","SOUTH WESTERN REGION",-38.17354263,144.3448971,"Dry","Clear"
"T20190005008","16/3/19",10:57:00,"Collision with vehicle","Saturday","Day",2,2,"Cross intersection",2,60,"GEELONG","SOUTH WESTERN REGION",-38.07415744,144.3586475,"Dry","Clear"
"T20190005011","16/3/19",08:39:00,"Collision with vehicle","Saturday","Day",2,2,"Cross intersection",2,60,"PORT PHILLIP","METROPOLITAN NORTH WEST REGION",-37.83453156,144.9476055,"Dry","Clear"
"T20190005012","16/3/19",12:55:00,"Struck Pedestrian","Saturday","Day",1,2,"Cross intersection",3,40,"CASEY","METROPOLITAN SOUTH EAST REGION",-38.03049451,145.3462345,"Dry","Clear"
"T20190005013","16/3/19",07:20:00,"Collision with a fixed object","Saturday","Day",1,2,"Not at intersection",2,100,"NORTHERN GRAMPIANS","WESTERN REGION",-37.05510256,142.8872387,"Dry","Clear"
"T20190005014","15/3/19",11:31:00,"Fall from or in moving vehicle","Friday","Day",1,1,"Cross intersection",3,60,"MELTON","METROPOLITAN NORTH WEST REGION",-37.71539285,144.5903853,"Dry","Clear"
"T20190005015","16/3/19",10:50:00,"Struck Pedestrian","Saturday","Day",1,2,"T intersection",3,60,"HOBSONS BAY","METROPOLITAN NORTH WEST REGION",-37.85197559,144.8895566,"Dry","Clear"
"T20190005016","16/3/19",07:49:00,"Collision with a fixed object","Saturday","Day",1,1,"Not at intersection",3,60,"PORT PHILLIP","METROPOLITAN NORTH WEST REGION",-37.83199663,144.9286278,"Dry","Clear"
"T20190005017","13/3/19",20:36:00,"Collision with vehicle","Wednesday","Dark Street lights on",2,5,"Cross intersection",3,60,"BENDIGO","NORTHERN REGION",-36.74021437,144.2998549,"Dry","Clear"
"T20190005018","13/3/19",15:35:00,"Vehicle overturned (no collision)","Wednesday","Day",1,1,"Not at intersection",3,110,"BALLARAT","WESTERN REGION",-37.50840881,143.8049019,"Dry","Clear"
"T20190005019","15/3/19",17:30:00,"Collision with vehicle","Friday","Day",2,2,"Cross intersection",3,50,"GLEN EIRA","METROPOLITAN SOUTH EAST REGION",-37.88142698,145.0345973,"Dry","Clear"
"T20190005020","16/3/19",09:30:00,"Collision with vehicle","Saturday","Day",2,4,"Cross intersection",3,50,"GEELONG","SOUTH WESTERN REGION",-38.26703429,144.5274714,"Dry","Clear"
"T20190005022","16/3/19",08:05:00,"Collision with a fixed object","Saturday","Day",1,1,"Not at intersection",2,60,"BOROONDARA","METROPOLITAN SOUTH EAST REGION",-37.8348025,145.0880095,"Dry","Clear"
"T20190005023","16/3/19",12:01:00,"Collision with a fixed object","Saturday","Day",1,2,"Cross intersection",2,60,"MORELAND","METROPOLITAN NORTH WEST REGION",-37.7359555,144.982907,"Dry","Clear"
"T20190005026","16/3/19",07:00:00,"Struck Pedestrian","Saturday","Day",1,2,"T intersection",3,777,"WYNDHAM","METROPOLITAN NORTH WEST REGION",-37.8327019,144.6955553,"Dry","Clear"
"T20190005029","15/3/19",15:45:00,"Collision with vehicle","Friday","Day",2,2,"Cross intersection",3,60,"GEELONG","SOUTH WESTERN REGION",-38.17312579,144.3909343,"Dry","Clear"
"T20190005030","15/3/19",12:50:00,"Collision with vehicle","Friday","Day",2,2,"Not at intersection",3,60,"STONNINGTON","METROPOLITAN SOUTH EAST REGION",-37.85722016,145.0016814,"Dry","Clear"
"T20190005032","16/3/19",14:15:00,"Fall from or in moving vehicle","Saturday","Day",1,1,"Not at intersection",3,70,"MAROONDAH","METROPOLITAN SOUTH EAST REGION",-37.80016125,145.2942294,"Dry","Clear"
"T20190005034","16/3/19",17:20:00,"Struck Pedestrian","Saturday","Day",1,2,"Cross intersection",2,60,"CASEY","METROPOLITAN SOUTH EAST REGION",-38.10799896,145.2833724,"Dry","Clear"
"T20190005035","16/3/19",14:10:00,"Collision with a fixed object","Saturday","Day",1,1,"Not at intersection",2,888,"WELLINGTON","EASTERN REGION",-37.83052487,146.5068788,"Dry","Clear"
"T20190005038","16/3/19",15:40:00,"Struck Pedestrian","Saturday","Day",1,2,"Cross intersection",3,40,"PORT PHILLIP","METROPOLITAN NORTH WEST REGION",-37.85798455,144.9803938,"Dry","Clear"
"T20190005039","15/3/19",15:40:00,"Struck Pedestrian","Friday","Day",1,2,"Cross intersection",2,40,"PORT PHILLIP","METROPOLITAN NORTH WEST REGION",-37.85798455,144.9803938,"Dry","Clear"
"T20190005041","15/3/19",17:00:00,"Collision with vehicle","Friday","Day",2,2,"Not at intersection",3,60,"BRIMBANK","METROPOLITAN NORTH WEST REGION",-37.78551817,144.8339622,"Dry","Clear"
"T20190005044","16/3/19",18:20:00,"Collision with vehicle","Saturday","Day",2,1,"Not at intersection",2,50,"CENTRAL GOLDFIELDS","WESTERN REGION",-37.05436727,143.7446474,"Dry","Clear"
"T20190005045","16/3/19",17:27:00,"Collision with vehicle","Saturday","Day",2,1,"Not at intersection",3,60,"WYNDHAM","METROPOLITAN NORTH WEST REGION",-37.90311843,144.6581077,"Dry","Clear"
"T20190005049","16/3/19",18:00:00,"Collision with vehicle","Saturday","Dusk/Dawn",2,2,"T intersection",3,60,"HUME","METROPOLITAN NORTH WEST REGION",-37.66580033,144.9398505,"Dry","Clear"
"T20190005050","16/3/19",17:56:00,"Collision with a fixed object","Saturday","Day",1,3,"Not at intersection",1,100,"MACEDON RANGES","NORTHERN REGION",-37.29070469,144.7026772,"Dry","Clear"
"T20190005051","17/3/19",00:00:00,"Collision with vehicle","Sunday","Dark Street lights on",2,4,"Cross intersection",3,60,"LATROBE","EASTERN REGION",-38.23846279,146.4047481,"Dry","Clear"
"T20190005055","16/3/19",20:41:00,"Collision with vehicle","Saturday","Dark Street lights on",2,3,"T intersection",3,60,"WYNDHAM","METROPOLITAN NORTH WEST REGION",-37.90841049,144.6748143,"Dry","Clear"
"T20190005059","16/3/19",23:33:00,"Collision with vehicle","Saturday","Dark Street lights on",2,3,"T intersection",3,60,"KINGSTON","METROPOLITAN SOUTH EAST REGION",-37.98022455,145.07173,"Dry","Clear"
"T20190005060","16/3/19",13:25:00,"Collision with vehicle","Saturday","Day",6,8,"Not at intersection",2,70,"MANNINGHAM","METROPOLITAN SOUTH EAST REGION",-37.77606537,145.0788172,"Dry","Clear"
"T20190005066","14/3/19",14:00:00,"Vehicle overturned (no collision)","Thursday","Day",1,2,"T intersection",2,60,"COLAC OTWAY","SOUTH WESTERN REGION",-38.7825197,143.5366305,"Dry","Clear"
"T20190005068","27/2/19",21:22:00,"Collision with a fixed object","Wednesday","Dark Street lights on",1,2,"Not at intersection",3,100,"WYNDHAM","METROPOLITAN NORTH WEST REGION",-37.87335696,144.7366888,"Dry","Clear"
"T20190005071","17/3/19",12:05:00,"Collision with vehicle","Sunday","Day",2,3,"Cross intersection",3,80,"BRIMBANK","METROPOLITAN NORTH WEST REGION",-37.69600304,144.7746266,"Dry","Clear"
"T20190005072","17/3/19",10:50:00,"Collision with vehicle","Sunday","Day",2,3,"Not at intersection",2,50,"DAREBIN","METROPOLITAN NORTH WEST REGION",-37.74984835,145.0004703,"Dry","Clear"
"T20190005073","17/3/19",11:25:00,"Collision with vehicle","Sunday","Day",2,3,"Not at intersection",3,999,"MELBOURNE","METROPOLITAN NORTH WEST REGION",-37.79432052,144.934994,"Dry","Clear"
"T20190005074","17/3/19",10:55:00,"Collision with vehicle","Sunday","Day",2,2,"T intersection",3,80,"YARRA RANGES","METROPOLITAN SOUTH EAST REGION",-37.77564325,145.5849913,"Dry","Clear"
"T20190005075","17/3/19",10:50:00,"Collision with vehicle","Sunday","Day",2,2,"Not at intersection",3,100,"KNOX","METROPOLITAN SOUTH EAST REGION",-37.92277957,145.2143681,"Dry","Clear"
"T20190005076","4/3/19",16:00:00,"Collision with vehicle","Monday","Day",2,2,"T intersection",3,60,"BENDIGO","NORTHERN REGION",-36.75067735,144.292008,"Dry","Clear"
"T20190005077","16/3/19",14:10:00,"Collision with vehicle","Saturday","Day",2,2,"Not at intersection",3,40,"YARRA","METROPOLITAN NORTH WEST REGION",-37.8192953,145.0062508,"Dry","Clear"
"T20190005078","17/3/19",11:40:00,"Collision with vehicle","Sunday","Day",2,2,"T intersection",2,60,"DANDENONG","METROPOLITAN SOUTH EAST REGION",-37.94106412,145.1925718,"Dry","Clear"
"T20190005079","17/3/19",10:40:00,"Collision with vehicle","Sunday","Day",2,3,"T intersection",1,100,"CENTRAL GOLDFIELDS","WESTERN REGION",-37.10456728,143.7231473,"Dry","Clear"
"T20190005082","17/3/19",14:22:00,"Collision with vehicle","Sunday","Day",2,3,"Not at intersection",2,80,"MOONEE VALLEY","METROPOLITAN NORTH WEST REGION",-37.71268557,144.8921306,"Dry","Clear"
"T20190005083","17/3/19",14:00:00,"Collision with vehicle","Sunday","Day",4,6,"Not at intersection",3,80,"WHITTLESEA","METROPOLITAN NORTH WEST REGION",-37.65028361,145.0075693,"Dry","Clear"
"T20190005084","17/3/19",11:30:00,"Vehicle overturned (no collision)","Sunday","Day",1,1,"Not at intersection",2,60,"GEELONG","SOUTH WESTERN REGION",-38.05509616,144.3907078,"Dry","Clear"
"T20190005085","17/3/19",13:10:00,"Collision with vehicle","Sunday","Day",2,4,"T intersection",2,70,"GEELONG","SOUTH WESTERN REGION",-38.15651302,144.3508938,"Dry","Clear"
"T20190005088","17/3/19",11:33:00,"Collision with a fixed object","Sunday","Day",2,2,"T intersection",3,100,"YARRA RANGES","METROPOLITAN SOUTH EAST REGION",-37.65788407,145.3940077,"Dry","Clear"
"T20190005090","16/3/19",12:45:00,"Vehicle overturned (no collision)","Saturday","Day",2,3,"Not at intersection",3,50,"YARRA RANGES","METROPOLITAN SOUTH EAST REGION",-37.75432992,145.6876903,"Dry","Clear"
"T20190005091","17/3/19",13:25:00,"Collision with vehicle","Sunday","Day",2,3,"T intersection",3,50,"PORT PHILLIP","METROPOLITAN NORTH WEST REGION",-37.84601806,144.9789023,"Dry","Clear"
"T20190005095","17/3/19",16:49:00,"Collision with vehicle","Sunday","Day",2,4,"T intersection",2,70,"MANNINGHAM","METROPOLITAN SOUTH EAST REGION",-37.76710181,145.1993175,"Dry","Clear"
"T20190005097","17/3/19",18:07:00,"Collision with vehicle","Sunday","Day",2,5,"Cross intersection",2,60,"GEELONG","SOUTH WESTERN REGION",-38.07415744,144.3586475,"Dry","Clear"
"T20190005098","17/3/19",17:27:00,"Collision with vehicle","Sunday","Day",3,3,"Not at intersection",3,40,"STONNINGTON","METROPOLITAN SOUTH EAST REGION",-37.8436261,145.0301207,"Dry","Clear"
"T20190005099","17/3/19",13:15:00,"Collision with vehicle","Sunday","Day",2,3,"Not at intersection",1,100,"GOLDEN PLAINS","SOUTH WESTERN REGION",-37.90626974,144.0908504,"Dry","Clear"
"T20190005100","17/3/19",18:08:00,"Collision with vehicle","Sunday","Day",3,2,"T intersection",3,50,"HUME","METROPOLITAN NORTH WEST REGION",-37.69035469,144.9259782,"Dry","Clear"
"T20190005101","17/3/19",20:09:00,"Collision with vehicle","Sunday","Day",2,2,"T intersection",2,50,"FRANKSTON","METROPOLITAN SOUTH EAST REGION",-38.15722601,145.1485242,"Dry","Clear"
"T20190005103","17/3/19",18:15:00,"Collision with vehicle","Sunday","Day",2,3,"Not at intersection",3,40,"MELBOURNE","METROPOLITAN NORTH WEST REGION",-37.81039218,144.961101,"Dry","Clear"
"T20190005104","17/3/19",18:15:00,"Collision with a fixed object","Sunday","Day",1,1,"Not at intersection",3,40,"MELBOURNE","METROPOLITAN NORTH WEST REGION",-37.83416926,144.9012075,"Dry","Clear"
"T20190005105","17/3/19",15:50:00,"Collision with vehicle","Sunday","Day",2,5,"Y intersection",3,60,"MOONEE VALLEY","METROPOLITAN NORTH WEST REGION",-37.76649196,144.9249667,"Dry","Clear"
"T20190005108","17/3/19",19:32:00,"Collision with vehicle","Sunday","Dark No street lights",2,4,"Not at intersection",2,100,"ALPINE","NORTH EASTERN REGION",-36.69505756,146.9009301,"Dry","Clear"
"T20190005111","17/3/19",22:25:00,"Collision with vehicle","Sunday","Dark Street lights on",2,2,"T intersection",3,80,"HUME","METROPOLITAN NORTH WEST REGION",-37.63994465,144.8807137,"Dry","Clear"
"T20190005113","17/3/19",23:15:00,"Collision with vehicle","Sunday","Dark Street lights on",3,3,"T intersection",2,40,"WYNDHAM","METROPOLITAN NORTH WEST REGION",-37.85746318,144.6676092,"Dry","Clear"
"T20190005115","18/3/19",01:50:00,"Collision with a fixed object","Monday","Dark Street lights on",1,4,"T intersection",2,60,"WHITTLESEA","METROPOLITAN NORTH WEST REGION",-37.68274626,145.0134119,"Dry","Not known"
"T20190005117","15/3/19",21:00:00,"Collision with vehicle","Friday","Dark No street lights",2,4,"Cross intersection",3,60,"BALLARAT","WESTERN REGION",-37.57108336,143.8440655,"Dry","Clear"
"T20190005118","18/3/19",05:40:00,"Collision with a fixed object","Monday","Dark No street lights",1,1,"Not at intersection",3,100,"BENDIGO","NORTHERN REGION",-36.89425085,144.3980105,"Dry","Clear"
"T20190005119","15/3/19",17:00:00,"Collision with vehicle","Friday","Day",2,2,"Cross intersection",3,40,"MELBOURNE","METROPOLITAN NORTH WEST REGION",-37.81103836,144.9588938,"Dry","Clear"
"T20190005122","18/3/19",08:50:00,"Collision with vehicle","Monday","Day",2,2,"Cross intersection",2,50,"DAREBIN","METROPOLITAN NORTH WEST REGION",-37.73902831,144.9899188,"Dry","Clear"
"T20190005123","18/3/19",07:56:00,"Collision with vehicle","Monday","Day",2,2,"Not at intersection",3,40,"DAREBIN","METROPOLITAN NORTH WEST REGION",-37.73776873,145.0019702,"Dry","Clear"
"T20190005128","18/3/19",08:00:00,"Collision with vehicle","Monday","Day",2,3,"Not at intersection",2,80,"WYNDHAM","METROPOLITAN NORTH WEST REGION",-37.82384985,144.7352474,"Dry","Clear"
"T20190005134","18/3/19",12:09:00,"Collision with vehicle","Monday","Day",2,2,"T intersection",3,60,"MELTON","METROPOLITAN NORTH WEST REGION",-37.68592381,144.54387,"Dry","Clear"
"T20190005140","18/3/19",13:05:00,"collision with some other object","Monday","Day",1,2,"T intersection",3,60,"DANDENONG","METROPOLITAN SOUTH EAST REGION",-37.99052458,145.2001484,"Dry","Clear"
"T20190005141","1/2/19",20:45:00,"Struck Pedestrian","Friday","Dark Street lights on",1,2,"Not at intersection",3,777,"HUME","METROPOLITAN NORTH WEST REGION",-37.63048954,144.9323922,"Dry","Clear"
"T20190005142","18/3/19",15:50:00,"Vehicle overturned (no collision)","Monday","Day",1,1,"T intersection",2,40,"YARRA","METROPOLITAN NORTH WEST REGION",-37.81120484,145.0070926,"Dry","Clear"
"T20190005143","18/3/19",03:00:00,"Collision with a fixed object","Monday","Dark No street lights",1,1,"Not at intersection",1,100,"SOUTHERN GRAMPIANS","SOUTH WESTERN REGION",-37.84003288,141.8368509,"Dry","Fog"
"T20190005144","18/3/19",15:30:00,"Collision with vehicle","Monday","Day",2,2,"T intersection",3,40,"MORELAND","METROPOLITAN NORTH WEST REGION",-37.75627245,144.9639758,"Dry","Clear"
"T20190005145","18/3/19",15:00:00,"Collision with a fixed object","Monday","Day",1,1,"Not at intersection",2,60,"BAW BAW","EASTERN REGION",-37.91453426,145.9638193,"Dry","Clear"
"T20190005147","17/3/19",15:05:00,"Collision with a fixed object","Sunday","Day",1,1,"T intersection",3,70,"NILLUMBIK","METROPOLITAN NORTH WEST REGION",-37.61082056,145.1747611,"Dry","Clear"
"T20190005150","18/3/19",17:37:00,"Collision with vehicle","Monday","Day",2,2,"Not at intersection",2,999,"MELBOURNE","METROPOLITAN NORTH WEST REGION",-37.82557469,144.9452698,"Dry","Clear"
"T20190005154","18/3/19",15:35:00,"Collision with vehicle","Monday","Day",3,5,"Cross intersection",3,80,"CASEY","METROPOLITAN SOUTH EAST REGION",-37.99828418,145.2750702,"Dry","Clear"
"T20190005155","18/3/19",18:40:00,"Collision with a fixed object","Monday","Day",1,1,"Not at intersection",3,70,"CASEY","METROPOLITAN SOUTH EAST REGION",-38.04934786,145.2977641,"Dry","Clear"
"T20190005156","18/3/19",10:40:00,"Collision with vehicle","Monday","Day",3,3,"Not at intersection",3,50,"YARRA","METROPOLITAN NORTH WEST REGION",-37.81892946,145.0027301,"Dry","Clear"
"T20190005158","17/3/19",21:59:00,"Collision with vehicle","Sunday","Dark Street lights on",2,5,"Cross intersection",2,80,"CASEY","METROPOLITAN SOUTH EAST REGION",-38.02004985,145.2981955,"Dry","Clear"
"T20190005159","17/3/19",16:50:00,"Collision with vehicle","Sunday","Day",2,4,"Cross intersection",3,999,"HOBSONS BAY","METROPOLITAN NORTH WEST REGION",-37.82507938,144.8490233,"Dry","Clear"
"T20190005164","18/3/19",15:00:00,"Collision with vehicle","Monday","Day",3,5,"Not at intersection",3,70,"WHITTLESEA","METROPOLITAN NORTH WEST REGION",-37.59634515,145.0556904,"Dry","Clear"
"T20190005165","18/3/19",20:30:00,"Struck Pedestrian","Monday","Dark Street lights off",1,2,"Not at intersection",3,60,"WHITEHORSE","METROPOLITAN SOUTH EAST REGION",-37.8514262,145.138879,"Dry","Clear"
"T20190005166","18/3/19",08:35:00,"Collision with vehicle","Monday","Day",2,2,"T intersection",3,60,"MELBOURNE","METROPOLITAN NORTH WEST REGION",-37.84597455,144.9790949,"Dry","Clear"
"T20190005167","18/3/19",08:30:00,"Collision with vehicle","Monday","Day",2,2,"Not at intersection",3,100,"WYNDHAM","METROPOLITAN NORTH WEST REGION",-37.82174923,144.8103429,"Dry","Clear"
"T20190005168","18/3/19",18:26:00,"Collision with a fixed object","Monday","Day",1,1,"Not at intersection",2,100,"WYNDHAM","METROPOLITAN NORTH WEST REGION",-37.87599443,144.7261918,"Dry","Clear"
"T20190005169","18/3/19",18:20:00,"Collision with vehicle","Monday","Day",2,2,"Not at intersection",3,80,"HOBSONS BAY","METROPOLITAN NORTH WEST REGION",-37.82468984,144.8495561,"Dry","Clear"
"T20190005170","18/3/19",11:32:00,"Collision with a fixed object","Monday","Day",1,1,"Not at intersection",1,100,"GANNAWARRA","NORTHERN REGION",-35.79401221,144.0873743,"Dry","Clear"
"T20190005171","18/3/19",18:20:00,"Collision with vehicle","Monday","Day",2,2,"Not at intersection",2,80,"HOBSONS BAY","METROPOLITAN NORTH WEST REGION",-37.82492144,144.8495856,"Dry","Clear"
"T20190005172","18/3/19",21:20:00,"Collision with vehicle","Monday","Dark Street lights on",2,2,"Cross intersection",2,60,"FRANKSTON","METROPOLITAN SOUTH EAST REGION",-38.14633549,145.1223815,"Dry","Clear"
"T20190005174","18/3/19",15:55:00,"Struck Pedestrian","Monday","Day",1,2,"T intersection",3,60,"WHITTLESEA","METROPOLITAN NORTH WEST REGION",-37.68863542,145.0196595,"Dry","Clear"
"T20190005178","19/3/19",00:50:00,"Collision with a fixed object","Tuesday","Dark Street lights on",1,1,"Not at intersection",3,70,"MAROONDAH","METROPOLITAN SOUTH EAST REGION",-37.83306006,145.3021604,"Dry","Clear"
"T20190005180","19/3/19",01:57:00,"Collision with vehicle","Tuesday","Dark Street lights unknown",2,2,"Not at intersection",3,50,"BENDIGO","NORTHERN REGION",-36.754058,144.2992623,"Dry","Clear"
"T20190005186","19/3/19",07:34:00,"Collision with vehicle","Tuesday","Day",2,2,"T intersection",3,60,"KINGSTON","METROPOLITAN SOUTH EAST REGION",-37.93006329,145.1312393,"Dry","Clear"
"T20190005187","19/3/19",07:23:00,"Collision with vehicle","Tuesday","Day",3,3,"Not at intersection",3,40,"BOROONDARA","METROPOLITAN SOUTH EAST REGION",-37.81551985,145.0465287,"Dry","Clear"
"T20190005188","17/3/19",17:00:00,"Collision with vehicle","Sunday","Day",2,2,"T intersection",2,70,"YARRA RANGES","METROPOLITAN SOUTH EAST REGION",-37.80259675,145.3146361,"Dry","Clear"
"T20190005190","18/3/19",07:58:00,"Collision with a fixed object","Monday","Day",1,1,"Not at intersection",3,100,"WELLINGTON","EASTERN REGION",-37.92526962,146.9958397,"Wet","Raining"
"T20190005191","14/3/19",17:00:00,"Collision with vehicle","Thursday","Unknown",2,3,"T intersection",3,999,"PORT PHILLIP","METROPOLITAN NORTH WEST REGION",-37.83141273,144.9508016,"Unknown","Not known"
"T20190005193","19/3/19",07:10:00,"Struck animal","Tuesday","Dusk/Dawn",1,1,"Not at intersection",2,90,"BENDIGO","NORTHERN REGION",-36.76945158,144.3421694,"Dry","Clear"
"T20190005196","19/3/19",08:20:00,"Collision with vehicle","Tuesday","Day",2,2,"Not at intersection",2,100,"MOIRA","NORTH EASTERN REGION",-36.0992818,146.12176,"Dry","Smoke"
"T20190005197","19/3/19",10:05:00,"Collision with vehicle","Tuesday","Day",2,2,"T intersection",3,60,"BAYSIDE","METROPOLITAN SOUTH EAST REGION",-37.95482214,145.0295946,"Dry","Clear"
"T20190005201","13/3/19",06:30:00,"Collision with vehicle","Wednesday","Dark Street lights on",3,3,"Not at intersection",3,60,"DANDENONG","METROPOLITAN SOUTH EAST REGION",-38.07232488,145.1964447,"Dry","Clear"
"T20190005206","19/3/19",11:19:00,"Collision with a fixed object","Tuesday","Day",1,1,"Not at intersection",3,70,"HUME","METROPOLITAN NORTH WEST REGION",-37.68225997,144.9569802,"Dry","Clear"
"T20190005207","17/3/19",05:15:00,"Collision with vehicle","Sunday","Dark Street lights on",2,3,"T intersection",3,70,"MELBOURNE","METROPOLITAN NORTH WEST REGION",-37.82311932,144.989097,"Dry","Clear"
"T20190005208","19/3/19",10:30:00,"Collision with vehicle","Tuesday","Day",2,2,"Cross intersection",2,50,"MARIBYRNONG","METROPOLITAN NORTH WEST REGION",-37.80669632,144.901935,"Dry","Clear"
"T20190005212","17/3/19",11:37:00,"Collision with vehicle","Sunday","Day",3,6,"Cross intersection",3,80,"DANDENONG","METROPOLITAN SOUTH EAST REGION",-37.99905512,145.1744211,"Dry","Clear"
"T20190005213","19/3/19",11:50:00,"Collision with vehicle","Tuesday","Day",2,6,"Not at intersection",2,50,"BANYULE","METROPOLITAN NORTH WEST REGION",-37.74094014,145.0429513,"Dry","Clear"
"T20190005215","15/3/19",09:00:00,"No collision and no object struck","Friday","Day",2,2,"Cross intersection",2,50,"MORNINGTON PENINSULA","METROPOLITAN SOUTH EAST REGION",-38.2582055,145.0258927,"Dry","Clear"
"T20190005216","19/3/19",11:19:00,"Collision with vehicle","Tuesday","Day",5,1,"Not at intersection",3,50,"BRIMBANK","METROPOLITAN NORTH WEST REGION",-37.78333135,144.8331553,"Dry","Clear"
"T20190005217","19/3/19",11:00:00,"Collision with vehicle","Tuesday","Day",2,3,"Not at intersection",3,100,"SOUTH GIPPSLAND","EASTERN REGION",-38.60858061,146.1348399,"Wet","Raining"
"T20190005217","19/3/19",11:00:00,"Collision with vehicle","Tuesday","Day",2,3,"Not at intersection",3,100,"SOUTH GIPPSLAND","EASTERN REGION",-38.60858061,146.1348399,"Wet","Fog"
"T20190005219","19/3/19",12:17:00,"Collision with vehicle","Tuesday","Day",3,2,"Not at intersection",2,40,"BOROONDARA","METROPOLITAN SOUTH EAST REGION",-37.84617039,145.0538831,"Dry","Clear"
"T20190005220","19/3/19",12:10:00,"Collision with vehicle","Tuesday","Day",2,3,"Cross intersection",3,50,"WHITEHORSE","METROPOLITAN SOUTH EAST REGION",-37.84856123,145.1704423,"Dry","Clear"
"T20190005221","19/3/19",11:50:00,"Collision with vehicle","Tuesday","Day",2,3,"Not at intersection",3,100,"GANNAWARRA","NORTHERN REGION",-35.51655061,143.7285387,"Dry","Clear"
"T20190005226","19/3/19",14:25:00,"Collision with vehicle","Tuesday","Day",2,2,"Not at intersection",3,80,"NILLUMBIK","METROPOLITAN NORTH WEST REGION",-37.68668512,145.0710105,"Dry","Clear"
"T20190005229","19/3/19",09:26:00,"Collision with vehicle","Tuesday","Day",2,2,"Not at intersection",3,110,"LATROBE","EASTERN REGION",-38.19604937,146.2866308,"Dry","Clear"
"T20190005230","19/3/19",15:10:00,"Collision with vehicle","Tuesday","Day",2,2,"Not at intersection",3,60,"WHITTLESEA","METROPOLITAN NORTH WEST REGION",-37.64514618,145.0324606,"Dry","Clear"
"T20190005233","19/3/19",14:15:00,"Collision with vehicle","Tuesday","Day",2,3,"Not at intersection",2,80,"NILLUMBIK","METROPOLITAN NORTH WEST REGION",-37.62785147,145.1483089,"Dry","Clear"
"T20190005234","19/3/19",15:35:00,"Collision with a fixed object","Tuesday","Day",1,1,"Not at intersection",2,80,"MELTON","METROPOLITAN NORTH WEST REGION",-37.76076031,144.6655132,"Dry","Clear"
"T20190005235","19/3/19",11:00:00,"Collision with vehicle","Tuesday","Day",2,2,"T intersection",2,50,"MONASH","METROPOLITAN SOUTH EAST REGION",-37.90040875,145.1807401,"Dry","Clear"
"T20190005238","19/3/19",17:35:00,"Collision with vehicle","Tuesday","Day",2,2,"Cross intersection",2,60,"HORSHAM","WESTERN REGION",-36.7178125,142.2049356,"Dry","Clear"
"T20190005239","19/3/19",18:00:00,"Collision with vehicle","Tuesday","Day",2,2,"Cross intersection",3,60,"STONNINGTON","METROPOLITAN SOUTH EAST REGION",-37.85307542,145.040994,"Dry","Not known"
"T20190005240","19/3/19",15:40:00,"Collision with vehicle","Tuesday","Day",4,3,"Not at intersection",2,60,"KINGSTON","METROPOLITAN SOUTH EAST REGION",-37.98936695,145.0610628,"Dry","Clear"
"T20190005241","19/3/19",17:48:00,"Collision with vehicle","Tuesday","Day",4,4,"Not at intersection",2,100,"WHITTLESEA","METROPOLITAN NORTH WEST REGION",-37.68692957,145.0479799,"Dry","Clear"
"T20190005244","19/3/19",17:49:00,"Collision with vehicle","Tuesday","Day",3,3,"Not at intersection",3,100,"BOROONDARA","METROPOLITAN SOUTH EAST REGION",-37.7799862,145.0824522,"Dry","Clear"
"T20190005246","19/3/19",17:10:00,"Collision with vehicle","Tuesday","Day",5,5,"Not at intersection",3,100,"CASEY","METROPOLITAN SOUTH EAST REGION",-38.00122978,145.2523966,"Dry","Clear"
"T20190005247","19/3/19",17:55:00,"Collision with vehicle","Tuesday","Day",2,2,"Not at intersection",3,60,"GEELONG","SOUTH WESTERN REGION",-38.15161893,144.3728662,"Dry","Clear"
"T20190005249","19/3/19",13:12:00,"Collision with a fixed object","Tuesday","Day",1,2,"Not at intersection",2,100,"EAST GIPPSLAND","EASTERN REGION",-37.16944716,147.7528566,"Wet","Not known"
"T20190005250","19/3/19",17:55:00,"Collision with vehicle","Tuesday","Day",2,3,"T intersection",3,60,"CASEY","METROPOLITAN SOUTH EAST REGION",-38.07862154,145.2483008,"Dry","Clear"