"ACCIDENT_NO","ACCIDENTDATE","ACCIDENTTIME","Accident Type Desc","Day Week Description","Light Condition Desc","NO_OF_VEHICLES","NO_PERSONS","Road Geometry Desc","SEVERITY","SPEED_ZONE","LGA_NAME","REGION_NAME","Lat","Long","Surface Cond Desc","Atmosph Cond Desc"
"T20190005251","19/3/19",17:25:00,"Collision with a fixed object","Tuesday","Day",1,1,"Not at intersection",2,100,"EAST GIPPSLAND","EASTERN REGION",-37.70640774,148.5750494,"Dry","Clear"
"T20190005253","19/3/19",16:56:00,"Collision with vehicle","Tuesday","Day",2,2,"Not at intersection",3,60,"MORELAND","METROPOLITAN NORTH WEST REGION",-37.7719704,144.9651299,"Dry","Clear"
"T20190005254","19/3/19",20:45:00,"Collision with vehicle","Tuesday","Dark No street lights",2,2,"T intersection",3,60,"BAW BAW","EASTERN REGION",-38.13018041,145.8497644,"Dry","Clear"
"T20190005255","19/3/19",14:35:00,"Struck Pedestrian","Tuesday","Day",1,2,"Not at intersection",2,60,"MELBOURNE","METROPOLITAN NORTH WEST REGION",-37.80733871,144.9692602,"Dry","Clear"
"T20190005257","19/3/19",19:30:00,"Struck animal","Tuesday","Dark Street lights on",1,1,"Not at intersection",3,80,"BANYULE","METROPOLITAN NORTH WEST REGION",-37.69726972,145.0918387,"Dry","Clear"
"T20190005258","19/3/19",18:05:00,"Collision with vehicle","Tuesday","Day",2,3,"Not at intersection",3,50,"PORT PHILLIP","METROPOLITAN NORTH WEST REGION",-37.85877103,144.9723083,"Dry","Clear"
"T20190005262","19/3/19",16:35:00,"Collision with vehicle","Tuesday","Day",2,3,"Not at intersection",3,60,"MANNINGHAM","METROPOLITAN SOUTH EAST REGION",-37.73687049,145.2471503,"Dry","Clear"
"T20190005263","19/3/19",17:48:00,"Collision with vehicle","Tuesday","Day",2,2,"T intersection",3,60,"PORT PHILLIP","METROPOLITAN NORTH WEST REGION",-37.85157018,144.9563945,"Dry","Clear"
"T20190005264","19/3/19",17:46:00,"Collision with a fixed object","Tuesday","Day",1,3,"Not at intersection",3,100,"SWAN HILL","NORTHERN REGION",-34.71946111,142.9652597,"Dry","Clear"
"T20190005266","19/3/19",21:00:00,"Collision with vehicle","Tuesday","Dark Street lights on",2,2,"Multiple intersection",2,60,"BOROONDARA","METROPOLITAN SOUTH EAST REGION",-37.80748059,145.0288829,"Dry","Clear"
"T20190005269","19/3/19",15:30:00,"Struck Pedestrian","Tuesday","Day",1,2,"T intersection",3,80,"CARDINIA","METROPOLITAN SOUTH EAST REGION",-38.06821102,145.436137,"Dry","Clear"
"T20190005273","19/3/19",23:10:00,"Collision with vehicle","Tuesday","Dark Street lights on",2,2,"T intersection",3,60,"MAROONDAH","METROPOLITAN SOUTH EAST REGION",-37.80765435,145.2304894,"Dry","Clear"
"T20190005276","20/3/19",06:00:00,"Collision with vehicle","Wednesday","Dark No street lights",2,2,"Not at intersection",3,100,"DANDENONG","METROPOLITAN SOUTH EAST REGION",-37.96500049,145.2323659,"Dry","Clear"
"T20190005278","20/3/19",08:30:00,"Collision with vehicle","Wednesday","Day",2,2,"T intersection",3,80,"KINGSTON","METROPOLITAN SOUTH EAST REGION",-37.93509853,145.0361696,"Dry","Clear"
"T20190005279","20/3/19",07:48:00,"Vehicle overturned (no collision)","Wednesday","Day",2,2,"Cross intersection",3,50,"MARIBYRNONG","METROPOLITAN NORTH WEST REGION",-37.80363727,144.8877242,"Dry","Clear"
"T20190005280","20/3/19",07:52:00,"Collision with vehicle","Wednesday","Dusk/Dawn",2,2,"Not at intersection",2,80,"SHEPPARTON","NORTH EASTERN REGION",-36.34755916,145.39282,"Dry","Clear"
"T20190005282","20/3/19",04:45:00,"Collision with vehicle","Wednesday","Dark Street lights unknown",2,2,"Cross intersection",3,60,"BOROONDARA","METROPOLITAN SOUTH EAST REGION",-37.84570388,145.0539778,"Dry","Clear"
"T20190005284","20/3/19",08:40:00,"Collision with vehicle","Wednesday","Day",2,2,"Not at intersection",3,999,"YARRA","METROPOLITAN NORTH WEST REGION",-37.79910244,144.9993674,"Wet","Clear"
"T20190005287","20/3/19",07:20:00,"Collision with a fixed object","Wednesday","Day",1,1,"Not at intersection",3,100,"STRATHBOGIE","NORTH EASTERN REGION",-36.62771045,145.4714885,"Dry","Clear"
"T20190005289","17/3/19",17:00:00,"Collision with a fixed object","Sunday","Day",1,2,"Not at intersection",3,100,"WELLINGTON","EASTERN REGION",-38.64435338,146.7263411,"Dry","Clear"
"T20190005291","20/3/19",12:06:00,"Struck Pedestrian","Wednesday","Day",1,2,"Not at intersection",2,40,"YARRA","METROPOLITAN NORTH WEST REGION",-37.78836005,144.9720804,"Dry","Clear"
"T20190005292","20/3/19",07:50:00,"Collision with vehicle","Wednesday","Day",2,2,"Not at intersection",3,100,"DANDENONG","METROPOLITAN SOUTH EAST REGION",-37.94485987,145.2056092,"Dry","Clear"
"T20190005293","20/3/19",08:55:00,"Collision with a fixed object","Wednesday","Day",3,4,"Not at intersection",3,100,"CASEY","METROPOLITAN SOUTH EAST REGION",-38.02147468,145.3134785,"Dry","Clear"
"T20190005296","20/3/19",08:58:00,"Collision with a fixed object","Wednesday","Day",1,1,"Not at intersection",3,60,"NILLUMBIK","METROPOLITAN NORTH WEST REGION",-37.54051043,145.3390058,"Wet","Raining"
"T20190005296","20/3/19",08:58:00,"Collision with a fixed object","Wednesday","Day",1,1,"Not at intersection",3,60,"NILLUMBIK","METROPOLITAN NORTH WEST REGION",-37.54051043,145.3390058,"Wet","Fog"
"T20190005298","20/3/19",12:03:00,"Collision with a fixed object","Wednesday","Day",1,1,"Not at intersection",3,100,"MELTON","METROPOLITAN NORTH WEST REGION",-37.66483978,144.701588,"Dry","Clear"
"T20190005299","20/3/19",09:20:00,"Collision with vehicle","Wednesday","Day",2,2,"Not at intersection",2,100,"COLAC OTWAY","SOUTH WESTERN REGION",-38.63681902,143.4973894,"Wet","Raining"
"T20190005299","20/3/19",09:20:00,"Collision with vehicle","Wednesday","Day",2,2,"Not at intersection",2,100,"COLAC OTWAY","SOUTH WESTERN REGION",-38.63681902,143.4973894,"Wet","Fog"
"T20190005300","20/3/19",07:00:00,"Collision with vehicle","Wednesday","Dusk/Dawn",2,2,"T intersection",2,70,"MACEDON RANGES","NORTHERN REGION",-37.45744295,144.6834432,"Wet","Raining"
"T20190005300","20/3/19",07:00:00,"Collision with vehicle","Wednesday","Dusk/Dawn",2,2,"T intersection",2,70,"MACEDON RANGES","NORTHERN REGION",-37.45744295,144.6834432,"Wet","Fog"
"T20190005304","18/3/19",14:39:00,"Collision with vehicle","Monday","Day",2,3,"Cross intersection",3,50,"MELBOURNE","METROPOLITAN NORTH WEST REGION",-37.82167004,144.9629968,"Dry","Clear"
"T20190005308","20/3/19",09:18:00,"Collision with vehicle","Wednesday","Day",3,3,"Not at intersection",3,50,"DAREBIN","METROPOLITAN NORTH WEST REGION",-37.77839032,145.0103528,"Dry","Clear"
"T20190005311","19/3/19",21:15:00,"Struck Pedestrian","Tuesday","Dark Street lights on",1,2,"Cross intersection",3,60,"MELBOURNE","METROPOLITAN NORTH WEST REGION",-37.80506276,144.9676968,"Unknown","Clear"
"T20190005312","13/3/19",13:00:00,"collision with some other object","Wednesday","Day",1,1,"Not at intersection",3,70,"MANNINGHAM","METROPOLITAN SOUTH EAST REGION",-37.76309833,145.2320263,"Dry","Not known"
"T20190005313","20/3/19",16:51:00,"Collision with vehicle","Wednesday","Day",2,2,"Cross intersection",2,60,"BOROONDARA","METROPOLITAN SOUTH EAST REGION",-37.78915273,145.0736759,"Dry","Clear"
"T20190005314","20/3/19",15:26:00,"Collision with vehicle","Wednesday","Day",2,3,"Not at intersection",3,60,"WHITTLESEA","METROPOLITAN NORTH WEST REGION",-37.62771943,145.0279947,"Dry","Clear"
"T20190005315","13/3/19",20:39:00,"Collision with vehicle","Wednesday","Dark Street lights on",2,2,"T intersection",3,60,"MELBOURNE","METROPOLITAN NORTH WEST REGION",-37.80151527,144.9148541,"Dry","Clear"
"T20190005316","15/1/19",09:40:00,"Collision with vehicle","Tuesday","Day",3,3,"Not at intersection",3,60,"PORT PHILLIP","METROPOLITAN NORTH WEST REGION",-37.86952102,144.9879374,"Dry","Clear"
"T20190005317","17/3/19",17:25:00,"Collision with vehicle","Sunday","Day",2,4,"Cross intersection",2,70,"BAYSIDE","METROPOLITAN SOUTH EAST REGION",-37.93187068,145.0257275,"Dry","Clear"
"T20190005318","19/3/19",16:15:00,"Collision with vehicle","Tuesday","Day",2,2,"T intersection",3,60,"GLEN EIRA","METROPOLITAN SOUTH EAST REGION",-37.9305134,145.0573093,"Unknown","Not known"
"T20190005320","20/3/19",17:45:00,"Collision with vehicle","Wednesday","Day",3,3,"Not at intersection",3,60,"WHITEHORSE","METROPOLITAN SOUTH EAST REGION",-37.83726627,145.1075907,"Dry","Clear"
"T20190005321","20/3/19",16:40:00,"Collision with a fixed object","Wednesday","Day",1,1,"Not at intersection",3,100,"MURRINDINDI","NORTH EASTERN REGION",-37.09355179,145.4147469,"Dry","Clear"
"T20190005322","20/3/19",17:20:00,"Collision with vehicle","Wednesday","Day",4,4,"Cross intersection",3,70,"DANDENONG","METROPOLITAN SOUTH EAST REGION",-38.0123443,145.1962808,"Dry","Clear"
"T20190005323","20/3/19",19:15:00,"Collision with vehicle","Wednesday","Dusk/Dawn",2,2,"Cross intersection",3,80,"CASEY","METROPOLITAN SOUTH EAST REGION",-38.08229191,145.2765902,"Dry","Clear"
"T20190005325","20/3/19",19:05:00,"Collision with vehicle","Wednesday","Dusk/Dawn",3,3,"Cross intersection",2,60,"MELBOURNE","METROPOLITAN NORTH WEST REGION",-37.79304709,144.9757155,"Dry","Clear"
"T20190005326","20/3/19",18:06:00,"Struck Pedestrian","Wednesday","Day",1,2,"Not at intersection",2,60,"GLEN EIRA","METROPOLITAN SOUTH EAST REGION",-37.87808963,145.0352168,"Dry","Clear"
"T20190005327","26/2/19",09:00:00,"Collision with vehicle","Tuesday","Day",2,2,"Not at intersection",3,80,"CASEY","METROPOLITAN SOUTH EAST REGION",-38.03200959,145.3058356,"Dry","Clear"
"T20190005328","20/3/19",17:50:00,"Collision with vehicle","Wednesday","Day",3,3,"T intersection",3,80,"MORNINGTON PENINSULA","METROPOLITAN SOUTH EAST REGION",-38.27128386,145.071062,"Dry","Clear"
"T20190005334","20/3/19",21:01:00,"Collision with vehicle","Wednesday","Dark Street lights on",2,2,"Cross intersection",3,60,"HUME","METROPOLITAN NORTH WEST REGION",-37.57845692,144.7101097,"Dry","Clear"
"T20190005337","20/3/19",21:02:00,"Struck Pedestrian","Wednesday","Dark Street lights on",1,2,"Cross intersection",3,40,"MELBOURNE","METROPOLITAN NORTH WEST REGION",-37.81594418,144.9611309,"Dry","Clear"
"T20190005338","20/3/19",21:40:00,"Struck Pedestrian","Wednesday","Dark Street lights on",1,2,"T intersection",2,50,"BRIMBANK","METROPOLITAN NORTH WEST REGION",-37.73641766,144.7803392,"Dry","Clear"
"T20190005340","21/3/19",01:15:00,"Collision with a fixed object","Thursday","Dark Street lights on",1,4,"Not at intersection",2,60,"WHITEHORSE","METROPOLITAN SOUTH EAST REGION",-37.83094295,145.1407094,"Dry","Not known"
"T20190005341","21/3/19",00:58:00,"Vehicle overturned (no collision)","Thursday","Dark No street lights",1,4,"Not at intersection",2,999,"ALPINE","NORTH EASTERN REGION",-36.73327495,146.9336388,"Dry","Clear"
"T20190005344","21/3/19",07:30:00,"Collision with vehicle","Thursday","Day",2,2,"T intersection",3,80,"HUME","METROPOLITAN NORTH WEST REGION",-37.61254259,144.9463252,"Wet","Raining"
"T20190005344","21/3/19",07:30:00,"Collision with vehicle","Thursday","Day",2,2,"T intersection",3,80,"HUME","METROPOLITAN NORTH WEST REGION",-37.61254259,144.9463252,"Wet","Fog"
"T20190005345","21/3/19",08:30:00,"Collision with vehicle","Thursday","Day",2,4,"T intersection",2,80,"DANDENONG","METROPOLITAN SOUTH EAST REGION",-37.94477471,145.1536068,"Icy","Clear"
"T20190005346","21/3/19",08:13:00,"Collision with vehicle","Thursday","Day",2,2,"Not at intersection",3,80,"KNOX","METROPOLITAN SOUTH EAST REGION",-37.92769622,145.2552507,"Dry","Clear"
"T20190005349","21/3/19",06:45:00,"Collision with vehicle","Thursday","Dark Street lights on",2,3,"Not at intersection",3,60,"DAREBIN","METROPOLITAN NORTH WEST REGION",-37.78406275,145.0131807,"Dry","Clear"
"T20190005350","14/3/19",15:10:00,"Collision with vehicle","Thursday","Day",2,2,"Cross intersection",3,60,"MARIBYRNONG","METROPOLITAN NORTH WEST REGION",-37.79269142,144.8944628,"Dry","Clear"
"T20190005351","21/3/19",07:15:00,"Collision with vehicle","Thursday","Day",2,2,"Cross intersection",3,80,"HUME","METROPOLITAN NORTH WEST REGION",-37.66375137,144.9221732,"Wet","Raining"
"T20190005352","21/3/19",09:40:00,"Collision with vehicle","Thursday","Day",3,3,"Not at intersection",3,80,"CASEY","METROPOLITAN SOUTH EAST REGION",-38.08089602,145.3344099,"Dry","Clear"
"T20190005353","21/3/19",11:05:00,"Collision with vehicle","Thursday","Day",2,2,"T intersection",2,999,"MELBOURNE","METROPOLITAN NORTH WEST REGION",-37.79242786,144.9415546,"Dry","Clear"
"T20190005354","21/3/19",09:15:00,"Collision with vehicle","Thursday","Day",3,3,"Not at intersection",3,80,"HUME","METROPOLITAN NORTH WEST REGION",-37.60673943,144.8837933,"Wet","Raining"
"T20190005355","19/3/19",14:05:00,"Collision with vehicle","Tuesday","Day",2,2,"T intersection",3,60,"MANNINGHAM","METROPOLITAN SOUTH EAST REGION",-37.79659149,145.1183886,"Dry","Clear"
"T20190005357","21/3/19",11:00:00,"Collision with vehicle","Thursday","Day",2,2,"T intersection",3,50,"GEELONG","SOUTH WESTERN REGION",-38.15886967,144.3471096,"Dry","Clear"
"T20190005358","21/3/19",08:10:00,"Collision with vehicle","Thursday","Day",2,4,"T intersection",1,50,"MAROONDAH","METROPOLITAN SOUTH EAST REGION",-37.79864661,145.2547628,"Dry","Clear"
"T20190005362","21/3/19",08:11:00,"Collision with vehicle","Thursday","Day",2,2,"Cross intersection",2,40,"MORELAND","METROPOLITAN NORTH WEST REGION",-37.77611653,144.9606042,"Dry","Clear"
"T20190005363","21/3/19",11:30:00,"Collision with vehicle","Thursday","Day",2,2,"Cross intersection",3,80,"DANDENONG","METROPOLITAN SOUTH EAST REGION",-38.00190005,145.2367538,"Dry","Clear"
"T20190005364","21/3/19",08:50:00,"Collision with vehicle","Thursday","Day",3,4,"Not at intersection",3,80,"HUME","METROPOLITAN NORTH WEST REGION",-37.64239973,144.945679,"Wet","Raining"
"T20190005366","21/3/19",12:37:00,"Collision with a fixed object","Thursday","Day",1,1,"Not at intersection",3,100,"SHEPPARTON","NORTH EASTERN REGION",-36.49879846,145.3460086,"Dry","Clear"
"T20190005367","21/3/19",11:35:00,"Struck Pedestrian","Thursday","Day",1,2,"T intersection",2,999,"BRIMBANK","METROPOLITAN NORTH WEST REGION",-37.78161321,144.8359998,"Dry","Clear"
"T20190005368","20/3/19",21:50:00,"Collision with vehicle","Wednesday","Dark Street lights on",2,1,"Not at intersection",3,60,"SOUTHERN GRAMPIANS","SOUTH WESTERN REGION",-37.74223677,142.0362406,"Wet","Raining"
"T20190005368","20/3/19",21:50:00,"Collision with vehicle","Wednesday","Dark Street lights on",2,1,"Not at intersection",3,60,"SOUTHERN GRAMPIANS","SOUTH WESTERN REGION",-37.74223677,142.0362406,"Wet","Fog"
"T20190005370","21/3/19",13:40:00,"Collision with vehicle","Thursday","Day",2,3,"Not at intersection",3,100,"COLAC OTWAY","SOUTH WESTERN REGION",-38.77877392,143.6195698,"Wet","Raining"
"T20190005370","21/3/19",13:40:00,"Collision with vehicle","Thursday","Day",2,3,"Not at intersection",3,100,"COLAC OTWAY","SOUTH WESTERN REGION",-38.77877392,143.6195698,"Wet","Fog"
"T20190005371","21/3/19",11:06:00,"Collision with vehicle","Thursday","Day",2,3,"Not at intersection",3,60,"GEELONG","SOUTH WESTERN REGION",-38.13628961,144.3372266,"Dry","Clear"
"T20190005372","24/2/19",13:30:00,"Collision with a fixed object","Sunday","Day",1,1,"Not at intersection",3,100,"MURRINDINDI","NORTH EASTERN REGION",-37.4915519,145.446448,"Dry","Clear"
"T20190005375","21/3/19",13:45:00,"Collision with vehicle","Thursday","Day",2,4,"Not at intersection",3,80,"BALLARAT","WESTERN REGION",-37.5671508,143.7869699,"Dry","Clear"
"T20190005379","21/3/19",15:17:00,"Struck Pedestrian","Thursday","Day",1,2,"Cross intersection",2,60,"FRANKSTON","METROPOLITAN SOUTH EAST REGION",-38.14524494,145.119926,"Dry","Clear"
"T20190005382","21/3/19",14:00:00,"Struck Pedestrian","Thursday","Day",1,2,"Not at intersection",2,60,"MILDURA","WESTERN REGION",-34.18920557,142.1569754,"Dry","Clear"
"T20190005383","21/3/19",16:00:00,"Collision with vehicle","Thursday","Day",2,3,"T intersection",3,60,"KNOX","METROPOLITAN SOUTH EAST REGION",-37.91865799,145.2386311,"Dry","Clear"
"T20190005385","21/3/19",14:40:00,"Collision with vehicle","Thursday","Day",2,2,"Not at intersection",2,100,"TOWONG","NORTH EASTERN REGION",-36.23378952,147.2602169,"Dry","Clear"
"T20190005386","21/3/19",14:34:00,"Fall from or in moving vehicle","Thursday","Day",1,1,"Not at intersection",2,60,"PORT PHILLIP","METROPOLITAN NORTH WEST REGION",-37.82931146,144.9635576,"Dry","Clear"
"T20190005388","21/3/19",15:20:00,"Collision with vehicle","Thursday","Day",2,2,"T intersection",3,80,"MONASH","METROPOLITAN SOUTH EAST REGION",-37.92176174,145.1391093,"Dry","Clear"
"T20190005392","21/3/19",14:49:00,"Collision with vehicle","Thursday","Day",2,2,"T intersection",3,999,"YARRA RANGES","METROPOLITAN SOUTH EAST REGION",-37.80259675,145.3146361,"Dry","Clear"
"T20190005393","21/3/19",15:28:00,"Struck Pedestrian","Thursday","Day",1,2,"Cross intersection",2,50,"BALLARAT","WESTERN REGION",-37.58226056,143.8408747,"Dry","Clear"
"T20190005394","21/3/19",17:15:00,"Collision with vehicle","Thursday","Day",2,2,"Cross intersection",3,50,"CAMPASPE","NORTHERN REGION",-36.12642743,144.7491596,"Dry","Clear"
"T20190005396","21/3/19",16:40:00,"Struck Pedestrian","Thursday","Day",1,2,"Not at intersection",2,60,"MELBOURNE","METROPOLITAN NORTH WEST REGION",-37.83907987,144.9765811,"Dry","Clear"
"T20190005398","21/3/19",15:15:00,"Collision with vehicle","Thursday","Day",2,2,"Not at intersection",2,50,"YARRA","METROPOLITAN NORTH WEST REGION",-37.81136673,144.9954805,"Dry","Clear"
"T20190005399","14/3/19",16:30:00,"Collision with vehicle","Thursday","Day",2,2,"T intersection",3,60,"HUME","METROPOLITAN NORTH WEST REGION",-37.64439942,144.957546,"Dry","Clear"
"T20190005400","20/3/19",18:00:00,"Collision with vehicle","Wednesday","Day",2,2,"Cross intersection",3,999,"BRIMBANK","METROPOLITAN NORTH WEST REGION",-37.69691666,144.7658687,"Dry","Not known"
"T20190005401","21/3/19",18:50:00,"Struck Pedestrian","Thursday","Day",1,3,"Not at intersection",2,50,"MOORABOOL","WESTERN REGION",-37.60149,144.2333597,"Dry","Clear"
"T20190005402","21/3/19",18:59:00,"Collision with a fixed object","Thursday","Dusk/Dawn",1,1,"Not at intersection",3,80,"FRANKSTON","METROPOLITAN SOUTH EAST REGION",-38.12612085,145.1336331,"Dry","Clear"
"T20190005403","21/3/19",15:05:00,"Collision with vehicle","Thursday","Day",2,2,"Not at intersection",2,80,"MELBOURNE","METROPOLITAN NORTH WEST REGION",-37.82811818,144.9872339,"Dry","Clear"
"T20190005405","20/3/19",17:30:00,"Collision with vehicle","Wednesday","Day",2,2,"Not at intersection",2,80,"CASEY","METROPOLITAN SOUTH EAST REGION",-38.02299041,145.3078128,"Dry","Clear"
"T20190005407","21/3/19",06:15:00,"Collision with vehicle","Thursday","Dark No street lights",2,2,"Not at intersection",2,110,"BENALLA","NORTH EASTERN REGION",-36.5059581,146.081169,"Dry","Smoke"
"T20190005408","21/3/19",20:30:00,"Collision with vehicle","Thursday","Dark Street lights on",2,3,"Cross intersection",3,60,"BALLARAT","WESTERN REGION",-37.5824829,143.8608287,"Dry","Clear"
"T20190005410","21/3/19",20:58:00,"Collision with vehicle","Thursday","Dark Street lights on",2,3,"Cross intersection",3,60,"BANYULE","METROPOLITAN NORTH WEST REGION",-37.7031684,145.0898273,"Dry","Clear"
"T20190005414","21/3/19",20:00:00,"Collision with a fixed object","Thursday","Dark No street lights",1,3,"Not at intersection",3,80,"COLAC OTWAY","SOUTH WESTERN REGION",-38.3016619,143.7724197,"Dry","Clear"
"T20190005415","21/3/19",05:50:00,"Vehicle overturned (no collision)","Thursday","Dark No street lights",1,1,"Not at intersection",2,80,"MOORABOOL","WESTERN REGION",-37.63825996,144.5100797,"Wet","Raining"
"T20190005416","22/3/19",00:45:00,"Collision with vehicle","Friday","Dark Street lights on",2,5,"Not at intersection",2,60,"MANNINGHAM","METROPOLITAN SOUTH EAST REGION",-37.7782129,145.1288974,"Dry","Clear"
"T20190005419","21/3/19",07:50:00,"Collision with vehicle","Thursday","Day",2,2,"T intersection",3,40,"MORELAND","METROPOLITAN NORTH WEST REGION",-37.77383025,144.9609793,"Dry","Clear"
"T20190005421","21/3/19",14:00:00,"Struck Pedestrian","Thursday","Day",1,2,"Not at intersection",2,60,"WHITEHORSE","METROPOLITAN SOUTH EAST REGION",-37.83280981,145.1210883,"Dry","Clear"
"T20190005424","22/3/19",07:24:00,"Collision with vehicle","Friday","Day",2,2,"Cross intersection",3,50,"PORT PHILLIP","METROPOLITAN NORTH WEST REGION",-37.84078004,144.94613,"Dry","Clear"
"T20190005425","22/3/19",05:14:00,"Collision with a fixed object","Friday","Dark Street lights on",2,3,"Not at intersection",2,40,"DANDENONG","METROPOLITAN SOUTH EAST REGION",-37.94889027,145.2057936,"Dry","Clear"
"T20190005429","22/3/19",07:45:00,"Collision with vehicle","Friday","Day",3,3,"Not at intersection",2,80,"MELBOURNE","METROPOLITAN NORTH WEST REGION",-37.82643462,144.9305014,"Dry","Clear"
"T20190005430","22/3/19",07:42:00,"Struck animal","Friday","Dusk/Dawn",1,1,"Not at intersection",3,80,"NILLUMBIK","METROPOLITAN NORTH WEST REGION",-37.57472192,145.1913889,"Dry","Fog"
"T20190005431","21/3/19",21:32:00,"Collision with a fixed object","Thursday","Dark No street lights",1,2,"Not at intersection",2,60,"GEELONG","SOUTH WESTERN REGION",-37.90187651,144.3709171,"Dry","Clear"
"T20190005432","21/3/19",18:48:00,"Struck Pedestrian","Thursday","Day",1,2,"Not at intersection",2,60,"BANYULE","METROPOLITAN NORTH WEST REGION",-37.743551,145.0638709,"Dry","Clear"
"T20190005433","21/3/19",17:15:00,"Vehicle overturned (no collision)","Thursday","Day",2,2,"Not at intersection",3,80,"WHITTLESEA","METROPOLITAN NORTH WEST REGION",-37.60204451,144.9597883,"Dry","Clear"
"T20190005438","22/3/19",06:30:00,"Fall from or in moving vehicle","Friday","Unknown",1,1,"Cross intersection",3,60,"MORELAND","METROPOLITAN NORTH WEST REGION",-37.7325149,144.9495505,"Unknown","Not known"
"T20190005439","22/3/19",09:00:00,"Collision with vehicle","Friday","Day",2,4,"Not at intersection",3,60,"YARRA RANGES","METROPOLITAN SOUTH EAST REGION",-37.78259723,145.4096501,"Dry","Clear"
"T20190005442","22/3/19",07:12:00,"Struck Pedestrian","Friday","Dusk/Dawn",1,2,"T intersection",2,40,"MOONEE VALLEY","METROPOLITAN NORTH WEST REGION",-37.77046834,144.926066,"Dry","Clear"
"T20190005443","22/3/19",07:55:00,"Collision with vehicle","Friday","Day",2,2,"Cross intersection",2,100,"STRATHBOGIE","NORTH EASTERN REGION",-36.81744111,145.1947096,"Dry","Clear"
"T20190005446","22/3/19",06:20:00,"Collision with vehicle","Friday","Day",2,2,"Cross intersection",3,50,"DAREBIN","METROPOLITAN NORTH WEST REGION",-37.74373244,144.9891773,"Dry","Clear"
"T20190005447","15/3/19",14:00:00,"Collision with vehicle","Friday","Unknown",2,2,"Cross intersection",3,50,"BANYULE","METROPOLITAN NORTH WEST REGION",-37.70883232,145.0961725,"Dry","Clear"
"T20190005449","28/2/19",18:19:00,"Collision with vehicle","Thursday","Day",2,2,"Not at intersection",3,100,"WYNDHAM","METROPOLITAN NORTH WEST REGION",-37.89275228,144.709632,"Dry","Clear"
"T20190005450","21/3/19",15:25:00,"Struck Pedestrian","Thursday","Day",1,2,"Cross intersection",2,60,"FRANKSTON","METROPOLITAN SOUTH EAST REGION",-38.1401932,145.1223205,"Dry","Clear"
"T20190005451","22/3/19",12:03:00,"Collision with vehicle","Friday","Day",2,2,"Not at intersection",3,80,"MILDURA","WESTERN REGION",-34.24206475,142.1994135,"Dry","Clear"
"T20190005452","22/3/19",13:50:00,"Collision with vehicle","Friday","Day",4,4,"Not at intersection",2,40,"HEPBURN","WESTERN REGION",-37.45848594,143.8607994,"Dry","Clear"
"T20190005454","22/3/19",14:00:00,"Collision with vehicle","Friday","Day",3,8,"Not at intersection",2,80,"FRANKSTON","METROPOLITAN SOUTH EAST REGION",-38.14597563,145.1298509,"Dry","Clear"
"T20190005455","21/3/19",11:00:00,"Fall from or in moving vehicle","Thursday","Day",1,1,"Not at intersection",3,999,"COLAC OTWAY","SOUTH WESTERN REGION",-38.69510041,143.7058205,"Wet","Raining"
"T20190005459","22/3/19",12:10:00,"No collision and no object struck","Friday","Day",1,1,"Not at intersection",2,100,"BAW BAW","EASTERN REGION",-37.89015891,146.08624,"Dry","Clear"
"T20190005460","22/3/19",11:55:00,"Vehicle overturned (no collision)","Friday","Day",1,1,"Not at intersection",2,50,"MELTON","METROPOLITAN NORTH WEST REGION",-37.72918004,144.7371631,"Dry","Clear"
"T20190005461","21/3/19",16:01:00,"Collision with vehicle","Thursday","Day",2,2,"T intersection",3,70,"YARRA","METROPOLITAN NORTH WEST REGION",-37.79935212,144.993017,"Dry","Clear"
"T20190005467","22/3/19",10:34:00,"Collision with vehicle","Friday","Day",2,4,"T intersection",3,60,"MOONEE VALLEY","METROPOLITAN NORTH WEST REGION",-37.76526163,144.9237273,"Dry","Clear"
"T20190005468","22/3/19",06:20:00,"Struck Pedestrian","Friday","Dusk/Dawn",1,2,"T intersection",3,50,"DAREBIN","METROPOLITAN NORTH WEST REGION",-37.74581508,145.0101426,"Dry","Not known"
"T20190005470","22/3/19",14:59:00,"Collision with vehicle","Friday","Day",4,4,"Not at intersection",3,80,"DANDENONG","METROPOLITAN SOUTH EAST REGION",-37.95291655,145.2268718,"Dry","Clear"
"T20190005472","19/3/19",12:15:00,"Collision with vehicle","Tuesday","Day",2,2,"Not at intersection",2,60,"GOLDEN PLAINS","SOUTH WESTERN REGION",-38.02865949,144.0523101,"Dry","Clear"
"T20190005473","22/3/19",14:18:00,"Collision with vehicle","Friday","Day",2,3,"Multiple intersection",3,60,"MOONEE VALLEY","METROPOLITAN NORTH WEST REGION",-37.7446276,144.9100822,"Dry","Clear"
"T20190005476","22/3/19",15:50:00,"Collision with a fixed object","Friday","Day",1,4,"Cross intersection",3,60,"WHITTLESEA","METROPOLITAN NORTH WEST REGION",-37.51413462,145.1148518,"Dry","Clear"
"T20190005478","22/3/19",08:48:00,"Collision with vehicle","Friday","Day",2,6,"T intersection",2,80,"CASEY","METROPOLITAN SOUTH EAST REGION",-37.97248813,145.2386957,"Dry","Clear"
"T20190005483","22/3/19",16:30:00,"Collision with vehicle","Friday","Day",2,3,"Cross intersection",3,60,"YARRA","METROPOLITAN NORTH WEST REGION",-37.79857159,144.9874631,"Dry","Clear"