"ACCIDENT_NO","ACCIDENTDATE","ACCIDENTTIME","Accident Type Desc","Day Week Description","Light Condition Desc","NO_OF_VEHICLES","NO_PERSONS","Road Geometry Desc","SEVERITY","SPEED_ZONE","LGA_NAME","REGION_NAME","Lat","Long","Surface Cond Desc","Atmosph Cond Desc"
"T20190005487","22/3/19",17:30:00,"Collision with vehicle","Friday","Day",2,3,"Cross intersection",2,60,"MORNINGTON PENINSULA","METROPOLITAN SOUTH EAST REGION",-38.28544677,145.1884283,"Dry","Clear"
"T20190005490","22/3/19",19:20:00,"Vehicle overturned (no collision)","Friday","Dusk/Dawn",1,1,"Not at intersection",3,100,"YARRA RANGES","METROPOLITAN SOUTH EAST REGION",-37.6336413,145.4019017,"Wet","Raining"
"T20190005494","22/3/19",17:30:00,"Collision with vehicle","Friday","Day",2,2,"T intersection",3,60,"PORT PHILLIP","METROPOLITAN NORTH WEST REGION",-37.86249763,144.9851384,"Dry","Clear"
"T20190005496","21/3/19",16:30:00,"Struck Pedestrian","Thursday","Day",1,2,"Cross intersection",3,50,"MITCHELL","NORTHERN REGION",-37.02436134,145.1451729,"Unknown","Clear"
"T20190005497","22/3/19",18:28:00,"Collision with vehicle","Friday","Day",2,2,"T intersection",3,60,"PORT PHILLIP","METROPOLITAN NORTH WEST REGION",-37.86249763,144.9851384,"Dry","Clear"
"T20190005498","22/3/19",22:29:00,"Collision with vehicle","Friday","Dark Street lights on",2,3,"Cross intersection",3,70,"MANNINGHAM","METROPOLITAN SOUTH EAST REGION",-37.76342345,145.1665781,"Dry","Clear"
"T20190005499","22/3/19",20:30:00,"Collision with vehicle","Friday","Dark Street lights on",2,2,"Not at intersection",2,80,"KINGSTON","METROPOLITAN SOUTH EAST REGION",-37.98885197,145.0803976,"Dry","Clear"
"T20190005500","22/3/19",04:45:00,"Collision with a fixed object","Friday","Dark Street lights on",1,1,"Not at intersection",3,100,"BASS COAST","EASTERN REGION",-38.50201868,145.4603724,"Dry","Clear"
"T20190005501","22/3/19",20:54:00,"Collision with a fixed object","Friday","Dark Street lights on",1,1,"Not at intersection",2,60,"KINGSTON","METROPOLITAN SOUTH EAST REGION",-38.01192993,145.09135,"Dry","Clear"
"T20190005502","22/3/19",05:25:00,"Collision with vehicle","Friday","Dark Street lights on",3,3,"Not at intersection",2,100,"BRIMBANK","METROPOLITAN NORTH WEST REGION",-37.80022539,144.7958807,"Dry","Clear"
"T20190005506","23/3/19",03:00:00,"Collision with vehicle","Saturday","Dark Street lights on",2,2,"Not at intersection",3,40,"STONNINGTON","METROPOLITAN SOUTH EAST REGION",-37.84936958,144.9937357,"Dry","Clear"
"T20190005510","23/3/19",03:10:00,"Collision with a fixed object","Saturday","Dark No street lights",1,1,"Not at intersection",2,80,"MORNINGTON PENINSULA","METROPOLITAN SOUTH EAST REGION",-38.18393631,145.0968326,"Dry","Clear"
"T20190005513","22/3/19",15:35:00,"Collision with vehicle","Friday","Day",4,4,"T intersection",2,100,"SURF COAST","SOUTH WESTERN REGION",-38.33863481,144.2864218,"Dry","Clear"
"T20190005515","17/3/19",09:15:00,"No collision and no object struck","Sunday","Day",1,1,"Not at intersection",3,60,"MACEDON RANGES","NORTHERN REGION",-37.47634891,144.4769402,"Dry","Clear"
"T20190005517","23/3/19",09:40:00,"Collision with vehicle","Saturday","Day",2,2,"T intersection",3,60,"WHITEHORSE","METROPOLITAN SOUTH EAST REGION",-37.84425649,145.0967122,"Wet","Raining"
"T20190005519","23/3/19",09:50:00,"Vehicle overturned (no collision)","Saturday","Day",1,1,"Not at intersection",3,100,"WHITTLESEA","METROPOLITAN NORTH WEST REGION",-37.48485035,145.0231828,"Wet","Clear"
"T20190005521","23/3/19",10:48:00,"Collision with vehicle","Saturday","Day",2,2,"Cross intersection",3,80,"BANYULE","METROPOLITAN NORTH WEST REGION",-37.68949919,145.1134727,"Wet","Raining"
"T20190005522","23/3/19",12:08:00,"Vehicle overturned (no collision)","Saturday","Day",1,1,"Not at intersection",3,60,"NILLUMBIK","METROPOLITAN NORTH WEST REGION",-37.66876743,145.259331,"Wet","Not known"
"T20190005525","23/3/19",09:28:00,"Collision with a fixed object","Saturday","Day",1,1,"Not at intersection",2,60,"YARRA RANGES","METROPOLITAN SOUTH EAST REGION",-37.81141131,145.37531,"Wet","Not known"
"T20190005526","23/3/19",12:06:00,"Collision with vehicle","Saturday","Day",6,6,"Not at intersection",3,80,"WHITEHORSE","METROPOLITAN SOUTH EAST REGION",-37.85609808,145.178492,"Dry","Not known"
"T20190005527","23/3/19",11:20:00,"Collision with vehicle","Saturday","Day",2,4,"Cross intersection",2,60,"STONNINGTON","METROPOLITAN SOUTH EAST REGION",-37.86738046,145.059105,"Dry","Clear"
"T20190005528","23/3/19",12:50:00,"Collision with vehicle","Saturday","Unknown",4,4,"Not at intersection",3,999,"CASEY","METROPOLITAN SOUTH EAST REGION",-38.08376475,145.2957315,"Unknown","Not known"
"T20190005530","26/2/19",10:58:00,"Collision with vehicle","Tuesday","Day",2,2,"Cross intersection",3,999,"MELTON","METROPOLITAN NORTH WEST REGION",-37.73373944,144.7410462,"Dry","Clear"
"T20190005533","23/3/19",10:30:00,"Collision with vehicle","Saturday","Day",2,2,"T intersection",3,60,"MANNINGHAM","METROPOLITAN SOUTH EAST REGION",-37.78061496,145.1468404,"Wet","Not known"
"T20190005537","23/3/19",13:24:00,"Collision with a fixed object","Saturday","Day",1,1,"Not at intersection",3,60,"GLENELG","SOUTH WESTERN REGION",-38.3476376,141.5739249,"Dry","Clear"
"T20190005539","22/3/19",16:15:00,"Collision with vehicle","Friday","Day",2,2,"Not at intersection",3,999,"MELTON","METROPOLITAN NORTH WEST REGION",-37.70260347,144.5648161,"Dry","Clear"
"T20190005540","23/3/19",09:25:00,"Collision with vehicle","Saturday","Day",2,3,"Not at intersection",3,50,"ALPINE","NORTH EASTERN REGION",-36.56585886,146.7295527,"Wet","Raining"
"T20190005543","23/3/19",15:00:00,"Collision with vehicle","Saturday","Day",2,5,"T intersection",2,60,"MAROONDAH","METROPOLITAN SOUTH EAST REGION",-37.78292103,145.2685883,"Dry","Clear"
"T20190005544","23/3/19",15:05:00,"Struck Pedestrian","Saturday","Day",1,2,"Cross intersection",2,50,"DANDENONG","METROPOLITAN SOUTH EAST REGION",-37.94953636,145.1514421,"Dry","Clear"
"T20190005545","23/3/19",16:00:00,"Collision with vehicle","Saturday","Day",2,5,"Cross intersection",2,60,"MELBOURNE","METROPOLITAN NORTH WEST REGION",-37.80629056,144.9498088,"Dry","Clear"
"T20190005546","23/3/19",12:45:00,"Collision with vehicle","Saturday","Day",2,5,"T intersection",3,50,"NORTHERN GRAMPIANS","WESTERN REGION",-36.60939998,143.2531823,"Dry","Clear"
"T20190005551","13/3/19",18:00:00,"Collision with vehicle","Wednesday","Dusk/Dawn",2,2,"Not at intersection",3,50,"DAREBIN","METROPOLITAN NORTH WEST REGION",-37.71604813,145.0035403,"Unknown","Not known"
"T20190005552","23/3/19",15:50:00,"Collision with a fixed object","Saturday","Day",1,2,"Not at intersection",3,100,"EAST GIPPSLAND","EASTERN REGION",-37.70317027,148.4763702,"Dry","Clear"
"T20190005553","23/3/19",12:45:00,"Collision with a fixed object","Saturday","Day",1,2,"Not at intersection",2,60,"BAW BAW","EASTERN REGION",-38.13840898,145.8552699,"Wet","Clear"
"T20190005555","22/3/19",17:35:00,"Collision with vehicle","Friday","Day",2,2,"T intersection",3,60,"BANYULE","METROPOLITAN NORTH WEST REGION",-37.7012931,145.1026708,"Dry","Clear"
"T20190005557","23/3/19",18:13:00,"Fall from or in moving vehicle","Saturday","Dusk/Dawn",1,1,"Cross intersection",3,999,"HUME","METROPOLITAN NORTH WEST REGION",-37.6052376,144.8833842,"Dry","Clear"
"T20190005558","23/3/19",21:50:00,"Collision with a fixed object","Saturday","Dark No street lights",1,1,"Not at intersection",2,100,"MILDURA","WESTERN REGION",-34.18395118,142.1938078,"Wet","Raining"
"T20190005559","24/3/19",01:00:00,"Fall from or in moving vehicle","Sunday","Dark No street lights",1,1,"Not at intersection",3,110,"MOORABOOL","WESTERN REGION",-37.60222947,144.2776802,"Dry","Clear"
"T20190005561","19/3/19",22:03:00,"Collision with vehicle","Tuesday","Dark Street lights on",2,2,"Cross intersection",2,60,"DANDENONG","METROPOLITAN SOUTH EAST REGION",-37.98389592,145.2004024,"Dry","Clear"
"T20190005571","23/3/19",13:20:00,"Collision with vehicle","Saturday","Day",3,4,"Cross intersection",3,60,"KINGSTON","METROPOLITAN SOUTH EAST REGION",-37.95747409,145.0539238,"Dry","Clear"
"T20190005572","23/3/19",18:15:00,"Collision with a fixed object","Saturday","Day",1,1,"T intersection",3,50,"YARRA RANGES","METROPOLITAN SOUTH EAST REGION",-37.81502327,145.3422047,"Dry","Clear"
"T20190005573","9/3/19",13:20:00,"Collision with vehicle","Saturday","Day",2,2,"Cross intersection",3,50,"MOUNT ALEXANDER","NORTHERN REGION",-37.06680267,144.2165904,"Dry","Clear"
"T20190005575","24/3/19",08:30:00,"Collision with a fixed object","Sunday","Day",1,1,"Not at intersection",2,50,"GEELONG","SOUTH WESTERN REGION",-38.07235866,144.3625562,"Dry","Clear"
"T20190005576","24/3/19",05:16:00,"Collision with a fixed object","Sunday","Dark Street lights on",1,1,"Not at intersection",2,50,"MORNINGTON PENINSULA","METROPOLITAN SOUTH EAST REGION",-38.36345386,144.8770052,"Dry","Clear"
"T20190005577","14/3/19",20:30:00,"Collision with vehicle","Thursday","Dark Street lights on",2,2,"Not at intersection",3,80,"FRANKSTON","METROPOLITAN SOUTH EAST REGION",-38.09831231,145.1734345,"Dry","Clear"
"T20190005579","24/3/19",09:05:00,"Collision with vehicle","Sunday","Day",2,2,"Cross intersection",3,50,"MORELAND","METROPOLITAN NORTH WEST REGION",-37.76276897,144.9497406,"Dry","Clear"
"T20190005580","22/3/19",14:15:00,"Collision with vehicle","Friday","Day",2,3,"Not at intersection",2,80,"KNOX","METROPOLITAN SOUTH EAST REGION",-37.87674527,145.20311,"Dry","Clear"
"T20190005581","23/3/19",16:30:00,"Collision with vehicle","Saturday","Day",2,2,"Not at intersection",3,60,"WHITEHORSE","METROPOLITAN SOUTH EAST REGION",-37.83758954,145.097916,"Dry","Not known"
"T20190005586","24/3/19",11:40:00,"Collision with vehicle","Sunday","Day",2,2,"Not at intersection",3,80,"YARRA RANGES","METROPOLITAN SOUTH EAST REGION",-37.57992037,145.48865,"Dry","Clear"
"T20190005588","24/3/19",13:09:00,"Collision with vehicle","Sunday","Day",3,4,"T intersection",3,60,"YARRA","METROPOLITAN NORTH WEST REGION",-37.83057183,145.0088282,"Dry","Clear"
"T20190005590","24/3/19",09:49:00,"Collision with vehicle","Sunday","Day",2,2,"Cross intersection",2,70,"CARDINIA","METROPOLITAN SOUTH EAST REGION",-38.05150206,145.3746731,"Dry","Clear"
"T20190005592","24/3/19",10:30:00,"Collision with a fixed object","Sunday","Day",1,1,"Not at intersection",2,100,"PYRENEES","WESTERN REGION",-37.1069732,143.3505675,"Dry","Clear"
"T20190005593","24/3/19",14:30:00,"Fall from or in moving vehicle","Sunday","Day",1,1,"Not at intersection",3,100,"CARDINIA","METROPOLITAN SOUTH EAST REGION",-37.90821633,145.5910083,"Dry","Clear"
"T20190005594","24/3/19",09:00:00,"Collision with a fixed object","Sunday","Unknown",1,1,"Not at intersection",1,100,"GOLDEN PLAINS","SOUTH WESTERN REGION",-37.90670947,143.8358955,"Unknown","Not known"
"T20190005595","24/3/19",12:55:00,"Collision with vehicle","Sunday","Day",2,2,"Cross intersection",3,60,"MONASH","METROPOLITAN SOUTH EAST REGION",-37.89491938,145.1300373,"Dry","Clear"
"T20190005596","24/3/19",15:45:00,"Collision with vehicle","Sunday","Day",3,3,"Not at intersection",3,60,"WHITEHORSE","METROPOLITAN SOUTH EAST REGION",-37.82153686,145.1231662,"Dry","Clear"
"T20190005598","24/3/19",15:00:00,"Collision with a fixed object","Sunday","Day",1,2,"Not at intersection",2,100,"HEPBURN","WESTERN REGION",-37.20628088,144.0874309,"Dry","Clear"
"T20190005599","24/3/19",17:40:00,"Collision with a fixed object","Sunday","Day",1,3,"Not at intersection",2,50,"HUME","METROPOLITAN NORTH WEST REGION",-37.57458935,144.9328576,"Dry","Clear"
"T20190005600","24/3/19",17:39:00,"Collision with a fixed object","Sunday","Day",1,1,"Not at intersection",3,100,"STRATHBOGIE","NORTH EASTERN REGION",-36.92740147,145.6552369,"Wet","Raining"
"T20190005602","23/3/19",21:30:00,"Collision with a fixed object","Saturday","Dark Street lights on",1,1,"T intersection",2,50,"QUEENSCLIFFE","SOUTH WESTERN REGION",-38.26904425,144.6602793,"Dry","Clear"
"T20190005603","24/3/19",18:45:00,"Struck Pedestrian","Sunday","Dusk/Dawn",1,2,"Cross intersection",2,60,"DANDENONG","METROPOLITAN SOUTH EAST REGION",-37.98559808,145.2206532,"Dry","Clear"
"T20190005604","24/3/19",14:15:00,"Collision with a fixed object","Sunday","Day",1,1,"Not at intersection",2,100,"FRANKSTON","METROPOLITAN SOUTH EAST REGION",-38.09667473,145.1539329,"Dry","Clear"
"T20190005605","24/3/19",13:40:00,"Collision with a fixed object","Sunday","Day",1,1,"Not at intersection",2,999,"GEELONG","SOUTH WESTERN REGION",-38.01870048,144.5323156,"Dry","Clear"
"T20190005607","24/3/19",15:00:00,"Collision with vehicle","Sunday","Day",2,2,"Not at intersection",3,80,"DANDENONG","METROPOLITAN SOUTH EAST REGION",-38.00163243,145.1936454,"Dry","Clear"
"T20190005608","24/3/19",15:00:00,"Collision with vehicle","Sunday","Day",2,2,"Not at intersection",1,100,"HEPBURN","WESTERN REGION",-37.34196832,143.8403536,"Dry","Clear"
"T20190005610","24/3/19",18:35:00,"Collision with vehicle","Sunday","Dusk/Dawn",2,4,"Cross intersection",3,60,"GLEN EIRA","METROPOLITAN SOUTH EAST REGION",-37.88727302,145.046129,"Dry","Clear"
"T20190005614","25/3/19",00:13:00,"Collision with a fixed object","Monday","Dark No street lights",1,1,"Not at intersection",2,100,"FRANKSTON","METROPOLITAN SOUTH EAST REGION",-38.10416984,145.2340553,"Wet","Raining"
"T20190005614","25/3/19",00:13:00,"Collision with a fixed object","Monday","Dark No street lights",1,1,"Not at intersection",2,100,"FRANKSTON","METROPOLITAN SOUTH EAST REGION",-38.10416984,145.2340553,"Wet","Strong winds"
"T20190005618","23/3/19",12:00:00,"Collision with vehicle","Saturday","Day",2,2,"Cross intersection",2,60,"BAYSIDE","METROPOLITAN SOUTH EAST REGION",-37.88380577,144.9968581,"Dry","Clear"
"T20190005619","25/3/19",04:40:00,"Collision with vehicle","Monday","Dark Street lights on",3,2,"Not at intersection",2,50,"MORNINGTON PENINSULA","METROPOLITAN SOUTH EAST REGION",-38.37726881,144.91308,"Dry","Strong winds"
"T20190005621","23/3/19",09:40:00,"Struck Pedestrian","Saturday","Day",1,2,"T intersection",3,999,"KNOX","METROPOLITAN SOUTH EAST REGION",-37.87693558,145.2207901,"Dry","Not known"
"T20190005622","24/3/19",11:15:00,"No collision and no object struck","Sunday","Day",1,1,"Not at intersection",2,888,"MURRINDINDI","NORTH EASTERN REGION",-37.42459921,145.3397393,"Muddy","Clear"
"T20190005624","25/3/19",06:45:00,"Collision with vehicle","Monday","Dark Street lights on",2,1,"Not at intersection",3,50,"WHITTLESEA","METROPOLITAN NORTH WEST REGION",-37.64803027,145.0301326,"Dry","Clear"
"T20190005626","21/3/19",18:30:00,"Collision with vehicle","Thursday","Day",2,4,"Cross intersection",2,50,"MARIBYRNONG","METROPOLITAN NORTH WEST REGION",-37.8099039,144.8870662,"Unknown","Not known"
"T20190005628","25/3/19",09:20:00,"Struck Pedestrian","Monday","Day",1,3,"Cross intersection",1,60,"MORELAND","METROPOLITAN NORTH WEST REGION",-37.7339906,144.9653435,"Dry","Clear"
"T20190005631","24/3/19",13:40:00,"Collision with vehicle","Sunday","Day",2,2,"Cross intersection",3,60,"MANNINGHAM","METROPOLITAN SOUTH EAST REGION",-37.76051133,145.2341637,"Dry","Clear"
"T20190005635","25/3/19",09:52:00,"Collision with vehicle","Monday","Day",2,2,"Not at intersection",3,40,"MELBOURNE","METROPOLITAN NORTH WEST REGION",-37.8168322,144.961931,"Dry","Clear"
"T20190005635","25/3/19",09:52:00,"Collision with vehicle","Monday","Day",2,2,"Not at intersection",3,40,"MELBOURNE","METROPOLITAN NORTH WEST REGION",-37.8168322,144.961931,"Dry","Strong winds"
"T20190005636","25/3/19",10:54:00,"Collision with vehicle","Monday","Day",2,2,"T intersection",3,60,"WARRNAMBOOL","SOUTH WESTERN REGION",-38.37343126,142.4625533,"Wet","Raining"
"T20190005639","25/3/19",10:50:00,"Collision with vehicle","Monday","Day",2,5,"Cross intersection",2,80,"KINGSTON","METROPOLITAN SOUTH EAST REGION",-37.96248605,145.1289707,"Dry","Clear"
"T20190005642","25/3/19",10:33:00,"Collision with a fixed object","Monday","Day",1,1,"Not at intersection",3,40,"MELBOURNE","METROPOLITAN NORTH WEST REGION",-37.81059158,144.9710392,"Dry","Clear"
"T20190005642","25/3/19",10:33:00,"Collision with a fixed object","Monday","Day",1,1,"Not at intersection",3,40,"MELBOURNE","METROPOLITAN NORTH WEST REGION",-37.81059158,144.9710392,"Dry","Strong winds"
"T20190005644","23/3/19",10:35:00,"Collision with vehicle","Saturday","Day",3,3,"Not at intersection",3,80,"MONASH","METROPOLITAN SOUTH EAST REGION",-37.8933154,145.0923909,"Dry","Clear"
"T20190005645","25/3/19",11:40:00,"Collision with vehicle","Monday","Day",2,2,"T intersection",3,80,"DANDENONG","METROPOLITAN SOUTH EAST REGION",-37.96881901,145.1966793,"Dry","Clear"
"T20190005646","25/3/19",12:40:00,"Collision with vehicle","Monday","Day",2,3,"Cross intersection",2,60,"GEELONG","SOUTH WESTERN REGION",-38.08608929,144.3744176,"Wet","Raining"
"T20190005646","25/3/19",12:40:00,"Collision with vehicle","Monday","Day",2,3,"Cross intersection",2,60,"GEELONG","SOUTH WESTERN REGION",-38.08608929,144.3744176,"Wet","Strong winds"
"T20190005648","25/3/19",11:41:00,"Collision with vehicle","Monday","Day",2,2,"T intersection",3,60,"MELBOURNE","METROPOLITAN NORTH WEST REGION",-37.81709201,144.9532397,"Dry","Clear"
"T20190005650","25/3/19",12:45:00,"Vehicle overturned (no collision)","Monday","Day",1,1,"Not at intersection",3,100,"SOUTH GIPPSLAND","EASTERN REGION",-38.42509043,145.7452968,"Dry","Clear"
"T20190005650","25/3/19",12:45:00,"Vehicle overturned (no collision)","Monday","Day",1,1,"Not at intersection",3,100,"SOUTH GIPPSLAND","EASTERN REGION",-38.42509043,145.7452968,"Dry","Strong winds"
"T20190005653","25/3/19",10:47:00,"Collision with vehicle","Monday","Day",2,6,"Cross intersection",2,70,"WHITTLESEA","METROPOLITAN NORTH WEST REGION",-37.66431261,145.0052552,"Dry","Clear"
"T20190005659","23/2/19",17:00:00,"Collision with vehicle","Saturday","Day",2,2,"Not at intersection",3,40,"YARRA","METROPOLITAN NORTH WEST REGION",-37.8025404,144.9836536,"Dry","Clear"
"T20190005664","25/3/19",07:15:00,"Collision with vehicle","Monday","Dusk/Dawn",2,2,"Not at intersection",3,80,"MAROONDAH","METROPOLITAN SOUTH EAST REGION",-37.82493842,145.2916293,"Dry","Clear"
"T20190005667","25/3/19",12:00:00,"Collision with vehicle","Monday","Day",2,3,"Not at intersection",3,80,"BRIMBANK","METROPOLITAN NORTH WEST REGION",-37.69428655,144.7641106,"Dry","Clear"
"T20190005667","25/3/19",12:00:00,"Collision with vehicle","Monday","Day",2,3,"Not at intersection",3,80,"BRIMBANK","METROPOLITAN NORTH WEST REGION",-37.69428655,144.7641106,"Dry","Strong winds"
"T20190005668","25/3/19",06:35:00,"Collision with vehicle","Monday","Dark No street lights",2,2,"Not at intersection",1,100,"MOORABOOL","WESTERN REGION",-37.71975949,144.4505856,"Dry","Clear"
"T20190005670","25/3/19",14:55:00,"Collision with a fixed object","Monday","Day",1,4,"Not at intersection",2,100,"GEELONG","SOUTH WESTERN REGION",-38.12191967,144.3178379,"Dry","Dust"
"T20190005670","25/3/19",14:55:00,"Collision with a fixed object","Monday","Day",1,4,"Not at intersection",2,100,"GEELONG","SOUTH WESTERN REGION",-38.12191967,144.3178379,"Dry","Strong winds"
"T20190005672","25/3/19",15:32:00,"Collision with vehicle","Monday","Day",2,2,"Not at intersection",3,40,"BOROONDARA","METROPOLITAN SOUTH EAST REGION",-37.81336182,145.0856497,"Dry","Clear"
"T20190005673","25/3/19",15:20:00,"Collision with vehicle","Monday","Day",2,2,"T intersection",3,60,"NILLUMBIK","METROPOLITAN NORTH WEST REGION",-37.7169903,145.137229,"Dry","Clear"
"T20190005674","25/3/19",13:10:00,"Collision with a fixed object","Monday","Day",1,1,"Not at intersection",3,100,"MOORABOOL","WESTERN REGION",-37.56386073,144.2653402,"Wet","Raining"
"T20190005674","25/3/19",13:10:00,"Collision with a fixed object","Monday","Day",1,1,"Not at intersection",3,100,"MOORABOOL","WESTERN REGION",-37.56386073,144.2653402,"Wet","Strong winds"
"T20190005677","25/3/19",15:05:00,"Collision with vehicle","Monday","Day",2,3,"Not at intersection",3,80,"MANNINGHAM","METROPOLITAN SOUTH EAST REGION",-37.76926912,145.1299269,"Dry","Clear"
"T20190005679","25/3/19",17:00:00,"Collision with vehicle","Monday","Day",2,6,"T intersection",3,60,"WYNDHAM","METROPOLITAN NORTH WEST REGION",-37.88069352,144.6822771,"Dry","Strong winds"
"T20190005680","25/3/19",17:51:00,"Collision with vehicle","Monday","Day",2,2,"Cross intersection",2,40,"STONNINGTON","METROPOLITAN SOUTH EAST REGION",-37.84777041,144.9939856,"Dry","Clear"
"T20190005681","25/3/19",17:20:00,"Collision with vehicle","Monday","Day",2,2,"Multiple intersection",3,60,"MELBOURNE","METROPOLITAN NORTH WEST REGION",-37.80614969,144.9584578,"Unknown","Clear"
"T20190005682","25/3/19",17:40:00,"Collision with vehicle","Monday","Day",3,5,"Not at intersection",3,80,"BRIMBANK","METROPOLITAN NORTH WEST REGION",-37.77105516,144.780301,"Dry","Clear"
"T20190005685","25/3/19",17:40:00,"Collision with a fixed object","Monday","Day",1,1,"T intersection",3,70,"CARDINIA","METROPOLITAN SOUTH EAST REGION",-37.94308889,145.4592566,"Dry","Clear"
"T20190005689","25/3/19",22:20:00,"Collision with vehicle","Monday","Dark Street lights on",2,2,"Not at intersection",3,60,"WHITTLESEA","METROPOLITAN NORTH WEST REGION",-37.68557984,145.0680094,"Dry","Clear"
"T20190005693","24/3/19",03:00:00,"Collision with a fixed object","Sunday","Dark Street lights on",1,3,"Cross intersection",3,60,"BENDIGO","NORTHERN REGION",-36.7711476,144.2614753,"Dry","Clear"
"T20190005695","25/3/19",13:00:00,"Collision with a fixed object","Monday","Day",1,1,"Not at intersection",3,70,"WHITTLESEA","METROPOLITAN NORTH WEST REGION",-37.68439427,145.0014625,"Dry","Clear"
"T20190005696","25/3/19",12:30:00,"Collision with vehicle","Monday","Day",2,3,"Not at intersection",3,80,"DANDENONG","METROPOLITAN SOUTH EAST REGION",-37.9938984,145.1866713,"Dry","Clear"
"T20190005696","25/3/19",12:30:00,"Collision with vehicle","Monday","Day",2,3,"Not at intersection",3,80,"DANDENONG","METROPOLITAN SOUTH EAST REGION",-37.9938984,145.1866713,"Dry","Strong winds"
"T20190005697","25/3/19",13:00:00,"Collision with vehicle","Monday","Day",2,2,"Cross intersection",3,60,"BOROONDARA","METROPOLITAN SOUTH EAST REGION",-37.81273597,145.0202591,"Dry","Clear"
"T20190005699","26/3/19",08:15:00,"Collision with vehicle","Tuesday","Day",2,2,"Cross intersection",3,50,"YARRA","METROPOLITAN NORTH WEST REGION",-37.78745799,144.9901633,"Dry","Clear"
"T20190005700","26/3/19",06:20:00,"Collision with vehicle","Tuesday","Dark Street lights on",2,2,"T intersection",2,60,"KINGSTON","METROPOLITAN SOUTH EAST REGION",-38.03581405,145.1171634,"Wet","Raining"
"T20190005701","26/3/19",07:00:00,"Collision with vehicle","Tuesday","Dark Street lights on",3,5,"Not at intersection",3,60,"NILLUMBIK","METROPOLITAN NORTH WEST REGION",-37.68220057,145.1202966,"Dry","Clear"
"T20190005703","26/3/19",08:20:00,"Collision with vehicle","Tuesday","Day",2,3,"T intersection",3,80,"YARRA RANGES","METROPOLITAN SOUTH EAST REGION",-37.63305542,145.4990638,"Dry","Clear"
"T20190005705","26/3/19",09:00:00,"Struck Pedestrian","Tuesday","Day",1,2,"Not at intersection",2,999,"WHITTLESEA","METROPOLITAN NORTH WEST REGION",-37.66723979,145.077491,"Dry","Clear"
"T20190005706","26/3/19",08:27:00,"Collision with vehicle","Tuesday","Day",2,3,"Cross intersection",3,70,"CASEY","METROPOLITAN SOUTH EAST REGION",-38.09298926,145.2937733,"Wet","Raining"
"T20190005707","26/3/19",09:18:00,"Collision with vehicle","Tuesday","Day",2,2,"T intersection",3,70,"BENDIGO","NORTHERN REGION",-36.81868668,144.2382623,"Dry","Clear"
"T20190005708","26/3/19",09:02:00,"Collision with vehicle","Tuesday","Day",2,2,"Not at intersection",3,60,"YARRA RANGES","METROPOLITAN SOUTH EAST REGION",-37.72439032,145.38426,"Dry","Clear"
"T20190005709","26/3/19",08:30:00,"Collision with vehicle","Tuesday","Day",2,2,"Cross intersection",3,50,"SHEPPARTON","NORTH EASTERN REGION",-36.44243348,145.2252292,"Dry","Clear"
"T20190005712","22/3/19",14:58:00,"collision with some other object","Friday","Day",3,3,"Not at intersection",3,110,"MILDURA","WESTERN REGION",-34.27498377,141.13972,"Dry","Clear"
"T20190005713","26/3/19",08:15:00,"Collision with vehicle","Tuesday","Day",2,5,"Not at intersection",3,60,"DAREBIN","METROPOLITAN NORTH WEST REGION",-37.70050856,145.0195103,"Dry","Clear"
"T20190005716","26/3/19",08:15:00,"Collision with vehicle","Tuesday","Day",2,2,"T intersection",3,50,"MELBOURNE","METROPOLITAN NORTH WEST REGION",-37.77819558,144.9614726,"Dry","Not known"
"T20190005717","22/3/19",17:00:00,"Collision with a fixed object","Friday","Day",1,1,"Not at intersection",3,60,"MURRINDINDI","NORTH EASTERN REGION",-37.24764754,145.1705066,"Dry","Clear"
"T20190005719","26/3/19",06:30:00,"Collision with a fixed object","Tuesday","Dusk/Dawn",1,1,"Not at intersection",3,100,"GOLDEN PLAINS","SOUTH WESTERN REGION",-37.8357577,143.6069945,"Dry","Clear"
"T20190005720","26/3/19",10:56:00,"Collision with vehicle","Tuesday","Day",2,2,"Cross intersection",3,100,"MOIRA","NORTH EASTERN REGION",-35.94067732,145.6597773,"Dry","Clear"
"T20190005722","26/3/19",09:30:00,"Collision with vehicle","Tuesday","Day",3,4,"Cross intersection",3,80,"KNOX","METROPOLITAN SOUTH EAST REGION",-37.86981203,145.2376108,"Dry","Clear"
"T20190005725","26/3/19",11:30:00,"Vehicle overturned (no collision)","Tuesday","Day",2,2,"Cross intersection",3,60,"BASS COAST","EASTERN REGION",-38.51466072,145.3534643,"Wet","Not known"
"T20190005726","26/3/19",11:25:00,"Collision with vehicle","Tuesday","Day",2,4,"Cross intersection",3,70,"CAMPASPE","NORTHERN REGION",-36.13892295,144.7507884,"Dry","Clear"
"T20190005727","17/3/19",12:30:00,"No collision and no object struck","Sunday","Day",1,1,"Not at intersection",2,888,"MURRINDINDI","NORTH EASTERN REGION",-37.56532077,145.618732,"Unknown","Dust"
"T20190005728","26/3/19",08:48:00,"Collision with vehicle","Tuesday","Day",2,2,"T intersection",3,60,"MORELAND","METROPOLITAN NORTH WEST REGION",-37.73542903,144.9776983,"Dry","Clear"