"ACCIDENT_NO","ACCIDENTDATE","ACCIDENTTIME","Accident Type Desc","Day Week Description","Light Condition Desc","NO_OF_VEHICLES","NO_PERSONS","Road Geometry Desc","SEVERITY","SPEED_ZONE","LGA_NAME","REGION_NAME","Lat","Long","Surface Cond Desc","Atmosph Cond Desc"
"T20190005729","26/3/19",10:40:00,"Collision with vehicle","Tuesday","Day",2,4,"Cross intersection",2,60,"GEELONG","SOUTH WESTERN REGION",-38.1097684,144.334698,"Dry","Clear"
"T20190005732","26/3/19",13:40:00,"Collision with vehicle","Tuesday","Day",2,2,"Not at intersection",3,60,"WARRNAMBOOL","SOUTH WESTERN REGION",-38.38105237,142.4861683,"Dry","Clear"
"T20190005733","26/3/19",12:30:00,"Collision with vehicle","Tuesday","Day",2,2,"Not at intersection",3,60,"NORTHERN GRAMPIANS","WESTERN REGION",-37.05758432,142.774701,"Dry","Clear"
"T20190005737","25/3/19",17:08:00,"Collision with vehicle","Monday","Day",2,3,"Not at intersection",3,60,"KINGSTON","METROPOLITAN SOUTH EAST REGION",-37.92980345,145.1291593,"Dry","Clear"
"T20190005739","25/3/19",16:00:00,"Collision with vehicle","Monday","Day",2,3,"T intersection",3,60,"MONASH","METROPOLITAN SOUTH EAST REGION",-37.90960979,145.0861058,"Dry","Clear"
"T20190005742","23/3/19",22:22:00,"Vehicle overturned (no collision)","Saturday","Dark Street lights on",1,1,"T intersection",3,80,"SWAN HILL","NORTHERN REGION",-35.05224272,143.3264,"Dry","Clear"
"T20190005746","26/3/19",14:30:00,"Collision with vehicle","Tuesday","Day",2,2,"Not at intersection",3,70,"GLEN EIRA","METROPOLITAN SOUTH EAST REGION",-37.90660881,145.0626563,"Dry","Clear"
"T20190005747","15/3/19",06:35:00,"Collision with vehicle","Friday","Dusk/Dawn",2,2,"T intersection",3,999,"WYNDHAM","METROPOLITAN NORTH WEST REGION",-37.90802862,144.6445477,"Dry","Clear"
"T20190005749","24/3/19",15:50:00,"Vehicle overturned (no collision)","Sunday","Day",1,1,"Not at intersection",3,50,"MOUNT ALEXANDER","NORTHERN REGION",-37.08596905,144.1981779,"Dry","Clear"
"T20190005750","26/3/19",17:40:00,"Collision with vehicle","Tuesday","Day",3,3,"Not at intersection",3,60,"GEELONG","SOUTH WESTERN REGION",-38.14949042,144.3685198,"Dry","Clear"
"T20190005751","18/2/19",20:00:00,"Collision with a fixed object","Monday","Dusk/Dawn",1,1,"Cross intersection",2,60,"BENDIGO","NORTHERN REGION",-36.77294741,144.2629557,"Dry","Clear"
"T20190005752","26/3/19",18:35:00,"Collision with vehicle","Tuesday","Day",2,2,"Cross intersection",3,50,"MELBOURNE","METROPOLITAN NORTH WEST REGION",-37.79732073,144.9690247,"Dry","Clear"
"T20190005755","26/3/19",16:10:00,"Struck Pedestrian","Tuesday","Day",1,2,"Cross intersection",3,60,"SHEPPARTON","NORTH EASTERN REGION",-36.39688645,145.3958898,"Dry","Clear"
"T20190005756","26/3/19",16:45:00,"Collision with vehicle","Tuesday","Day",2,3,"Cross intersection",3,60,"WHITEHORSE","METROPOLITAN SOUTH EAST REGION",-37.82567726,145.1224009,"Dry","Clear"
"T20190005757","26/3/19",17:30:00,"Collision with vehicle","Tuesday","Day",2,2,"Not at intersection",3,100,"CASEY","METROPOLITAN SOUTH EAST REGION",-37.99665219,145.2695182,"Dry","Clear"
"T20190005758","25/3/19",14:45:00,"Collision with vehicle","Monday","Day",3,3,"Not at intersection",3,80,"HUME","METROPOLITAN NORTH WEST REGION",-37.64726757,144.9520913,"Dry","Clear"
"T20190005760","26/3/19",15:54:00,"Collision with vehicle","Tuesday","Day",3,5,"Not at intersection",2,100,"WHITTLESEA","METROPOLITAN NORTH WEST REGION",-37.63407033,144.9933327,"Dry","Clear"
"T20190005761","26/3/19",18:02:00,"Collision with vehicle","Tuesday","Day",2,2,"T intersection",2,80,"WYNDHAM","METROPOLITAN NORTH WEST REGION",-37.9202664,144.6352239,"Dry","Clear"
"T20190005763","26/3/19",21:15:00,"Struck Pedestrian","Tuesday","Dark Street lights on",1,2,"Not at intersection",3,60,"MELBOURNE","METROPOLITAN NORTH WEST REGION",-37.79198677,144.962511,"Dry","Not known"
"T20190005765","26/3/19",19:35:00,"Collision with vehicle","Tuesday","Dark Street lights on",2,2,"Cross intersection",2,80,"MONASH","METROPOLITAN SOUTH EAST REGION",-37.88240078,145.0903658,"Dry","Clear"
"T20190005768","26/3/19",21:50:00,"Collision with vehicle","Tuesday","Dark Street lights on",2,3,"T intersection",2,60,"GLEN EIRA","METROPOLITAN SOUTH EAST REGION",-37.90057811,145.0644773,"Dry","Clear"
"T20190005769","26/3/19",23:45:00,"Collision with vehicle","Tuesday","Dark Street lights on",2,2,"Cross intersection",3,70,"WYNDHAM","METROPOLITAN NORTH WEST REGION",-37.89734511,144.7280643,"Dry","Clear"
"T20190005771","27/3/19",05:50:00,"Collision with vehicle","Wednesday","Dark Street lights on",2,2,"T intersection",3,999,"HOBSONS BAY","METROPOLITAN NORTH WEST REGION",-37.84145921,144.8734932,"Dry","Clear"
"T20190005772","16/2/19",10:30:00,"Collision with vehicle","Saturday","Day",2,2,"Cross intersection",3,60,"PORT PHILLIP","METROPOLITAN NORTH WEST REGION",-37.87625404,144.9922389,"Dry","Clear"
"T20190005776","27/3/19",08:00:00,"Collision with vehicle","Wednesday","Day",2,2,"T intersection",3,70,"MAROONDAH","METROPOLITAN SOUTH EAST REGION",-37.80602631,145.2540686,"Dry","Clear"
"T20190005779","18/3/19",08:40:00,"Collision with vehicle","Monday","Day",3,4,"T intersection",3,70,"MORNINGTON PENINSULA","METROPOLITAN SOUTH EAST REGION",-38.36372482,144.7911989,"Dry","Clear"
"T20190005782","27/3/19",06:50:00,"Collision with vehicle","Wednesday","Dark Street lights unknown",2,2,"Cross intersection",2,80,"MITCHELL","NORTHERN REGION",-37.35064596,145.0213399,"Dry","Fog"
"T20190005784","27/3/19",06:10:00,"Collision with vehicle","Wednesday","Dusk/Dawn",2,2,"Not at intersection",3,60,"MELBOURNE","METROPOLITAN NORTH WEST REGION",-37.82420628,144.9850452,"Dry","Clear"
"T20190005785","27/3/19",12:43:00,"Collision with vehicle","Wednesday","Day",2,2,"Cross intersection",3,80,"GLEN EIRA","METROPOLITAN SOUTH EAST REGION",-37.93858105,145.079699,"Dry","Clear"
"T20190005786","17/3/19",15:20:00,"Struck Pedestrian","Sunday","Day",1,2,"Cross intersection",3,999,"GLEN EIRA","METROPOLITAN SOUTH EAST REGION",-37.8736694,144.9986345,"Dry","Clear"
"T20190005788","17/3/19",13:30:00,"Collision with a fixed object","Sunday","Day",1,1,"Not at intersection",3,80,"SOUTH GIPPSLAND","EASTERN REGION",-38.33334995,145.7264003,"Dry","Clear"
"T20190005791","27/3/19",11:26:00,"Collision with vehicle","Wednesday","Day",4,6,"T intersection",3,60,"BANYULE","METROPOLITAN NORTH WEST REGION",-37.72559728,145.0801757,"Dry","Clear"
"T20190005792","27/3/19",12:20:00,"Collision with vehicle","Wednesday","Day",2,2,"Not at intersection",2,100,"BULOKE","NORTHERN REGION",-36.16302976,143.3030202,"Dry","Clear"
"T20190005796","27/3/19",13:47:00,"Collision with vehicle","Wednesday","Day",2,2,"Not at intersection",3,999,"CASEY","METROPOLITAN SOUTH EAST REGION",-38.08039335,145.2508784,"Dry","Clear"
"T20190005799","26/3/19",07:15:00,"Struck Pedestrian","Tuesday","Dusk/Dawn",1,3,"Cross intersection",3,50,"GEELONG","SOUTH WESTERN REGION",-38.14764595,144.3662351,"Dry","Clear"
"T20190005800","27/3/19",14:25:00,"Collision with vehicle","Wednesday","Day",2,3,"Cross intersection",2,70,"BRIMBANK","METROPOLITAN NORTH WEST REGION",-37.69727105,144.781404,"Dry","Clear"
"T20190005801","27/3/19",16:18:00,"Collision with vehicle","Wednesday","Day",2,3,"Cross intersection",3,60,"MELBOURNE","METROPOLITAN NORTH WEST REGION",-37.80846596,144.9486933,"Dry","Clear"
"T20190005802","25/3/19",07:00:00,"Collision with vehicle","Monday","Dusk/Dawn",2,2,"T intersection",3,60,"KNOX","METROPOLITAN SOUTH EAST REGION",-37.84864701,145.2693397,"Dry","Clear"
"T20190005803","27/3/19",15:38:00,"Collision with vehicle","Wednesday","Day",2,2,"Cross intersection",3,60,"MONASH","METROPOLITAN SOUTH EAST REGION",-37.87009006,145.130062,"Dry","Clear"
"T20190005804","27/3/19",15:50:00,"Collision with vehicle","Wednesday","Day",2,3,"T intersection",3,50,"WHITTLESEA","METROPOLITAN NORTH WEST REGION",-37.6180239,145.0178317,"Dry","Clear"
"T20190005805","21/3/19",13:00:00,"Collision with vehicle","Thursday","Day",2,2,"Cross intersection",3,60,"YARRA","METROPOLITAN NORTH WEST REGION",-37.80543484,144.9967092,"Dry","Clear"
"T20190005807","27/3/19",17:00:00,"Collision with vehicle","Wednesday","Day",2,3,"T intersection",3,60,"MAROONDAH","METROPOLITAN SOUTH EAST REGION",-37.83587668,145.2273727,"Dry","Clear"
"T20190005808","27/3/19",17:10:00,"Collision with vehicle","Wednesday","Day",2,2,"T intersection",3,50,"HORSHAM","WESTERN REGION",-36.70663127,142.2014548,"Dry","Clear"
"T20190005810","28/2/19",19:55:00,"Collision with vehicle","Thursday","Dark Street lights unknown",2,2,"Not at intersection",3,50,"MELBOURNE","METROPOLITAN NORTH WEST REGION",-37.81091194,144.9880097,"Dry","Not known"
"T20190005812","27/3/19",16:05:00,"Collision with vehicle","Wednesday","Day",2,3,"Not at intersection",3,70,"HUME","METROPOLITAN NORTH WEST REGION",-37.68131017,144.9570984,"Dry","Clear"
"T20190005813","27/3/19",18:15:00,"Collision with vehicle","Wednesday","Day",2,2,"Cross intersection",2,50,"GEELONG","SOUTH WESTERN REGION",-38.1472299,144.3411065,"Dry","Clear"
"T20190005816","27/3/19",18:20:00,"Collision with vehicle","Wednesday","Day",2,2,"T intersection",3,40,"DAREBIN","METROPOLITAN NORTH WEST REGION",-37.75323268,145.0014948,"Dry","Clear"
"T20190005818","19/3/19",16:30:00,"Collision with vehicle","Tuesday","Dusk/Dawn",2,2,"Not at intersection",3,50,"MORELAND","METROPOLITAN NORTH WEST REGION",-37.75294905,144.9429802,"Dry","Clear"
"T20190005820","27/3/19",18:10:00,"Collision with vehicle","Wednesday","Day",3,3,"Not at intersection",3,60,"MILDURA","WESTERN REGION",-34.20301312,142.1527163,"Dry","Clear"
"T20190005821","27/3/19",20:30:00,"Collision with vehicle","Wednesday","Dark Street lights on",2,2,"Cross intersection",3,60,"WHITTLESEA","METROPOLITAN NORTH WEST REGION",-37.65207714,145.0961123,"Dry","Clear"
"T20190005822","27/3/19",19:00:00,"Collision with vehicle","Wednesday","Dusk/Dawn",2,1,"Not at intersection",3,50,"FRANKSTON","METROPOLITAN SOUTH EAST REGION",-38.12418154,145.1505597,"Dry","Clear"
"T20190005822","27/3/19",19:00:00,"Collision with vehicle","Wednesday","Dusk/Dawn",2,1,"Not at intersection",3,50,"FRANKSTON","METROPOLITAN SOUTH EAST REGION",-38.12418154,145.1505597,"Icy","Clear"
"T20190005824","27/3/19",22:20:00,"Collision with vehicle","Wednesday","Dark Street lights on",2,2,"T intersection",3,60,"MONASH","METROPOLITAN SOUTH EAST REGION",-37.88779229,145.1542725,"Dry","Clear"
"T20190005825","27/3/19",23:02:00,"Struck Pedestrian","Wednesday","Dark Street lights on",1,2,"T intersection",2,50,"BRIMBANK","METROPOLITAN NORTH WEST REGION",-37.80445684,144.7617955,"Dry","Smoke"
"T20190005827","27/3/19",18:50:00,"Collision with vehicle","Wednesday","Day",2,3,"Not at intersection",2,100,"HORSHAM","WESTERN REGION",-36.72152972,141.9511858,"Dry","Clear"
"T20190005834","28/3/19",06:15:00,"Collision with vehicle","Thursday","Dark Street lights on",2,2,"T intersection",3,80,"CASEY","METROPOLITAN SOUTH EAST REGION",-38.15991374,145.3185669,"Dry","Clear"
"T20190005835","23/3/19",17:00:00,"Collision with vehicle","Saturday","Day",2,2,"Not at intersection",3,40,"YARRA","METROPOLITAN NORTH WEST REGION",-37.81949033,144.9990131,"Dry","Clear"
"T20190005837","28/3/19",08:30:00,"Collision with vehicle","Thursday","Day",2,5,"Not at intersection",3,60,"LATROBE","EASTERN REGION",-38.18587701,146.281343,"Dry","Clear"
"T20190005839","28/3/19",05:42:00,"Collision with vehicle","Thursday","Dark Street lights on",2,2,"T intersection",1,60,"KINGSTON","METROPOLITAN SOUTH EAST REGION",-38.05171524,145.1156607,"Dry","Clear"
"T20190005842","28/3/19",09:55:00,"Struck Pedestrian","Thursday","Day",1,2,"Not at intersection",2,50,"KNOX","METROPOLITAN SOUTH EAST REGION",-37.85994933,145.28669,"Dry","Clear"
"T20190005843","19/3/19",08:27:00,"Collision with vehicle","Tuesday","Day",2,2,"T intersection",3,60,"GEELONG","SOUTH WESTERN REGION",-38.02485013,144.4151984,"Dry","Not known"
"T20190005844","28/3/19",07:10:00,"Collision with vehicle","Thursday","Day",2,3,"T intersection",2,60,"DANDENONG","METROPOLITAN SOUTH EAST REGION",-37.93875179,145.2061971,"Dry","Clear"
"T20190005846","26/3/19",17:30:00,"Collision with vehicle","Tuesday","Day",2,2,"T intersection",3,50,"CASEY","METROPOLITAN SOUTH EAST REGION",-38.03595741,145.3546731,"Dry","Clear"
"T20190005848","27/3/19",07:10:00,"Collision with vehicle","Wednesday","Day",2,2,"Cross intersection",3,60,"MELBOURNE","METROPOLITAN NORTH WEST REGION",-37.78745857,144.9213086,"Dry","Clear"
"T20190005853","28/3/19",11:45:00,"Struck Pedestrian","Thursday","Day",1,2,"Not at intersection",3,50,"DANDENONG","METROPOLITAN SOUTH EAST REGION",-37.97319934,145.2152901,"Dry","Clear"
"T20190005854","28/3/19",06:40:00,"Collision with vehicle","Thursday","Day",2,2,"Cross intersection",2,60,"GEELONG","SOUTH WESTERN REGION",-38.22166934,144.3563913,"Dry","Clear"
"T20190005855","28/3/19",11:37:00,"Struck Pedestrian","Thursday","Day",1,2,"Cross intersection",2,50,"PORT PHILLIP","METROPOLITAN SOUTH EAST REGION",-37.86374547,145.0098783,"Dry","Clear"
"T20190005857","28/3/19",08:45:00,"Struck Pedestrian","Thursday","Day",1,2,"T intersection",2,60,"MOONEE VALLEY","METROPOLITAN NORTH WEST REGION",-37.76261185,144.9256897,"Dry","Clear"
"T20190005860","28/3/19",12:20:00,"Collision with vehicle","Thursday","Day",2,2,"Cross intersection",3,30,"DANDENONG","METROPOLITAN SOUTH EAST REGION",-37.99078203,145.1447084,"Dry","Not known"
"T20190005861","28/3/19",13:35:00,"Struck Pedestrian","Thursday","Day",1,1,"Not at intersection",3,999,"KINGSTON","METROPOLITAN SOUTH EAST REGION",-37.9652197,145.0577707,"Dry","Clear"
"T20190005862","28/3/19",06:20:00,"Collision with vehicle","Thursday","Dark No street lights",2,3,"Cross intersection",3,80,"MILDURA","WESTERN REGION",-34.2198246,142.1104782,"Dry","Clear"
"T20190005864","22/3/19",11:55:00,"Collision with vehicle","Friday","Unknown",2,3,"Not at intersection",3,80,"BRIMBANK","METROPOLITAN NORTH WEST REGION",-37.74961154,144.8329007,"Unknown","Not known"
"T20190005866","28/3/19",09:13:00,"Collision with vehicle","Thursday","Day",2,2,"Cross intersection",3,40,"MELBOURNE","METROPOLITAN NORTH WEST REGION",-37.80913558,144.9691961,"Dry","Clear"
"T20190005867","28/3/19",14:20:00,"Collision with vehicle","Thursday","Day",2,2,"Cross intersection",3,80,"CASEY","METROPOLITAN SOUTH EAST REGION",-38.08327981,145.2831769,"Dry","Clear"
"T20190005869","26/3/19",16:00:00,"Collision with vehicle","Tuesday","Day",2,4,"Not at intersection",3,100,"CENTRAL GOLDFIELDS","WESTERN REGION",-37.04007014,143.6998699,"Dry","Clear"
"T20190005878","28/3/19",15:30:00,"Struck Pedestrian","Thursday","Day",1,2,"Cross intersection",2,60,"CAMPASPE","NORTHERN REGION",-36.31352594,145.0407411,"Dry","Clear"
"T20190005880","28/3/19",17:30:00,"Collision with vehicle","Thursday","Day",2,2,"Not at intersection",2,80,"GEELONG","SOUTH WESTERN REGION",-38.22577974,144.3365678,"Dry","Clear"
"T20190005881","28/3/19",14:14:00,"Collision with vehicle","Thursday","Day",2,2,"Cross intersection",3,70,"DANDENONG","METROPOLITAN SOUTH EAST REGION",-37.93672232,145.1552007,"Dry","Clear"
"T20190005884","28/3/19",18:10:00,"Collision with vehicle","Thursday","Day",3,3,"Cross intersection",3,60,"PORT PHILLIP","METROPOLITAN NORTH WEST REGION",-37.8305679,144.9456897,"Dry","Clear"
"T20190005885","28/3/19",17:30:00,"Collision with vehicle","Thursday","Day",5,6,"T intersection",3,60,"WHITEHORSE","METROPOLITAN SOUTH EAST REGION",-37.83656838,145.1882706,"Dry","Clear"
"T20190005887","28/3/19",17:20:00,"Collision with vehicle","Thursday","Day",2,5,"T intersection",3,80,"MONASH","METROPOLITAN SOUTH EAST REGION",-37.9212293,145.1810356,"Dry","Clear"
"T20190005888","27/3/19",08:15:00,"Collision with vehicle","Wednesday","Day",3,3,"Not at intersection",2,60,"HUME","METROPOLITAN NORTH WEST REGION",-37.64441704,144.8337976,"Dry","Clear"
"T20190005889","28/3/19",19:13:00,"Collision with a fixed object","Thursday","Dusk/Dawn",1,2,"Not at intersection",3,100,"CASEY","METROPOLITAN SOUTH EAST REGION",-38.1360976,145.3453305,"Dry","Clear"
"T20190005891","28/3/19",18:00:00,"Collision with vehicle","Thursday","Day",2,2,"Not at intersection",2,100,"MELTON","METROPOLITAN NORTH WEST REGION",-37.72585091,144.6552092,"Dry","Clear"
"T20190005894","28/3/19",14:20:00,"Collision with vehicle","Thursday","Day",2,3,"Cross intersection",3,60,"BAYSIDE","METROPOLITAN SOUTH EAST REGION",-37.91659032,145.0232337,"Dry","Clear"
"T20190005895","28/3/19",15:44:00,"Vehicle overturned (no collision)","Thursday","Day",1,2,"Not at intersection",2,80,"BALLARAT","SOUTH WESTERN REGION",-37.62590976,143.8320096,"Dry","Clear"
"T20190005897","26/3/19",13:50:00,"Collision with vehicle","Tuesday","Unknown",2,2,"Cross intersection",3,40,"MELBOURNE","METROPOLITAN NORTH WEST REGION",-37.81103836,144.9588938,"Unknown","Not known"
"T20190005898","28/3/19",17:50:00,"Collision with vehicle","Thursday","Day",2,2,"Cross intersection",2,60,"MELBOURNE","METROPOLITAN NORTH WEST REGION",-37.79255198,144.9584548,"Dry","Clear"
"T20190005900","28/3/19",19:55:00,"Collision with a fixed object","Thursday","Dark No street lights",1,1,"Not at intersection",1,100,"MOIRA","NORTH EASTERN REGION",-35.88462972,145.3551205,"Dry","Clear"
"T20190005901","28/3/19",20:24:00,"Collision with vehicle","Thursday","Dark No street lights",2,2,"Not at intersection",3,80,"HUME","METROPOLITAN NORTH WEST REGION",-37.62821207,144.8236596,"Dry","Clear"
"T20190005902","28/3/19",23:42:00,"Collision with vehicle","Thursday","Dark Street lights on",2,3,"Cross intersection",3,80,"WHITEHORSE","METROPOLITAN SOUTH EAST REGION",-37.8348539,145.1727094,"Dry","Clear"
"T20190005905","29/3/19",00:58:00,"Collision with vehicle","Friday","Dark Street lights on",2,3,"Cross intersection",3,60,"MELBOURNE","METROPOLITAN NORTH WEST REGION",-37.80530585,144.9373323,"Dry","Clear"
"T20190005906","27/3/19",00:13:00,"Collision with vehicle","Wednesday","Dark Street lights on",2,3,"T intersection",2,60,"MORELAND","METROPOLITAN NORTH WEST REGION",-37.7107152,144.9613786,"Dry","Not known"
"T20190005908","24/3/19",17:06:00,"Collision with a fixed object","Sunday","Dark No street lights",1,1,"Not at intersection",3,60,"HOBSONS BAY","METROPOLITAN NORTH WEST REGION",-37.86639006,144.7753099,"Dry","Clear"
"T20190005909","28/3/19",11:55:00,"Collision with vehicle","Thursday","Day",2,2,"Cross intersection",3,50,"PORT PHILLIP","METROPOLITAN NORTH WEST REGION",-37.83897823,144.9474858,"Dry","Clear"
"T20190005911","28/3/19",11:10:00,"collision with some other object","Thursday","Day",1,1,"Not at intersection",3,60,"YARRA RANGES","METROPOLITAN SOUTH EAST REGION",-37.64075778,145.5337073,"Dry","Clear"
"T20190005912","29/3/19",08:06:00,"Collision with vehicle","Friday","Day",2,2,"Cross intersection",3,60,"MOONEE VALLEY","METROPOLITAN NORTH WEST REGION",-37.73761255,144.9057887,"Dry","Clear"
"T20190005913","25/2/19",17:00:00,"Collision with vehicle","Monday","Day",2,2,"Not at intersection",2,999,"PORT PHILLIP","METROPOLITAN NORTH WEST REGION",-37.84161258,144.9395544,"Dry","Clear"
"T20190005916","29/3/19",08:16:00,"Struck Pedestrian","Friday","Day",1,3,"Not at intersection",3,100,"MONASH","METROPOLITAN SOUTH EAST REGION",-37.91114386,145.122157,"Dry","Clear"
"T20190005917","19/3/19",13:00:00,"Collision with vehicle","Tuesday","Unknown",2,2,"Not at intersection",3,999,"MONASH","METROPOLITAN SOUTH EAST REGION",-37.87224981,145.1487758,"Unknown","Not known"
"T20190005918","29/3/19",06:50:00,"Collision with vehicle","Friday","Dusk/Dawn",5,6,"Not at intersection",2,60,"CASEY","METROPOLITAN SOUTH EAST REGION",-38.0880088,145.3222503,"Dry","Clear"
"T20190005919","29/3/19",07:10:00,"Collision with a fixed object","Friday","Dusk/Dawn",1,1,"Not at intersection",3,100,"GOLDEN PLAINS","SOUTH WESTERN REGION",-37.91694123,144.0413108,"Dry","Clear"
"T20190005922","29/3/19",09:45:00,"Collision with vehicle","Friday","Day",2,2,"Cross intersection",3,60,"MELBOURNE","METROPOLITAN NORTH WEST REGION",-37.80030062,144.9439783,"Dry","Clear"
"T20190005923","29/3/19",09:36:00,"Collision with vehicle","Friday","Day",2,3,"T intersection",3,60,"PORT PHILLIP","METROPOLITAN NORTH WEST REGION",-37.88002034,144.9787328,"Dry","Clear"
"T20190005924","25/3/19",09:10:00,"Struck animal","Monday","Day",1,1,"Not at intersection",3,80,"GOLDEN PLAINS","SOUTH WESTERN REGION",-37.81124947,143.806989,"Dry","Clear"
"T20190005925","29/3/19",08:45:00,"Collision with vehicle","Friday","Day",2,5,"Cross intersection",3,80,"BAYSIDE","METROPOLITAN SOUTH EAST REGION",-37.92019186,145.0218171,"Dry","Clear"
"T20190005926","29/3/19",11:00:00,"Collision with vehicle","Friday","Day",2,2,"Cross intersection",3,100,"SHEPPARTON","NORTH EASTERN REGION",-36.4989498,145.3121323,"Dry","Clear"
"T20190005927","28/3/19",16:45:00,"Collision with vehicle","Thursday","Day",2,2,"Not at intersection",3,100,"MOYNE","SOUTH WESTERN REGION",-38.34006918,142.414911,"Dry","Clear"
"T20190005928","29/3/19",08:58:00,"Collision with vehicle","Friday","Day",2,2,"Not at intersection",2,100,"MONASH","METROPOLITAN SOUTH EAST REGION",-37.89266984,145.12778,"Dry","Not known"
"T20190005929","29/3/19",09:45:00,"Fall from or in moving vehicle","Friday","Day",1,1,"T intersection",2,60,"BRIMBANK","METROPOLITAN NORTH WEST REGION",-37.75279386,144.8330299,"Dry","Clear"
"T20190005930","29/3/19",11:15:00,"Vehicle overturned (no collision)","Friday","Day",1,1,"Not at intersection",3,100,"MOORABOOL","WESTERN REGION",-37.6420277,144.3652395,"Dry","Clear"
"T20190005932","28/3/19",18:35:00,"Collision with vehicle","Thursday","Day",2,2,"T intersection",3,60,"BALLARAT","WESTERN REGION",-37.53386686,143.8175667,"Dry","Clear"
"T20190005936","29/3/19",12:10:00,"Collision with vehicle","Friday","Day",2,2,"Cross intersection",3,50,"COLAC OTWAY","SOUTH WESTERN REGION",-38.34208669,143.5865637,"Dry","Clear"
"T20190005937","29/3/19",11:23:00,"Collision with vehicle","Friday","Day",2,2,"T intersection",2,60,"BAYSIDE","METROPOLITAN SOUTH EAST REGION",-37.94435101,145.0012551,"Dry","Clear"
"T20190005938","28/3/19",15:44:00,"Collision with vehicle","Thursday","Day",2,2,"T intersection",3,60,"MELBOURNE","METROPOLITAN NORTH WEST REGION",-37.80842871,144.9758371,"Dry","Clear"
"T20190005940","29/3/19",13:00:00,"Collision with vehicle","Friday","Day",4,3,"T intersection",2,60,"WHITEHORSE","METROPOLITAN SOUTH EAST REGION",-37.8316036,145.1462235,"Dry","Clear"
"T20190005943","27/3/19",18:00:00,"Collision with vehicle","Wednesday","Day",2,2,"T intersection",3,60,"HUME","METROPOLITAN NORTH WEST REGION",-37.6249909,144.923735,"Dry","Clear"
"T20190005947","11/3/19",07:24:00,"Collision with vehicle","Monday","Day",2,2,"Not at intersection",3,60,"HUME","METROPOLITAN NORTH WEST REGION",-37.68611478,144.9266771,"Dry","Clear"
"T20190005950","29/3/19",08:15:00,"Collision with vehicle","Friday","Day",2,2,"Not at intersection",2,100,"MOYNE","SOUTH WESTERN REGION",-38.33730682,142.713536,"Dry","Clear"
"T20190005953","29/3/19",15:30:00,"Collision with vehicle","Friday","Day",2,2,"Cross intersection",3,70,"GEELONG","SOUTH WESTERN REGION",-38.16039833,144.3501824,"Dry","Clear"
"T20190005954","29/3/19",14:05:00,"Collision with vehicle","Friday","Day",2,2,"Cross intersection",3,40,"YARRA","METROPOLITAN NORTH WEST REGION",-37.79407828,144.9851117,"Dry","Clear"
"T20190005955","29/3/19",15:57:00,"Collision with vehicle","Friday","Day",2,3,"Not at intersection",3,60,"MELTON","METROPOLITAN NORTH WEST REGION",-37.68508017,144.5680314,"Dry","Clear"
"T20190005956","22/3/19",16:30:00,"Collision with vehicle","Friday","Day",2,4,"Cross intersection",2,60,"CASEY","METROPOLITAN SOUTH EAST REGION",-38.11303495,145.2827853,"Dry","Clear"
"T20190005957","28/3/19",07:10:00,"Collision with a fixed object","Thursday","Day",2,2,"Not at intersection",2,50,"MELBOURNE","METROPOLITAN NORTH WEST REGION",-37.78812052,144.9291299,"Dry","Clear"
"T20190005959","27/3/19",12:00:00,"Collision with vehicle","Wednesday","Day",3,1,"Not at intersection",2,60,"CASEY","METROPOLITAN SOUTH EAST REGION",-38.10771014,145.23675,"Dry","Clear"
"T20190005960","29/3/19",15:24:00,"Collision with vehicle","Friday","Day",2,2,"Not at intersection",3,40,"PORT PHILLIP","METROPOLITAN NORTH WEST REGION",-37.8381405,144.9427509,"Dry","Clear"
"T20190005961","29/3/19",14:29:00,"Collision with a fixed object","Friday","Day",1,1,"Not at intersection",3,100,"TOWONG","NORTH EASTERN REGION",-36.04957125,147.3479892,"Wet","Raining"
"T20190005961","29/3/19",14:29:00,"Collision with a fixed object","Friday","Day",1,1,"Not at intersection",3,100,"TOWONG","NORTH EASTERN REGION",-36.04957125,147.3479892,"Wet","Strong winds"
"T20190005964","29/3/19",15:30:00,"Struck Pedestrian","Friday","Day",1,2,"Cross intersection",2,40,"COLAC OTWAY","SOUTH WESTERN REGION",-38.3454785,143.5918794,"Wet","Raining"
"T20190005965","29/3/19",16:46:00,"Collision with vehicle","Friday","Day",3,3,"Not at intersection",3,80,"CASEY","METROPOLITAN SOUTH EAST REGION",-38.04344592,145.2528707,"Dry","Clear"
"T20190005966","29/3/19",16:07:00,"Collision with vehicle","Friday","Day",2,3,"Not at intersection",2,60,"HUME","METROPOLITAN NORTH WEST REGION",-37.57730528,144.7275662,"Dry","Clear"
"T20190005967","29/3/19",15:20:00,"Collision with vehicle","Friday","Day",4,1,"Not at intersection",2,50,"GEELONG","SOUTH WESTERN REGION",-38.14236551,144.3559929,"Dry","Clear"
"T20190005968","29/3/19",16:45:00,"Collision with vehicle","Friday","Day",2,2,"T intersection",3,50,"WYNDHAM","METROPOLITAN NORTH WEST REGION",-37.86204263,144.711427,"Dry","Clear"
"T20190005970","29/3/19",19:55:00,"Collision with vehicle","Friday","Dark Street lights on",2,2,"T intersection",3,60,"KINGSTON","METROPOLITAN SOUTH EAST REGION",-37.92774866,145.1124832,"Dry","Clear"