"ACCIDENT_NO","ACCIDENTDATE","ACCIDENTTIME","Accident Type Desc","Day Week Description","Light Condition Desc","NO_OF_VEHICLES","NO_PERSONS","Road Geometry Desc","SEVERITY","SPEED_ZONE","LGA_NAME","REGION_NAME","Lat","Long","Surface Cond Desc","Atmosph Cond Desc"
"T20190005971","29/3/19",07:30:00,"Collision with vehicle","Friday","Dusk/Dawn",2,2,"Not at intersection",3,60,"MARIBYRNONG","METROPOLITAN NORTH WEST REGION",-37.79715051,144.9039045,"Dry","Clear"
"T20190005974","29/3/19",19:55:00,"Collision with vehicle","Friday","Dark No street lights",2,2,"Not at intersection",3,60,"MORNINGTON PENINSULA","METROPOLITAN SOUTH EAST REGION",-38.3519098,144.9491339,"Wet","Raining"
"T20190005974","29/3/19",19:55:00,"Collision with vehicle","Friday","Dark No street lights",2,2,"Not at intersection",3,60,"MORNINGTON PENINSULA","METROPOLITAN SOUTH EAST REGION",-38.3519098,144.9491339,"Wet","Strong winds"
"T20190005975","29/3/19",21:55:00,"Vehicle overturned (no collision)","Friday","Dark Street lights on",1,1,"Not at intersection",3,60,"STONNINGTON","METROPOLITAN SOUTH EAST REGION",-37.83274289,145.0046425,"Wet","Raining"
"T20190005976","29/3/19",15:10:00,"Collision with vehicle","Friday","Day",2,2,"Not at intersection",3,60,"GLEN EIRA","METROPOLITAN SOUTH EAST REGION",-37.88682821,145.0213904,"Dry","Clear"
"T20190005977","29/3/19",21:45:00,"Collision with vehicle","Friday","Dark Street lights on",2,3,"T intersection",2,80,"MAROONDAH","METROPOLITAN SOUTH EAST REGION",-37.78668723,145.2753538,"Wet","Raining"
"T20190005978","29/3/19",19:49:00,"Collision with vehicle","Friday","Dark Street lights on",2,2,"Not at intersection",3,60,"MONASH","METROPOLITAN SOUTH EAST REGION",-37.90953649,145.0854888,"Dry","Strong winds"
"T20190005979","29/3/19",22:30:00,"Collision with a fixed object","Friday","Dark No street lights",1,1,"Not at intersection",3,60,"YARRA RANGES","METROPOLITAN SOUTH EAST REGION",-37.88353133,145.4292656,"Wet","Raining"
"T20190005979","29/3/19",22:30:00,"Collision with a fixed object","Friday","Dark No street lights",1,1,"Not at intersection",3,60,"YARRA RANGES","METROPOLITAN SOUTH EAST REGION",-37.88353133,145.4292656,"Wet","Strong winds"
"T20190005980","29/3/19",07:45:00,"Struck Pedestrian","Friday","Day",1,2,"T intersection",2,50,"CORANGAMITE","SOUTH WESTERN REGION",-38.23213332,143.1467473,"Dry","Clear"
"T20190005982","30/3/19",00:34:00,"Collision with a fixed object","Saturday","Dark Street lights on",1,2,"Not at intersection",2,40,"KINGSTON","METROPOLITAN SOUTH EAST REGION",-37.94100983,145.03952,"Dry","Clear"
"T20190005984","30/3/19",00:33:00,"No collision and no object struck","Saturday","Dark Street lights on",1,2,"T intersection",2,60,"DAREBIN","METROPOLITAN NORTH WEST REGION",-37.72073717,145.0211495,"Dry","Clear"
"T20190005985","30/3/19",02:15:00,"Collision with a fixed object","Saturday","Dark No street lights",1,3,"Not at intersection",3,60,"MORNINGTON PENINSULA","METROPOLITAN SOUTH EAST REGION",-38.35386934,144.9476784,"Dry","Clear"
"T20190005993","30/3/19",09:10:00,"Collision with vehicle","Saturday","Day",2,2,"T intersection",3,80,"CARDINIA","METROPOLITAN SOUTH EAST REGION",-38.07081056,145.492859,"Wet","Raining"
"T20190005998","29/3/19",20:49:00,"Collision with vehicle","Friday","Dark Street lights on",2,4,"Cross intersection",3,60,"KNOX","METROPOLITAN SOUTH EAST REGION",-37.90049245,145.2945816,"Wet","Raining"
"T20190005998","29/3/19",20:49:00,"Collision with vehicle","Friday","Dark Street lights on",2,4,"Cross intersection",3,60,"KNOX","METROPOLITAN SOUTH EAST REGION",-37.90049245,145.2945816,"Wet","Strong winds"
"T20190006000","30/3/19",09:47:00,"Struck Pedestrian","Saturday","Day",1,3,"Not at intersection",3,40,"PORT PHILLIP","METROPOLITAN NORTH WEST REGION",-37.83763988,144.9361501,"Wet","Raining"
"T20190006009","30/3/19",13:10:00,"Struck Pedestrian","Saturday","Day",1,2,"Not at intersection",2,60,"LATROBE","EASTERN REGION",-38.19433531,146.5411446,"Wet","Raining"
"T20190006012","14/3/19",09:15:00,"Collision with vehicle","Thursday","Day",2,2,"T intersection",3,60,"DAREBIN","METROPOLITAN NORTH WEST REGION",-37.78357535,145.0161896,"Dry","Clear"
"T20190006014","30/3/19",18:00:00,"Collision with vehicle","Saturday","Day",2,2,"Cross intersection",3,60,"GLEN EIRA","METROPOLITAN SOUTH EAST REGION",-37.90210914,145.0259989,"Wet","Raining"
"T20190006014","30/3/19",18:00:00,"Collision with vehicle","Saturday","Day",2,2,"Cross intersection",3,60,"GLEN EIRA","METROPOLITAN SOUTH EAST REGION",-37.90210914,145.0259989,"Wet","Strong winds"
"T20190006015","30/3/19",20:00:00,"Collision with vehicle","Saturday","Dark Street lights unknown",2,2,"Cross intersection",3,999,"HOBSONS BAY","METROPOLITAN NORTH WEST REGION",-37.88264027,144.7568323,"Unknown","Not known"
"T20190006016","30/3/19",14:19:00,"Collision with vehicle","Saturday","Day",7,13,"Not at intersection",2,100,"MONASH","METROPOLITAN SOUTH EAST REGION",-37.88605648,145.103417,"Wet","Raining"
"T20190006017","30/3/19",17:42:00,"Collision with vehicle","Saturday","Day",2,3,"Not at intersection",3,80,"YARRA RANGES","METROPOLITAN SOUTH EAST REGION",-37.80634146,145.4032056,"Wet","Raining"
"T20190006019","30/3/19",14:00:00,"Fall from or in moving vehicle","Saturday","Day",1,1,"T intersection",3,100,"ALPINE","NORTH EASTERN REGION",-36.45678378,146.9980837,"Wet","Raining"
"T20190006021","26/3/19",06:10:00,"Collision with a fixed object","Tuesday","Unknown",1,1,"Not at intersection",3,999,"CASEY","METROPOLITAN SOUTH EAST REGION",-37.98833019,145.2958515,"Unknown","Clear"
"T20190006028","30/3/19",18:58:00,"Collision with vehicle","Saturday","Day",2,4,"Cross intersection",3,50,"ALPINE","NORTH EASTERN REGION",-36.56085284,146.7239676,"Dry","Clear"
"T20190006032","30/3/19",22:45:00,"No collision and no object struck","Saturday","Dark Street lights on",2,2,"Cross intersection",2,60,"BOROONDARA","METROPOLITAN SOUTH EAST REGION",-37.83325998,145.0333998,"Wet","Raining"
"T20190006033","31/3/19",00:30:00,"Struck Pedestrian","Sunday","Dark Street lights on",1,2,"Not at intersection",3,60,"SHEPPARTON","NORTH EASTERN REGION",-36.37206969,145.4011762,"Dry","Clear"
"T20190006037","30/3/19",23:12:00,"Fall from or in moving vehicle","Saturday","Dark Street lights on",1,1,"Not at intersection",3,40,"MORELAND","METROPOLITAN NORTH WEST REGION",-37.77312972,144.9714271,"Wet","Raining"
"T20190006038","31/3/19",01:03:00,"Collision with vehicle","Sunday","Dark Street lights on",2,2,"Not at intersection",2,60,"MANNINGHAM","METROPOLITAN SOUTH EAST REGION",-37.76587073,145.2303144,"Wet","Raining"
"T20190006039","30/3/19",23:30:00,"Fall from or in moving vehicle","Saturday","Dark Street lights on",1,2,"Not at intersection",2,50,"WODONGA","NORTH EASTERN REGION",-36.12208958,146.8379242,"Dry","Clear"
"T20190006041","31/3/19",03:15:00,"Struck Pedestrian","Sunday","Dark Street lights on",1,2,"Cross intersection",2,40,"STONNINGTON","METROPOLITAN SOUTH EAST REGION",-37.84686377,144.9941315,"Dry","Clear"
"T20190006042","31/3/19",00:10:00,"Collision with a fixed object","Sunday","Dark No street lights",1,3,"Not at intersection",3,80,"MORNINGTON PENINSULA","METROPOLITAN SOUTH EAST REGION",-38.19537662,145.1609366,"Wet","Raining"
"T20190006046","31/3/19",03:51:00,"Struck Pedestrian","Sunday","Dark Street lights on",1,2,"Not at intersection",2,60,"BALLARAT","WESTERN REGION",-37.56005643,143.8606228,"Dry","Clear"
"T20190006047","31/3/19",02:59:00,"Collision with a fixed object","Sunday","Dark Street lights on",1,1,"Not at intersection",2,80,"HOBSONS BAY","METROPOLITAN NORTH WEST REGION",-37.82543318,144.8863589,"Dry","Not known"
"T20190006048","31/3/19",01:00:00,"Collision with vehicle","Sunday","Dark Street lights on",2,6,"Cross intersection",2,60,"CASEY","METROPOLITAN SOUTH EAST REGION",-38.05043401,145.2576064,"Wet","Raining"
"T20190006049","31/3/19",02:40:00,"Collision with a fixed object","Sunday","Dark Street lights unknown",1,1,"Not at intersection",2,60,"WHITTLESEA","METROPOLITAN NORTH WEST REGION",-37.6261404,145.0282638,"Wet","Raining"
"T20190006050","31/3/19",05:10:00,"Collision with a fixed object","Sunday","Dark Street lights on",2,3,"T intersection",3,60,"WHITEHORSE","METROPOLITAN SOUTH EAST REGION",-37.83608874,145.1204939,"Wet","Clear"
"T20190006052","29/3/19",19:49:00,"Collision with vehicle","Friday","Dark Street lights on",2,2,"T intersection",3,60,"KNOX","METROPOLITAN SOUTH EAST REGION",-37.84527819,145.2699662,"Wet","Clear"
"T20190006055","20/3/19",18:30:00,"Collision with vehicle","Wednesday","Dusk/Dawn",2,2,"Cross intersection",3,999,"DAREBIN","METROPOLITAN NORTH WEST REGION",-37.7170891,145.0430876,"Unknown","Not known"
"T20190006056","29/3/19",15:10:00,"Collision with vehicle","Friday","Unknown",2,2,"Not at intersection",3,80,"KNOX","METROPOLITAN SOUTH EAST REGION",-37.92788448,145.2319791,"Dry","Not known"
"T20190006057","31/3/19",11:00:00,"Collision with a fixed object","Sunday","Day",1,2,"Not at intersection",2,60,"YARRA RANGES","METROPOLITAN SOUTH EAST REGION",-37.92493185,145.3588662,"Wet","Raining"
"T20190006057","31/3/19",11:00:00,"Collision with a fixed object","Sunday","Day",1,2,"Not at intersection",2,60,"YARRA RANGES","METROPOLITAN SOUTH EAST REGION",-37.92493185,145.3588662,"Wet","Fog"
"T20190006058","31/3/19",10:45:00,"Vehicle overturned (no collision)","Sunday","Day",1,1,"Not at intersection",3,100,"EAST GIPPSLAND","EASTERN REGION",-37.49556515,149.6655222,"Dry","Clear"
"T20190006060","28/3/19",13:50:00,"Collision with vehicle","Thursday","Day",2,2,"T intersection",3,80,"KNOX","METROPOLITAN SOUTH EAST REGION",-37.88588641,145.2328944,"Dry","Clear"
"T20190006063","31/3/19",11:30:00,"Collision with vehicle","Sunday","Day",2,2,"Cross intersection",2,60,"SURF COAST","SOUTH WESTERN REGION",-38.23528887,144.0034277,"Dry","Clear"
"T20190006066","31/3/19",13:50:00,"Collision with a fixed object","Sunday","Day",2,4,"Cross intersection",3,60,"HUME","METROPOLITAN NORTH WEST REGION",-37.66375137,144.9221732,"Wet","Raining"
"T20190006067","29/3/19",18:10:00,"Collision with vehicle","Friday","Dark Street lights unknown",2,2,"Cross intersection",3,999,"WYNDHAM","METROPOLITAN NORTH WEST REGION",-37.89465463,144.7444504,"Unknown","Not known"
"T20190006072","31/3/19",13:00:00,"Struck animal","Sunday","Day",1,1,"Not at intersection",2,100,"PYRENEES","WESTERN REGION",-37.26973004,143.3011918,"Dry","Clear"
"T20190006073","31/3/19",14:40:00,"No collision and no object struck","Sunday","Day",1,1,"T intersection",2,60,"BOROONDARA","METROPOLITAN SOUTH EAST REGION",-37.79988959,145.0493478,"Dry","Clear"
"T20190006077","29/3/19",11:40:00,"collision with some other object","Friday","Day",1,1,"Not at intersection",2,100,"EAST GIPPSLAND","EASTERN REGION",-36.95856253,147.4803693,"Dry","Clear"
"T20190006078","31/3/19",17:57:00,"Collision with a fixed object","Sunday","Day",1,2,"Not at intersection",3,80,"WHITTLESEA","METROPOLITAN NORTH WEST REGION",-37.48558429,145.1884087,"Wet","Clear"
"T20190006079","30/3/19",06:30:00,"Collision with a fixed object","Saturday","Dark No street lights",2,2,"Not at intersection",2,100,"MOIRA","NORTH EASTERN REGION",-36.22111,146.131348,"Dry","Clear"
"T20190006082","31/3/19",16:27:00,"Collision with a fixed object","Sunday","Day",1,1,"Not at intersection",3,40,"BALLARAT","WESTERN REGION",-37.59581005,143.8430256,"Dry","Clear"
"T20190006083","31/3/19",13:35:00,"Collision with vehicle","Sunday","Day",2,2,"Cross intersection",3,40,"YARRA","METROPOLITAN NORTH WEST REGION",-37.80183086,144.9801498,"Dry","Clear"
"T20190006085","31/3/19",21:00:00,"Collision with vehicle","Sunday","Dark Street lights on",3,3,"Not at intersection",3,50,"DAREBIN","METROPOLITAN NORTH WEST REGION",-37.74803984,145.0117784,"Dry","Clear"
"T20190006086","25/3/19",15:29:00,"Collision with vehicle","Monday","Day",4,4,"Not at intersection",3,80,"YARRA","METROPOLITAN NORTH WEST REGION",-37.82938952,144.9883308,"Dry","Clear"
"T20190006086","25/3/19",15:29:00,"Collision with vehicle","Monday","Day",4,4,"Not at intersection",3,80,"YARRA","METROPOLITAN NORTH WEST REGION",-37.82938952,144.9883308,"Dry","Strong winds"
"T20190006096","1/4/19",02:00:00,"Collision with a fixed object","Monday","Dark Street lights on",1,1,"Not at intersection",2,50,"CASEY","METROPOLITAN SOUTH EAST REGION",-38.07186188,145.314461,"Dry","Clear"
"T20190006097","1/4/19",06:50:00,"Collision with vehicle","Monday","Dusk/Dawn",2,3,"Cross intersection",3,50,"MELBOURNE","METROPOLITAN NORTH WEST REGION",-37.80370789,144.9555246,"Dry","Clear"
"T20190006098","27/3/19",15:20:00,"Struck Pedestrian","Wednesday","Day",1,2,"Cross intersection",3,60,"WYNDHAM","METROPOLITAN NORTH WEST REGION",-37.87579645,144.6643851,"Dry","Clear"
"T20190006100","1/4/19",05:07:00,"Struck Pedestrian","Monday","Dark No street lights",1,2,"Not at intersection",1,80,"CASEY","METROPOLITAN SOUTH EAST REGION",-38.15327977,145.3167513,"Dry","Clear"
"T20190006101","1/4/19",08:10:00,"Collision with vehicle","Monday","Day",4,4,"Not at intersection",3,80,"NILLUMBIK","METROPOLITAN NORTH WEST REGION",-37.69026165,145.0867892,"Dry","Clear"
"T20190006103","1/4/19",06:50:00,"Struck animal","Monday","Dark Street lights unknown",1,1,"Not at intersection",2,60,"BASS COAST","EASTERN REGION",-38.5149353,145.3470384,"Dry","Clear"
"T20190006105","1/4/19",08:50:00,"Collision with vehicle","Monday","Day",3,4,"Not at intersection",3,40,"WODONGA","NORTH EASTERN REGION",-36.12250774,146.8734805,"Dry","Clear"
"T20190006107","29/3/19",15:47:00,"Struck Pedestrian","Friday","Day",1,2,"Not at intersection",3,40,"DAREBIN","METROPOLITAN NORTH WEST REGION",-37.770079,145.0051702,"Dry","Clear"
"T20190006108","29/3/19",08:53:00,"Collision with vehicle","Friday","Day",2,2,"T intersection",3,50,"MELBOURNE","METROPOLITAN NORTH WEST REGION",-37.8117899,144.974833,"Dry","Clear"
"T20190006109","1/4/19",09:00:00,"Collision with vehicle","Monday","Day",2,3,"T intersection",3,60,"KNOX","METROPOLITAN SOUTH EAST REGION",-37.86126177,145.3084729,"Dry","Clear"
"T20190006111","1/4/19",08:15:00,"Collision with vehicle","Monday","Day",2,3,"Cross intersection",3,50,"SHEPPARTON","NORTH EASTERN REGION",-36.39531265,145.3557817,"Dry","Clear"
"T20190006112","1/4/19",11:15:00,"Collision with vehicle","Monday","Day",2,2,"Cross intersection",3,50,"SHEPPARTON","NORTH EASTERN REGION",-36.38108673,145.3993076,"Dry","Clear"
"T20190006114","1/4/19",07:20:00,"Collision with vehicle","Monday","Day",2,2,"Not at intersection",2,80,"MONASH","METROPOLITAN SOUTH EAST REGION",-37.87622296,145.1827494,"Dry","Not known"
"T20190006116","1/4/19",11:30:00,"No collision and no object struck","Monday","Day",1,2,"Not at intersection",3,100,"CORANGAMITE","SOUTH WESTERN REGION",-38.59548992,143.2030726,"Dry","Clear"
"T20190006118","1/4/19",11:00:00,"Collision with vehicle","Monday","Day",3,3,"Not at intersection",2,110,"MELTON","METROPOLITAN NORTH WEST REGION",-37.69612163,144.6108592,"Dry","Clear"
"T20190006120","27/3/19",12:00:00,"Fall from or in moving vehicle","Wednesday","Day",1,1,"Not at intersection",3,999,"TOWONG","NORTH EASTERN REGION",-36.56683004,147.37723,"Dry","Clear"
"T20190006121","1/4/19",10:00:00,"Collision with vehicle","Monday","Day",2,2,"Cross intersection",3,60,"GEELONG","SOUTH WESTERN REGION",-38.15260229,144.334124,"Dry","Clear"
"T20190006124","1/4/19",15:03:00,"No collision and no object struck","Monday","Day",1,7,"Not at intersection",2,60,"WODONGA","NORTH EASTERN REGION",-36.11311441,146.8560502,"Dry","Clear"
"T20190006125","1/4/19",10:43:00,"Collision with vehicle","Monday","Day",2,2,"T intersection",2,80,"LATROBE","EASTERN REGION",-38.23599904,146.4266282,"Dry","Clear"
"T20190006127","10/3/19",18:00:00,"Collision with vehicle","Sunday","Unknown",2,2,"Multiple intersection",3,999,"MELTON","METROPOLITAN NORTH WEST REGION",-37.73037314,144.749622,"Dry","Not known"
"T20190006128","20/3/19",13:45:00,"Fall from or in moving vehicle","Wednesday","Day",1,1,"Cross intersection",3,70,"YARRA","METROPOLITAN NORTH WEST REGION",-37.80961145,144.9913709,"Unknown","Clear"
"T20190006130","1/4/19",15:20:00,"collision with some other object","Monday","Day",1,1,"Not at intersection",3,60,"MELTON","METROPOLITAN NORTH WEST REGION",-37.71995362,144.7207999,"Dry","Clear"
"T20190006132","1/4/19",14:17:00,"Collision with vehicle","Monday","Day",2,4,"Cross intersection",2,80,"FRANKSTON","METROPOLITAN SOUTH EAST REGION",-38.08594059,145.1833866,"Dry","Clear"
"T20190006134","1/4/19",17:29:00,"Collision with vehicle","Monday","Day",2,2,"T intersection",3,60,"MELTON","METROPOLITAN NORTH WEST REGION",-37.72746325,144.6521333,"Dry","Clear"
"T20190006136","1/4/19",18:55:00,"Collision with vehicle","Monday","Dusk/Dawn",3,5,"Not at intersection",3,60,"BRIMBANK","METROPOLITAN NORTH WEST REGION",-37.73033716,144.7815597,"Dry","Clear"
"T20190006138","1/4/19",18:23:00,"Collision with vehicle","Monday","Dusk/Dawn",2,3,"Cross intersection",2,80,"KINGSTON","METROPOLITAN SOUTH EAST REGION",-37.95902507,145.0530637,"Dry","Clear"
"T20190006139","1/4/19",19:15:00,"Collision with vehicle","Monday","Dusk/Dawn",2,2,"Cross intersection",3,50,"YARRA","METROPOLITAN NORTH WEST REGION",-37.78593018,144.9891569,"Dry","Clear"
"T20190006140","1/4/19",16:30:00,"Struck Pedestrian","Monday","Day",1,3,"Not at intersection",2,60,"INDIGO","NORTH EASTERN REGION",-36.15126967,146.6073,"Dry","Clear"
"T20190006141","17/3/19",11:40:00,"Collision with vehicle","Sunday","Unknown",2,2,"Cross intersection",3,80,"GLEN EIRA","METROPOLITAN SOUTH EAST REGION",-37.88474082,145.067442,"Unknown","Not known"
"T20190006142","1/4/19",17:04:00,"Collision with vehicle","Monday","Day",2,2,"Not at intersection",3,60,"MELTON","METROPOLITAN NORTH WEST REGION",-37.70278589,144.5733108,"Dry","Clear"
"T20190006143","7/3/19",22:55:00,"Collision with vehicle","Thursday","Dark Street lights on",2,2,"Cross intersection",2,60,"STONNINGTON","METROPOLITAN SOUTH EAST REGION",-37.85938916,145.0513248,"Dry","Clear"
"T20190006144","18/3/19",08:40:00,"Collision with vehicle","Monday","Day",2,2,"Not at intersection",3,999,"MELBOURNE","METROPOLITAN NORTH WEST REGION",-37.7799502,144.9628353,"Unknown","Not known"
"T20190006145","1/4/19",16:20:00,"Collision with vehicle","Monday","Day",2,2,"T intersection",2,50,"WHITTLESEA","METROPOLITAN NORTH WEST REGION",-37.61189706,145.0883658,"Dry","Clear"
"T20190006146","1/4/19",18:09:00,"Vehicle overturned (no collision)","Monday","Day",1,1,"Not at intersection",3,60,"YARRA RANGES","METROPOLITAN SOUTH EAST REGION",-37.86191303,145.414581,"Dry","Clear"
"T20190006149","1/4/19",20:00:00,"Collision with vehicle","Monday","Dark Street lights on",2,4,"Not at intersection",3,60,"MELBOURNE","METROPOLITAN NORTH WEST REGION",-37.7973516,144.950282,"Dry","Clear"
"T20190006150","1/4/19",19:55:00,"Collision with vehicle","Monday","Dark Street lights on",2,2,"T intersection",2,60,"BAYSIDE","METROPOLITAN SOUTH EAST REGION",-37.93447934,145.0154445,"Dry","Clear"
"T20190006151","1/4/19",16:00:00,"Struck Pedestrian","Monday","Day",1,2,"Not at intersection",3,60,"MORELAND","METROPOLITAN NORTH WEST REGION",-37.70763769,144.9704604,"Dry","Clear"
"T20190006152","1/4/19",19:40:00,"Collision with vehicle","Monday","Dark Street lights on",2,4,"Cross intersection",3,80,"MELBOURNE","METROPOLITAN NORTH WEST REGION",-37.80030062,144.9439783,"Dry","Clear"
"T20190006153","1/4/19",21:20:00,"Collision with vehicle","Monday","Dark No street lights",2,3,"Cross intersection",3,70,"WYNDHAM","METROPOLITAN NORTH WEST REGION",-37.8608752,144.6670219,"Dry","Clear"
"T20190006154","1/4/19",20:05:00,"Struck Pedestrian","Monday","Dark Street lights on",1,2,"Cross intersection",2,40,"CENTRAL GOLDFIELDS","WESTERN REGION",-37.04583792,143.7390718,"Dry","Clear"
"T20190006155","1/4/19",20:40:00,"Collision with vehicle","Monday","Dark Street lights on",2,2,"T intersection",2,70,"GLEN EIRA","METROPOLITAN SOUTH EAST REGION",-37.93511566,145.0523468,"Dry","Clear"
"T20190006157","1/4/19",20:48:00,"Collision with a fixed object","Monday","Dark No street lights",1,1,"Not at intersection",2,100,"BENDIGO","NORTHERN REGION",-36.91586997,144.3342301,"Dry","Clear"
"T20190006161","1/4/19",23:00:00,"Collision with a fixed object","Monday","Dark No street lights",1,4,"Not at intersection",2,100,"CENTRAL GOLDFIELDS","WESTERN REGION",-37.05633453,143.8549929,"Dry","Not known"
"T20190006164","28/3/19",07:23:00,"Collision with vehicle","Thursday","Day",2,2,"Cross intersection",3,60,"BANYULE","METROPOLITAN NORTH WEST REGION",-37.70368208,145.09454,"Dry","Clear"
"T20190006165","1/4/19",10:00:00,"Collision with vehicle","Monday","Day",2,1,"Not at intersection",3,50,"MORNINGTON PENINSULA","METROPOLITAN SOUTH EAST REGION",-38.37402968,144.8274171,"Dry","Clear"
"T20190006166","2/4/19",06:15:00,"Fall from or in moving vehicle","Tuesday","Dark Street lights on",1,1,"Cross intersection",3,60,"BENDIGO","NORTHERN REGION",-36.74356635,144.274233,"Dry","Clear"
"T20190006170","1/4/19",15:30:00,"Collision with vehicle","Monday","Day",3,5,"Not at intersection",3,80,"CASEY","METROPOLITAN SOUTH EAST REGION",-38.09756026,145.2831357,"Dry","Clear"
"T20190006171","2/4/19",06:05:00,"Collision with vehicle","Tuesday","Dark Street lights on",2,2,"T intersection",3,60,"CARDINIA","METROPOLITAN SOUTH EAST REGION",-38.08495551,145.6236,"Dry","Clear"
"T20190006173","1/4/19",18:50:00,"Struck Pedestrian","Monday","Day",1,2,"Not at intersection",3,60,"MORELAND","METROPOLITAN NORTH WEST REGION",-37.74124329,144.9656695,"Dry","Clear"
"T20190006174","2/4/19",07:20:00,"Collision with vehicle","Tuesday","Dusk/Dawn",3,3,"Not at intersection",3,80,"DANDENONG","METROPOLITAN SOUTH EAST REGION",-37.99577606,145.1585843,"Dry","Clear"
"T20190006175","28/3/19",20:10:00,"Collision with vehicle","Thursday","Dark Street lights on",2,2,"Cross intersection",3,60,"BALLARAT","WESTERN REGION",-37.56176133,143.8548054,"Dry","Clear"
"T20190006176","2/4/19",08:55:00,"Struck Pedestrian","Tuesday","Day",1,3,"T intersection",3,999,"BANYULE","METROPOLITAN NORTH WEST REGION",-37.71877852,145.1138793,"Dry","Clear"
"T20190006177","2/4/19",09:10:00,"Collision with vehicle","Tuesday","Day",3,3,"T intersection",3,60,"NILLUMBIK","METROPOLITAN NORTH WEST REGION",-37.7045097,145.1578763,"Unknown","Clear"
"T20190006179","2/4/19",07:04:00,"Collision with vehicle","Tuesday","Dark Street lights on",2,2,"T intersection",3,60,"STONNINGTON","METROPOLITAN SOUTH EAST REGION",-37.83532073,145.0057331,"Dry","Clear"
"T20190006183","1/4/19",14:00:00,"Collision with a fixed object","Monday","Day",1,1,"Not at intersection",3,100,"EAST GIPPSLAND","EASTERN REGION",-37.5612782,149.3530352,"Dry","Clear"
"T20190006187","2/4/19",10:40:00,"Collision with vehicle","Tuesday","Day",2,3,"Cross intersection",3,80,"MOUNT ALEXANDER","NORTHERN REGION",-36.95592734,144.2360593,"Dry","Clear"
"T20190006188","29/3/19",15:30:00,"Collision with vehicle","Friday","Day",2,2,"T intersection",3,60,"MOORABOOL","WESTERN REGION",-37.68610283,144.4800008,"Dry","Not known"
"T20190006190","2/4/19",10:30:00,"Collision with vehicle","Tuesday","Day",2,2,"Not at intersection",3,100,"STONNINGTON","METROPOLITAN SOUTH EAST REGION",-37.87367168,145.065889,"Dry","Clear"
"T20190006191","29/3/19",11:30:00,"Collision with vehicle","Friday","Day",2,2,"T intersection",3,50,"BAYSIDE","METROPOLITAN SOUTH EAST REGION",-37.88619386,144.9917149,"Dry","Clear"
"T20190006192","2/4/19",07:05:00,"Collision with vehicle","Tuesday","Dusk/Dawn",2,2,"Not at intersection",3,80,"KNOX","METROPOLITAN SOUTH EAST REGION",-37.90087869,145.233952,"Dry","Clear"
"T20190006193","29/3/19",22:00:00,"Collision with vehicle","Friday","Dark Street lights on",2,2,"Cross intersection",3,60,"BOROONDARA","METROPOLITAN SOUTH EAST REGION",-37.81037343,145.0606898,"Dry","Clear"
"T20190006195","2/4/19",09:05:00,"Collision with vehicle","Tuesday","Day",4,5,"Not at intersection",3,50,"KINGSTON","METROPOLITAN SOUTH EAST REGION",-37.98067685,145.0599852,"Dry","Clear"
"T20190006197","2/4/19",07:55:00,"Collision with vehicle","Tuesday","Day",2,4,"T intersection",3,100,"MELTON","METROPOLITAN NORTH WEST REGION",-37.69761584,144.6584402,"Dry","Clear"
"T20190006198","2/4/19",12:00:00,"Struck Pedestrian","Tuesday","Day",1,2,"T intersection",2,60,"DANDENONG","METROPOLITAN SOUTH EAST REGION",-37.9543398,145.1518784,"Icy","Clear"
"T20190006200","31/3/19",12:00:00,"Collision with vehicle","Sunday","Day",2,2,"Cross intersection",3,999,"YARRA","METROPOLITAN NORTH WEST REGION",-37.80575168,144.977207,"Unknown","Not known"
"T20190006202","2/4/19",06:20:00,"Collision with vehicle","Tuesday","Dark No street lights",2,2,"Not at intersection",2,80,"DANDENONG","METROPOLITAN SOUTH EAST REGION",-38.00626849,145.2281015,"Dry","Clear"
"T20190006203","1/4/19",12:58:00,"Struck Pedestrian","Monday","Day",1,2,"Not at intersection",2,40,"DANDENONG","METROPOLITAN SOUTH EAST REGION",-37.9894458,145.2103908,"Dry","Clear"
"T20190006204","2/4/19",10:35:00,"Struck Pedestrian","Tuesday","Day",1,3,"Cross intersection",2,999,"BANYULE","METROPOLITAN NORTH WEST REGION",-37.75269335,145.0502166,"Dry","Clear"
"T20190006205","7/3/19",07:30:00,"Collision with vehicle","Thursday","Dusk/Dawn",2,2,"Not at intersection",3,100,"DANDENONG","METROPOLITAN SOUTH EAST REGION",-37.95028565,145.2115157,"Dry","Clear"
"T20190006206","2/4/19",12:09:00,"Collision with vehicle","Tuesday","Day",2,2,"Cross intersection",3,60,"PORT PHILLIP","METROPOLITAN NORTH WEST REGION",-37.87625025,144.9923634,"Dry","Not known"
"T20190006207","14/2/19",21:07:00,"Struck animal","Thursday","Dark Street lights unknown",1,2,"Not at intersection",3,100,"WELLINGTON","EASTERN REGION",-38.20043095,147.375008,"Unknown","Not known"
"T20190006214","2/4/19",15:25:00,"Collision with vehicle","Tuesday","Day",2,1,"Not at intersection",3,50,"WELLINGTON","EASTERN REGION",-38.10906849,147.0907603,"Dry","Clear"