"ACCIDENT_NO","ACCIDENTDATE","ACCIDENTTIME","Accident Type Desc","Day Week Description","Light Condition Desc","NO_OF_VEHICLES","NO_PERSONS","Road Geometry Desc","SEVERITY","SPEED_ZONE","LGA_NAME","REGION_NAME","Lat","Long","Surface Cond Desc","Atmosph Cond Desc"
"T20190006215","2/4/19",07:30:00,"Struck Pedestrian","Tuesday","Day",1,2,"Cross intersection",3,50,"DAREBIN","METROPOLITAN NORTH WEST REGION",-37.73115606,145.0144569,"Dry","Clear"
"T20190006216","2/4/19",15:00:00,"Collision with a fixed object","Tuesday","Day",1,1,"Not at intersection",3,70,"YARRA RANGES","METROPOLITAN SOUTH EAST REGION",-37.65512328,145.4872034,"Dry","Clear"
"T20190006220","31/3/19",12:25:00,"Collision with a fixed object","Sunday","Day",1,3,"T intersection",3,60,"CARDINIA","METROPOLITAN SOUTH EAST REGION",-37.92578807,145.4499401,"Wet","Raining"
"T20190006221","2/4/19",15:00:00,"Collision with vehicle","Tuesday","Day",2,3,"T intersection",3,60,"YARRA","METROPOLITAN NORTH WEST REGION",-37.78816973,144.9920993,"Dry","Clear"
"T20190006222","2/4/19",15:20:00,"Collision with vehicle","Tuesday","Day",2,2,"Cross intersection",3,50,"YARRA","METROPOLITAN NORTH WEST REGION",-37.77835187,144.9809894,"Dry","Clear"
"T20190006224","2/4/19",16:50:00,"Collision with vehicle","Tuesday","Day",4,4,"Not at intersection",3,60,"MONASH","METROPOLITAN SOUTH EAST REGION",-37.86024701,145.1131511,"Dry","Clear"
"T20190006225","19/2/19",16:00:00,"No collision and no object struck","Tuesday","Day",1,1,"Not at intersection",2,50,"GEELONG","SOUTH WESTERN REGION",-38.07895511,144.3466411,"Unknown","Clear"
"T20190006228","2/4/19",18:50:00,"Collision with vehicle","Tuesday","Dusk/Dawn",2,4,"T intersection",3,60,"MAROONDAH","METROPOLITAN SOUTH EAST REGION",-37.81685669,145.2272608,"Dry","Clear"
"T20190006229","2/4/19",16:00:00,"Collision with vehicle","Tuesday","Day",2,3,"T intersection",3,60,"MORELAND","METROPOLITAN NORTH WEST REGION",-37.77884323,144.9760529,"Dry","Clear"
"T20190006230","2/4/19",14:45:00,"Struck animal","Tuesday","Day",1,1,"Not at intersection",3,100,"GOLDEN PLAINS","SOUTH WESTERN REGION",-37.70962711,143.6897634,"Dry","Clear"
"T20190006231","2/4/19",16:30:00,"Collision with a fixed object","Tuesday","Day",1,1,"Not at intersection",3,50,"CARDINIA","METROPOLITAN SOUTH EAST REGION",-38.05286555,145.3705133,"Dry","Clear"
"T20190006232","27/3/19",12:30:00,"Struck animal","Wednesday","Day",1,2,"Not at intersection",3,100,"SURF COAST","SOUTH WESTERN REGION",-38.2900925,144.3571995,"Dry","Clear"
"T20190006233","2/4/19",18:27:00,"Collision with vehicle","Tuesday","Dusk/Dawn",2,2,"Multiple intersection",2,80,"FRANKSTON","METROPOLITAN SOUTH EAST REGION",-38.1094275,145.1613093,"Dry","Clear"
"T20190006234","2/4/19",16:58:00,"Collision with vehicle","Tuesday","Day",2,3,"Not at intersection",2,80,"FRANKSTON","METROPOLITAN SOUTH EAST REGION",-38.12053874,145.221097,"Dry","Clear"
"T20190006235","2/4/19",16:49:00,"Struck Pedestrian","Tuesday","Day",1,3,"Cross intersection",2,80,"FRANKSTON","METROPOLITAN SOUTH EAST REGION",-38.11268832,145.1574967,"Dry","Clear"
"T20190006236","2/4/19",16:30:00,"Collision with vehicle","Tuesday","Day",2,2,"Cross intersection",3,60,"MORELAND","METROPOLITAN NORTH WEST REGION",-37.77283178,144.9493327,"Dry","Clear"
"T20190006237","2/4/19",18:25:00,"Struck Pedestrian","Tuesday","Day",1,2,"T intersection",3,40,"MORELAND","METROPOLITAN NORTH WEST REGION",-37.72228915,144.9634388,"Dry","Clear"
"T20190006239","2/4/19",14:31:00,"Collision with vehicle","Tuesday","Day",3,3,"T intersection",2,60,"BRIMBANK","METROPOLITAN NORTH WEST REGION",-37.78606249,144.8272287,"Dry","Clear"
"T20190006244","2/4/19",18:15:00,"No collision and no object struck","Tuesday","Day",1,1,"Not at intersection",2,100,"YARRA RANGES","METROPOLITAN SOUTH EAST REGION",-37.82363563,145.7385694,"Dry","Clear"
"T20190006246","2/4/19",15:38:00,"Struck Pedestrian","Tuesday","Day",1,2,"Cross intersection",3,50,"BANYULE","METROPOLITAN NORTH WEST REGION",-37.77179441,145.0467343,"Dry","Clear"
"T20190006249","2/4/19",17:20:00,"Collision with vehicle","Tuesday","Day",2,2,"Not at intersection",3,40,"STONNINGTON","METROPOLITAN SOUTH EAST REGION",-37.85351971,144.9930576,"Dry","Clear"
"T20190006252","2/4/19",16:50:00,"Collision with a fixed object","Tuesday","Day",1,1,"Not at intersection",2,100,"MOYNE","SOUTH WESTERN REGION",-38.30983917,142.7734855,"Dry","Clear"
"T20190006262","12/3/19",14:30:00,"Collision with vehicle","Tuesday","Day",2,2,"T intersection",3,80,"DANDENONG","METROPOLITAN SOUTH EAST REGION",-38.03166014,145.2119476,"Dry","Clear"
"T20190006263","3/4/19",06:00:00,"Struck animal","Wednesday","Dark No street lights",1,1,"Not at intersection",2,100,"MACEDON RANGES","NORTHERN REGION",-37.46702859,144.6611297,"Dry","Clear"
"T20190006264","3/4/19",06:55:00,"Collision with vehicle","Wednesday","Dusk/Dawn",2,2,"Cross intersection",3,80,"KNOX","METROPOLITAN SOUTH EAST REGION",-37.84802904,145.2287508,"Dry","Clear"
"T20190006266","3/4/19",08:25:00,"Collision with vehicle","Wednesday","Day",2,2,"Cross intersection",3,50,"MELBOURNE","METROPOLITAN NORTH WEST REGION",-37.79883575,144.9687585,"Dry","Clear"
"T20190006269","2/4/19",13:15:00,"Collision with vehicle","Tuesday","Day",2,2,"T intersection",2,60,"GLEN EIRA","METROPOLITAN SOUTH EAST REGION",-37.8762286,145.0075294,"Dry","Clear"
"T20190006270","3/4/19",07:00:00,"Collision with vehicle","Wednesday","Dusk/Dawn",2,2,"Cross intersection",3,60,"BENDIGO","NORTHERN REGION",-36.74021437,144.2998549,"Dry","Clear"
"T20190006271","3/4/19",07:10:00,"Struck animal","Wednesday","Day",1,1,"Not at intersection",3,80,"CARDINIA","METROPOLITAN SOUTH EAST REGION",-38.00179211,145.4360599,"Dry","Clear"
"T20190006272","29/3/19",15:10:00,"Collision with vehicle","Friday","Day",2,2,"T intersection",3,80,"DANDENONG","METROPOLITAN SOUTH EAST REGION",-37.9923621,145.158195,"Dry","Clear"
"T20190006273","3/4/19",08:40:00,"Collision with vehicle","Wednesday","Day",2,3,"Multiple intersection",2,40,"MELBOURNE","METROPOLITAN NORTH WEST REGION",-37.79891639,144.9503551,"Dry","Clear"
"T20190006274","30/3/19",14:57:00,"Collision with a fixed object","Saturday","Day",1,1,"Not at intersection",3,80,"KNOX","METROPOLITAN SOUTH EAST REGION",-37.85991107,145.2067297,"Wet","Raining"
"T20190006277","3/4/19",08:45:00,"Collision with vehicle","Wednesday","Day",4,4,"Not at intersection",2,60,"CASEY","METROPOLITAN SOUTH EAST REGION",-38.0853858,145.3022309,"Dry","Clear"
"T20190006283","8/3/19",19:30:00,"Collision with a fixed object","Friday","Day",1,1,"Not at intersection",3,100,"MOYNE","SOUTH WESTERN REGION",-38.22573066,142.4417293,"Wet","Raining"
"T20190006285","20/3/19",09:42:00,"Collision with vehicle","Wednesday","Day",2,2,"Not at intersection",3,110,"MOORABOOL","WESTERN REGION",-37.68982596,144.5099312,"Wet","Clear"
"T20190006286","22/3/19",15:50:00,"Collision with vehicle","Friday","Day",2,2,"Not at intersection",3,40,"BAYSIDE","METROPOLITAN SOUTH EAST REGION",-37.96536997,145.0122349,"Dry","Clear"
"T20190006287","2/4/19",18:11:00,"Collision with vehicle","Tuesday","Dusk/Dawn",2,2,"Not at intersection",2,80,"SHEPPARTON","NORTH EASTERN REGION",-36.36470842,145.44934,"Dry","Clear"
"T20190006290","3/4/19",12:00:00,"Collision with vehicle","Wednesday","Day",2,2,"Not at intersection",3,100,"MELTON","METROPOLITAN NORTH WEST REGION",-37.7590501,144.7373198,"Dry","Clear"
"T20190006295","3/4/19",13:00:00,"Collision with vehicle","Wednesday","Day",4,4,"Not at intersection",3,50,"CARDINIA","METROPOLITAN SOUTH EAST REGION",-38.07681897,145.4809116,"Dry","Clear"
"T20190006296","3/4/19",13:46:00,"Collision with vehicle","Wednesday","Day",2,2,"Cross intersection",2,60,"DAREBIN","METROPOLITAN NORTH WEST REGION",-37.72548585,145.0232117,"Dry","Clear"
"T20190006297","3/4/19",06:50:00,"No collision and no object struck","Wednesday","Dusk/Dawn",2,2,"Not at intersection",3,40,"YARRA","METROPOLITAN NORTH WEST REGION",-37.82566247,144.9977196,"Dry","Clear"
"T20190006298","3/4/19",13:00:00,"Collision with vehicle","Wednesday","Day",2,3,"Not at intersection",3,100,"MITCHELL","NORTHERN REGION",-36.99616961,145.1438819,"Dry","Clear"
"T20190006299","3/4/19",13:40:00,"Collision with a fixed object","Wednesday","Day",2,3,"T intersection",2,60,"GLEN EIRA","METROPOLITAN SOUTH EAST REGION",-37.92291518,145.073095,"Dry","Clear"
"T20190006300","3/4/19",13:00:00,"Vehicle overturned (no collision)","Wednesday","Day",1,1,"Not at intersection",3,60,"GEELONG","SOUTH WESTERN REGION",-38.10392969,144.36289,"Dry","Clear"
"T20190006303","3/4/19",14:00:00,"Collision with vehicle","Wednesday","Day",2,3,"Not at intersection",3,80,"YARRA RANGES","METROPOLITAN SOUTH EAST REGION",-37.78679113,145.5470786,"Dry","Clear"
"T20190006304","3/4/19",15:10:00,"Collision with vehicle","Wednesday","Day",2,4,"Cross intersection",3,60,"WELLINGTON","EASTERN REGION",-38.1095593,147.0611756,"Dry","Clear"
"T20190006306","3/4/19",15:00:00,"Collision with vehicle","Wednesday","Day",2,2,"Not at intersection",3,90,"MELTON","METROPOLITAN NORTH WEST REGION",-37.72914545,144.6608108,"Dry","Clear"
"T20190006307","3/4/19",15:01:00,"Collision with vehicle","Wednesday","Day",2,4,"Cross intersection",2,80,"MELTON","METROPOLITAN NORTH WEST REGION",-37.8050188,144.6959414,"Dry","Clear"
"T20190006308","3/4/19",14:15:00,"Collision with a fixed object","Wednesday","Day",1,3,"Cross intersection",3,60,"GEELONG","SOUTH WESTERN REGION",-38.20404009,144.3024014,"Wet","Raining"
"T20190006309","3/4/19",17:00:00,"Collision with vehicle","Wednesday","Day",2,2,"Not at intersection",2,50,"WHITEHORSE","METROPOLITAN SOUTH EAST REGION",-37.82434788,145.1759333,"Dry","Not known"
"T20190006312","3/4/19",16:00:00,"Fall from or in moving vehicle","Wednesday","Day",2,2,"T intersection",3,60,"MELBOURNE","METROPOLITAN NORTH WEST REGION",-37.78572148,144.9695,"Dry","Clear"
"T20190006313","3/4/19",17:30:00,"Collision with vehicle","Wednesday","Dusk/Dawn",3,5,"Cross intersection",3,50,"BOROONDARA","METROPOLITAN SOUTH EAST REGION",-37.86632455,145.0678603,"Dry","Clear"
"T20190006314","3/4/19",16:00:00,"Collision with vehicle","Wednesday","Day",2,2,"T intersection",2,70,"CASEY","METROPOLITAN SOUTH EAST REGION",-38.04576279,145.2947897,"Dry","Clear"
"T20190006317","3/4/19",17:35:00,"Collision with vehicle","Wednesday","Day",2,2,"Cross intersection",2,60,"MELBOURNE","METROPOLITAN NORTH WEST REGION",-37.80746734,144.9163647,"Dry","Clear"
"T20190006319","3/4/19",17:10:00,"No collision and no object struck","Wednesday","Day",1,1,"Not at intersection",2,50,"CASEY","METROPOLITAN SOUTH EAST REGION",-37.97383333,145.2586389,"Dry","Clear"
"T20190006320","3/4/19",16:40:00,"Collision with a fixed object","Wednesday","Day",1,1,"Cross intersection",3,50,"BANYULE","METROPOLITAN NORTH WEST REGION",-37.76885322,145.0486769,"Dry","Clear"
"T20190006322","3/4/19",19:42:00,"Collision with vehicle","Wednesday","Dark Street lights on",2,2,"T intersection",3,60,"MOONEE VALLEY","METROPOLITAN NORTH WEST REGION",-37.75356006,144.8861229,"Dry","Clear"
"T20190006323","3/4/19",17:10:00,"Collision with vehicle","Wednesday","Day",2,2,"T intersection",2,60,"BRIMBANK","METROPOLITAN NORTH WEST REGION",-37.76224841,144.8277946,"Dry","Clear"
"T20190006324","3/4/19",17:51:00,"Collision with vehicle","Wednesday","Day",2,2,"T intersection",1,60,"BOROONDARA","METROPOLITAN SOUTH EAST REGION",-37.820734,145.1005872,"Dry","Clear"
"T20190006326","3/4/19",16:08:00,"Collision with vehicle","Wednesday","Day",3,4,"Cross intersection",3,60,"BOROONDARA","METROPOLITAN SOUTH EAST REGION",-37.81364798,145.0278838,"Dry","Clear"
"T20190006327","3/4/19",15:30:00,"Struck Pedestrian","Wednesday","Day",1,2,"Cross intersection",3,60,"BENDIGO","NORTHERN REGION",-36.73136386,144.2918793,"Dry","Clear"
"T20190006330","27/3/19",18:10:00,"Collision with a fixed object","Wednesday","Day",1,1,"Not at intersection",2,100,"DANDENONG","METROPOLITAN SOUTH EAST REGION",-37.93923038,145.2073037,"Dry","Clear"
"T20190006332","3/4/19",21:30:00,"Collision with a fixed object","Wednesday","Dark No street lights",2,3,"Not at intersection",2,100,"SOUTH GIPPSLAND","EASTERN REGION",-38.48240356,145.8794111,"Dry","Clear"
"T20190006333","4/4/19",05:22:00,"Collision with vehicle","Thursday","Dark Street lights on",3,3,"Not at intersection",1,90,"YARRA RANGES","METROPOLITAN SOUTH EAST REGION",-37.77545998,145.49303,"Dry","Clear"
"T20190006336","4/4/19",08:35:00,"Collision with vehicle","Thursday","Day",2,4,"Not at intersection",3,70,"NILLUMBIK","METROPOLITAN NORTH WEST REGION",-37.63637004,145.1328104,"Dry","Clear"
"T20190006339","4/4/19",09:20:00,"Collision with vehicle","Thursday","Day",2,2,"Cross intersection",3,40,"MELBOURNE","METROPOLITAN NORTH WEST REGION",-37.80818237,144.9603755,"Dry","Clear"
"T20190006341","1/2/19",09:19:00,"Collision with vehicle","Friday","Day",2,2,"T intersection",3,999,"HUME","METROPOLITAN NORTH WEST REGION",-37.5891805,144.7149979,"Dry","Clear"
"T20190006342","1/4/19",13:35:00,"Collision with vehicle","Monday","Day",2,2,"Cross intersection",3,60,"HUME","METROPOLITAN NORTH WEST REGION",-37.59297486,144.9052596,"Dry","Clear"
"T20190006343","2/4/19",15:40:00,"Collision with vehicle","Tuesday","Day",2,2,"T intersection",3,100,"MILDURA","WESTERN REGION",-34.12967493,142.0144268,"Dry","Clear"
"T20190006344","4/4/19",07:00:00,"Collision with vehicle","Thursday","Dark Street lights on",3,3,"Not at intersection",3,100,"BRIMBANK","METROPOLITAN NORTH WEST REGION",-37.69704008,144.8046499,"Dry","Clear"
"T20190006345","4/4/19",10:11:00,"Struck Pedestrian","Thursday","Day",1,2,"Cross intersection",3,50,"MORELAND","METROPOLITAN NORTH WEST REGION",-37.75568111,144.9659953,"Dry","Clear"
"T20190006346","4/4/19",08:15:00,"Struck animal","Thursday","Day",1,1,"Not at intersection",2,100,"MOUNT ALEXANDER","NORTHERN REGION",-36.98036477,143.9825409,"Dry","Not known"
"T20190006347","4/4/19",10:40:00,"Struck Pedestrian","Thursday","Day",1,2,"Not at intersection",3,40,"BRIMBANK","METROPOLITAN NORTH WEST REGION",-37.74313959,144.8007366,"Dry","Clear"
"T20190006348","4/4/19",08:44:00,"Collision with vehicle","Thursday","Day",2,2,"Multiple intersection",2,60,"MOONEE VALLEY","METROPOLITAN NORTH WEST REGION",-37.73395712,144.8831669,"Dry","Clear"
"T20190006349","4/4/19",12:56:00,"Collision with vehicle","Thursday","Day",2,3,"Cross intersection",3,60,"BALLARAT","WESTERN REGION",-37.59874163,143.8411629,"Dry","Clear"
"T20190006354","4/4/19",08:50:00,"Collision with vehicle","Thursday","Day",2,2,"Cross intersection",3,60,"HOBSONS BAY","METROPOLITAN NORTH WEST REGION",-37.85007807,144.8450485,"Dry","Clear"
"T20190006356","2/4/19",14:50:00,"Collision with a fixed object","Tuesday","Day",1,1,"Not at intersection",3,100,"GEELONG","SOUTH WESTERN REGION",-38.01716821,144.4597647,"Dry","Clear"
"T20190006357","4/4/19",12:05:00,"Collision with a fixed object","Thursday","Day",1,1,"Not at intersection",2,80,"COLAC OTWAY","SOUTH WESTERN REGION",-38.70160049,143.7108347,"Dry","Clear"
"T20190006358","4/4/19",13:38:00,"Collision with vehicle","Thursday","Day",2,2,"Not at intersection",2,50,"MELBOURNE","METROPOLITAN NORTH WEST REGION",-37.82403499,144.9328802,"Dry","Clear"
"T20190006361","4/4/19",14:25:00,"Collision with vehicle","Thursday","Day",2,2,"T intersection",3,60,"MOONEE VALLEY","METROPOLITAN NORTH WEST REGION",-37.7360266,144.8890623,"Dry","Clear"
"T20190006362","14/2/19",15:00:00,"Collision with vehicle","Thursday","Unknown",2,2,"Cross intersection",2,999,"KINGSTON","METROPOLITAN SOUTH EAST REGION",-37.93585282,145.0562549,"Dry","Clear"
"T20190006363","4/4/19",09:01:00,"Struck Pedestrian","Thursday","Day",1,3,"T intersection",3,50,"YARRA","METROPOLITAN NORTH WEST REGION",-37.7934559,144.998153,"Dry","Clear"
"T20190006365","4/4/19",11:45:00,"Collision with vehicle","Thursday","Day",2,2,"Not at intersection",2,60,"BALLARAT","WESTERN REGION",-37.58103918,143.8301217,"Dry","Clear"
"T20190006370","4/4/19",15:00:00,"Collision with vehicle","Thursday","Day",2,2,"Cross intersection",3,50,"MELBOURNE","METROPOLITAN NORTH WEST REGION",-37.80403938,144.9584689,"Dry","Clear"
"T20190006371","4/4/19",16:35:00,"Collision with vehicle","Thursday","Day",2,3,"T intersection",3,60,"DAREBIN","METROPOLITAN NORTH WEST REGION",-37.74443542,144.9962459,"Dry","Clear"
"T20190006376","4/4/19",14:23:00,"Collision with vehicle","Thursday","Day",2,2,"Cross intersection",2,60,"YARRA","METROPOLITAN NORTH WEST REGION",-37.82999016,145.0127575,"Dry","Clear"
"T20190006377","4/4/19",16:15:00,"Collision with vehicle","Thursday","Day",2,2,"Not at intersection",2,60,"PORT PHILLIP","METROPOLITAN NORTH WEST REGION",-37.84113896,144.974944,"Dry","Clear"
"T20190006378","26/3/19",10:49:00,"Collision with vehicle","Tuesday","Day",2,2,"T intersection",3,999,"KINGSTON","METROPOLITAN SOUTH EAST REGION",-38.06756149,145.1465691,"Dry","Clear"
"T20190006381","4/4/19",15:40:00,"Vehicle overturned (no collision)","Thursday","Day",1,1,"Not at intersection",3,100,"ALPINE","NORTH EASTERN REGION",-36.48718949,146.6586086,"Wet","Raining"
"T20190006382","4/4/19",15:05:00,"Collision with vehicle","Thursday","Day",2,2,"T intersection",3,60,"MANNINGHAM","METROPOLITAN SOUTH EAST REGION",-37.76100378,145.289869,"Dry","Clear"
"T20190006383","4/4/19",08:15:00,"Collision with vehicle","Thursday","Day",2,2,"Cross intersection",3,40,"YARRA","METROPOLITAN NORTH WEST REGION",-37.79833733,144.9784669,"Dry","Clear"
"T20190006384","4/4/19",17:40:00,"Collision with vehicle","Thursday","Day",2,4,"Not at intersection",2,80,"GEELONG","SOUTH WESTERN REGION",-38.17906301,144.4228922,"Dry","Clear"
"T20190006388","4/4/19",18:50:00,"Collision with vehicle","Thursday","Day",2,2,"Cross intersection",3,999,"MELTON","METROPOLITAN NORTH WEST REGION",-37.72503864,144.7597817,"Dry","Clear"
"T20190006389","4/4/19",16:05:00,"Collision with vehicle","Thursday","Day",3,3,"Not at intersection",2,80,"MONASH","METROPOLITAN SOUTH EAST REGION",-37.92344606,145.1980608,"Dry","Clear"
"T20190006390","4/4/19",18:35:00,"Collision with vehicle","Thursday","Day",2,3,"T intersection",2,60,"BANYULE","METROPOLITAN NORTH WEST REGION",-37.69540974,145.1271101,"Dry","Clear"
"T20190006391","4/4/19",16:15:00,"Collision with vehicle","Thursday","Day",2,3,"Cross intersection",3,60,"WYNDHAM","METROPOLITAN NORTH WEST REGION",-37.88560029,144.6318118,"Dry","Clear"
"T20190006393","11/3/19",20:00:00,"Struck Pedestrian","Monday","Dark Street lights unknown",1,2,"Not at intersection",2,999,"INDIGO","NORTH EASTERN REGION",-36.37078959,146.6857357,"Unknown","Not known"
"T20190006394","4/4/19",15:27:00,"Struck Pedestrian","Thursday","Day",1,2,"T intersection",2,40,"YARRA","METROPOLITAN NORTH WEST REGION",-37.80102138,144.9870328,"Dry","Clear"
"T20190006397","4/4/19",20:50:00,"Struck Pedestrian","Thursday","Day",1,2,"Not at intersection",3,80,"HUME","METROPOLITAN NORTH WEST REGION",-37.66059284,144.9250197,"Dry","Clear"
"T20190006398","4/4/19",20:30:00,"Collision with a fixed object","Thursday","Dark No street lights",1,1,"Not at intersection",3,40,"WHITTLESEA","METROPOLITAN NORTH WEST REGION",-37.60589799,145.0043803,"Dry","Not known"
"T20190006399","26/3/19",12:15:00,"Collision with vehicle","Tuesday","Day",2,2,"T intersection",3,70,"WHITTLESEA","METROPOLITAN NORTH WEST REGION",-37.64851582,144.9947063,"Dry","Clear"
"T20190006401","4/4/19",23:40:00,"Vehicle overturned (no collision)","Thursday","Dark No street lights",1,2,"Not at intersection",2,60,"SURF COAST","SOUTH WESTERN REGION",-38.33249807,144.303387,"Dry","Clear"
"T20190006404","5/4/19",04:27:00,"Collision with a fixed object","Friday","Dark Street lights on",1,1,"Not at intersection",3,80,"HUME","METROPOLITAN NORTH WEST REGION",-37.63389385,144.8741392,"Dry","Clear"
"T20190006409","4/4/19",11:12:00,"Collision with vehicle","Thursday","Day",2,3,"Cross intersection",2,60,"GEELONG","SOUTH WESTERN REGION",-38.12431769,144.350486,"Dry","Clear"
"T20190006411","5/4/19",06:23:00,"Collision with vehicle","Friday","Dark No street lights",2,2,"T intersection",3,50,"DAREBIN","METROPOLITAN NORTH WEST REGION",-37.70884126,145.0089371,"Dry","Clear"
"T20190006412","4/4/19",08:15:00,"Struck Pedestrian","Thursday","Day",1,2,"Not at intersection",3,50,"BAYSIDE","METROPOLITAN SOUTH EAST REGION",-37.90627539,144.9859916,"Dry","Clear"
"T20190006414","5/4/19",06:30:00,"Collision with vehicle","Friday","Dark Street lights on",2,2,"Cross intersection",2,999,"MONASH","METROPOLITAN SOUTH EAST REGION",-37.88669225,145.176877,"Dry","Clear"
"T20190006417","5/4/19",09:10:00,"Struck Pedestrian","Friday","Day",1,2,"T intersection",3,50,"BALLARAT","WESTERN REGION",-37.5409285,143.8218878,"Dry","Clear"
"T20190006420","4/4/19",18:14:00,"Collision with vehicle","Thursday","Day",2,2,"T intersection",2,80,"GEELONG","SOUTH WESTERN REGION",-38.02485013,144.4151984,"Dry","Clear"
"T20190006423","5/4/19",08:50:00,"Collision with a fixed object","Friday","Day",1,3,"Not at intersection",2,80,"CARDINIA","METROPOLITAN SOUTH EAST REGION",-37.97100086,145.5470198,"Dry","Clear"
"T20190006424","5/4/19",11:20:00,"Collision with vehicle","Friday","Day",2,2,"Cross intersection",2,60,"BRIMBANK","METROPOLITAN NORTH WEST REGION",-37.74991131,144.8317069,"Dry","Clear"
"T20190006426","5/4/19",09:50:00,"collision with some other object","Friday","Day",2,1,"Not at intersection",2,50,"KNOX","METROPOLITAN SOUTH EAST REGION",-37.92358537,145.2618843,"Dry","Clear"
"T20190006427","5/4/19",08:47:00,"Collision with vehicle","Friday","Day",2,1,"Not at intersection",2,100,"WHITTLESEA","METROPOLITAN NORTH WEST REGION",-37.686158,145.06278,"Dry","Clear"
"T20190006429","5/4/19",09:10:00,"Collision with vehicle","Friday","Day",2,2,"Not at intersection",3,50,"MOONEE VALLEY","METROPOLITAN NORTH WEST REGION",-37.71518986,144.8820976,"Dry","Clear"
"T20190006433","5/4/19",10:12:00,"Collision with vehicle","Friday","Day",2,4,"Cross intersection",3,999,"CASEY","METROPOLITAN SOUTH EAST REGION",-38.18019432,145.3144108,"Dry","Clear"
"T20190006434","5/4/19",10:51:00,"Collision with a fixed object","Friday","Day",1,1,"Not at intersection",2,100,"SURF COAST","SOUTH WESTERN REGION",-38.16437997,144.1613498,"Dry","Clear"
"T20190006436","5/4/19",10:10:00,"Collision with vehicle","Friday","Day",2,4,"Cross intersection",2,60,"MANNINGHAM","METROPOLITAN SOUTH EAST REGION",-37.74661474,145.2065645,"Dry","Clear"
"T20190006437","1/3/19",19:50:00,"Fall from or in moving vehicle","Friday","Day",1,1,"Not at intersection",2,40,"BASS COAST","EASTERN REGION",-38.39736025,145.5364307,"Dry","Clear"
"T20190006439","5/4/19",12:44:00,"Collision with a fixed object","Friday","Day",1,1,"T intersection",3,80,"WHITTLESEA","METROPOLITAN NORTH WEST REGION",-37.69180606,144.9817018,"Dry","Clear"
"T20190006440","5/4/19",10:19:00,"Collision with vehicle","Friday","Day",2,3,"Not at intersection",3,100,"WYNDHAM","METROPOLITAN NORTH WEST REGION",-37.97274436,144.5510966,"Dry","Clear"
"T20190006442","5/4/19",10:30:00,"Collision with vehicle","Friday","Day",2,2,"Not at intersection",3,40,"MELBOURNE","METROPOLITAN NORTH WEST REGION",-37.81757136,144.9593606,"Dry","Clear"
"T20190006443","4/4/19",18:30:00,"Collision with vehicle","Thursday","Day",2,4,"Cross intersection",2,100,"WHITTLESEA","METROPOLITAN NORTH WEST REGION",-37.54908879,145.0306076,"Dry","Clear"
"T20190006445","5/4/19",09:30:00,"Collision with vehicle","Friday","Day",4,4,"Not at intersection",2,80,"MORELAND","METROPOLITAN NORTH WEST REGION",-37.69423927,144.9124909,"Dry","Clear"
"T20190006457","5/4/19",15:00:00,"Collision with vehicle","Friday","Day",2,3,"Not at intersection",3,110,"MACEDON RANGES","NORTHERN REGION",-37.35182011,144.550431,"Dry","Clear"
"T20190006458","5/4/19",14:50:00,"Collision with vehicle","Friday","Day",3,4,"Not at intersection",3,80,"GEELONG","SOUTH WESTERN REGION",-38.06682644,144.3791753,"Dry","Clear"
"T20190006461","4/4/19",15:30:00,"Collision with vehicle","Thursday","Day",2,2,"T intersection",3,999,"MELTON","METROPOLITAN NORTH WEST REGION",-37.68317045,144.6616365,"Dry","Clear"
"T20190006465","5/4/19",16:48:00,"Collision with vehicle","Friday","Day",2,1,"Not at intersection",2,50,"MONASH","METROPOLITAN SOUTH EAST REGION",-37.88749304,145.1237294,"Dry","Clear"
"T20190006466","5/4/19",15:12:00,"Collision with vehicle","Friday","Day",4,4,"Not at intersection",2,80,"HOBSONS BAY","METROPOLITAN NORTH WEST REGION",-37.82537567,144.8379999,"Dry","Clear"
"T20190006467","5/4/19",18:00:00,"Struck Pedestrian","Friday","Day",1,4,"Cross intersection",2,50,"GEELONG","SOUTH WESTERN REGION",-38.27248916,144.6136914,"Dry","Clear"
"T20190006468","5/4/19",12:20:00,"Collision with vehicle","Friday","Day",2,3,"Not at intersection",3,100,"EAST GIPPSLAND","EASTERN REGION",-37.83881028,147.9507315,"Dry","Clear"
"T20190006470","5/4/19",17:30:00,"Collision with vehicle","Friday","Day",2,5,"Cross intersection",3,60,"EAST GIPPSLAND","EASTERN REGION",-37.82677567,147.6268142,"Dry","Clear"
"T20190006471","5/4/19",18:00:00,"Collision with vehicle","Friday","Day",2,2,"Not at intersection",3,40,"PORT PHILLIP","METROPOLITAN NORTH WEST REGION",-37.83065999,144.95949,"Dry","Clear"
"T20190006475","5/4/19",18:37:00,"Collision with a fixed object","Friday","Dusk/Dawn",1,1,"T intersection",2,60,"KINGSTON","METROPOLITAN SOUTH EAST REGION",-37.9797791,145.1268335,"Dry","Clear"
"T20190006477","5/4/19",18:15:00,"Collision with vehicle","Friday","Day",2,3,"T intersection",2,80,"CASEY","METROPOLITAN SOUTH EAST REGION",-38.11728867,145.3156703,"Dry","Clear"
"T20190006479","5/4/19",15:30:00,"Collision with vehicle","Friday","Day",2,3,"T intersection",3,100,"MACEDON RANGES","NORTHERN REGION",-37.33452533,144.4240569,"Dry","Clear"