"ACCIDENT_NO","ACCIDENTDATE","ACCIDENTTIME","Accident Type Desc","Day Week Description","Light Condition Desc","NO_OF_VEHICLES","NO_PERSONS","Road Geometry Desc","SEVERITY","SPEED_ZONE","LGA_NAME","REGION_NAME","Lat","Long","Surface Cond Desc","Atmosph Cond Desc"
"T20190006480","25/1/19",09:00:00,"Struck animal","Friday","Unknown",1,2,"Not at intersection",2,80,"CENTRAL GOLDFIELDS","WESTERN REGION",-37.17762089,143.7050283,"Unknown","Not known"
"T20190006482","5/4/19",20:15:00,"Collision with vehicle","Friday","Dark Street lights on",2,4,"Not at intersection",2,60,"CASEY","METROPOLITAN SOUTH EAST REGION",-38.10609953,145.2912461,"Dry","Clear"
"T20190006484","5/4/19",22:25:00,"Struck Pedestrian","Friday","Dark Street lights on",1,3,"Cross intersection",2,60,"WHITTLESEA","METROPOLITAN NORTH WEST REGION",-37.68024479,145.0138349,"Dry","Clear"
"T20190006485","5/4/19",21:40:00,"Collision with vehicle","Friday","Dark Street lights on",2,2,"Cross intersection",2,60,"GEELONG","SOUTH WESTERN REGION",-38.17285647,144.5710537,"Dry","Clear"
"T20190006486","5/4/19",20:35:00,"Collision with vehicle","Friday","Dark Street lights on",2,2,"Cross intersection",3,60,"MELBOURNE","METROPOLITAN NORTH WEST REGION",-37.80030062,144.9439783,"Dry","Clear"
"T20190006486","5/4/19",20:35:00,"Collision with vehicle","Friday","Dark Street lights on",2,2,"Cross intersection",3,60,"MELBOURNE","METROPOLITAN NORTH WEST REGION",-37.80030062,144.9439783,"Dry","Strong winds"
"T20190006487","5/4/19",22:35:00,"Collision with vehicle","Friday","Dark No street lights",2,2,"Not at intersection",2,100,"CARDINIA","METROPOLITAN SOUTH EAST REGION",-38.08919864,145.6650404,"Dry","Clear"
"T20190006487","5/4/19",22:35:00,"Collision with vehicle","Friday","Dark No street lights",2,2,"Not at intersection",2,100,"CARDINIA","METROPOLITAN SOUTH EAST REGION",-38.08919864,145.6650404,"Dry","Strong winds"
"T20190006498","6/4/19",01:48:00,"Collision with vehicle","Saturday","Dark Street lights on",2,3,"Cross intersection",2,80,"CASEY","METROPOLITAN SOUTH EAST REGION",-38.06525167,145.2989029,"Wet","Clear"
"T20190006502","6/4/19",09:02:00,"Struck Pedestrian","Saturday","Day",1,2,"Cross intersection",3,60,"MOONEE VALLEY","METROPOLITAN NORTH WEST REGION",-37.75470903,144.8965955,"Dry","Clear"
"T20190006503","5/4/19",16:45:00,"Fall from or in moving vehicle","Friday","Day",1,2,"Not at intersection",3,100,"MANSFIELD","NORTH EASTERN REGION",-37.46705169,146.2545306,"Dry","Clear"
"T20190006505","6/4/19",11:05:00,"Collision with vehicle","Saturday","Day",2,2,"T intersection",3,80,"MORNINGTON PENINSULA","METROPOLITAN SOUTH EAST REGION",-38.19773596,145.086541,"Dry","Clear"
"T20190006507","6/4/19",10:15:00,"Collision with vehicle","Saturday","Day",2,3,"Cross intersection",3,50,"MAROONDAH","METROPOLITAN SOUTH EAST REGION",-37.8146282,145.249635,"Dry","Clear"
"T20190006508","6/4/19",11:22:00,"Collision with vehicle","Saturday","Day",2,4,"Not at intersection",3,60,"CARDINIA","METROPOLITAN SOUTH EAST REGION",-37.93211311,145.4393401,"Dry","Clear"
"T20190006511","6/4/19",13:22:00,"Vehicle overturned (no collision)","Saturday","Day",1,1,"Cross intersection",3,80,"MELTON","METROPOLITAN NORTH WEST REGION",-37.6871591,144.6971727,"Dry","Clear"
"T20190006513","6/4/19",07:39:00,"Collision with a fixed object","Saturday","Day",1,2,"Multiple intersection",3,50,"MOONEE VALLEY","METROPOLITAN NORTH WEST REGION",-37.75409638,144.913197,"Dry","Clear"
"T20190006516","6/4/19",13:47:00,"Collision with a fixed object","Saturday","Day",1,1,"T intersection",2,50,"WHITEHORSE","METROPOLITAN SOUTH EAST REGION",-37.81268053,145.1723323,"Dry","Clear"
"T20190006517","6/4/19",13:00:00,"Collision with vehicle","Saturday","Day",2,3,"T intersection",3,80,"BRIMBANK","METROPOLITAN NORTH WEST REGION",-37.73018435,144.8511238,"Dry","Not known"
"T20190006518","5/4/19",17:54:00,"Collision with a fixed object","Friday","Day",1,2,"Not at intersection",3,60,"HORSHAM","WESTERN REGION",-36.72590011,142.2172864,"Dry","Clear"
"T20190006521","6/4/19",14:30:00,"Collision with vehicle","Saturday","Day",2,5,"Not at intersection",3,40,"WHITTLESEA","METROPOLITAN NORTH WEST REGION",-37.60484797,144.9915855,"Dry","Clear"
"T20190006523","6/4/19",14:29:00,"Collision with vehicle","Saturday","Day",2,2,"Cross intersection",2,60,"BANYULE","METROPOLITAN NORTH WEST REGION",-37.74131895,145.0734328,"Dry","Clear"
"T20190006524","6/4/19",14:20:00,"Collision with vehicle","Saturday","Day",2,2,"T intersection",3,999,"YARRA RANGES","METROPOLITAN SOUTH EAST REGION",-37.62941321,145.3736316,"Dry","Clear"
"T20190006525","4/4/19",05:50:00,"Collision with vehicle","Thursday","Dark Street lights unknown",2,2,"Not at intersection",3,999,"MELBOURNE","METROPOLITAN NORTH WEST REGION",-37.81054957,144.9847801,"Dry","Clear"
"T20190006528","6/4/19",12:40:00,"Collision with a fixed object","Saturday","Day",1,1,"T intersection",2,80,"MURRINDINDI","METROPOLITAN SOUTH EAST REGION",-37.5398844,145.3896433,"Dry","Clear"
"T20190006529","6/4/19",14:41:00,"Collision with a fixed object","Saturday","Day",1,1,"Not at intersection",2,80,"GEELONG","SOUTH WESTERN REGION",-37.8974598,144.4008483,"Dry","Clear"
"T20190006532","6/4/19",13:06:00,"Collision with vehicle","Saturday","Day",2,4,"T intersection",3,50,"BRIMBANK","METROPOLITAN NORTH WEST REGION",-37.78256662,144.8444352,"Dry","Clear"
"T20190006533","6/4/19",14:50:00,"Collision with a fixed object","Saturday","Day",1,1,"Not at intersection",2,50,"GLEN EIRA","METROPOLITAN SOUTH EAST REGION",-37.88661768,145.0302392,"Dry","Clear"
"T20190006535","6/4/19",17:21:00,"Collision with vehicle","Saturday","Day",2,2,"Not at intersection",3,60,"HUME","METROPOLITAN NORTH WEST REGION",-37.66720712,144.9542769,"Dry","Clear"
"T20190006538","6/4/19",08:10:00,"Collision with vehicle","Saturday","Day",4,4,"T intersection",2,999,"WHITTLESEA","METROPOLITAN NORTH WEST REGION",-37.60474865,144.9903543,"Unknown","Clear"
"T20190006539","6/4/19",17:30:00,"Collision with a fixed object","Saturday","Day",1,3,"Not at intersection",3,100,"MITCHELL","NORTHERN REGION",-37.09361272,145.0748087,"Dry","Not known"
"T20190006540","6/4/19",18:16:00,"Collision with vehicle","Saturday","Day",3,3,"Not at intersection",3,100,"MONASH","METROPOLITAN SOUTH EAST REGION",-37.88941046,145.1156095,"Dry","Clear"
"T20190006541","6/4/19",18:55:00,"Collision with vehicle","Saturday","Dusk/Dawn",2,2,"Cross intersection",3,60,"HOBSONS BAY","METROPOLITAN NORTH WEST REGION",-37.85844783,144.8939397,"Dry","Clear"
"T20190006542","6/4/19",13:43:00,"Collision with vehicle","Saturday","Day",2,3,"Y intersection",2,80,"DANDENONG","METROPOLITAN SOUTH EAST REGION",-38.01612817,145.1398106,"Dry","Clear"
"T20190006543","6/4/19",15:45:00,"Collision with vehicle","Saturday","Day",2,2,"T intersection",2,40,"STONNINGTON","METROPOLITAN SOUTH EAST REGION",-37.84903261,144.9937884,"Dry","Not known"
"T20190006545","6/4/19",19:45:00,"Struck animal","Saturday","Dark No street lights",1,3,"Not at intersection",2,100,"WELLINGTON","EASTERN REGION",-38.06691733,146.9767544,"Dry","Clear"
"T20190006546","6/4/19",18:31:00,"Collision with a fixed object","Saturday","Day",1,2,"Not at intersection",2,100,"SHEPPARTON","NORTH EASTERN REGION",-36.26569999,145.1684529,"Dry","Clear"
"T20190006548","6/4/19",22:30:00,"Collision with a fixed object","Saturday","Dark No street lights",1,1,"Not at intersection",3,100,"MACEDON RANGES","NORTHERN REGION",-37.40443654,144.760951,"Dry","Clear"
"T20190006549","6/4/19",21:05:00,"collision with some other object","Saturday","Dark No street lights",2,3,"Not at intersection",2,80,"NILLUMBIK","METROPOLITAN NORTH WEST REGION",-37.6973907,145.2233292,"Dry","Clear"
"T20190006550","6/4/19",21:58:00,"Collision with a fixed object","Saturday","Dark Street lights unknown",1,1,"T intersection",3,50,"WHITTLESEA","METROPOLITAN NORTH WEST REGION",-37.65971425,145.0867815,"Dry","Clear"
"T20190006552","6/4/19",15:20:00,"No collision and no object struck","Saturday","Day",1,1,"Not at intersection",1,100,"INDIGO","NORTH EASTERN REGION",-36.27887766,147.108931,"Dry","Clear"
"T20190006554","6/4/19",23:45:00,"Collision with vehicle","Saturday","Dark Street lights on",3,3,"Not at intersection",2,40,"MELBOURNE","METROPOLITAN NORTH WEST REGION",-37.81238582,144.9657281,"Dry","Clear"
"T20190006555","6/4/19",21:40:00,"Collision with a fixed object","Saturday","Dark No street lights",1,1,"Not at intersection",2,100,"NILLUMBIK","METROPOLITAN NORTH WEST REGION",-37.60309754,145.2501647,"Dry","Clear"
"T20190006557","7/4/19",02:30:00,"Struck Pedestrian","Sunday","Dark Street lights unknown",1,2,"Cross intersection",2,60,"MILDURA","WESTERN REGION",-34.19802392,142.146737,"Dry","Not known"
"T20190006560","6/4/19",23:12:00,"Collision with vehicle","Saturday","Dark Street lights on",2,2,"T intersection",2,80,"KNOX","METROPOLITAN SOUTH EAST REGION",-37.87085753,145.2414453,"Dry","Clear"
"T20190006563","21/3/19",11:35:00,"Collision with vehicle","Thursday","Day",2,3,"T intersection",3,60,"KINGSTON","METROPOLITAN SOUTH EAST REGION",-38.07629788,145.1233587,"Dry","Clear"
"T20190006566","6/4/19",10:45:00,"Collision with a fixed object","Saturday","Day",1,1,"Not at intersection",3,100,"SOUTH GIPPSLAND","EASTERN REGION",-38.45024017,145.9030913,"Dry","Clear"
"T20190006567","7/4/19",07:10:00,"Collision with vehicle","Sunday","Day",3,1,"Not at intersection",3,80,"GLEN EIRA","METROPOLITAN SOUTH EAST REGION",-37.92181978,145.0237904,"Dry","Clear"
"T20190006570","6/4/19",10:50:00,"Collision with vehicle","Saturday","Day",2,2,"Not at intersection",3,999,"STONNINGTON","METROPOLITAN SOUTH EAST REGION",-37.85385013,145.042021,"Dry","Not known"
"T20190006572","7/4/19",10:30:00,"Vehicle overturned (no collision)","Sunday","Day",1,1,"Not at intersection",3,100,"MANSFIELD","NORTH EASTERN REGION",-37.05370845,146.2960057,"Dry","Clear"
"T20190006574","7/4/19",06:40:00,"Collision with vehicle","Sunday","Day",2,3,"T intersection",3,70,"GEELONG","SOUTH WESTERN REGION",-38.15172483,144.351973,"Dry","Clear"
"T20190006577","6/4/19",20:05:00,"Collision with vehicle","Saturday","Dark Street lights on",2,5,"Cross intersection",3,80,"CASEY","METROPOLITAN SOUTH EAST REGION",-38.01821612,145.3085295,"Dry","Clear"
"T20190006578","7/4/19",11:50:00,"Fall from or in moving vehicle","Sunday","Day",1,1,"Not at intersection",2,80,"MURRINDINDI","NORTH EASTERN REGION",-37.52878293,145.4367206,"Dry","Clear"
"T20190006579","7/4/19",11:57:00,"Collision with vehicle","Sunday","Day",2,3,"Not at intersection",3,50,"DAREBIN","METROPOLITAN NORTH WEST REGION",-37.73416456,145.0116442,"Dry","Clear"
"T20190006580","7/4/19",12:35:00,"Collision with vehicle","Sunday","Day",4,11,"Not at intersection",3,80,"KINGSTON","METROPOLITAN SOUTH EAST REGION",-37.96527017,145.0575096,"Dry","Clear"
"T20190006581","7/4/19",13:35:00,"Collision with vehicle","Sunday","Day",2,2,"Cross intersection",3,60,"YARRA RANGES","METROPOLITAN SOUTH EAST REGION",-37.65849427,145.3794734,"Dry","Clear"
"T20190006585","6/4/19",19:10:00,"Vehicle overturned (no collision)","Saturday","Dusk/Dawn",1,1,"Not at intersection",2,80,"MACEDON RANGES","NORTHERN REGION",-37.34453007,144.6332494,"Dry","Clear"
"T20190006586","7/4/19",12:14:00,"Collision with vehicle","Sunday","Day",2,2,"T intersection",3,60,"BRIMBANK","METROPOLITAN NORTH WEST REGION",-37.74672002,144.8206938,"Dry","Clear"
"T20190006587","1/4/19",19:30:00,"Collision with vehicle","Monday","Dark Street lights on",2,4,"T intersection",3,60,"BALLARAT","WESTERN REGION",-37.53211902,143.8210224,"Dry","Clear"
"T20190006589","7/4/19",12:00:00,"Collision with vehicle","Sunday","Day",2,4,"T intersection",2,60,"DANDENONG","METROPOLITAN SOUTH EAST REGION",-37.94537777,145.1917687,"Dry","Clear"
"T20190006591","7/4/19",12:20:00,"Collision with vehicle","Sunday","Day",2,2,"Not at intersection",2,80,"HUME","METROPOLITAN NORTH WEST REGION",-37.60532019,144.9455268,"Dry","Clear"
"T20190006596","7/4/19",13:53:00,"Collision with vehicle","Sunday","Day",2,2,"Not at intersection",3,60,"GLEN EIRA","METROPOLITAN SOUTH EAST REGION",-37.90821865,145.0748164,"Dry","Clear"
"T20190006597","7/4/19",15:30:00,"Struck Pedestrian","Sunday","Day",1,2,"Not at intersection",3,60,"BENDIGO","NORTHERN REGION",-36.91989599,144.7066355,"Dry","Clear"
"T20190006598","7/4/19",11:50:00,"Vehicle overturned (no collision)","Sunday","Day",2,3,"Not at intersection",2,100,"FRANKSTON","METROPOLITAN SOUTH EAST REGION",-38.14024101,145.1729847,"Dry","Clear"
"T20190006600","7/4/19",15:43:00,"Collision with a fixed object","Sunday","Day",1,1,"Not at intersection",3,100,"BENDIGO","NORTHERN REGION",-36.80474906,144.3021901,"Dry","Clear"
"T20190006602","7/4/19",13:00:00,"Struck Pedestrian","Sunday","Day",1,1,"Not at intersection",1,60,"DANDENONG","METROPOLITAN SOUTH EAST REGION",-37.97089189,145.2220496,"Dry","Clear"
"T20190006603","7/4/19",15:50:00,"Collision with vehicle","Sunday","Day",2,3,"Not at intersection",3,80,"LATROBE","EASTERN REGION",-38.20853749,146.4966514,"Dry","Clear"
"T20190006606","7/4/19",16:00:00,"Collision with vehicle","Sunday","Day",2,2,"T intersection",3,60,"STONNINGTON","METROPOLITAN SOUTH EAST REGION",-37.84908264,145.0107669,"Dry","Clear"
"T20190006607","7/4/19",15:26:00,"Collision with vehicle","Sunday","Day",2,8,"T intersection",3,60,"WHITEHORSE","METROPOLITAN SOUTH EAST REGION",-37.80893659,145.1928649,"Dry","Not known"
"T20190006609","7/4/19",18:00:00,"Struck Pedestrian","Sunday","Dusk/Dawn",1,2,"Cross intersection",2,60,"STONNINGTON","METROPOLITAN SOUTH EAST REGION",-37.8773238,145.0592935,"Dry","Clear"
"T20190006610","7/4/19",16:37:00,"Collision with vehicle","Sunday","Day",2,3,"Not at intersection",2,100,"CARDINIA","METROPOLITAN SOUTH EAST REGION",-38.09178646,145.4840401,"Dry","Clear"
"T20190006611","7/4/19",14:35:00,"Collision with vehicle","Sunday","Day",2,2,"Not at intersection",3,60,"MORNINGTON PENINSULA","METROPOLITAN SOUTH EAST REGION",-38.22913855,145.1806125,"Dry","Clear"
"T20190006612","7/4/19",16:53:00,"Collision with vehicle","Sunday","Day",2,5,"Not at intersection",1,100,"SWAN HILL","NORTHERN REGION",-34.61475314,142.7992346,"Dry","Clear"
"T20190006613","7/4/19",17:15:00,"Collision with vehicle","Sunday","Day",2,6,"T intersection",2,100,"CARDINIA","METROPOLITAN SOUTH EAST REGION",-38.15361944,145.4851801,"Dry","Clear"
"T20190006615","7/4/19",16:30:00,"Collision with vehicle","Sunday","Day",2,3,"Not at intersection",3,70,"YARRA RANGES","METROPOLITAN SOUTH EAST REGION",-37.88962272,145.3212792,"Dry","Clear"
"T20190006616","7/4/19",17:00:00,"Collision with vehicle","Sunday","Day",2,3,"Cross intersection",3,80,"HUME","METROPOLITAN NORTH WEST REGION",-37.64382408,144.9288909,"Dry","Clear"
"T20190006617","6/4/19",22:00:00,"Collision with vehicle","Saturday","Dark Street lights on",2,2,"T intersection",3,60,"BOROONDARA","METROPOLITAN SOUTH EAST REGION",-37.84813512,145.0758049,"Dry","Clear"
"T20190006618","7/4/19",18:00:00,"Collision with a fixed object","Sunday","Dusk/Dawn",1,1,"Cross intersection",3,70,"HUME","METROPOLITAN NORTH WEST REGION",-37.6996424,144.8802078,"Dry","Clear"
"T20190006620","7/4/19",15:20:00,"Collision with vehicle","Sunday","Day",2,2,"Not at intersection",3,60,"MARIBYRNONG","METROPOLITAN NORTH WEST REGION",-37.76922667,144.8800106,"Dry","Clear"
"T20190006623","7/4/19",14:00:00,"Collision with vehicle","Sunday","Day",2,2,"T intersection",3,60,"YARRA","METROPOLITAN NORTH WEST REGION",-37.80370769,144.9865649,"Dry","Clear"
"T20190006630","7/4/19",11:44:00,"Collision with vehicle","Sunday","Day",2,5,"Not at intersection",2,80,"YARRIAMBIACK","WESTERN REGION",-36.45437486,142.5745455,"Dry","Clear"
"T20190006631","8/4/19",07:30:00,"Collision with vehicle","Monday","Day",2,3,"Not at intersection",2,60,"MURRINDINDI","NORTH EASTERN REGION",-37.53406935,145.3407064,"Dry","Clear"
"T20190006633","8/4/19",05:52:00,"Collision with a fixed object","Monday","Dark Street lights on",1,2,"Cross intersection",1,60,"BASS COAST","EASTERN REGION",-38.46364016,145.2389841,"Dry","Clear"
"T20190006634","28/3/19",14:20:00,"Struck Pedestrian","Thursday","Day",1,2,"Not at intersection",2,50,"WARRNAMBOOL","SOUTH WESTERN REGION",-38.38047953,142.4740904,"Dry","Not known"
"T20190006635","8/4/19",06:20:00,"Vehicle overturned (no collision)","Monday","Dark No street lights",1,1,"Not at intersection",2,100,"LATROBE","EASTERN REGION",-38.29360679,146.4495517,"Dry","Clear"
"T20190006638","8/4/19",07:16:00,"Collision with vehicle","Monday","Day",2,2,"Multiple intersection",2,60,"MANNINGHAM","METROPOLITAN SOUTH EAST REGION",-37.79659149,145.1183886,"Dry","Clear"
"T20190006639","8/4/19",09:30:00,"Collision with vehicle","Monday","Day",2,2,"T intersection",3,80,"WANGARATTA","NORTH EASTERN REGION",-36.37144148,146.289738,"Dry","Clear"
"T20190006640","8/4/19",11:10:00,"Collision with vehicle","Monday","Day",4,4,"Not at intersection",3,100,"HUME","METROPOLITAN NORTH WEST REGION",-37.69206725,144.9525099,"Dry","Clear"
"T20190006642","8/4/19",09:45:00,"Collision with vehicle","Monday","Day",2,2,"T intersection",3,60,"MELBOURNE","METROPOLITAN NORTH WEST REGION",-37.79231927,144.9455989,"Dry","Clear"
"T20190006643","8/4/19",09:05:00,"Collision with a fixed object","Monday","Day",1,1,"Not at intersection",3,80,"COLAC OTWAY","SOUTH WESTERN REGION",-38.75597978,143.5538952,"Wet","Clear"
"T20190006646","5/4/19",17:30:00,"Collision with vehicle","Friday","Day",3,3,"Not at intersection",3,100,"DANDENONG","METROPOLITAN SOUTH EAST REGION",-38.05312983,145.1852686,"Dry","Clear"
"T20190006648","8/4/19",12:05:00,"Collision with vehicle","Monday","Day",2,2,"Cross intersection",3,50,"BALLARAT","WESTERN REGION",-37.58381235,143.8386165,"Dry","Clear"
"T20190006649","8/4/19",12:15:00,"Collision with vehicle","Monday","Day",2,1,"Not at intersection",3,50,"CENTRAL GOLDFIELDS","WESTERN REGION",-37.04757971,143.7314397,"Dry","Clear"
"T20190006651","8/4/19",11:12:00,"Collision with vehicle","Monday","Day",2,2,"T intersection",3,50,"STONNINGTON","METROPOLITAN SOUTH EAST REGION",-37.86176848,145.0236432,"Dry","Clear"
"T20190006654","14/2/19",14:30:00,"Collision with vehicle","Thursday","Day",2,2,"Not at intersection",3,80,"DANDENONG","METROPOLITAN SOUTH EAST REGION",-38.0109075,145.2303272,"Dry","Clear"
"T20190006655","8/4/19",11:10:00,"Struck Pedestrian","Monday","Day",1,2,"Cross intersection",1,60,"FRANKSTON","METROPOLITAN SOUTH EAST REGION",-38.14428188,145.1208058,"Dry","Clear"
"T20190006660","7/4/19",10:15:00,"Collision with a fixed object","Sunday","Day",1,1,"T intersection",3,60,"WYNDHAM","METROPOLITAN NORTH WEST REGION",-37.96469134,144.7071815,"Unknown","Not known"
"T20190006662","8/4/19",15:00:00,"Collision with vehicle","Monday","Day",2,3,"Not at intersection",2,50,"SHEPPARTON","NORTH EASTERN REGION",-36.40434738,145.41144,"Dry","Clear"
"T20190006663","8/4/19",14:32:00,"Collision with vehicle","Monday","Day",2,4,"Cross intersection",3,80,"MELTON","METROPOLITAN NORTH WEST REGION",-37.75898623,144.7472439,"Dry","Clear"
"T20190006664","29/3/19",16:38:00,"Collision with vehicle","Friday","Day",2,4,"T intersection",3,60,"MANNINGHAM","METROPOLITAN SOUTH EAST REGION",-37.76950695,145.1004029,"Dry","Clear"
"T20190006672","8/4/19",16:15:00,"Collision with vehicle","Monday","Day",2,2,"Not at intersection",2,80,"WHITTLESEA","METROPOLITAN NORTH WEST REGION",-37.68202028,145.0690924,"Dry","Clear"
"T20190006673","19/3/19",09:10:00,"Collision with vehicle","Tuesday","Day",2,2,"Y intersection",3,50,"HUME","METROPOLITAN NORTH WEST REGION",-37.58509624,144.7079744,"Dry","Clear"
"T20190006679","8/4/19",17:45:00,"Struck Pedestrian","Monday","Dusk/Dawn",1,2,"Not at intersection",3,50,"MELTON","METROPOLITAN NORTH WEST REGION",-37.7023005,144.5692899,"Wet","Raining"
"T20190006681","8/4/19",17:38:00,"Collision with a fixed object","Monday","Day",1,1,"Cross intersection",2,60,"GEELONG","SOUTH WESTERN REGION",-38.11081693,144.3433954,"Dry","Clear"
"T20190006685","8/4/19",19:00:00,"Collision with vehicle","Monday","Dark Street lights on",3,4,"T intersection",3,60,"MARIBYRNONG","METROPOLITAN NORTH WEST REGION",-37.80368977,144.89514,"Wet","Raining"
"T20190006686","8/4/19",18:10:00,"Struck Pedestrian","Monday","Dark Street lights on",1,3,"Not at intersection",3,70,"GLEN EIRA","METROPOLITAN SOUTH EAST REGION",-37.8761261,145.0449315,"Wet","Raining"
"T20190006690","8/4/19",19:10:00,"Vehicle overturned (no collision)","Monday","Dark Street lights on",2,2,"Not at intersection",1,60,"MITCHELL","NORTHERN REGION",-37.4057319,144.9719097,"Wet","Raining"
"T20190006691","3/4/19",18:15:00,"Collision with vehicle","Wednesday","Day",2,2,"Not at intersection",3,50,"FRANKSTON","METROPOLITAN SOUTH EAST REGION",-38.09367678,145.1566373,"Dry","Clear"
"T20190006693","8/4/19",16:30:00,"Collision with vehicle","Monday","Day",2,2,"Cross intersection",3,50,"BENDIGO","NORTHERN REGION",-36.77658882,144.2867695,"Dry","Clear"
"T20190006697","6/4/19",17:15:00,"Collision with vehicle","Saturday","Day",2,2,"T intersection",2,60,"KINGSTON","METROPOLITAN SOUTH EAST REGION",-37.97055437,145.061989,"Dry","Clear"
"T20190006698","9/4/19",07:30:00,"Struck animal","Tuesday","Dusk/Dawn",1,1,"Not at intersection",3,100,"CORANGAMITE","SOUTH WESTERN REGION",-38.40469949,143.215186,"Dry","Clear"
"T20190006700","9/4/19",06:15:00,"Collision with a fixed object","Tuesday","Dusk/Dawn",1,1,"Not at intersection",2,100,"LODDON","NORTHERN REGION",-36.71133955,143.6031604,"Dry","Clear"
"T20190006701","5/4/19",14:00:00,"Collision with vehicle","Friday","Day",2,3,"T intersection",3,60,"YARRA RANGES","METROPOLITAN SOUTH EAST REGION",-37.65482533,145.505136,"Dry","Clear"
"T20190006704","8/4/19",15:20:00,"Collision with vehicle","Monday","Day",2,2,"Cross intersection",3,50,"HOBSONS BAY","METROPOLITAN NORTH WEST REGION",-37.87463008,144.7912731,"Dry","Clear"
"T20190006705","9/4/19",09:45:00,"Collision with vehicle","Tuesday","Day",2,3,"Cross intersection",3,80,"CARDINIA","METROPOLITAN SOUTH EAST REGION",-38.06177811,145.4553336,"Dry","Clear"
"T20190006706","9/4/19",08:50:00,"Collision with a fixed object","Tuesday","Day",1,2,"T intersection",2,60,"YARRA RANGES","METROPOLITAN SOUTH EAST REGION",-37.92403809,145.3575742,"Wet","Raining"
"T20190006707","9/4/19",09:11:00,"Collision with vehicle","Tuesday","Day",2,2,"Not at intersection",3,100,"MONASH","METROPOLITAN SOUTH EAST REGION",-37.89820006,145.1493099,"Dry","Clear"
"T20190006708","5/4/19",20:00:00,"Struck Pedestrian","Friday","Dark Street lights on",1,2,"T intersection",3,40,"YARRA","METROPOLITAN NORTH WEST REGION",-37.79872497,144.9820862,"Dry","Clear"
"T20190006709","9/4/19",09:00:00,"Collision with vehicle","Tuesday","Day",2,4,"T intersection",2,60,"GEELONG","SOUTH WESTERN REGION",-38.08259973,144.346543,"Dry","Clear"
"T20190006710","8/4/19",17:30:00,"Collision with vehicle","Monday","Day",2,3,"Not at intersection",3,40,"MELBOURNE","METROPOLITAN NORTH WEST REGION",-37.80849762,144.9713689,"Wet","Raining"
"T20190006711","9/4/19",11:35:00,"Collision with vehicle","Tuesday","Unknown",3,1,"Not at intersection",3,60,"MORNINGTON PENINSULA","METROPOLITAN SOUTH EAST REGION",-38.23031013,145.1742609,"Wet","Raining"
"T20190006712","21/3/19",15:00:00,"Collision with vehicle","Thursday","Day",2,2,"Cross intersection",3,60,"YARRA","METROPOLITAN NORTH WEST REGION",-37.78055525,145.0322692,"Dry","Clear"
"T20190006713","9/4/19",11:10:00,"Collision with vehicle","Tuesday","Day",3,1,"Not at intersection",3,40,"CASEY","METROPOLITAN SOUTH EAST REGION",-38.06619554,145.3477529,"Dry","Clear"
"T20190006717","9/4/19",13:20:00,"Collision with vehicle","Tuesday","Day",2,2,"Not at intersection",3,40,"STONNINGTON","METROPOLITAN SOUTH EAST REGION",-37.8412137,145.0099717,"Dry","Clear"
"T20190006719","8/4/19",21:53:00,"Collision with vehicle","Monday","Dark Street lights on",2,5,"T intersection",3,80,"KINGSTON","METROPOLITAN SOUTH EAST REGION",-37.96741924,145.0591842,"Wet","Raining"
"T20190006720","9/4/19",09:20:00,"Collision with a fixed object","Tuesday","Day",1,1,"Not at intersection",3,100,"GEELONG","SOUTH WESTERN REGION",-38.21410173,144.2924628,"Dry","Clear"
"T20190006721","5/2/19",17:45:00,"Collision with vehicle","Tuesday","Dusk/Dawn",3,3,"T intersection",3,60,"WYNDHAM","METROPOLITAN NORTH WEST REGION",-37.85208351,144.7238451,"Dry","Not known"
"T20190006724","9/4/19",08:10:00,"Collision with vehicle","Tuesday","Day",2,2,"Cross intersection",2,40,"MELBOURNE","METROPOLITAN NORTH WEST REGION",-37.81638456,144.9557269,"Dry","Clear"
"T20190006725","9/4/19",12:40:00,"Collision with vehicle","Tuesday","Day",3,3,"T intersection",2,50,"MORELAND","METROPOLITAN NORTH WEST REGION",-37.73518068,144.9415989,"Dry","Clear"
"T20190006726","9/4/19",15:03:00,"Collision with vehicle","Tuesday","Day",4,4,"Not at intersection",2,60,"MORELAND","METROPOLITAN NORTH WEST REGION",-37.70087008,144.9151067,"Dry","Clear"
"T20190006732","26/3/19",14:20:00,"Collision with vehicle","Tuesday","Day",2,2,"Not at intersection",3,40,"MOONEE VALLEY","METROPOLITAN NORTH WEST REGION",-37.77333999,144.92721,"Dry","Clear"
"T20190006734","22/3/19",22:10:00,"No collision and no object struck","Friday","Dark Street lights on",1,1,"Not at intersection",2,80,"MONASH","METROPOLITAN SOUTH EAST REGION",-37.91561735,145.12908,"Dry","Clear"
"T20190006735","9/4/19",14:30:00,"Struck Pedestrian","Tuesday","Day",1,2,"Cross intersection",3,999,"DANDENONG","METROPOLITAN SOUTH EAST REGION",-37.9769735,145.2160359,"Dry","Clear"
"T20190006736","9/4/19",17:20:00,"Collision with vehicle","Tuesday","Day",2,4,"T intersection",3,50,"HOBSONS BAY","METROPOLITAN NORTH WEST REGION",-37.82416788,144.8296848,"Wet","Clear"
"T20190006737","8/4/19",18:15:00,"Collision with vehicle","Monday","Dusk/Dawn",2,2,"T intersection",3,80,"FRANKSTON","METROPOLITAN SOUTH EAST REGION",-38.14856733,145.1459718,"Unknown","Not known"