"ACCIDENT_NO","ACCIDENTDATE","ACCIDENTTIME","Accident Type Desc","Day Week Description","Light Condition Desc","NO_OF_VEHICLES","NO_PERSONS","Road Geometry Desc","SEVERITY","SPEED_ZONE","LGA_NAME","REGION_NAME","Lat","Long","Surface Cond Desc","Atmosph Cond Desc"
"T20190006975","12/4/19",17:05:00,"Collision with vehicle","Friday","Day",2,2,"Not at intersection",3,60,"YARRA RANGES","METROPOLITAN SOUTH EAST REGION",-37.87904624,145.3763013,"Dry","Clear"
"T20190006980","12/4/19",17:00:00,"Collision with vehicle","Friday","Day",2,2,"T intersection",3,50,"WYNDHAM","METROPOLITAN NORTH WEST REGION",-37.83555115,144.6611691,"Dry","Clear"
"T20190006981","12/4/19",20:00:00,"Collision with vehicle","Friday","Dark Street lights on",2,2,"Not at intersection",3,60,"WYNDHAM","METROPOLITAN NORTH WEST REGION",-37.88331371,144.6819915,"Dry","Clear"
"T20190006982","12/4/19",20:25:00,"Collision with vehicle","Friday","Dark Street lights on",2,5,"Cross intersection",2,40,"DAREBIN","METROPOLITAN NORTH WEST REGION",-37.74259896,145.0032935,"Dry","Clear"
"T20190006984","12/4/19",19:30:00,"Collision with vehicle","Friday","Dark Street lights on",2,2,"Cross intersection",3,70,"BAYSIDE","METROPOLITAN SOUTH EAST REGION",-37.93187068,145.0257275,"Dry","Clear"
"T20190006986","12/4/19",20:40:00,"Collision with vehicle","Friday","Dark Street lights on",3,3,"Cross intersection",3,80,"FRANKSTON","METROPOLITAN SOUTH EAST REGION",-38.10529829,145.1676262,"Dry","Clear"
"T20190006991","12/4/19",18:35:00,"Collision with vehicle","Friday","Dark No street lights",2,5,"Not at intersection",3,110,"MITCHELL","NORTHERN REGION",-37.29591995,145.054447,"Dry","Clear"
"T20190006992","12/4/19",19:18:00,"Collision with vehicle","Friday","Dark No street lights",2,5,"Not at intersection",3,110,"MITCHELL","NORTHERN REGION",-37.2821791,145.0557539,"Dry","Clear"
"T20190006997","13/4/19",00:30:00,"Collision with vehicle","Saturday","Dark Street lights on",2,2,"Not at intersection",3,40,"YARRA","METROPOLITAN NORTH WEST REGION",-37.82686378,145.0086793,"Dry","Clear"
"T20190006999","14/2/19",15:00:00,"Fall from or in moving vehicle","Thursday","Day",1,1,"T intersection",3,50,"KNOX","METROPOLITAN SOUTH EAST REGION",-37.89636647,145.2365928,"Dry","Clear"
"T20190007002","13/4/19",07:30:00,"Collision with vehicle","Saturday","Dusk/Dawn",2,2,"Not at intersection",3,80,"MORNINGTON PENINSULA","METROPOLITAN SOUTH EAST REGION",-38.25138051,145.0364838,"Dry","Clear"
"T20190007003","26/3/19",15:30:00,"Collision with vehicle","Tuesday","Day",2,2,"T intersection",3,999,"STONNINGTON","METROPOLITAN SOUTH EAST REGION",-37.84748311,144.9986579,"Unknown","Clear"
"T20190007004","12/4/19",11:08:00,"Collision with vehicle","Friday","Day",2,3,"Cross intersection",2,50,"COLAC OTWAY","SOUTH WESTERN REGION",-38.34416401,143.5804525,"Dry","Clear"
"T20190007006","13/4/19",06:30:00,"Collision with a fixed object","Saturday","Dusk/Dawn",1,1,"Not at intersection",2,100,"LODDON","NORTHERN REGION",-36.61692605,143.7310334,"Dry","Not known"
"T20190007008","13/4/19",10:22:00,"Collision with vehicle","Saturday","Day",2,3,"T intersection",3,60,"MELTON","METROPOLITAN NORTH WEST REGION",-37.68378275,144.5755474,"Dry","Clear"
"T20190007009","13/4/19",10:20:00,"Collision with vehicle","Saturday","Day",3,3,"T intersection",3,70,"MONASH","METROPOLITAN SOUTH EAST REGION",-37.90960076,145.0860299,"Dry","Clear"
"T20190007010","9/4/19",11:00:00,"Collision with vehicle","Tuesday","Day",2,2,"T intersection",3,50,"GEELONG","SOUTH WESTERN REGION",-38.17538246,144.3794521,"Dry","Clear"
"T20190007013","10/4/19",16:00:00,"Collision with vehicle","Wednesday","Day",2,2,"T intersection",3,60,"CARDINIA","METROPOLITAN SOUTH EAST REGION",-38.21090412,145.4690699,"Dry","Clear"
"T20190007014","13/4/19",11:20:00,"Collision with vehicle","Saturday","Day",2,3,"Cross intersection",3,100,"MOORABOOL","WESTERN REGION",-37.75319355,144.4431354,"Dry","Clear"
"T20190007020","13/4/19",12:10:00,"Collision with vehicle","Saturday","Day",2,4,"T intersection",3,999,"YARRA RANGES","METROPOLITAN SOUTH EAST REGION",-37.96336397,145.3418847,"Dry","Clear"
"T20190007022","4/4/19",18:40:00,"Struck animal","Thursday","Dusk/Dawn",1,1,"Not at intersection",3,80,"BENDIGO","NORTHERN REGION",-36.84201655,144.2797782,"Dry","Clear"
"T20190007023","13/4/19",08:00:00,"Collision with a fixed object","Saturday","Day",1,2,"Not at intersection",3,100,"BULOKE","NORTHERN REGION",-36.25979071,143.0319463,"Dry","Clear"
"T20190007025","13/4/19",12:19:00,"Collision with vehicle","Saturday","Day",2,2,"Not at intersection",2,100,"MELTON","METROPOLITAN NORTH WEST REGION",-37.79337152,144.7510951,"Dry","Clear"
"T20190007026","12/4/19",20:00:00,"Collision with vehicle","Friday","Dark Street lights on",2,2,"T intersection",3,40,"YARRA","METROPOLITAN NORTH WEST REGION",-37.83191152,144.9968138,"Dry","Clear"
"T20190007027","13/4/19",14:47:00,"Collision with vehicle","Saturday","Day",2,1,"Not at intersection",3,50,"BAYSIDE","METROPOLITAN SOUTH EAST REGION",-37.97911261,145.035288,"Dry","Clear"
"T20190007030","12/4/19",07:30:00,"Collision with vehicle","Friday","Dusk/Dawn",2,2,"T intersection",3,60,"MORNINGTON PENINSULA","METROPOLITAN SOUTH EAST REGION",-38.3671262,144.8760704,"Dry","Clear"
"T20190007033","13/4/19",14:22:00,"Collision with vehicle","Saturday","Day",2,4,"Not at intersection",3,100,"WHITTLESEA","METROPOLITAN NORTH WEST REGION",-37.68618647,145.0559797,"Dry","Clear"
"T20190007034","13/4/19",15:03:00,"Collision with vehicle","Saturday","Day",2,3,"Not at intersection",2,50,"MELTON","METROPOLITAN NORTH WEST REGION",-37.72949362,144.7427295,"Dry","Clear"
"T20190007041","13/4/19",14:15:00,"Collision with vehicle","Saturday","Day",2,3,"T intersection",3,80,"KNOX","METROPOLITAN SOUTH EAST REGION",-37.86961055,145.2377164,"Unknown","Not known"
"T20190007044","13/4/19",17:30:00,"Collision with a fixed object","Saturday","Dark No street lights",1,1,"Not at intersection",2,100,"BENDIGO","NORTHERN REGION",-36.7497575,144.6097569,"Dry","Clear"
"T20190007047","13/4/19",17:44:00,"Struck Pedestrian","Saturday","Dusk/Dawn",1,2,"Not at intersection",3,40,"MELBOURNE","METROPOLITAN NORTH WEST REGION",-37.79585097,144.9521112,"Dry","Clear"
"T20190007051","13/4/19",15:53:00,"Collision with vehicle","Saturday","Day",2,2,"T intersection",2,80,"HUME","METROPOLITAN NORTH WEST REGION",-37.69028508,144.9643733,"Dry","Clear"
"T20190007052","13/4/19",22:27:00,"Vehicle overturned (no collision)","Saturday","Dark Street lights on",1,4,"T intersection",2,60,"MANNINGHAM","METROPOLITAN SOUTH EAST REGION",-37.78457795,145.2076924,"Dry","Clear"
"T20190007054","13/4/19",23:55:00,"Collision with vehicle","Saturday","Dark Street lights on",2,1,"Not at intersection",2,60,"CASEY","METROPOLITAN SOUTH EAST REGION",-38.05561934,145.288732,"Dry","Clear"
"T20190007057","14/4/19",02:30:00,"Collision with a fixed object","Sunday","Dark Street lights on",1,1,"Not at intersection",2,60,"MANNINGHAM","METROPOLITAN SOUTH EAST REGION",-37.74940985,145.26847,"Dry","Fog"
"T20190007059","14/4/19",02:15:00,"Collision with vehicle","Sunday","Dark Street lights on",2,3,"Not at intersection",3,60,"WARRNAMBOOL","SOUTH WESTERN REGION",-38.39596591,142.4732216,"Dry","Clear"
"T20190007062","14/4/19",02:30:00,"Struck Pedestrian","Sunday","Dark Street lights on",1,2,"Not at intersection",2,50,"LATROBE","EASTERN REGION",-38.1943813,146.5373498,"Dry","Clear"
"T20190007063","13/4/19",14:30:00,"Collision with vehicle","Saturday","Day",2,4,"Cross intersection",2,100,"CARDINIA","METROPOLITAN SOUTH EAST REGION",-38.15523364,145.6757456,"Dry","Clear"
"T20190007066","12/4/19",19:20:00,"Collision with vehicle","Friday","Dark Street lights on",2,3,"Cross intersection",3,60,"BRIMBANK","METROPOLITAN NORTH WEST REGION",-37.76316596,144.7897546,"Dry","Clear"
"T20190007067","13/4/19",15:50:00,"Collision with vehicle","Saturday","Day",2,2,"Not at intersection",3,80,"BASS COAST","EASTERN REGION",-38.40730944,145.5305563,"Dry","Clear"
"T20190007070","14/4/19",09:21:00,"Collision with vehicle","Sunday","Day",2,4,"Cross intersection",3,60,"CAMPASPE","NORTHERN REGION",-36.31352594,145.0407411,"Dry","Clear"
"T20190007071","14/4/19",09:50:00,"Struck Pedestrian","Sunday","Day",1,2,"Cross intersection",2,40,"YARRA","METROPOLITAN NORTH WEST REGION",-37.80575168,144.977207,"Dry","Clear"
"T20190007072","14/4/19",10:50:00,"Collision with vehicle","Sunday","Day",2,2,"Cross intersection",3,40,"MELBOURNE","METROPOLITAN NORTH WEST REGION",-37.80953754,144.9756514,"Dry","Clear"
"T20190007074","14/4/19",10:05:00,"Collision with vehicle","Sunday","Day",3,9,"T intersection",3,60,"YARRA","METROPOLITAN NORTH WEST REGION",-37.80903292,144.9855755,"Dry","Clear"
"T20190007075","14/4/19",07:26:00,"Collision with vehicle","Sunday","Dusk/Dawn",2,5,"T intersection",2,100,"WELLINGTON","EASTERN REGION",-38.11930786,146.8602343,"Dry","Clear"
"T20190007076","14/4/19",09:30:00,"Collision with vehicle","Sunday","Day",2,2,"T intersection",3,60,"YARRA","METROPOLITAN NORTH WEST REGION",-37.80074263,145.0021695,"Dry","Clear"
"T20190007077","14/4/19",10:56:00,"Struck Pedestrian","Sunday","Day",1,4,"Cross intersection",2,50,"MELBOURNE","METROPOLITAN NORTH WEST REGION",-37.80259479,144.9455314,"Dry","Clear"
"T20190007078","13/4/19",18:22:00,"Collision with vehicle","Saturday","Dark Street lights on",2,4,"Not at intersection",3,60,"CASEY","METROPOLITAN SOUTH EAST REGION",-38.01837299,145.2708071,"Dry","Clear"
"T20190007079","14/4/19",10:45:00,"Collision with vehicle","Sunday","Day",2,3,"Not at intersection",2,60,"HUME","METROPOLITAN NORTH WEST REGION",-37.62878862,144.7941208,"Dry","Clear"
"T20190007084","2/4/19",10:40:00,"Collision with vehicle","Tuesday","Day",2,2,"T intersection",3,50,"GEELONG","SOUTH WESTERN REGION",-38.14950205,144.3285131,"Dry","Clear"
"T20190007085","30/3/19",11:45:00,"Collision with vehicle","Saturday","Unknown",2,2,"T intersection",3,999,"MAROONDAH","METROPOLITAN SOUTH EAST REGION",-37.7955544,145.2571107,"Dry","Clear"
"T20190007087","14/4/19",11:10:00,"Collision with vehicle","Sunday","Day",2,3,"Not at intersection",2,80,"KINGSTON","METROPOLITAN SOUTH EAST REGION",-37.98138958,145.1101361,"Dry","Clear"
"T20190007088","14/4/19",11:30:00,"Collision with vehicle","Sunday","Day",2,2,"Cross intersection",3,70,"GLEN EIRA","METROPOLITAN SOUTH EAST REGION",-37.86287853,145.0194325,"Dry","Clear"
"T20190007090","14/4/19",12:29:00,"Collision with vehicle","Sunday","Day",3,1,"Not at intersection",3,50,"STONNINGTON","METROPOLITAN SOUTH EAST REGION",-37.87874015,145.0576713,"Dry","Clear"
"T20190007091","14/4/19",12:18:00,"Collision with vehicle","Sunday","Day",2,2,"Not at intersection",3,50,"COLAC OTWAY","SOUTH WESTERN REGION",-38.33749692,143.5723831,"Dry","Clear"
"T20190007093","1/1/19",08:00:00,"No collision and no object struck","Tuesday","Day",1,2,"Not at intersection",3,50,"PYRENEES","WESTERN REGION",-37.43414126,143.3773498,"Dry","Clear"
"T20190007094","14/4/19",13:59:00,"Collision with a fixed object","Sunday","Day",2,2,"Not at intersection",2,70,"BOROONDARA","METROPOLITAN SOUTH EAST REGION",-37.78678004,145.0254665,"Dry","Clear"
"T20190007096","14/4/19",14:00:00,"Collision with vehicle","Sunday","Day",2,2,"Not at intersection",3,60,"BOROONDARA","METROPOLITAN SOUTH EAST REGION",-37.80715631,145.033316,"Dry","Clear"
"T20190007097","4/4/19",10:40:00,"Collision with vehicle","Thursday","Day",2,2,"T intersection",3,50,"GEELONG","SOUTH WESTERN REGION",-38.14356207,144.3357893,"Dry","Clear"
"T20190007098","14/4/19",11:00:00,"Collision with vehicle","Sunday","Day",2,2,"T intersection",3,80,"BOROONDARA","METROPOLITAN SOUTH EAST REGION",-37.78084906,145.0787054,"Dry","Clear"
"T20190007099","10/4/19",14:50:00,"Collision with vehicle","Wednesday","Day",2,2,"T intersection",3,60,"WYNDHAM","METROPOLITAN NORTH WEST REGION",-37.8725398,144.7488416,"Dry","Clear"
"T20190007101","14/4/19",15:00:00,"Collision with vehicle","Sunday","Day",2,4,"Dead end",2,80,"CASEY","METROPOLITAN SOUTH EAST REGION",-38.0025103,145.2433148,"Dry","Clear"
"T20190007102","14/4/19",16:10:00,"Vehicle overturned (no collision)","Sunday","Day",1,2,"Not at intersection",2,100,"INDIGO","NORTH EASTERN REGION",-36.26053003,147.0762681,"Dry","Clear"
"T20190007103","14/4/19",14:38:00,"Collision with vehicle","Sunday","Day",2,3,"Cross intersection",2,999,"CASEY","METROPOLITAN SOUTH EAST REGION",-38.04399703,145.3414662,"Dry","Clear"
"T20190007106","14/4/19",13:49:00,"Collision with vehicle","Sunday","Day",2,2,"Not at intersection",3,60,"LATROBE","EASTERN REGION",-38.18396017,146.2928401,"Dry","Clear"
"T20190007110","14/4/19",16:50:00,"Collision with vehicle","Sunday","Day",2,2,"Cross intersection",3,80,"DANDENONG","METROPOLITAN SOUTH EAST REGION",-37.96666491,145.194288,"Dry","Clear"
"T20190007112","14/4/19",16:30:00,"Fall from or in moving vehicle","Sunday","Day",1,3,"T intersection",2,60,"GEELONG","SOUTH WESTERN REGION",-38.0910386,144.3239103,"Dry","Clear"
"T20190007113","14/4/19",13:10:00,"Collision with vehicle","Sunday","Day",2,2,"Not at intersection",1,100,"LODDON","NORTHERN REGION",-36.22471996,143.9556213,"Dry","Clear"
"T20190007114","11/4/19",18:00:00,"Collision with vehicle","Thursday","Unknown",2,2,"Cross intersection",3,60,"MORELAND","METROPOLITAN NORTH WEST REGION",-37.75568111,144.9659953,"Dry","Clear"
"T20190007116","14/4/19",20:03:00,"Collision with vehicle","Sunday","Dark Street lights on",2,2,"Not at intersection",2,40,"PORT PHILLIP","METROPOLITAN NORTH WEST REGION",-37.83014207,144.9574291,"Dry","Clear"
"T20190007118","14/4/19",19:30:00,"Collision with vehicle","Sunday","Dark No street lights",2,8,"Not at intersection",2,40,"WYNDHAM","METROPOLITAN NORTH WEST REGION",-37.8271876,144.6551318,"Dry","Clear"
"T20190007124","14/4/19",22:20:00,"Collision with vehicle","Sunday","Dark Street lights off",2,3,"T intersection",2,80,"HUME","METROPOLITAN NORTH WEST REGION",-37.65760342,144.9267836,"Dry","Clear"
"T20190007129","15/4/19",06:27:00,"Collision with vehicle","Monday","Dusk/Dawn",2,2,"Cross intersection",2,60,"GLEN EIRA","METROPOLITAN SOUTH EAST REGION",-37.87805172,145.0071736,"Dry","Clear"
"T20190007132","13/4/19",10:30:00,"Collision with a fixed object","Saturday","Day",1,1,"Not at intersection",2,50,"YARRA RANGES","METROPOLITAN SOUTH EAST REGION",-37.75798445,145.3460483,"Dry","Clear"
"T20190007135","15/4/19",08:00:00,"Collision with a fixed object","Monday","Day",1,1,"Cross intersection",3,50,"BAYSIDE","METROPOLITAN SOUTH EAST REGION",-37.99309698,145.0363985,"Dry","Clear"
"T20190007136","15/4/19",08:50:00,"Collision with vehicle","Monday","Day",5,5,"Not at intersection",2,60,"GEELONG","SOUTH WESTERN REGION",-38.15908694,144.3753479,"Dry","Clear"
"T20190007137","15/4/19",10:35:00,"Collision with vehicle","Monday","Day",2,2,"T intersection",3,60,"MORNINGTON PENINSULA","METROPOLITAN SOUTH EAST REGION",-38.31163174,145.1935395,"Unknown","Clear"
"T20190007138","15/4/19",09:47:00,"Collision with vehicle","Monday","Day",2,3,"Not at intersection",2,100,"MACEDON RANGES","NORTHERN REGION",-37.23673319,144.4195013,"Dry","Clear"
"T20190007140","9/2/19",23:35:00,"Collision with a fixed object","Saturday","Dark Street lights on",1,1,"Not at intersection",2,60,"FRANKSTON","METROPOLITAN SOUTH EAST REGION",-38.1372848,145.1394841,"Dry","Clear"
"T20190007144","14/4/19",19:20:00,"Collision with vehicle","Sunday","Dark Street lights on",2,3,"T intersection",2,60,"MOIRA","NORTH EASTERN REGION",-36.01570255,146.011296,"Dry","Clear"
"T20190007147","15/4/19",12:20:00,"Collision with vehicle","Monday","Day",2,5,"Not at intersection",3,70,"CAMPASPE","NORTHERN REGION",-36.14126992,144.7297417,"Dry","Clear"
"T20190007148","15/4/19",11:05:00,"Collision with a fixed object","Monday","Day",1,2,"T intersection",3,70,"MACEDON RANGES","NORTHERN REGION",-37.46555811,144.6721768,"Dry","Clear"
"T20190007149","12/4/19",16:50:00,"Collision with vehicle","Friday","Day",2,2,"Cross intersection",3,50,"YARRA","METROPOLITAN NORTH WEST REGION",-37.81428578,145.0061444,"Dry","Clear"
"T20190007152","11/4/19",16:15:00,"Collision with vehicle","Thursday","Day",2,2,"Cross intersection",2,80,"WYNDHAM","METROPOLITAN NORTH WEST REGION",-37.81060649,144.7508595,"Dry","Clear"
"T20190007154","15/4/19",11:10:00,"Collision with a fixed object","Monday","Day",1,1,"Not at intersection",2,100,"WELLINGTON","EASTERN REGION",-38.19678634,147.3007301,"Dry","Clear"
"T20190007156","12/4/19",15:31:00,"Collision with vehicle","Friday","Day",2,3,"T intersection",3,60,"LATROBE","EASTERN REGION",-38.18388888,146.238472,"Dry","Clear"
"T20190007158","28/3/19",16:10:00,"Collision with vehicle","Thursday","Day",3,3,"Not at intersection",3,50,"HUME","METROPOLITAN NORTH WEST REGION",-37.68051108,144.9643998,"Dry","Clear"
"T20190007159","15/4/19",14:15:00,"Collision with vehicle","Monday","Day",2,6,"Cross intersection",3,60,"BALLARAT","WESTERN REGION",-37.5824829,143.8608287,"Dry","Clear"
"T20190007164","30/3/19",13:10:00,"Collision with vehicle","Saturday","Day",2,3,"Not at intersection",3,50,"DAREBIN","METROPOLITAN NORTH WEST REGION",-37.77448957,145.0110665,"Unknown","Not known"
"T20190007165","15/4/19",13:59:00,"Collision with vehicle","Monday","Day",2,4,"T intersection",2,60,"DANDENONG","METROPOLITAN SOUTH EAST REGION",-38.03499139,145.1867866,"Dry","Clear"
"T20190007168","15/3/19",16:00:00,"Collision with a fixed object","Friday","Day",1,1,"Not at intersection",2,100,"EAST GIPPSLAND","EASTERN REGION",-36.94419048,147.4226408,"Dry","Clear"
"T20190007169","15/4/19",15:35:00,"Collision with vehicle","Monday","Day",2,2,"Not at intersection",2,80,"BAW BAW","EASTERN REGION",-38.10731894,145.7853402,"Dry","Clear"
"T20190007170","15/4/19",16:10:00,"Collision with vehicle","Monday","Day",2,4,"Not at intersection",3,80,"KNOX","METROPOLITAN SOUTH EAST REGION",-37.88566192,145.2840476,"Dry","Clear"
"T20190007171","15/4/19",16:10:00,"Collision with vehicle","Monday","Day",2,3,"Cross intersection",2,100,"BASS COAST","EASTERN REGION",-38.47220066,145.4748071,"Dry","Clear"
"T20190007172","10/4/19",13:30:00,"Collision with vehicle","Wednesday","Day",2,2,"Not at intersection",2,40,"MELBOURNE","METROPOLITAN NORTH WEST REGION",-37.82502241,144.9779342,"Unknown","Not known"
"T20190007173","15/4/19",16:45:00,"Collision with vehicle","Monday","Day",2,2,"Not at intersection",3,60,"WHITTLESEA","METROPOLITAN NORTH WEST REGION",-37.65174848,145.0214412,"Dry","Clear"
"T20190007176","15/4/19",17:06:00,"Struck Pedestrian","Monday","Day",1,2,"Cross intersection",2,60,"MARIBYRNONG","METROPOLITAN NORTH WEST REGION",-37.79649289,144.8969472,"Dry","Clear"
"T20190007179","15/4/19",15:05:00,"Collision with a fixed object","Monday","Day",1,1,"Not at intersection",3,60,"WHITEHORSE","METROPOLITAN SOUTH EAST REGION",-37.82683471,145.1050967,"Dry","Clear"
"T20190007180","15/4/19",16:15:00,"No collision and no object struck","Monday","Day",1,1,"Not at intersection",2,100,"BAW BAW","EASTERN REGION",-38.07241252,145.9490206,"Dry","Clear"
"T20190007181","10/4/19",15:30:00,"Collision with vehicle","Wednesday","Day",3,3,"Cross intersection",3,999,"BANYULE","METROPOLITAN NORTH WEST REGION",-37.75997402,145.0715458,"Dry","Clear"
"T20190007185","15/4/19",15:35:00,"Collision with vehicle","Monday","Day",2,2,"Cross intersection",3,60,"WHITEHORSE","METROPOLITAN SOUTH EAST REGION",-37.79884041,145.1421773,"Dry","Clear"
"T20190007189","7/3/19",17:09:00,"Collision with vehicle","Thursday","Day",2,3,"Cross intersection",3,60,"BENDIGO","NORTHERN REGION",-36.78535524,144.2466732,"Dry","Clear"
"T20190007190","15/4/19",06:16:00,"Collision with vehicle","Monday","Day",2,2,"Not at intersection",3,80,"FRANKSTON","METROPOLITAN SOUTH EAST REGION",-38.07248919,145.1944457,"Dry","Clear"
"T20190007191","15/4/19",20:11:00,"Collision with vehicle","Monday","Dark Street lights on",4,4,"Cross intersection",1,60,"YARRA","METROPOLITAN NORTH WEST REGION",-37.79239541,144.9944185,"Dry","Clear"
"T20190007194","15/4/19",02:54:00,"Collision with vehicle","Monday","Dark Street lights on",2,1,"Not at intersection",2,60,"GEELONG","SOUTH WESTERN REGION",-38.06678263,144.359896,"Dry","Clear"
"T20190007195","16/4/19",01:30:00,"Collision with vehicle","Tuesday","Dark Street lights on",2,2,"Cross intersection",3,80,"DANDENONG","METROPOLITAN SOUTH EAST REGION",-37.93314515,145.1560118,"Dry","Clear"
"T20190007196","14/4/19",14:00:00,"Collision with vehicle","Sunday","Day",2,3,"Not at intersection",3,40,"STONNINGTON","METROPOLITAN SOUTH EAST REGION",-37.84666665,144.9926044,"Dry","Clear"
"T20190007197","15/2/19",13:25:00,"Collision with vehicle","Friday","Day",2,3,"Not at intersection",3,50,"MILDURA","WESTERN REGION",-34.18621303,142.1675567,"Dry","Clear"
"T20190007201","16/4/19",05:20:00,"Collision with vehicle","Tuesday","Dark No street lights",3,3,"Not at intersection",3,110,"MELTON","METROPOLITAN NORTH WEST REGION",-37.7117286,144.6345116,"Dry","Clear"
"T20190007203","16/4/19",08:50:00,"Collision with vehicle","Tuesday","Day",2,2,"T intersection",3,60,"GEELONG","SOUTH WESTERN REGION",-38.11155947,144.3498014,"Dry","Clear"
"T20190007205","16/4/19",07:40:00,"Collision with vehicle","Tuesday","Day",2,2,"T intersection",3,40,"WHITTLESEA","METROPOLITAN NORTH WEST REGION",-37.61308554,145.0930063,"Dry","Clear"
"T20190007206","15/4/19",19:20:00,"Collision with vehicle","Monday","Dark Street lights on",3,1,"Not at intersection",3,50,"KINGSTON","METROPOLITAN SOUTH EAST REGION",-38.03524522,145.1126025,"Dry","Clear"
"T20190007207","16/4/19",07:40:00,"Collision with vehicle","Tuesday","Day",2,2,"Cross intersection",3,60,"MELBOURNE","METROPOLITAN NORTH WEST REGION",-37.82764335,144.9580985,"Dry","Clear"
"T20190007209","16/4/19",09:15:00,"Vehicle overturned (no collision)","Tuesday","Day",1,1,"T intersection",3,50,"FRANKSTON","METROPOLITAN SOUTH EAST REGION",-38.12521942,145.1605316,"Dry","Clear"
"T20190007210","14/4/19",20:56:00,"Collision with vehicle","Sunday","Dark Street lights on",2,1,"Not at intersection",3,50,"BRIMBANK","METROPOLITAN NORTH WEST REGION",-37.78503153,144.8192231,"Dry","Clear"
"T20190007216","15/4/19",21:03:00,"Collision with a fixed object","Monday","Dark Street lights on",1,2,"Multiple intersection",2,50,"MORNINGTON PENINSULA","METROPOLITAN SOUTH EAST REGION",-38.20426455,145.0996363,"Dry","Clear"
"T20190007217","16/4/19",10:39:00,"Collision with vehicle","Tuesday","Day",2,3,"Dead end",2,80,"MELBOURNE","METROPOLITAN NORTH WEST REGION",-37.82974551,144.8983897,"Dry","Not known"
"T20190007218","14/4/19",16:45:00,"Collision with vehicle","Sunday","Unknown",2,4,"Not at intersection",3,70,"KINGSTON","METROPOLITAN SOUTH EAST REGION",-38.02678352,145.1322269,"Unknown","Not known"
"T20190007219","16/4/19",09:10:00,"Fall from or in moving vehicle","Tuesday","Day",1,1,"Cross intersection",3,40,"MELBOURNE","METROPOLITAN NORTH WEST REGION",-37.81031669,144.9613588,"Dry","Clear"
"T20190007221","16/4/19",11:45:00,"Fall from or in moving vehicle","Tuesday","Day",2,4,"Not at intersection",3,60,"YARRA","METROPOLITAN NORTH WEST REGION",-37.83284679,144.9966981,"Dry","Clear"
"T20190007222","16/4/19",13:00:00,"Collision with vehicle","Tuesday","Day",2,2,"Not at intersection",3,60,"GEELONG","SOUTH WESTERN REGION",-38.1113198,144.3432983,"Dry","Clear"
"T20190007224","16/4/19",13:10:00,"Collision with vehicle","Tuesday","Day",2,2,"Not at intersection",3,80,"CASEY","METROPOLITAN SOUTH EAST REGION",-38.17446057,145.2686699,"Dry","Clear"
"T20190007228","29/3/19",20:45:00,"Fall from or in moving vehicle","Friday","Dark Street lights unknown",1,1,"Cross intersection",3,60,"PORT PHILLIP","METROPOLITAN NORTH WEST REGION",-37.86146365,144.9916019,"Wet","Not known"
"T20190007230","26/3/19",08:00:00,"Collision with vehicle","Tuesday","Day",2,2,"Not at intersection",3,999,"MELBOURNE","METROPOLITAN NORTH WEST REGION",-37.7966627,144.9577546,"Unknown","Clear"
"T20190007231","16/4/19",10:50:00,"Collision with vehicle","Tuesday","Day",3,6,"Not at intersection",3,70,"HUME","METROPOLITAN NORTH WEST REGION",-37.63969337,144.9216524,"Dry","Clear"
"T20190007232","15/4/19",18:45:00,"Collision with a fixed object","Monday","Dark No street lights",1,1,"Cross intersection",3,100,"WELLINGTON","EASTERN REGION",-37.95275703,147.0697271,"Dry","Clear"
"T20190007233","16/4/19",13:42:00,"Collision with vehicle","Tuesday","Day",3,4,"Not at intersection",3,60,"MOONEE VALLEY","METROPOLITAN NORTH WEST REGION",-37.76415001,144.9254201,"Dry","Clear"
"T20190007234","16/4/19",14:55:00,"Collision with a fixed object","Tuesday","Day",1,2,"Cross intersection",3,100,"MOIRA","NORTH EASTERN REGION",-35.96762307,145.7138606,"Dry","Clear"
"T20190007239","16/4/19",08:51:00,"Collision with vehicle","Tuesday","Day",2,2,"Cross intersection",3,60,"MELBOURNE","METROPOLITAN NORTH WEST REGION",-37.81013295,144.9499871,"Dry","Clear"
"T20190007241","16/4/19",15:00:00,"Collision with a fixed object","Tuesday","Day",1,1,"Not at intersection",2,70,"WHITEHORSE","METROPOLITAN SOUTH EAST REGION",-37.83440301,145.1683594,"Dry","Clear"
"T20190007248","16/4/19",18:45:00,"Collision with vehicle","Tuesday","Dark Street lights on",2,3,"T intersection",3,60,"BANYULE","METROPOLITAN NORTH WEST REGION",-37.70418301,145.0990663,"Dry","Clear"
"T20190007250","16/4/19",17:20:00,"Collision with vehicle","Tuesday","Day",2,2,"Not at intersection",3,60,"STONNINGTON","METROPOLITAN SOUTH EAST REGION",-37.86386399,145.0397792,"Dry","Clear"
"T20190007251","16/4/19",16:33:00,"Collision with vehicle","Tuesday","Day",2,2,"T intersection",3,60,"BRIMBANK","METROPOLITAN NORTH WEST REGION",-37.77398624,144.7742571,"Dry","Clear"
"T20190007253","16/4/19",19:50:00,"Collision with vehicle","Tuesday","Dark Street lights on",2,3,"Not at intersection",2,50,"GEELONG","SOUTH WESTERN REGION",-38.13960548,144.3383509,"Dry","Clear"