"ACCIDENT_NO","ACCIDENTDATE","ACCIDENTTIME","Accident Type Desc","Day Week Description","Light Condition Desc","NO_OF_VEHICLES","NO_PERSONS","Road Geometry Desc","SEVERITY","SPEED_ZONE","LGA_NAME","REGION_NAME","Lat","Long","Surface Cond Desc","Atmosph Cond Desc"
"T20190007254","16/4/19",14:50:00,"Collision with vehicle","Tuesday","Day",3,4,"Not at intersection",3,60,"STONNINGTON","METROPOLITAN SOUTH EAST REGION",-37.84878057,145.0436909,"Dry","Clear"
"T20190007256","15/4/19",08:00:00,"Collision with vehicle","Monday","Day",2,2,"Not at intersection",3,60,"WHITTLESEA","METROPOLITAN NORTH WEST REGION",-37.63623763,145.0843087,"Dry","Clear"
"T20190007258","16/4/19",15:31:00,"Collision with vehicle","Tuesday","Day",3,4,"Not at intersection",2,80,"DANDENONG","METROPOLITAN SOUTH EAST REGION",-38.06558194,145.1818713,"Dry","Clear"
"T20190007259","16/4/19",17:30:00,"Collision with vehicle","Tuesday","Day",2,2,"T intersection",2,80,"MORNINGTON PENINSULA","METROPOLITAN SOUTH EAST REGION",-38.33016398,144.9911373,"Dry","Clear"
"T20190007260","16/4/19",16:30:00,"Collision with a fixed object","Tuesday","Day",1,1,"Not at intersection",1,90,"MORNINGTON PENINSULA","METROPOLITAN SOUTH EAST REGION",-38.39627335,144.8277915,"Dry","Clear"
"T20190007261","16/4/19",18:26:00,"Fall from or in moving vehicle","Tuesday","Dark Street lights on",2,3,"Not at intersection",2,60,"STONNINGTON","METROPOLITAN SOUTH EAST REGION",-37.8524195,145.0423061,"Dry","Clear"
"T20190007263","16/4/19",21:49:00,"Collision with a fixed object","Tuesday","Dark Street lights on",1,1,"Not at intersection",2,110,"WODONGA","NORTH EASTERN REGION",-36.10715672,146.9033617,"Dry","Clear"
"T20190007266","11/4/19",12:50:00,"Collision with vehicle","Thursday","Day",2,2,"Multiple intersection",2,60,"MELTON","METROPOLITAN NORTH WEST REGION",-37.73037314,144.749622,"Dry","Clear"
"T20190007267","17/4/19",03:49:00,"Collision with vehicle","Wednesday","Dark Street lights on",2,2,"Cross intersection",2,60,"STONNINGTON","METROPOLITAN SOUTH EAST REGION",-37.87597515,145.0481743,"Dry","Clear"
"T20190007271","17/4/19",07:20:00,"Collision with vehicle","Wednesday","Day",2,2,"Not at intersection",3,50,"DAREBIN","METROPOLITAN NORTH WEST REGION",-37.77903559,145.00817,"Dry","Clear"
"T20190007272","17/4/19",07:02:00,"Collision with a fixed object","Wednesday","Day",1,2,"T intersection",2,80,"MONASH","METROPOLITAN SOUTH EAST REGION",-37.90850588,145.2030761,"Dry","Clear"
"T20190007273","17/4/19",08:30:00,"Collision with vehicle","Wednesday","Day",2,2,"T intersection",3,60,"MORNINGTON PENINSULA","METROPOLITAN SOUTH EAST REGION",-38.34211116,144.9560706,"Dry","Clear"
"T20190007277","17/4/19",06:30:00,"Collision with vehicle","Wednesday","Day",2,3,"T intersection",3,999,"MONASH","METROPOLITAN SOUTH EAST REGION",-37.92791655,145.1488458,"Dry","Clear"
"T20190007278","16/4/19",14:14:00,"Collision with vehicle","Tuesday","Day",2,2,"Not at intersection",3,60,"WYNDHAM","METROPOLITAN NORTH WEST REGION",-37.81874991,144.7723289,"Dry","Clear"
"T20190007279","17/4/19",08:19:00,"Collision with vehicle","Wednesday","Day",4,4,"Not at intersection",2,100,"KNOX","METROPOLITAN SOUTH EAST REGION",-37.93263768,145.2095658,"Dry","Clear"
"T20190007280","17/4/19",08:10:00,"Collision with vehicle","Wednesday","Day",2,2,"Cross intersection",2,80,"WHITEHORSE","METROPOLITAN SOUTH EAST REGION",-37.85473993,145.1692844,"Dry","Clear"
"T20190007282","16/4/19",21:45:00,"Collision with vehicle","Tuesday","Dark Street lights on",2,2,"Not at intersection",2,80,"FRANKSTON","METROPOLITAN SOUTH EAST REGION",-38.10915317,145.16172,"Dry","Clear"
"T20190007285","17/4/19",11:28:00,"Collision with vehicle","Wednesday","Day",2,3,"T intersection",2,60,"GLEN EIRA","METROPOLITAN SOUTH EAST REGION",-37.93353715,145.0485115,"Dry","Clear"
"T20190007286","17/4/19",12:05:00,"Collision with vehicle","Wednesday","Day",2,1,"Not at intersection",2,40,"GEELONG","SOUTH WESTERN REGION",-38.12178041,144.3280733,"Dry","Clear"
"T20190007288","17/4/19",10:20:00,"Collision with vehicle","Wednesday","Day",2,2,"Not at intersection",2,100,"MURRINDINDI","NORTH EASTERN REGION",-37.20116845,145.3521508,"Dry","Clear"
"T20190007290","17/4/19",13:05:00,"Collision with a fixed object","Wednesday","Day",1,1,"Cross intersection",3,50,"MOIRA","NORTH EASTERN REGION",-36.08838481,145.4423362,"Dry","Clear"
"T20190007291","17/4/19",10:20:00,"Collision with vehicle","Wednesday","Day",3,5,"Not at intersection",3,100,"HORSHAM","WESTERN REGION",-36.60922542,142.1251413,"Dry","Clear"
"T20190007292","17/4/19",12:17:00,"collision with some other object","Wednesday","Day",1,1,"Not at intersection",2,100,"CARDINIA","METROPOLITAN SOUTH EAST REGION",-37.90993937,145.5823989,"Dry","Clear"
"T20190007294","17/4/19",13:19:00,"Collision with vehicle","Wednesday","Day",2,3,"Cross intersection",3,80,"MILDURA","WESTERN REGION",-34.26200468,142.1410307,"Dry","Clear"
"T20190007295","17/4/19",13:37:00,"Collision with vehicle","Wednesday","Day",2,2,"Cross intersection",2,60,"BALLARAT","WESTERN REGION",-37.56092213,143.8474373,"Dry","Clear"
"T20190007296","17/4/19",11:50:00,"Collision with a fixed object","Wednesday","Day",1,1,"Not at intersection",3,80,"MELTON","METROPOLITAN NORTH WEST REGION",-37.75933167,144.7483884,"Icy","Clear"
"T20190007297","17/4/19",11:45:00,"Collision with a fixed object","Wednesday","Day",1,1,"Not at intersection",3,80,"DANDENONG","METROPOLITAN SOUTH EAST REGION",-37.93110074,145.1533773,"Dry","Clear"
"T20190007298","17/4/19",14:00:00,"Collision with vehicle","Wednesday","Day",2,2,"Cross intersection",3,50,"WHITEHORSE","METROPOLITAN SOUTH EAST REGION",-37.81571682,145.1788059,"Dry","Clear"
"T20190007299","17/4/19",13:24:00,"Collision with vehicle","Wednesday","Day",2,2,"Cross intersection",3,50,"GEELONG","SOUTH WESTERN REGION",-38.14178534,144.3450413,"Dry","Clear"
"T20190007302","17/4/19",15:45:00,"Collision with vehicle","Wednesday","Day",3,3,"T intersection",3,60,"MORELAND","METROPOLITAN NORTH WEST REGION",-37.73540526,144.9774633,"Dry","Clear"
"T20190007302","17/4/19",15:45:00,"Collision with vehicle","Wednesday","Day",3,3,"T intersection",3,60,"MORELAND","METROPOLITAN NORTH WEST REGION",-37.73540526,144.9774633,"Dry","Strong winds"
"T20190007305","17/4/19",15:10:00,"Collision with vehicle","Wednesday","Day",2,1,"Not at intersection",2,50,"BOROONDARA","METROPOLITAN SOUTH EAST REGION",-37.86059074,145.0867399,"Dry","Clear"
"T20190007311","17/4/19",16:44:00,"Struck Pedestrian","Wednesday","Day",1,4,"Not at intersection",2,60,"STONNINGTON","METROPOLITAN SOUTH EAST REGION",-37.85159601,145.0298208,"Dry","Clear"
"T20190007312","17/4/19",15:20:00,"Collision with vehicle","Wednesday","Day",2,2,"T intersection",2,50,"KINGSTON","METROPOLITAN SOUTH EAST REGION",-37.98009467,145.1103576,"Dry","Clear"
"T20190007316","17/4/19",17:05:00,"Collision with vehicle","Wednesday","Day",2,3,"T intersection",2,60,"WANGARATTA","NORTH EASTERN REGION",-36.3524933,146.331299,"Dry","Clear"
"T20190007325","16/4/19",13:15:00,"Vehicle overturned (no collision)","Tuesday","Day",1,1,"Not at intersection",3,50,"MORELAND","METROPOLITAN NORTH WEST REGION",-37.77460326,144.9679294,"Dry","Clear"
"T20190007326","17/4/19",16:15:00,"Collision with vehicle","Wednesday","Day",2,2,"T intersection",3,60,"PORT PHILLIP","METROPOLITAN NORTH WEST REGION",-37.86249763,144.9851384,"Dry","Clear"
"T20190007328","29/3/19",15:40:00,"Collision with vehicle","Friday","Day",2,2,"Cross intersection",3,999,"STONNINGTON","METROPOLITAN SOUTH EAST REGION",-37.87193848,145.0489501,"Dry","Clear"
"T20190007330","12/4/19",19:00:00,"Collision with vehicle","Friday","Dusk/Dawn",2,2,"T intersection",3,60,"YARRA","METROPOLITAN NORTH WEST REGION",-37.78502246,145.0017403,"Dry","Clear"
"T20190007331","17/4/19",18:14:00,"Collision with vehicle","Wednesday","Dark Street lights on",3,3,"Not at intersection",2,80,"STONNINGTON","METROPOLITAN SOUTH EAST REGION",-37.85812055,145.0587049,"Dry","Clear"
"T20190007332","17/4/19",18:26:00,"Struck Pedestrian","Wednesday","Dark Street lights on",1,2,"Not at intersection",2,50,"HUME","METROPOLITAN NORTH WEST REGION",-37.67770789,144.920511,"Dry","Clear"
"T20190007335","10/4/19",13:30:00,"Collision with vehicle","Wednesday","Day",2,2,"Not at intersection",3,100,"WODONGA","NORTH EASTERN REGION",-36.24626379,146.8237632,"Dry","Clear"
"T20190007338","17/4/19",20:43:00,"Collision with vehicle","Wednesday","Dark Street lights on",2,2,"Cross intersection",2,60,"KNOX","METROPOLITAN SOUTH EAST REGION",-37.90049245,145.2945816,"Dry","Clear"
"T20190007339","17/4/19",16:45:00,"Collision with a fixed object","Wednesday","Day",1,1,"Not at intersection",3,100,"SOUTHERN GRAMPIANS","SOUTH WESTERN REGION",-37.30583606,141.8644385,"Wet","Clear"
"T20190007340","17/4/19",20:55:00,"Collision with vehicle","Wednesday","Dark Street lights on",2,3,"Cross intersection",2,80,"CASEY","METROPOLITAN SOUTH EAST REGION",-38.01387344,145.3092108,"Wet","Raining"
"T20190007341","17/4/19",23:19:00,"Collision with vehicle","Wednesday","Dark Street lights on",2,2,"Cross intersection",3,60,"MONASH","METROPOLITAN SOUTH EAST REGION",-37.87220519,145.1483981,"Dry","Clear"
"T20190007343","17/4/19",23:40:00,"Collision with vehicle","Wednesday","Dark No street lights",3,6,"Not at intersection",2,100,"CASEY","METROPOLITAN SOUTH EAST REGION",-37.9858041,145.2492649,"Dry","Clear"
"T20190007346","15/4/19",09:00:00,"Collision with vehicle","Monday","Day",2,2,"Cross intersection",3,60,"YARRA","METROPOLITAN NORTH WEST REGION",-37.79312144,144.9793459,"Dry","Clear"
"T20190007349","28/3/19",15:00:00,"Collision with vehicle","Thursday","Day",2,2,"Not at intersection",3,100,"FRANKSTON","METROPOLITAN SOUTH EAST REGION",-38.09517401,145.2359149,"Unknown","Clear"
"T20190007351","13/4/19",17:15:00,"Collision with vehicle","Saturday","Day",2,3,"T intersection",3,50,"MAROONDAH","METROPOLITAN SOUTH EAST REGION",-37.80152222,145.2579571,"Unknown","Not known"
"T20190007353","17/4/19",18:35:00,"Collision with vehicle","Wednesday","Dusk/Dawn",3,9,"Not at intersection",3,80,"BRIMBANK","METROPOLITAN NORTH WEST REGION",-37.71653093,144.8742511,"Dry","Clear"
"T20190007356","18/4/19",08:55:00,"Collision with vehicle","Thursday","Day",2,2,"T intersection",3,60,"MORELAND","METROPOLITAN NORTH WEST REGION",-37.76989519,144.9477009,"Dry","Clear"
"T20190007358","17/4/19",09:22:00,"Collision with vehicle","Wednesday","Day",3,3,"Cross intersection",3,70,"MONASH","METROPOLITAN SOUTH EAST REGION",-37.90413758,145.167659,"Dry","Clear"
"T20190007359","17/4/19",07:15:00,"Collision with vehicle","Wednesday","Day",2,2,"Cross intersection",3,999,"BOROONDARA","METROPOLITAN SOUTH EAST REGION",-37.8657906,145.0927921,"Dry","Clear"
"T20190007360","26/2/19",14:00:00,"Collision with vehicle","Tuesday","Unknown",2,2,"Not at intersection",3,60,"DAREBIN","METROPOLITAN NORTH WEST REGION",-37.73622999,144.9995099,"Unknown","Clear"
"T20190007361","18/4/19",07:00:00,"Collision with vehicle","Thursday","Dusk/Dawn",2,2,"Not at intersection",3,80,"MILDURA","WESTERN REGION",-34.24586389,142.1483443,"Dry","Clear"
"T20190007363","18/4/19",11:15:00,"Struck Pedestrian","Thursday","Day",1,2,"Not at intersection",2,60,"KINGSTON","METROPOLITAN SOUTH EAST REGION",-37.94899135,145.0439608,"Dry","Clear"
"T20190007364","17/4/19",12:08:00,"Collision with vehicle","Wednesday","Day",2,2,"Not at intersection",2,100,"MONASH","METROPOLITAN SOUTH EAST REGION",-37.88601109,145.1030998,"Dry","Clear"
"T20190007365","1/3/19",18:45:00,"Collision with vehicle","Friday","Day",2,4,"T intersection",3,50,"DANDENONG","METROPOLITAN SOUTH EAST REGION",-37.98047233,145.1753777,"Dry","Clear"
"T20190007367","5/1/19",13:50:00,"Collision with a fixed object","Saturday","Day",1,2,"T intersection",3,60,"YARRA RANGES","METROPOLITAN SOUTH EAST REGION",-37.89325267,145.3256277,"Wet","Clear"
"T20190007368","18/4/19",08:44:00,"Collision with vehicle","Thursday","Day",6,7,"Not at intersection",2,110,"MELTON","METROPOLITAN NORTH WEST REGION",-37.6950688,144.5970201,"Dry","Clear"
"T20190007371","16/4/19",14:00:00,"Collision with vehicle","Tuesday","Unknown",2,2,"Cross intersection",3,999,"STONNINGTON","METROPOLITAN SOUTH EAST REGION",-37.83149311,145.0124471,"Unknown","Clear"
"T20190007373","18/4/19",10:20:00,"Collision with a fixed object","Thursday","Day",1,2,"T intersection",2,100,"BENDIGO","NORTHERN REGION",-36.71380418,144.1326657,"Dry","Clear"
"T20190007377","17/4/19",16:00:00,"Collision with a fixed object","Wednesday","Day",1,1,"Not at intersection",3,100,"MOYNE","SOUTH WESTERN REGION",-38.27934551,142.2574009,"Wet","Raining"
"T20190007379","22/2/19",23:30:00,"Collision with vehicle","Friday","Unknown",2,3,"T intersection",3,50,"MELBOURNE","METROPOLITAN NORTH WEST REGION",-37.82513836,144.9610421,"Dry","Not known"
"T20190007380","18/4/19",10:00:00,"Vehicle overturned (no collision)","Thursday","Day",1,1,"Not at intersection",2,100,"GANNAWARRA","NORTHERN REGION",-35.86777,144.1798116,"Dry","Clear"
"T20190007381","18/4/19",13:00:00,"No collision and no object struck","Thursday","Day",1,1,"T intersection",3,60,"MELBOURNE","METROPOLITAN NORTH WEST REGION",-37.82184704,144.9521898,"Dry","Clear"
"T20190007383","18/4/19",08:45:00,"Struck Pedestrian","Thursday","Day",1,2,"Cross intersection",3,50,"DANDENONG","METROPOLITAN SOUTH EAST REGION",-37.98821454,145.2127706,"Dry","Clear"
"T20190007385","12/4/19",19:30:00,"Collision with vehicle","Friday","Unknown",2,3,"Not at intersection",3,60,"MONASH","METROPOLITAN SOUTH EAST REGION",-37.89519671,145.1440395,"Dry","Clear"
"T20190007386","4/4/19",20:55:00,"Collision with vehicle","Thursday","Dark Street lights on",3,3,"Not at intersection",3,60,"BRIMBANK","METROPOLITAN NORTH WEST REGION",-37.74453775,144.8019017,"Dry","Clear"
"T20190007388","18/4/19",14:00:00,"Collision with vehicle","Thursday","Day",2,3,"Cross intersection",3,60,"MILDURA","WESTERN REGION",-34.19802392,142.146737,"Dry","Clear"
"T20190007389","18/4/19",12:20:00,"Collision with vehicle","Thursday","Day",2,2,"T intersection",3,50,"BANYULE","METROPOLITAN NORTH WEST REGION",-37.77604557,145.0537598,"Dry","Not known"
"T20190007393","18/4/19",15:25:00,"Collision with vehicle","Thursday","Day",2,1,"Not at intersection",2,60,"BALLARAT","WESTERN REGION",-37.56785266,143.8968046,"Dry","Clear"
"T20190007396","18/4/19",15:50:00,"Collision with a fixed object","Thursday","Day",1,1,"Not at intersection",3,100,"CASEY","METROPOLITAN SOUTH EAST REGION",-38.00518358,145.3364002,"Dry","Clear"
"T20190007399","18/4/19",16:30:00,"Collision with vehicle","Thursday","Day",2,3,"T intersection",2,60,"MELTON","METROPOLITAN NORTH WEST REGION",-37.68464611,144.5634452,"Dry","Clear"
"T20190007400","18/4/19",13:30:00,"Struck Pedestrian","Thursday","Day",1,2,"Not at intersection",2,40,"WHITTLESEA","METROPOLITAN NORTH WEST REGION",-37.65242698,145.0185599,"Dry","Clear"
"T20190007401","18/4/19",18:35:00,"Collision with vehicle","Thursday","Dark Street lights on",2,2,"T intersection",2,60,"MAROONDAH","METROPOLITAN SOUTH EAST REGION",-37.80249091,145.2324453,"Dry","Clear"
"T20190007402","18/4/19",16:06:00,"Collision with vehicle","Thursday","Day",2,2,"T intersection",3,60,"MONASH","METROPOLITAN SOUTH EAST REGION",-37.90313138,145.0862849,"Dry","Clear"
"T20190007403","26/3/19",16:15:00,"No collision and no object struck","Tuesday","Day",2,2,"T intersection",2,999,"MOONEE VALLEY","METROPOLITAN NORTH WEST REGION",-37.73110295,144.8754265,"Dry","Not known"
"T20190007405","18/4/19",19:58:00,"Struck Pedestrian","Thursday","Dark Street lights unknown",2,2,"T intersection",3,999,"MOONEE VALLEY","METROPOLITAN NORTH WEST REGION",-37.7360266,144.8890623,"Wet","Not known"
"T20190007405","18/4/19",19:58:00,"Struck Pedestrian","Thursday","Dark Street lights unknown",2,2,"T intersection",3,999,"MOONEE VALLEY","METROPOLITAN NORTH WEST REGION",-37.7360266,144.8890623,"Snowy","Not known"
"T20190007407","18/4/19",17:56:00,"Collision with vehicle","Thursday","Dark Street lights on",2,2,"Not at intersection",3,100,"BOROONDARA","METROPOLITAN SOUTH EAST REGION",-37.79034186,145.0404595,"Dry","Clear"
"T20190007409","18/4/19",20:25:00,"Collision with vehicle","Thursday","Dark Street lights on",4,5,"Not at intersection",3,50,"WHITTLESEA","METROPOLITAN NORTH WEST REGION",-37.67910033,145.0140528,"Dry","Clear"
"T20190007411","18/4/19",18:35:00,"Collision with vehicle","Thursday","Dark Street lights on",2,4,"Multiple intersection",3,50,"MOIRA","NORTH EASTERN REGION",-36.01849401,146.0054561,"Dry","Clear"
"T20190007412","18/4/19",18:00:00,"Collision with vehicle","Thursday","Dark No street lights",2,3,"Cross intersection",3,80,"MELTON","METROPOLITAN NORTH WEST REGION",-37.8050188,144.6959414,"Dry","Clear"
"T20190007413","18/4/19",00:30:00,"Collision with a fixed object","Thursday","Dark No street lights",1,1,"T intersection",3,100,"HORSHAM","WESTERN REGION",-36.51084592,142.2166659,"Dry","Clear"
"T20190007414","18/4/19",20:50:00,"Collision with vehicle","Thursday","Dark Street lights on",2,5,"Cross intersection",3,60,"DANDENONG","METROPOLITAN SOUTH EAST REGION",-37.99737329,145.1622675,"Dry","Clear"
"T20190007416","18/4/19",22:18:00,"Collision with vehicle","Thursday","Dark Street lights on",2,2,"Not at intersection",3,40,"MELBOURNE","METROPOLITAN NORTH WEST REGION",-37.80245042,144.9666339,"Dry","Clear"
"T20190007417","18/4/19",18:21:00,"Collision with vehicle","Thursday","Dark Street lights on",2,2,"Cross intersection",3,80,"WHITEHORSE","METROPOLITAN SOUTH EAST REGION",-37.81838659,145.1760466,"Dry","Clear"
"T20190007418","18/4/19",23:35:00,"Collision with vehicle","Thursday","Dark Street lights on",2,3,"T intersection",3,60,"BOROONDARA","METROPOLITAN SOUTH EAST REGION",-37.8379748,145.055452,"Dry","Clear"
"T20190007419","19/4/19",00:32:00,"Collision with vehicle","Friday","Dark No street lights",2,5,"Not at intersection",2,80,"HUME","METROPOLITAN NORTH WEST REGION",-37.60131378,144.8825652,"Dry","Clear"
"T20190007421","18/4/19",23:40:00,"Collision with vehicle","Thursday","Dark Street lights on",2,1,"Not at intersection",2,50,"DAREBIN","METROPOLITAN NORTH WEST REGION",-37.73371141,145.0139443,"Dry","Clear"
"T20190007423","18/4/19",07:55:00,"Collision with vehicle","Thursday","Day",2,2,"Not at intersection",3,40,"MELBOURNE","METROPOLITAN NORTH WEST REGION",-37.8106681,144.9677991,"Dry","Clear"
"T20190007424","19/4/19",02:40:00,"Fall from or in moving vehicle","Friday","Dark Street lights on",1,4,"Not at intersection",1,50,"FRANKSTON","METROPOLITAN SOUTH EAST REGION",-38.16637387,145.1608036,"Dry","Clear"
"T20190007428","18/4/19",23:30:00,"Collision with a fixed object","Thursday","Dark No street lights",1,2,"Not at intersection",2,100,"GOLDEN PLAINS","SOUTH WESTERN REGION",-38.01207974,144.2254205,"Dry","Clear"
"T20190007431","18/4/19",18:00:00,"Collision with vehicle","Thursday","Unknown",2,2,"Not at intersection",3,999,"WYNDHAM","METROPOLITAN NORTH WEST REGION",-37.90234707,144.6659192,"Unknown","Not known"
"T20190007432","16/4/19",20:30:00,"Struck Pedestrian","Tuesday","Dark Street lights on",2,2,"Not at intersection",3,40,"PORT PHILLIP","METROPOLITAN NORTH WEST REGION",-37.86798047,144.991604,"Dry","Clear"
"T20190007434","19/4/19",11:15:00,"Collision with vehicle","Friday","Day",2,2,"Not at intersection",3,60,"BOROONDARA","METROPOLITAN SOUTH EAST REGION",-37.77815006,145.0787228,"Dry","Clear"
"T20190007435","19/4/19",10:20:00,"Collision with a fixed object","Friday","Day",1,1,"Not at intersection",3,100,"BASS COAST","EASTERN REGION",-38.46933301,145.4519294,"Dry","Clear"
"T20190007436","18/4/19",12:45:00,"Struck Pedestrian","Thursday","Day",1,3,"Not at intersection",3,999,"WANGARATTA","NORTH EASTERN REGION",-36.36553668,146.299457,"Dry","Clear"
"T20190007437","19/4/19",11:06:00,"Collision with vehicle","Friday","Day",2,7,"Cross intersection",3,60,"MELBOURNE","METROPOLITAN NORTH WEST REGION",-37.80550463,144.9486553,"Dry","Clear"
"T20190007438","19/4/19",11:15:00,"Collision with vehicle","Friday","Day",2,3,"T intersection",3,60,"BANYULE","METROPOLITAN NORTH WEST REGION",-37.74288987,145.0650344,"Dry","Clear"
"T20190007440","16/4/19",08:55:00,"Collision with vehicle","Tuesday","Day",2,3,"Not at intersection",3,40,"YARRA","METROPOLITAN NORTH WEST REGION",-37.80616304,144.9771393,"Dry","Clear"
"T20190007442","19/4/19",10:17:00,"Collision with vehicle","Friday","Day",3,4,"Cross intersection",2,100,"SURF COAST","SOUTH WESTERN REGION",-38.29952875,143.9807195,"Dry","Clear"
"T20190007444","19/4/19",06:45:00,"Collision with a fixed object","Friday","Day",1,3,"Not at intersection",1,100,"ARARAT","WESTERN REGION",-37.23197883,142.8990329,"Dry","Clear"
"T20190007445","19/4/19",11:50:00,"Collision with vehicle","Friday","Day",2,3,"Cross intersection",3,60,"DAREBIN","METROPOLITAN NORTH WEST REGION",-37.73439482,145.013685,"Dry","Clear"
"T20190007448","19/4/19",13:30:00,"Collision with vehicle","Friday","Day",4,5,"Cross intersection",3,60,"SURF COAST","SOUTH WESTERN REGION",-38.32598444,144.3175731,"Dry","Clear"
"T20190007449","19/4/19",13:30:00,"Collision with a fixed object","Friday","Day",1,3,"Not at intersection",3,100,"ARARAT","WESTERN REGION",-37.26876795,142.9920604,"Dry","Dust"
"T20190007450","19/4/19",12:35:00,"No collision and no object struck","Friday","Day",1,2,"T intersection",3,80,"GEELONG","SOUTH WESTERN REGION",-38.26543915,144.4454261,"Dry","Clear"
"T20190007451","19/4/19",10:00:00,"Collision with a fixed object","Friday","Day",1,4,"T intersection",2,100,"CORANGAMITE","SOUTH WESTERN REGION",-38.02702384,143.5028267,"Dry","Clear"
"T20190007453","19/4/19",15:05:00,"Collision with vehicle","Friday","Day",3,3,"Not at intersection",3,100,"WANGARATTA","NORTH EASTERN REGION",-36.23485059,146.5209599,"Dry","Clear"
"T20190007454","19/4/19",15:50:00,"Collision with vehicle","Friday","Day",2,4,"Cross intersection",3,60,"ARARAT","WESTERN REGION",-37.28497428,142.9310226,"Dry","Clear"
"T20190007460","19/4/19",16:10:00,"Collision with vehicle","Friday","Day",2,2,"T intersection",2,60,"BOROONDARA","METROPOLITAN SOUTH EAST REGION",-37.81373208,145.088718,"Dry","Clear"
"T20190007461","19/4/19",11:54:00,"Collision with vehicle","Friday","Day",2,2,"Not at intersection",2,100,"EAST GIPPSLAND","EASTERN REGION",-37.70327492,148.0534257,"Dry","Clear"
"T20190007462","19/4/19",11:50:00,"Collision with vehicle","Friday","Day",4,8,"Not at intersection",2,100,"ARARAT","WESTERN REGION",-37.30088722,142.980634,"Dry","Clear"
"T20190007463","19/4/19",18:20:00,"Collision with a fixed object","Friday","Dark No street lights",1,1,"Not at intersection",2,80,"CASEY","METROPOLITAN SOUTH EAST REGION",-38.0725476,145.2976381,"Dry","Clear"
"T20190007464","19/4/19",15:15:00,"Collision with vehicle","Friday","Day",2,5,"Cross intersection",3,60,"PYRENEES","WESTERN REGION",-37.42749266,143.379658,"Dry","Clear"
"T20190007466","19/4/19",16:00:00,"Collision with vehicle","Friday","Day",2,5,"Cross intersection",3,40,"BANYULE","METROPOLITAN NORTH WEST REGION",-37.75375689,145.0624904,"Dry","Clear"
"T20190007468","19/4/19",18:23:00,"Collision with vehicle","Friday","Dark Street lights on",2,2,"Not at intersection",3,60,"MARIBYRNONG","METROPOLITAN NORTH WEST REGION",-37.79419014,144.8629713,"Dry","Clear"
"T20190007469","19/4/19",15:30:00,"Collision with vehicle","Friday","Day",2,6,"Not at intersection",2,80,"HOBSONS BAY","METROPOLITAN NORTH WEST REGION",-37.82595352,144.8237104,"Dry","Clear"
"T20190007470","16/4/19",09:00:00,"Struck animal","Tuesday","Day",1,2,"Not at intersection",3,999,"HOBSONS BAY","METROPOLITAN NORTH WEST REGION",-37.87116991,144.9052501,"Dry","Not known"
"T20190007473","11/4/19",16:45:00,"Collision with vehicle","Thursday","Day",4,5,"Not at intersection",3,60,"BANYULE","METROPOLITAN NORTH WEST REGION",-37.70410602,145.0983707,"Dry","Not known"
"T20190007474","19/4/19",17:00:00,"Collision with vehicle","Friday","Day",3,3,"Not at intersection",3,60,"MELTON","METROPOLITAN NORTH WEST REGION",-37.695675,144.5764427,"Dry","Clear"
"T20190007475","19/4/19",21:25:00,"Collision with vehicle","Friday","Dark Street lights on",2,2,"Cross intersection",2,999,"BAYSIDE","METROPOLITAN SOUTH EAST REGION",-37.92083185,145.0056951,"Dry","Not known"
"T20190007477","19/4/19",00:15:00,"Collision with vehicle","Friday","Dark Street lights on",2,4,"Cross intersection",3,60,"MELBOURNE","METROPOLITAN NORTH WEST REGION",-37.79226018,144.9683897,"Dry","Clear"
"T20190007479","19/4/19",19:15:00,"Struck Pedestrian","Friday","Day",1,2,"Not at intersection",1,80,"BRIMBANK","METROPOLITAN NORTH WEST REGION",-37.77152589,144.7870583,"Dry","Clear"
"T20190007482","20/4/19",06:45:00,"Collision with vehicle","Saturday","Dusk/Dawn",2,2,"Cross intersection",2,80,"BENDIGO","NORTHERN REGION",-36.7422264,144.2041565,"Dry","Clear"
"T20190007489","20/4/19",11:05:00,"collision with some other object","Saturday","Day",2,2,"Not at intersection",2,30,"HOBSONS BAY","METROPOLITAN NORTH WEST REGION",-37.85482975,144.9017609,"Dry","Clear"
"T20190007493","20/4/19",12:15:00,"Collision with vehicle","Saturday","Day",2,7,"Not at intersection",3,60,"WHITTLESEA","METROPOLITAN NORTH WEST REGION",-37.6400543,145.0265374,"Dry","Clear"
"T20190007494","20/4/19",11:30:00,"Collision with vehicle","Saturday","Day",3,5,"T intersection",2,60,"KINGSTON","METROPOLITAN SOUTH EAST REGION",-37.98305579,145.0799338,"Dry","Clear"
"T20190007496","20/4/19",11:45:00,"Collision with vehicle","Saturday","Day",4,7,"Not at intersection",2,80,"MOONEE VALLEY","METROPOLITAN NORTH WEST REGION",-37.72884044,144.8906738,"Dry","Clear"
"T20190007497","20/4/19",13:00:00,"Collision with vehicle","Saturday","Day",2,2,"T intersection",3,50,"WHITTLESEA","METROPOLITAN NORTH WEST REGION",-37.67680891,145.0542533,"Dry","Clear"