"ACCIDENT_NO","ACCIDENTDATE","ACCIDENTTIME","Accident Type Desc","Day Week Description","Light Condition Desc","NO_OF_VEHICLES","NO_PERSONS","Road Geometry Desc","SEVERITY","SPEED_ZONE","LGA_NAME","REGION_NAME","Lat","Long","Surface Cond Desc","Atmosph Cond Desc"
"T20190007497","20/4/19",13:00:00,"Collision with vehicle","Saturday","Day",2,2,"T intersection",3,50,"WHITTLESEA","METROPOLITAN NORTH WEST REGION",-37.67680891,145.0542533,"Icy","Clear"
"T20190007499","20/4/19",11:40:00,"Collision with vehicle","Saturday","Day",2,6,"Not at intersection",3,100,"BAW BAW","EASTERN REGION",-38.06158052,146.3350893,"Dry","Clear"
"T20190007502","19/4/19",16:32:00,"Collision with vehicle","Friday","Day",2,2,"Not at intersection",3,40,"STONNINGTON","METROPOLITAN SOUTH EAST REGION",-37.84353973,145.02934,"Unknown","Not known"
"T20190007503","20/4/19",00:30:00,"Struck animal","Saturday","Dark No street lights",1,2,"Not at intersection",3,70,"BENDIGO","NORTHERN REGION",-36.7222104,144.3241632,"Dry","Clear"
"T20190007505","20/4/19",14:15:00,"Collision with vehicle","Saturday","Day",2,2,"Not at intersection",2,100,"TOWONG","NORTH EASTERN REGION",-36.55430339,147.5220022,"Wet","Clear"
"T20190007506","20/4/19",13:10:00,"Collision with vehicle","Saturday","Day",2,7,"Not at intersection",3,100,"ARARAT","WESTERN REGION",-37.47825215,142.4333236,"Dry","Clear"
"T20190007509","20/4/19",16:54:00,"Collision with vehicle","Saturday","Dusk/Dawn",3,4,"Cross intersection",3,60,"MELBOURNE","METROPOLITAN NORTH WEST REGION",-37.79659639,144.9511968,"Dry","Clear"
"T20190007511","20/4/19",12:00:00,"Fall from or in moving vehicle","Saturday","Day",1,2,"Not at intersection",3,100,"HOBSONS BAY","METROPOLITAN NORTH WEST REGION",-37.86954091,144.7550801,"Dry","Clear"
"T20190007512","20/4/19",14:00:00,"Vehicle overturned (no collision)","Saturday","Day",1,1,"Not at intersection",2,100,"ALPINE","NORTH EASTERN REGION",-36.75444163,147.0017855,"Dry","Clear"
"T20190007513","19/4/19",16:00:00,"collision with some other object","Friday","Unknown",1,1,"Not at intersection",2,888,"WELLINGTON","EASTERN REGION",-38.38116959,146.9225508,"Unknown","Not known"
"T20190007521","20/4/19",15:55:00,"Collision with vehicle","Saturday","Day",5,2,"Not at intersection",3,50,"BOROONDARA","METROPOLITAN SOUTH EAST REGION",-37.83532146,145.0811849,"Dry","Clear"
"T20190007522","20/4/19",14:49:00,"Vehicle overturned (no collision)","Saturday","Day",1,3,"Not at intersection",3,100,"MANSFIELD","NORTH EASTERN REGION",-37.11278872,146.5583793,"Dry","Clear"
"T20190007522","20/4/19",14:49:00,"Vehicle overturned (no collision)","Saturday","Day",1,3,"Not at intersection",3,100,"MANSFIELD","NORTH EASTERN REGION",-37.11278872,146.5583793,"Dry","Dust"
"T20190007525","20/4/19",16:30:00,"Collision with vehicle","Saturday","Day",2,2,"T intersection",2,80,"WHITTLESEA","METROPOLITAN NORTH WEST REGION",-37.64081544,145.096243,"Dry","Clear"
"T20190007526","20/4/19",19:20:00,"Collision with vehicle","Saturday","Dark Street lights on",2,3,"Not at intersection",2,60,"WODONGA","NORTH EASTERN REGION",-36.11325421,146.8552784,"Dry","Clear"
"T20190007529","20/4/19",16:45:00,"collision with some other object","Saturday","Day",1,2,"Not at intersection",3,80,"MORNINGTON PENINSULA","METROPOLITAN SOUTH EAST REGION",-38.24987998,145.1117059,"Dry","Clear"
"T20190007530","20/4/19",20:45:00,"Struck animal","Saturday","Dark No street lights",1,2,"Not at intersection",3,100,"TOWONG","NORTH EASTERN REGION",-36.22457166,147.1496864,"Dry","Clear"
"T20190007531","20/4/19",15:40:00,"Collision with vehicle","Saturday","Day",2,2,"Not at intersection",3,60,"DAREBIN","METROPOLITAN NORTH WEST REGION",-37.70015433,145.0105072,"Dry","Clear"
"T20190007537","20/4/19",21:25:00,"Collision with vehicle","Saturday","Dark Street lights on",2,7,"Cross intersection",3,60,"HUME","METROPOLITAN NORTH WEST REGION",-37.59013968,144.9106953,"Dry","Clear"
"T20190007541","20/4/19",22:41:00,"Collision with a fixed object","Saturday","Dark No street lights",1,1,"Not at intersection",2,60,"BAW BAW","EASTERN REGION",-38.27033287,146.181768,"Dry","Clear"
"T20190007542","21/4/19",03:22:00,"Collision with a fixed object","Sunday","Dark Street lights on",1,4,"Not at intersection",2,50,"MANNINGHAM","METROPOLITAN SOUTH EAST REGION",-37.78654379,145.117639,"Dry","Clear"
"T20190007545","21/4/19",06:20:00,"Collision with vehicle","Sunday","Dusk/Dawn",2,2,"Not at intersection",3,60,"MELTON","METROPOLITAN NORTH WEST REGION",-37.74634999,144.7490399,"Dry","Clear"
"T20190007546","21/4/19",04:15:00,"Collision with vehicle","Sunday","Dark Street lights on",3,3,"Cross intersection",2,60,"BRIMBANK","METROPOLITAN NORTH WEST REGION",-37.77741187,144.8286631,"Dry","Clear"
"T20190007549","21/4/19",10:10:00,"Collision with vehicle","Sunday","Day",2,2,"Cross intersection",3,50,"MACEDON RANGES","NORTHERN REGION",-37.49000193,144.5907895,"Dry","Clear"
"T20190007550","20/4/19",14:30:00,"No collision and no object struck","Saturday","Day",1,1,"Not at intersection",3,888,"WELLINGTON","EASTERN REGION",-38.04808932,147.6175156,"Dry","Clear"
"T20190007552","20/4/19",12:30:00,"Collision with a fixed object","Saturday","Day",1,2,"Not at intersection",3,110,"BENALLA","NORTH EASTERN REGION",-36.57873133,145.9142778,"Dry","Clear"
"T20190007553","21/4/19",10:30:00,"Vehicle overturned (no collision)","Sunday","Day",1,1,"Not at intersection",3,100,"ALPINE","NORTH EASTERN REGION",-36.80202819,146.7890402,"Dry","Clear"
"T20190007556","21/4/19",12:10:00,"Collision with vehicle","Sunday","Day",2,5,"T intersection",2,100,"MITCHELL","NORTHERN REGION",-37.03129076,144.7943728,"Dry","Clear"
"T20190007559","21/4/19",12:43:00,"Collision with vehicle","Sunday","Day",2,3,"Cross intersection",2,70,"CAMPASPE","NORTHERN REGION",-36.31175043,145.0320676,"Dry","Clear"
"T20190007562","20/4/19",16:10:00,"Collision with vehicle","Saturday","Day",2,2,"Cross intersection",3,60,"BALLARAT","WESTERN REGION",-37.561547,143.8729426,"Dry","Clear"
"T20190007568","21/4/19",12:38:00,"Collision with vehicle","Sunday","Day",2,2,"Not at intersection",2,100,"WELLINGTON","EASTERN REGION",-38.42335089,146.7625236,"Dry","Clear"
"T20190007569","21/4/19",12:50:00,"Collision with vehicle","Sunday","Day",2,2,"T intersection",3,60,"KINGSTON","METROPOLITAN SOUTH EAST REGION",-38.01048213,145.088867,"Dry","Clear"
"T20190007571","21/4/19",16:30:00,"Struck Pedestrian","Sunday","Day",1,2,"T intersection",3,60,"MORELAND","METROPOLITAN NORTH WEST REGION",-37.77569236,144.9487939,"Dry","Clear"
"T20190007575","21/4/19",19:10:00,"Collision with vehicle","Sunday","Dark Street lights on",2,3,"Cross intersection",2,60,"BOROONDARA","METROPOLITAN SOUTH EAST REGION",-37.83215537,145.0636837,"Wet","Raining"
"T20190007576","27/3/19",14:00:00,"Collision with vehicle","Wednesday","Day",2,2,"T intersection",3,999,"MOONEE VALLEY","METROPOLITAN NORTH WEST REGION",-37.73604811,144.8891163,"Unknown","Not known"
"T20190007579","22/4/19",06:18:00,"Collision with a fixed object","Monday","Dark Street lights on",1,1,"Cross intersection",2,60,"HUME","METROPOLITAN NORTH WEST REGION",-37.61643337,144.9134234,"Dry","Not known"
"T20190007581","20/4/19",16:50:00,"Collision with vehicle","Saturday","Day",2,2,"Not at intersection",3,100,"WHITTLESEA","METROPOLITAN NORTH WEST REGION",-37.68578621,145.0148899,"Dry","Not known"
"T20190007583","14/4/19",15:00:00,"Collision with vehicle","Sunday","Day",2,2,"Cross intersection",3,60,"STONNINGTON","METROPOLITAN SOUTH EAST REGION",-37.8416742,145.0138363,"Dry","Clear"
"T20190007584","21/4/19",11:30:00,"Vehicle overturned (no collision)","Sunday","Day",1,1,"Not at intersection",3,100,"EAST GIPPSLAND","EASTERN REGION",-37.09720744,148.2530101,"Dry","Clear"
"T20190007585","22/4/19",09:44:00,"Collision with vehicle","Monday","Day",2,2,"T intersection",3,70,"MANNINGHAM","METROPOLITAN SOUTH EAST REGION",-37.76028069,145.0812274,"Dry","Clear"
"T20190007586","19/4/19",14:00:00,"collision with some other object","Friday","Day",1,1,"Not at intersection",3,999,"HINDMARSH","WESTERN REGION",-35.78110136,141.9350753,"Dry","Not known"
"T20190007587","29/3/19",14:19:00,"Fall from or in moving vehicle","Friday","Day",1,2,"Not at intersection",3,60,"MORELAND","METROPOLITAN NORTH WEST REGION",-37.71651378,144.9366391,"Unknown","Clear"
"T20190007588","15/4/19",12:15:00,"Collision with vehicle","Monday","Day",4,4,"Not at intersection",3,60,"CASEY","METROPOLITAN SOUTH EAST REGION",-38.01788671,145.2708921,"Dry","Clear"
"T20190007589","22/4/19",10:10:00,"Collision with a fixed object","Monday","Day",1,2,"Not at intersection",2,80,"COLAC OTWAY","SOUTH WESTERN REGION",-38.77414111,143.5095586,"Dry","Clear"
"T20190007591","18/4/19",11:10:00,"Collision with vehicle","Thursday","Day",2,2,"T intersection",3,50,"MELBOURNE","METROPOLITAN NORTH WEST REGION",-37.79170311,144.9347478,"Dry","Clear"
"T20190007592","22/4/19",06:34:00,"Collision with vehicle","Monday","Dusk/Dawn",2,2,"T intersection",2,60,"BENDIGO","NORTHERN REGION",-36.74708903,144.3110235,"Dry","Clear"
"T20190007593","16/3/19",13:50:00,"Collision with vehicle","Saturday","Day",3,3,"Cross intersection",3,60,"CAMPASPE","NORTHERN REGION",-36.30809436,145.0496129,"Dry","Clear"
"T20190007596","22/4/19",12:05:00,"Collision with vehicle","Monday","Day",3,3,"T intersection",3,70,"HOBSONS BAY","METROPOLITAN NORTH WEST REGION",-37.82404668,144.8240488,"Dry","Clear"
"T20190007598","22/4/19",11:55:00,"Collision with a fixed object","Monday","Day",1,1,"Not at intersection",3,80,"HUME","METROPOLITAN NORTH WEST REGION",-37.63135941,144.7923886,"Dry","Clear"
"T20190007599","20/4/19",14:30:00,"Collision with vehicle","Saturday","Day",2,2,"Not at intersection",3,50,"MELTON","METROPOLITAN NORTH WEST REGION",-37.74349576,144.7430509,"Dry","Not known"
"T20190007603","22/4/19",14:15:00,"Collision with vehicle","Monday","Day",2,7,"T intersection",3,60,"MITCHELL","NORTHERN REGION",-37.40600632,144.9742539,"Dry","Clear"
"T20190007606","22/4/19",14:55:00,"Collision with vehicle","Monday","Day",2,3,"Cross intersection",3,70,"BAYSIDE","METROPOLITAN SOUTH EAST REGION",-37.93187068,145.0257275,"Dry","Clear"
"T20190007608","20/4/19",09:45:00,"Collision with vehicle","Saturday","Day",2,2,"T intersection",3,60,"HOBSONS BAY","METROPOLITAN NORTH WEST REGION",-37.84226325,144.881003,"Dry","Not known"
"T20190007613","22/4/19",18:00:00,"Collision with vehicle","Monday","Dusk/Dawn",2,2,"Cross intersection",2,50,"GEELONG","SOUTH WESTERN REGION",-38.13209812,144.3499273,"Dry","Clear"
"T20190007615","22/4/19",18:05:00,"Collision with a fixed object","Monday","Dark No street lights",1,1,"T intersection",2,100,"CORANGAMITE","SOUTH WESTERN REGION",-38.42056632,143.170835,"Dry","Clear"
"T20190007617","22/4/19",18:50:00,"Collision with vehicle","Monday","Dark Street lights on",3,1,"Not at intersection",3,50,"CASEY","METROPOLITAN SOUTH EAST REGION",-37.97251671,145.2447147,"Dry","Clear"
"T20190007619","22/4/19",20:50:00,"Collision with vehicle","Monday","Dark Street lights on",2,6,"Cross intersection",3,70,"HUME","METROPOLITAN NORTH WEST REGION",-37.68440107,144.8829135,"Dry","Clear"
"T20190007621","22/4/19",21:30:00,"Collision with a fixed object","Monday","Dark No street lights",1,1,"Not at intersection",3,100,"BENDIGO","NORTHERN REGION",-36.85552575,144.1540693,"Dry","Clear"
"T20190007624","22/4/19",21:15:00,"Collision with vehicle","Monday","Dark Street lights on",2,2,"T intersection",2,60,"YARRA","METROPOLITAN NORTH WEST REGION",-37.82105039,144.9987436,"Dry","Clear"
"T20190007626","23/4/19",00:07:00,"Collision with a fixed object","Tuesday","Dark Street lights on",1,1,"Not at intersection",3,50,"WARRNAMBOOL","SOUTH WESTERN REGION",-38.38357771,142.5089449,"Icy","Clear"
"T20190007627","23/4/19",00:43:00,"Collision with a fixed object","Tuesday","Dark No street lights",1,1,"Not at intersection",3,80,"CENTRAL GOLDFIELDS","WESTERN REGION",-37.04928304,143.7164778,"Dry","Clear"
"T20190007628","22/4/19",05:50:00,"Collision with a fixed object","Monday","Dusk/Dawn",1,1,"Not at intersection",2,60,"BOROONDARA","METROPOLITAN SOUTH EAST REGION",-37.81386035,145.0296999,"Dry","Clear"
"T20190007629","23/4/19",00:30:00,"Collision with a fixed object","Tuesday","Dark No street lights",1,2,"Not at intersection",2,80,"WHITTLESEA","METROPOLITAN NORTH WEST REGION",-37.59496292,145.0451396,"Dry","Clear"
"T20190007632","23/4/19",06:35:00,"Collision with vehicle","Tuesday","Dusk/Dawn",2,2,"Not at intersection",3,110,"HUME","METROPOLITAN NORTH WEST REGION",-37.51226028,144.9496927,"Dry","Clear"
"T20190007637","6/4/19",10:00:00,"Collision with vehicle","Saturday","Day",2,2,"T intersection",3,50,"CASEY","METROPOLITAN SOUTH EAST REGION",-38.10262338,145.3222683,"Dry","Not known"
"T20190007639","23/4/19",06:49:00,"Collision with vehicle","Tuesday","Dusk/Dawn",2,2,"T intersection",3,60,"MOONEE VALLEY","METROPOLITAN NORTH WEST REGION",-37.76147031,144.9218298,"Dry","Clear"
"T20190007640","22/4/19",02:25:00,"Collision with vehicle","Monday","Dark No street lights",2,2,"Not at intersection",2,60,"MURRINDINDI","NORTH EASTERN REGION",-37.51512361,145.7480324,"Dry","Clear"
"T20190007642","23/4/19",08:28:00,"Collision with vehicle","Tuesday","Day",2,4,"Not at intersection",2,80,"MORELAND","METROPOLITAN NORTH WEST REGION",-37.7370303,144.9296594,"Dry","Clear"
"T20190007644","23/4/19",08:30:00,"Collision with a fixed object","Tuesday","Day",1,1,"Not at intersection",3,60,"SURF COAST","SOUTH WESTERN REGION",-38.23656742,143.9977317,"Dry","Clear"
"T20190007649","23/4/19",08:45:00,"Collision with a fixed object","Tuesday","Day",1,1,"Not at intersection",3,100,"SOUTHERN GRAMPIANS","SOUTH WESTERN REGION",-37.62982098,141.7814012,"Dry","Clear"
"T20190007650","23/4/19",08:30:00,"Collision with vehicle","Tuesday","Day",2,2,"Not at intersection",3,60,"WYNDHAM","METROPOLITAN NORTH WEST REGION",-37.88994088,144.6611113,"Dry","Clear"
"T20190007654","23/4/19",11:30:00,"Collision with vehicle","Tuesday","Day",2,2,"Not at intersection",2,60,"MANNINGHAM","METROPOLITAN SOUTH EAST REGION",-37.75655495,145.1171609,"Dry","Clear"
"T20190007655","22/4/19",20:30:00,"Collision with vehicle","Monday","Dark Street lights on",2,7,"Cross intersection",2,70,"CASEY","METROPOLITAN SOUTH EAST REGION",-38.0720224,145.3157342,"Dry","Clear"
"T20190007656","23/4/19",08:20:00,"Collision with a fixed object","Tuesday","Day",1,1,"Not at intersection",2,100,"SOUTHERN GRAMPIANS","SOUTH WESTERN REGION",-37.8182812,141.8936515,"Dry","Not known"
"T20190007657","23/4/19",10:20:00,"Collision with a fixed object","Tuesday","Day",1,1,"Not at intersection",1,100,"MOORABOOL","WESTERN REGION",-37.60036873,143.931806,"Dry","Clear"
"T20190007658","23/4/19",09:30:00,"Struck Pedestrian","Tuesday","Day",1,2,"T intersection",2,50,"BALLARAT","WESTERN REGION",-37.52264369,143.8081474,"Dry","Clear"
"T20190007660","5/4/19",00:15:00,"Collision with a fixed object","Friday","Dark No street lights",1,1,"T intersection",2,80,"INDIGO","NORTH EASTERN REGION",-36.04371407,146.4453447,"Dry","Clear"
"T20190007661","16/4/19",23:00:00,"Collision with vehicle","Tuesday","Dark Street lights on",2,3,"Cross intersection",2,100,"CASEY","METROPOLITAN SOUTH EAST REGION",-38.13398994,145.2282537,"Dry","Clear"
"T20190007662","23/4/19",13:16:00,"Struck Pedestrian","Tuesday","Day",1,2,"Dead end",2,50,"MORELAND","METROPOLITAN NORTH WEST REGION",-37.71652303,144.9072478,"Dry","Clear"
"T20190007664","23/4/19",12:10:00,"Collision with vehicle","Tuesday","Day",2,6,"Multiple intersection",3,60,"BRIMBANK","METROPOLITAN NORTH WEST REGION",-37.74991131,144.8317069,"Dry","Clear"
"T20190007666","23/4/19",12:04:00,"collision with some other object","Tuesday","Day",1,1,"Not at intersection",3,40,"WHITTLESEA","METROPOLITAN NORTH WEST REGION",-37.6766995,145.0700458,"Dry","Clear"
"T20190007672","23/4/19",16:04:00,"Struck Pedestrian","Tuesday","Day",1,5,"Not at intersection",3,50,"MONASH","METROPOLITAN SOUTH EAST REGION",-37.87692488,145.1112085,"Dry","Clear"
"T20190007673","23/4/19",14:16:00,"Collision with vehicle","Tuesday","Day",2,1,"Not at intersection",2,50,"MONASH","METROPOLITAN SOUTH EAST REGION",-37.86323132,145.0998449,"Dry","Clear"
"T20190007681","23/4/19",14:30:00,"Collision with a fixed object","Tuesday","Day",2,2,"Not at intersection",3,60,"GEELONG","SOUTH WESTERN REGION",-38.10107947,144.3452655,"Dry","Clear"
"T20190007682","23/4/19",15:30:00,"Struck Pedestrian","Tuesday","Day",1,2,"T intersection",3,50,"SHEPPARTON","NORTH EASTERN REGION",-36.36575996,145.4126018,"Dry","Clear"
"T20190007683","23/4/19",17:30:00,"Collision with vehicle","Tuesday","Day",2,3,"Cross intersection",2,50,"CASEY","METROPOLITAN SOUTH EAST REGION",-38.08247063,145.2923877,"Dry","Clear"
"T20190007687","23/4/19",13:55:00,"Collision with vehicle","Tuesday","Day",2,3,"Not at intersection",3,60,"YARRA","METROPOLITAN NORTH WEST REGION",-37.79373194,144.9818962,"Dry","Clear"
"T20190007688","23/4/19",16:30:00,"Collision with vehicle","Tuesday","Dusk/Dawn",2,3,"T intersection",3,80,"EAST GIPPSLAND","EASTERN REGION",-37.87443365,147.8488349,"Dry","Clear"
"T20190007689","23/4/19",15:30:00,"Collision with vehicle","Tuesday","Day",2,2,"T intersection",2,60,"CARDINIA","METROPOLITAN SOUTH EAST REGION",-38.08214713,145.488125,"Dry","Clear"
"T20190007692","23/4/19",19:05:00,"Collision with a fixed object","Tuesday","Dark No street lights",2,3,"Not at intersection",3,100,"HORSHAM","WESTERN REGION",-36.75908014,142.2460299,"Dry","Clear"
"T20190007693","23/4/19",19:19:00,"No collision and no object struck","Tuesday","Dark No street lights",1,1,"Not at intersection",2,100,"MANSFIELD","NORTH EASTERN REGION",-36.98667371,146.0315445,"Dry","Clear"
"T20190007694","23/4/19",18:15:00,"Collision with a fixed object","Tuesday","Dark No street lights",1,1,"Not at intersection",3,100,"MITCHELL","NORTHERN REGION",-37.0154828,145.0434179,"Dry","Clear"
"T20190007695","23/4/19",18:00:00,"Vehicle overturned (no collision)","Tuesday","Dusk/Dawn",1,1,"Not at intersection",3,100,"BENALLA","NORTH EASTERN REGION",-36.73960002,145.9989439,"Dry","Clear"
"T20190007696","23/4/19",18:24:00,"Collision with vehicle","Tuesday","Dusk/Dawn",2,3,"Cross intersection",3,50,"MORELAND","METROPOLITAN NORTH WEST REGION",-37.70219179,144.9487185,"Dry","Clear"
"T20190007698","23/4/19",20:05:00,"Collision with a fixed object","Tuesday","Dark Street lights on",1,1,"Not at intersection",3,50,"KNOX","METROPOLITAN SOUTH EAST REGION",-37.86115193,145.2470011,"Dry","Clear"
"T20190007699","23/4/19",18:30:00,"Struck Pedestrian","Tuesday","Dark Street lights on",1,2,"Not at intersection",2,50,"SWAN HILL","NORTHERN REGION",-35.34234073,143.542882,"Dry","Clear"
"T20190007700","23/4/19",18:35:00,"Collision with a fixed object","Tuesday","Dusk/Dawn",1,2,"Not at intersection",2,100,"MOIRA","NORTH EASTERN REGION",-35.86458417,145.568513,"Dry","Clear"
"T20190007703","23/4/19",22:30:00,"Collision with a fixed object","Tuesday","Dark No street lights",1,1,"Not at intersection",2,100,"BENALLA","NORTH EASTERN REGION",-36.5975848,145.8665834,"Dry","Clear"
"T20190007704","23/4/19",23:38:00,"Collision with a fixed object","Tuesday","Dark Street lights on",1,1,"Not at intersection",3,60,"YARRA","METROPOLITAN NORTH WEST REGION",-37.78740932,144.9952058,"Dry","Clear"
"T20190007710","16/4/19",09:50:00,"Collision with a fixed object","Tuesday","Day",1,2,"Not at intersection",3,40,"PORT PHILLIP","METROPOLITAN NORTH WEST REGION",-37.83235049,144.9574683,"Dry","Clear"
"T20190007711","23/4/19",14:14:00,"Collision with vehicle","Tuesday","Day",2,16,"Not at intersection",2,80,"MOONEE VALLEY","METROPOLITAN NORTH WEST REGION",-37.73487278,144.8962595,"Dry","Clear"
"T20190007712","17/4/19",14:00:00,"Struck Pedestrian","Wednesday","Unknown",1,2,"Not at intersection",2,50,"GLEN EIRA","METROPOLITAN SOUTH EAST REGION",-37.87788784,145.0450604,"Dry","Clear"
"T20190007713","21/4/19",13:00:00,"Collision with vehicle","Sunday","Day",2,3,"T intersection",3,50,"YARRA RANGES","METROPOLITAN SOUTH EAST REGION",-37.76628938,145.6447672,"Dry","Clear"
"T20190007714","13/4/19",20:10:00,"Collision with vehicle","Saturday","Dusk/Dawn",2,4,"Not at intersection",3,60,"CASEY","METROPOLITAN SOUTH EAST REGION",-38.11310936,145.2833901,"Dry","Clear"
"T20190007715","24/4/19",08:20:00,"Collision with vehicle","Wednesday","Day",2,2,"Not at intersection",2,100,"BASS COAST","EASTERN REGION",-38.52505218,145.4469406,"Wet","Raining"
"T20190007716","24/4/19",09:00:00,"Collision with vehicle","Wednesday","Day",2,2,"T intersection",3,50,"MOONEE VALLEY","METROPOLITAN NORTH WEST REGION",-37.71918501,144.9065163,"Dry","Clear"
"T20190007718","23/4/19",15:15:00,"Collision with vehicle","Tuesday","Day",2,3,"Not at intersection",2,60,"YARRA","METROPOLITAN NORTH WEST REGION",-37.79101874,144.9851692,"Dry","Clear"
"T20190007724","23/4/19",15:30:00,"Collision with a fixed object","Tuesday","Day",1,4,"Not at intersection",2,888,"WELLINGTON","EASTERN REGION",-37.53789042,146.5500192,"Muddy","Clear"
"T20190007725","23/4/19",17:30:00,"Collision with vehicle","Tuesday","Dusk/Dawn",2,2,"Not at intersection",2,80,"WHITTLESEA","METROPOLITAN NORTH WEST REGION",-37.65054157,145.0108897,"Unknown","Not known"
"T20190007728","24/4/19",11:45:00,"Collision with vehicle","Wednesday","Day",2,2,"T intersection",3,60,"DAREBIN","METROPOLITAN NORTH WEST REGION",-37.72412054,144.9924451,"Dry","Clear"
"T20190007735","24/4/19",09:00:00,"Collision with vehicle","Wednesday","Day",2,2,"Not at intersection",3,60,"WHITEHORSE","METROPOLITAN SOUTH EAST REGION",-37.79863978,145.1272317,"Dry","Clear"
"T20190007736","24/4/19",12:10:00,"Collision with vehicle","Wednesday","Day",6,7,"Not at intersection",2,70,"BRIMBANK","METROPOLITAN NORTH WEST REGION",-37.77690164,144.8280832,"Dry","Not known"
"T20190007737","24/4/19",07:20:00,"Collision with a fixed object","Wednesday","Day",1,1,"Not at intersection",3,100,"BAW BAW","EASTERN REGION",-38.12217294,146.1476809,"Wet","Raining"
"T20190007738","24/4/19",14:12:00,"Collision with a fixed object","Wednesday","Day",1,1,"Not at intersection",2,60,"CASEY","METROPOLITAN SOUTH EAST REGION",-38.02686555,145.3107211,"Dry","Clear"
"T20190007739","24/4/19",11:49:00,"Vehicle overturned (no collision)","Wednesday","Day",1,1,"Not at intersection",2,100,"BASS COAST","EASTERN REGION",-38.37291565,145.6283029,"Wet","Raining"
"T20190007740","24/4/19",14:00:00,"Collision with vehicle","Wednesday","Day",2,2,"Cross intersection",2,80,"HUME","METROPOLITAN NORTH WEST REGION",-37.66725136,144.9547931,"Dry","Clear"
"T20190007741","24/4/19",13:49:00,"Collision with vehicle","Wednesday","Day",2,2,"Cross intersection",3,50,"MAROONDAH","METROPOLITAN SOUTH EAST REGION",-37.81583963,145.2242202,"Dry","Clear"
"T20190007745","24/4/19",14:00:00,"Collision with vehicle","Wednesday","Day",3,4,"Not at intersection",2,60,"WHITTLESEA","METROPOLITAN NORTH WEST REGION",-37.59640988,145.058391,"Dry","Clear"
"T20190007746","24/4/19",14:30:00,"Collision with vehicle","Wednesday","Day",2,2,"Not at intersection",3,40,"STONNINGTON","METROPOLITAN SOUTH EAST REGION",-37.83977434,144.9978992,"Dry","Clear"
"T20190007747","24/4/19",14:00:00,"Collision with vehicle","Wednesday","Day",2,3,"Cross intersection",3,60,"MOIRA","NORTH EASTERN REGION",-35.9198744,145.6508067,"Dry","Clear"
"T20190007749","23/4/19",18:15:00,"Collision with vehicle","Tuesday","Dark Street lights on",3,3,"Not at intersection",3,80,"KNOX","METROPOLITAN SOUTH EAST REGION",-37.9206074,145.2345837,"Dry","Clear"
"T20190007751","24/4/19",15:20:00,"Struck animal","Wednesday","Day",1,1,"Not at intersection",3,100,"WELLINGTON","EASTERN REGION",-37.85584019,147.1748318,"Dry","Clear"
"T20190007754","24/4/19",17:50:00,"Collision with vehicle","Wednesday","Dusk/Dawn",2,2,"Not at intersection",3,40,"NILLUMBIK","METROPOLITAN NORTH WEST REGION",-37.7141225,145.148504,"Wet","Raining"
"T20190007755","24/4/19",15:17:00,"Collision with vehicle","Wednesday","Day",2,2,"T intersection",3,80,"MORNINGTON PENINSULA","METROPOLITAN SOUTH EAST REGION",-38.38935469,145.0913534,"Dry","Clear"
"T20190007756","24/4/19",18:25:00,"Collision with vehicle","Wednesday","Dark Street lights on",2,4,"Cross intersection",3,50,"LATROBE","EASTERN REGION",-38.19699995,146.5203681,"Wet","Raining"
"T20190007757","24/4/19",17:00:00,"Collision with vehicle","Wednesday","Day",2,2,"Cross intersection",3,40,"MORNINGTON PENINSULA","METROPOLITAN SOUTH EAST REGION",-38.37341458,144.8289897,"Dry","Clear"
"T20190007758","23/4/19",17:00:00,"Collision with vehicle","Tuesday","Day",2,2,"Cross intersection",3,60,"KNOX","METROPOLITAN SOUTH EAST REGION",-37.88874381,145.294715,"Dry","Clear"
"T20190007759","24/4/19",16:19:00,"Struck Pedestrian","Wednesday","Day",1,3,"Cross intersection",3,60,"BOROONDARA","METROPOLITAN SOUTH EAST REGION",-37.78989081,145.0996975,"Dry","Clear"
"T20190007762","24/4/19",18:35:00,"Collision with vehicle","Wednesday","Dark Street lights on",2,2,"Cross intersection",2,60,"BOROONDARA","METROPOLITAN SOUTH EAST REGION",-37.81469309,145.0368231,"Dry","Clear"
"T20190007763","24/4/19",17:35:00,"Collision with vehicle","Wednesday","Day",3,4,"Not at intersection",3,70,"CAMPASPE","NORTHERN REGION",-36.14054426,144.7413663,"Dry","Clear"
"T20190007766","24/4/19",16:43:00,"Collision with vehicle","Wednesday","Day",2,3,"Cross intersection",3,60,"WHITTLESEA","METROPOLITAN NORTH WEST REGION",-37.65148606,145.0193132,"Dry","Clear"
"T20190007768","24/4/19",19:36:00,"Collision with a fixed object","Wednesday","Dark No street lights",1,1,"Not at intersection",2,999,"WHITTLESEA","METROPOLITAN NORTH WEST REGION",-37.60768483,145.0230892,"Dry","Clear"