"ACCIDENT_NO","ACCIDENTDATE","ACCIDENTTIME","Accident Type Desc","Day Week Description","Light Condition Desc","NO_OF_VEHICLES","NO_PERSONS","Road Geometry Desc","SEVERITY","SPEED_ZONE","LGA_NAME","REGION_NAME","Lat","Long","Surface Cond Desc","Atmosph Cond Desc"
"T20190007769","24/4/19",16:00:00,"Collision with vehicle","Wednesday","Day",3,3,"T intersection",3,60,"SHEPPARTON","NORTH EASTERN REGION",-36.37134933,145.3449262,"Wet","Clear"
"T20190007773","24/4/19",16:25:00,"Collision with vehicle","Wednesday","Day",2,4,"Not at intersection",3,50,"CASEY","METROPOLITAN SOUTH EAST REGION",-37.98478091,145.2494688,"Dry","Clear"
"T20190007774","24/4/19",19:20:00,"Collision with a fixed object","Wednesday","Dark No street lights",1,1,"T intersection",2,100,"MOIRA","NORTH EASTERN REGION",-35.99533768,145.9311807,"Dry","Clear"
"T20190007775","24/4/19",16:30:00,"Collision with vehicle","Wednesday","Day",2,2,"T intersection",3,999,"YARRA","METROPOLITAN NORTH WEST REGION",-37.78490592,145.0021752,"Dry","Clear"
"T20190007777","25/4/19",00:00:00,"Collision with a fixed object","Thursday","Dark Street lights on",1,1,"Cross intersection",3,60,"HUME","METROPOLITAN NORTH WEST REGION",-37.68961366,144.9261393,"Dry","Clear"
"T20190007780","24/4/19",23:28:00,"Collision with a fixed object","Wednesday","Dark Street lights on",2,1,"Not at intersection",3,60,"MOONEE VALLEY","METROPOLITAN NORTH WEST REGION",-37.74335251,144.9268596,"Dry","Clear"
"T20190007785","25/4/19",05:45:00,"Collision with a fixed object","Thursday","Dark No street lights",1,2,"Not at intersection",3,100,"CAMPASPE","NORTHERN REGION",-36.27944999,144.7775123,"Dry","Clear"
"T20190007786","5/3/19",12:30:00,"Collision with vehicle","Tuesday","Day",2,3,"Not at intersection",3,60,"BALLARAT","WESTERN REGION",-37.54114889,143.8311216,"Dry","Not known"
"T20190007787","24/4/19",16:40:00,"Collision with a fixed object","Wednesday","Day",1,1,"Not at intersection",2,80,"DANDENONG","METROPOLITAN SOUTH EAST REGION",-37.99814483,145.166991,"Dry","Clear"
"T20190007788","25/4/19",08:05:00,"Collision with vehicle","Thursday","Day",2,3,"Cross intersection",3,70,"DAREBIN","METROPOLITAN NORTH WEST REGION",-37.76838693,144.9912167,"Dry","Clear"
"T20190007790","25/4/19",07:10:00,"Struck Pedestrian","Thursday","Day",1,2,"Not at intersection",2,50,"GOLDEN PLAINS","SOUTH WESTERN REGION",-38.10806397,144.037447,"Dry","Clear"
"T20190007791","25/4/19",08:00:00,"Collision with vehicle","Thursday","Day",2,1,"Not at intersection",3,40,"MELBOURNE","METROPOLITAN NORTH WEST REGION",-37.83411122,144.9822597,"Unknown","Clear"
"T20190007793","21/4/19",14:00:00,"Fall from or in moving vehicle","Sunday","Day",1,1,"Not at intersection",2,100,"BAW BAW","EASTERN REGION",-37.95490318,146.4067193,"Dry","Clear"
"T20190007795","25/4/19",09:50:00,"Collision with a fixed object","Thursday","Day",1,1,"Not at intersection",2,100,"MURRINDINDI","NORTH EASTERN REGION",-37.24512024,145.1746407,"Dry","Clear"
"T20190007796","25/4/19",08:59:00,"Collision with a fixed object","Thursday","Day",1,1,"Not at intersection",3,60,"MITCHELL","NORTHERN REGION",-37.40469798,144.9636282,"Dry","Clear"
"T20190007799","25/4/19",11:50:00,"Collision with vehicle","Thursday","Day",4,2,"Not at intersection",3,60,"MELBOURNE","METROPOLITAN NORTH WEST REGION",-37.80290939,144.9581621,"Dry","Clear"
"T20190007801","25/4/19",12:43:00,"Fall from or in moving vehicle","Thursday","Day",1,1,"Not at intersection",3,80,"COLAC OTWAY","SOUTH WESTERN REGION",-38.71714095,143.7124272,"Dry","Clear"
"T20190007802","22/4/19",10:43:00,"Collision with a fixed object","Monday","Day",1,1,"Not at intersection",3,60,"BAW BAW","EASTERN REGION",-37.91971012,145.9451412,"Wet","Clear"
"T20190007808","23/4/19",21:00:00,"Collision with vehicle","Tuesday","Dusk/Dawn",2,2,"Cross intersection",3,60,"MORELAND","METROPOLITAN NORTH WEST REGION",-37.77829268,144.9706962,"Dry","Clear"
"T20190007809","30/3/19",16:04:00,"Collision with a fixed object","Saturday","Day",1,1,"Not at intersection",3,60,"MELBOURNE","METROPOLITAN NORTH WEST REGION",-37.78895993,144.938,"Dry","Clear"
"T20190007810","9/4/19",15:12:00,"Collision with vehicle","Tuesday","Day",2,2,"T intersection",3,60,"YARRA RANGES","METROPOLITAN SOUTH EAST REGION",-37.7834005,145.3113431,"Dry","Clear"
"T20190007811","25/4/19",13:10:00,"Vehicle overturned (no collision)","Thursday","Day",1,1,"Not at intersection",1,100,"CAMPASPE","NORTHERN REGION",-36.29888022,144.67588,"Dry","Clear"
"T20190007812","25/4/19",12:30:00,"Collision with vehicle","Thursday","Day",2,2,"Not at intersection",1,60,"MONASH","METROPOLITAN SOUTH EAST REGION",-37.87968019,145.1469816,"Dry","Not known"
"T20190007813","22/4/19",18:10:00,"Struck Pedestrian","Monday","Dark Street lights on",1,2,"Not at intersection",3,50,"HUME","METROPOLITAN NORTH WEST REGION",-37.67859869,144.9569169,"Dry","Clear"
"T20190007819","25/4/19",17:00:00,"Collision with a fixed object","Thursday","Day",2,3,"T intersection",2,50,"CAMPASPE","NORTHERN REGION",-36.13212623,144.7450791,"Dry","Clear"
"T20190007820","25/4/19",18:00:00,"Struck Pedestrian","Thursday","Dark No street lights",1,2,"Not at intersection",2,50,"SURF COAST","SOUTH WESTERN REGION",-38.33321845,144.3181003,"Dry","Clear"
"T20190007821","25/4/19",18:11:00,"Collision with vehicle","Thursday","Dark Street lights on",2,2,"T intersection",3,60,"FRANKSTON","METROPOLITAN SOUTH EAST REGION",-38.19864682,145.1818968,"Dry","Clear"
"T20190007822","25/4/19",18:06:00,"Collision with vehicle","Thursday","Dark Street lights on",3,6,"Cross intersection",2,60,"MANNINGHAM","METROPOLITAN SOUTH EAST REGION",-37.7964798,145.179157,"Dry","Clear"
"T20190007823","25/4/19",13:10:00,"Collision with vehicle","Thursday","Day",2,4,"Not at intersection",3,80,"KNOX","METROPOLITAN SOUTH EAST REGION",-37.85579594,145.2528731,"Dry","Clear"
"T20190007825","24/4/19",09:00:00,"Collision with a fixed object","Wednesday","Day",1,3,"Not at intersection",3,100,"BAW BAW","EASTERN REGION",-38.2093233,145.7526948,"Wet","Raining"
"T20190007828","25/4/19",21:25:00,"Collision with vehicle","Thursday","Dark Street lights unknown",3,1,"Not at intersection",3,50,"BRIMBANK","METROPOLITAN NORTH WEST REGION",-37.79299168,144.8027166,"Dry","Clear"
"T20190007829","25/4/19",02:30:00,"Vehicle overturned (no collision)","Thursday","Dark No street lights",1,1,"Not at intersection",3,60,"SURF COAST","SOUTH WESTERN REGION",-38.2335404,144.2058199,"Dry","Clear"
"T20190007833","26/4/19",03:34:00,"Collision with a fixed object","Friday","Dark No street lights",1,1,"Not at intersection",2,100,"PYRENEES","WESTERN REGION",-37.19177254,143.3765914,"Wet","Raining"
"T20190007834","26/4/19",06:05:00,"Collision with vehicle","Friday","Dark Street lights on",2,4,"T intersection",2,60,"WHITTLESEA","METROPOLITAN NORTH WEST REGION",-37.66625195,145.0164502,"Wet","Raining"
"T20190007838","25/4/19",15:15:00,"Vehicle overturned (no collision)","Thursday","Day",1,2,"Not at intersection",3,100,"BASS COAST","EASTERN REGION",-38.65584788,145.5999743,"Dry","Clear"
"T20190007839","26/4/19",06:12:00,"Collision with vehicle","Friday","Dark No street lights",2,2,"Not at intersection",3,100,"CARDINIA","METROPOLITAN SOUTH EAST REGION",-38.09874228,145.5623795,"Wet","Raining"
"T20190007841","26/4/19",08:10:00,"Collision with vehicle","Friday","Day",2,5,"Cross intersection",3,50,"SWAN HILL","NORTHERN REGION",-35.33497789,143.5584131,"Dry","Clear"
"T20190007842","22/4/19",13:30:00,"Vehicle overturned (no collision)","Monday","Day",1,2,"Not at intersection",3,888,"WELLINGTON","EASTERN REGION",-37.49428862,146.5296754,"Dry","Fog"
"T20190007843","26/4/19",06:55:00,"Collision with vehicle","Friday","Dusk/Dawn",2,2,"Cross intersection",2,50,"KINGSTON","METROPOLITAN SOUTH EAST REGION",-37.96541079,145.0556962,"Wet","Raining"
"T20190007843","26/4/19",06:55:00,"Collision with vehicle","Friday","Dusk/Dawn",2,2,"Cross intersection",2,50,"KINGSTON","METROPOLITAN SOUTH EAST REGION",-37.96541079,145.0556962,"Wet","Strong winds"
"T20190007844","25/4/19",11:04:00,"Collision with vehicle","Thursday","Day",2,2,"Not at intersection",2,60,"MACEDON RANGES","NORTHERN REGION",-37.37858978,144.5782276,"Dry","Clear"
"T20190007847","26/4/19",09:55:00,"Collision with vehicle","Friday","Day",4,5,"Not at intersection",3,70,"GLEN EIRA","METROPOLITAN SOUTH EAST REGION",-37.90332539,145.0355905,"Dry","Clear"
"T20190007850","24/4/19",15:00:00,"Struck Pedestrian","Wednesday","Day",1,2,"Not at intersection",3,50,"MAROONDAH","METROPOLITAN SOUTH EAST REGION",-37.83385833,145.2762349,"Dry","Clear"
"T20190007852","26/4/19",08:30:00,"Collision with vehicle","Friday","Day",2,2,"T intersection",3,60,"BENDIGO","NORTHERN REGION",-36.70951083,144.2791643,"Wet","Raining"
"T20190007853","26/4/19",11:04:00,"Collision with a fixed object","Friday","Day",1,2,"Not at intersection",3,80,"LATROBE","EASTERN REGION",-38.18847543,146.5754105,"Wet","Raining"
"T20190007856","25/4/19",22:30:00,"Collision with a fixed object","Thursday","Dark Street lights on",1,1,"T intersection",3,60,"WYNDHAM","METROPOLITAN NORTH WEST REGION",-37.92708981,144.7040561,"Dry","Clear"
"T20190007858","26/4/19",11:25:00,"Collision with vehicle","Friday","Day",2,2,"T intersection",2,60,"DAREBIN","METROPOLITAN NORTH WEST REGION",-37.73519598,145.0132944,"Dry","Not known"
"T20190007859","26/4/19",12:40:00,"Collision with vehicle","Friday","Day",2,2,"Cross intersection",3,70,"MANNINGHAM","METROPOLITAN SOUTH EAST REGION",-37.76182453,145.1530765,"Dry","Clear"
"T20190007861","26/4/19",13:00:00,"Collision with a fixed object","Friday","Day",1,2,"Not at intersection",3,100,"GLENELG","SOUTH WESTERN REGION",-37.92601646,141.1842401,"Dry","Clear"
"T20190007862","26/4/19",11:15:00,"Collision with a fixed object","Friday","Day",1,1,"Not at intersection",1,100,"ARARAT","WESTERN REGION",-37.19887141,143.0324306,"Dry","Clear"
"T20190007863","26/4/19",13:07:00,"Collision with vehicle","Friday","Day",3,3,"Not at intersection",2,60,"KINGSTON","METROPOLITAN SOUTH EAST REGION",-38.00729799,145.0869562,"Dry","Clear"
"T20190007864","26/4/19",13:10:00,"Collision with vehicle","Friday","Day",2,4,"Not at intersection",2,80,"BASS COAST","EASTERN REGION",-38.52028426,145.3388415,"Wet","Raining"
"T20190007867","26/4/19",07:31:00,"Collision with vehicle","Friday","Day",3,3,"Cross intersection",2,70,"MANNINGHAM","METROPOLITAN SOUTH EAST REGION",-37.75918396,145.1297977,"Wet","Raining"
"T20190007868","26/4/19",16:00:00,"Struck Pedestrian","Friday","Day",1,1,"Not at intersection",3,50,"HUME","METROPOLITAN NORTH WEST REGION",-37.59664163,144.9000397,"Dry","Clear"
"T20190007873","26/4/19",15:30:00,"Collision with vehicle","Friday","Day",2,2,"Cross intersection",2,80,"MAROONDAH","METROPOLITAN SOUTH EAST REGION",-37.83252789,145.2133519,"Dry","Clear"
"T20190007874","26/4/19",18:15:00,"Collision with vehicle","Friday","Dusk/Dawn",2,5,"Not at intersection",2,80,"CARDINIA","METROPOLITAN SOUTH EAST REGION",-38.07138371,145.4791824,"Wet","Clear"
"T20190007876","26/4/19",14:00:00,"Collision with a fixed object","Friday","Day",1,2,"Not at intersection",2,100,"HINDMARSH","WESTERN REGION",-36.38202994,141.5428317,"Dry","Clear"
"T20190007878","26/4/19",14:42:00,"Collision with vehicle","Friday","Day",2,4,"Not at intersection",2,100,"LODDON","NORTHERN REGION",-36.84295089,143.9942494,"Dry","Clear"
"T20190007881","26/4/19",19:00:00,"Collision with vehicle","Friday","Dark No street lights",2,2,"T intersection",2,60,"GEELONG","SOUTH WESTERN REGION",-38.19671079,144.3331207,"Dry","Clear"
"T20190007884","26/4/19",19:22:00,"Collision with vehicle","Friday","Dark No street lights",4,7,"Not at intersection",2,100,"CASEY","METROPOLITAN SOUTH EAST REGION",-38.04032308,145.3328597,"Wet","Raining"
"T20190007888","26/4/19",18:45:00,"Collision with vehicle","Friday","Dark Street lights on",2,2,"T intersection",2,60,"GLEN EIRA","METROPOLITAN SOUTH EAST REGION",-37.86809504,145.0131021,"Dry","Clear"
"T20190007889","26/4/19",19:52:00,"Collision with vehicle","Friday","Dark No street lights",2,2,"Not at intersection",3,80,"CASEY","METROPOLITAN SOUTH EAST REGION",-38.00856001,145.3439716,"Wet","Raining"
"T20190007890","26/4/19",11:30:00,"Struck Pedestrian","Friday","Day",1,1,"Unknown",3,999,"CASEY","METROPOLITAN SOUTH EAST REGION",-38.11101598,145.2818634,"Unknown","Not known"
"T20190007893","26/4/19",21:50:00,"Collision with vehicle","Friday","Dark No street lights",2,2,"Not at intersection",3,50,"YARRA RANGES","METROPOLITAN SOUTH EAST REGION",-37.75647985,145.3550991,"Wet","Raining"
"T20190007896","27/4/19",01:03:00,"Collision with a fixed object","Saturday","Dark Street lights on",1,1,"T intersection",3,50,"HOBSONS BAY","METROPOLITAN NORTH WEST REGION",-37.86587218,144.8944784,"Dry","Clear"
"T20190007903","27/4/19",06:40:00,"Collision with vehicle","Saturday","Day",2,2,"T intersection",2,40,"YARRA","METROPOLITAN NORTH WEST REGION",-37.82548908,144.9961717,"Unknown","Clear"
"T20190007905","26/4/19",17:30:00,"Collision with vehicle","Friday","Dark Street lights on",2,3,"Cross intersection",3,50,"BANYULE","METROPOLITAN NORTH WEST REGION",-37.76135994,145.0583105,"Dry","Clear"
"T20190007909","25/4/19",08:15:00,"Collision with a fixed object","Thursday","Day",1,1,"Not at intersection",3,999,"BAW BAW","EASTERN REGION",-38.02447042,146.027164,"Dry","Not known"
"T20190007913","27/4/19",09:07:00,"Collision with a fixed object","Saturday","Day",1,1,"Not at intersection",3,90,"MITCHELL","NORTHERN REGION",-37.43345685,145.0592937,"Dry","Clear"
"T20190007914","27/4/19",13:00:00,"Collision with vehicle","Saturday","Day",2,4,"Not at intersection",3,80,"MELTON","METROPOLITAN NORTH WEST REGION",-37.74067962,144.7064163,"Dry","Clear"
"T20190007915","27/4/19",10:10:00,"Collision with a fixed object","Saturday","Day",1,2,"Not at intersection",2,100,"COLAC OTWAY","SOUTH WESTERN REGION",-38.06639052,143.7652898,"Dry","Clear"
"T20190007917","24/3/19",19:22:00,"Collision with a fixed object","Sunday","Dark Street lights unknown",1,1,"Not at intersection",2,50,"BOROONDARA","METROPOLITAN SOUTH EAST REGION",-37.85128932,145.0806117,"Wet","Raining"
"T20190007919","27/4/19",14:20:00,"Collision with vehicle","Saturday","Day",2,2,"T intersection",3,40,"MOONEE VALLEY","METROPOLITAN NORTH WEST REGION",-37.77647063,144.9290409,"Unknown","Clear"
"T20190007920","26/4/19",07:00:00,"Collision with vehicle","Friday","Day",2,2,"Not at intersection",2,100,"CASEY","METROPOLITAN SOUTH EAST REGION",-38.04926584,145.3522557,"Dry","Clear"
"T20190007923","27/4/19",16:30:00,"Collision with vehicle","Saturday","Dusk/Dawn",2,2,"T intersection",2,60,"BAW BAW","EASTERN REGION",-38.15951807,145.9226494,"Dry","Clear"
"T20190007924","27/4/19",16:40:00,"Collision with vehicle","Saturday","Day",2,2,"T intersection",3,999,"CASEY","METROPOLITAN SOUTH EAST REGION",-38.12104939,145.288198,"Dry","Clear"
"T20190007925","27/4/19",17:50:00,"Collision with a fixed object","Saturday","Dark Street lights on",1,1,"Not at intersection",2,80,"MELBOURNE","METROPOLITAN NORTH WEST REGION",-37.82525893,144.9308726,"Dry","Clear"
"T20190007926","27/4/19",18:05:00,"Collision with vehicle","Saturday","Dark No street lights",2,4,"Cross intersection",2,100,"MOORABOOL","WESTERN REGION",-37.70548409,144.4578785,"Dry","Clear"
"T20190007928","27/4/19",14:15:00,"Collision with vehicle","Saturday","Day",2,2,"Not at intersection",2,60,"GLEN EIRA","METROPOLITAN SOUTH EAST REGION",-37.88663993,145.0220189,"Dry","Clear"
"T20190007929","27/4/19",14:50:00,"Fall from or in moving vehicle","Saturday","Day",1,1,"Not at intersection",2,60,"BENALLA","NORTH EASTERN REGION",-36.81930957,145.9090651,"Dry","Clear"
"T20190007931","27/4/19",17:57:00,"Vehicle overturned (no collision)","Saturday","Dark No street lights",1,1,"Not at intersection",3,60,"MORNINGTON PENINSULA","METROPOLITAN SOUTH EAST REGION",-38.17768014,145.0980803,"Dry","Clear"
"T20190007932","27/4/19",21:20:00,"Collision with a fixed object","Saturday","Dark No street lights",1,1,"Not at intersection",2,70,"BALLARAT","WESTERN REGION",-37.54415357,143.7915776,"Dry","Clear"
"T20190007933","27/4/19",20:30:00,"Collision with a fixed object","Saturday","Dark No street lights",1,1,"Not at intersection",2,100,"BAW BAW","EASTERN REGION",-38.01213731,145.9653936,"Dry","Clear"
"T20190007938","27/4/19",17:35:00,"Struck Pedestrian","Saturday","Dusk/Dawn",1,4,"Not at intersection",2,777,"WARRNAMBOOL","SOUTH WESTERN REGION",-38.37192293,142.4697676,"Dry","Raining"
"T20190007939","27/4/19",21:50:00,"Vehicle overturned (no collision)","Saturday","Dark No street lights",1,1,"Not at intersection",3,100,"SOUTH GIPPSLAND","EASTERN REGION",-38.41531581,145.801154,"Dry","Clear"
"T20190007942","28/4/19",01:22:00,"Collision with a fixed object","Sunday","Dark Street lights on",1,1,"Not at intersection",2,60,"HUME","METROPOLITAN NORTH WEST REGION",-37.5686518,144.7242335,"Dry","Clear"
"T20190007947","28/4/19",03:12:00,"Collision with a fixed object","Sunday","Dark Street lights on",1,1,"Cross intersection",2,80,"KNOX","METROPOLITAN SOUTH EAST REGION",-37.87314978,145.2484934,"Dry","Clear"
"T20190007950","28/4/19",06:00:00,"Collision with vehicle","Sunday","Dark No street lights",2,4,"Not at intersection",2,110,"MACEDON RANGES","NORTHERN REGION",-37.18514931,144.4020845,"Wet","Raining"
"T20190007958","28/4/19",11:00:00,"No collision and no object struck","Sunday","Day",1,1,"Not at intersection",2,60,"BOROONDARA","METROPOLITAN SOUTH EAST REGION",-37.79411936,145.062527,"Wet","Clear"
"T20190007961","28/4/19",11:55:00,"Collision with a fixed object","Sunday","Day",1,1,"Not at intersection",3,60,"NILLUMBIK","METROPOLITAN NORTH WEST REGION",-37.63250349,145.1829686,"Wet","Raining"
"T20190007963","28/4/19",13:15:00,"Collision with vehicle","Sunday","Day",2,4,"Cross intersection",3,60,"WHITEHORSE","METROPOLITAN SOUTH EAST REGION",-37.80914446,145.1405585,"Dry","Clear"
"T20190007966","28/4/19",12:50:00,"Collision with vehicle","Sunday","Day",2,5,"Not at intersection",3,100,"BAW BAW","EASTERN REGION",-38.2141285,145.7537308,"Wet","Raining"
"T20190007972","28/4/19",15:40:00,"Collision with a fixed object","Sunday","Day",1,2,"Not at intersection",2,100,"BAW BAW","EASTERN REGION",-38.15794657,146.2448199,"Wet","Clear"
"T20190007973","23/4/19",11:30:00,"Collision with vehicle","Tuesday","Day",2,3,"Not at intersection",3,60,"MAROONDAH","METROPOLITAN SOUTH EAST REGION",-37.78178068,145.2933066,"Dry","Clear"
"T20190007976","28/4/19",16:05:00,"Collision with a fixed object","Sunday","Day",1,1,"Not at intersection",3,100,"HORSHAM","WESTERN REGION",-36.79128216,142.1740347,"Dry","Clear"
"T20190007977","28/4/19",17:20:00,"Struck Pedestrian","Sunday","Day",1,2,"T intersection",3,50,"PORT PHILLIP","METROPOLITAN NORTH WEST REGION",-37.86546206,144.9920775,"Dry","Clear"
"T20190007978","28/4/19",17:00:00,"Collision with a fixed object","Sunday","Dusk/Dawn",1,2,"Not at intersection",3,100,"BASS COAST","EASTERN REGION",-38.56364361,145.5486592,"Wet","Raining"
"T20190007978","28/4/19",17:00:00,"Collision with a fixed object","Sunday","Dusk/Dawn",1,2,"Not at intersection",3,100,"BASS COAST","EASTERN REGION",-38.56364361,145.5486592,"Wet","Strong winds"
"T20190007978","28/4/19",17:00:00,"Collision with a fixed object","Sunday","Dusk/Dawn",1,2,"Not at intersection",3,100,"BASS COAST","EASTERN REGION",-38.56364361,145.5486592,"Muddy","Raining"
"T20190007978","28/4/19",17:00:00,"Collision with a fixed object","Sunday","Dusk/Dawn",1,2,"Not at intersection",3,100,"BASS COAST","EASTERN REGION",-38.56364361,145.5486592,"Muddy","Strong winds"
"T20190007979","11/4/19",07:15:00,"Collision with vehicle","Thursday","Dusk/Dawn",2,1,"Not at intersection",3,50,"KNOX","METROPOLITAN SOUTH EAST REGION",-37.89593726,145.3164934,"Dry","Clear"
"T20190007981","28/4/19",17:30:00,"Collision with vehicle","Sunday","Dusk/Dawn",2,5,"Not at intersection",3,60,"WHITEHORSE","METROPOLITAN SOUTH EAST REGION",-37.81799822,145.1664201,"Dry","Clear"
"T20190007983","28/4/19",12:30:00,"Vehicle overturned (no collision)","Sunday","Day",1,1,"Not at intersection",2,888,"BAW BAW","EASTERN REGION",-37.99726771,146.0402512,"Dry","Not known"
"T20190007984","28/4/19",19:40:00,"Collision with vehicle","Sunday","Dark Street lights on",2,3,"Cross intersection",3,50,"WODONGA","NORTH EASTERN REGION",-36.11445538,146.8906692,"Dry","Clear"
"T20190007987","28/4/19",19:10:00,"Collision with vehicle","Sunday","Dark Street lights on",3,1,"Not at intersection",2,60,"DANDENONG","METROPOLITAN SOUTH EAST REGION",-37.96122273,145.1425895,"Dry","Clear"
"T20190007988","28/4/19",19:36:00,"Struck Pedestrian","Sunday","Dark Street lights on",1,2,"Cross intersection",2,50,"DAREBIN","METROPOLITAN NORTH WEST REGION",-37.74373244,144.9891773,"Dry","Clear"
"T20190007992","29/4/19",00:00:00,"Collision with a fixed object","Monday","Dark Street lights on",1,2,"Cross intersection",2,70,"DAREBIN","METROPOLITAN NORTH WEST REGION",-37.71698142,145.0431586,"Dry","Clear"
"T20190007994","29/4/19",07:12:00,"Vehicle overturned (no collision)","Monday","Day",1,1,"Not at intersection",3,100,"MANSFIELD","NORTH EASTERN REGION",-37.03309105,145.8022645,"Dry","Fog"
"T20190007995","26/4/19",23:30:00,"Collision with a fixed object","Friday","Dark No street lights",1,1,"Not at intersection",2,50,"GANNAWARRA","NORTHERN REGION",-35.62366459,144.1167917,"Dry","Clear"
"T20190007996","27/4/19",12:00:00,"Collision with vehicle","Saturday","Day",2,2,"Not at intersection",3,100,"MITCHELL","NORTHERN REGION",-37.31809084,145.1686643,"Dry","Clear"
"T20190007999","19/4/19",08:30:00,"Struck animal","Friday","Unknown",1,1,"Not at intersection",3,50,"LODDON","NORTHERN REGION",-36.48647042,143.7437974,"Dry","Not known"
"T20190008001","29/4/19",08:20:00,"Collision with vehicle","Monday","Day",4,4,"Not at intersection",3,80,"MARIBYRNONG","METROPOLITAN NORTH WEST REGION",-37.82420617,144.8658998,"Dry","Clear"
"T20190008002","29/4/19",07:09:00,"Collision with vehicle","Monday","Day",2,2,"Cross intersection",3,80,"KINGSTON","METROPOLITAN SOUTH EAST REGION",-37.95961578,145.1126356,"Wet","Clear"
"T20190008003","26/4/19",19:10:00,"Collision with vehicle","Friday","Dark Street lights on",2,2,"Cross intersection",3,60,"MITCHELL","NORTHERN REGION",-37.02384901,145.1347527,"Dry","Clear"
"T20190008004","29/4/19",06:15:00,"Collision with vehicle","Monday","Dusk/Dawn",2,2,"T intersection",2,50,"MARIBYRNONG","METROPOLITAN NORTH WEST REGION",-37.82090535,144.8878662,"Dry","Clear"
"T20190008005","28/4/19",19:15:00,"Collision with a fixed object","Sunday","Dark Street lights on",1,1,"Not at intersection",3,50,"EAST GIPPSLAND","EASTERN REGION",-37.70686001,148.46334,"Dry","Clear"
"T20190008008","22/3/19",14:00:00,"Vehicle overturned (no collision)","Friday","Day",1,1,"Cross intersection",3,80,"WHITEHORSE","METROPOLITAN SOUTH EAST REGION",-37.85473993,145.1692844,"Dry","Clear"
"T20190008009","29/4/19",10:00:00,"Collision with vehicle","Monday","Day",3,5,"Cross intersection",2,80,"KINGSTON","METROPOLITAN SOUTH EAST REGION",-37.97990833,145.1426762,"Dry","Clear"
"T20190008011","29/4/19",11:54:00,"Collision with vehicle","Monday","Day",2,2,"Cross intersection",3,50,"CASEY","METROPOLITAN SOUTH EAST REGION",-38.02636533,145.3037655,"Dry","Clear"
"T20190008012","29/4/19",08:52:00,"Collision with vehicle","Monday","Day",2,2,"T intersection",3,60,"SHEPPARTON","NORTH EASTERN REGION",-36.36778428,145.4105094,"Dry","Clear"
"T20190008014","27/4/19",16:44:00,"Collision with vehicle","Saturday","Day",2,4,"Not at intersection",3,80,"CASEY","METROPOLITAN SOUTH EAST REGION",-38.00146137,145.2346512,"Dry","Clear"
"T20190008017","29/4/19",08:50:00,"Struck Pedestrian","Monday","Day",1,2,"T intersection",3,40,"GLEN EIRA","METROPOLITAN SOUTH EAST REGION",-37.8951072,145.0559389,"Dry","Clear"
"T20190008018","29/4/19",13:10:00,"No collision and no object struck","Monday","Day",2,1,"Not at intersection",3,80,"SURF COAST","SOUTH WESTERN REGION",-38.49124852,144.0164175,"Dry","Clear"
"T20190008019","22/4/19",18:05:00,"Collision with vehicle","Monday","Dusk/Dawn",2,2,"Cross intersection",2,999,"MARIBYRNONG","METROPOLITAN NORTH WEST REGION",-37.77558212,144.8855492,"Dry","Not known"
"T20190008020","29/4/19",07:41:00,"Fall from or in moving vehicle","Monday","Day",1,1,"Not at intersection",3,50,"MONASH","METROPOLITAN SOUTH EAST REGION",-37.92145054,145.1520995,"Wet","Clear"
"T20190008022","29/4/19",12:22:00,"Collision with vehicle","Monday","Day",2,2,"Cross intersection",2,80,"BAYSIDE","METROPOLITAN SOUTH EAST REGION",-37.92019186,145.0218171,"Dry","Clear"
"T20190008023","29/4/19",13:45:00,"Collision with vehicle","Monday","Day",2,2,"T intersection",2,50,"CASEY","METROPOLITAN SOUTH EAST REGION",-38.05174193,145.2550714,"Dry","Clear"
"T20190008024","29/4/19",12:31:00,"Collision with vehicle","Monday","Day",2,2,"Not at intersection",2,50,"MORELAND","METROPOLITAN NORTH WEST REGION",-37.69740864,144.9309103,"Dry","Clear"
"T20190008025","29/4/19",14:45:00,"Collision with vehicle","Monday","Day",6,5,"Not at intersection",3,100,"WYNDHAM","METROPOLITAN NORTH WEST REGION",-37.81910838,144.8092295,"Dry","Not known"
"T20190008027","29/4/19",09:50:00,"No collision and no object struck","Monday","Day",1,1,"T intersection",2,50,"MELBOURNE","METROPOLITAN NORTH WEST REGION",-37.81383558,144.9829703,"Wet","Clear"
"T20190008028","29/4/19",16:00:00,"Collision with vehicle","Monday","Day",2,4,"Cross intersection",3,60,"BAW BAW","EASTERN REGION",-38.15148416,145.9288842,"Dry","Clear"
"T20190008029","29/4/19",15:14:00,"Collision with vehicle","Monday","Day",2,2,"T intersection",2,60,"MACEDON RANGES","NORTHERN REGION",-37.23726353,144.4578884,"Dry","Clear"
"T20190008030","29/4/19",16:25:00,"Collision with vehicle","Monday","Day",3,4,"Not at intersection",3,100,"HOBSONS BAY","METROPOLITAN NORTH WEST REGION",-37.83669125,144.8024309,"Dry","Clear"