"ACCIDENT_NO","ACCIDENTDATE","ACCIDENTTIME","Accident Type Desc","Day Week Description","Light Condition Desc","NO_OF_VEHICLES","NO_PERSONS","Road Geometry Desc","SEVERITY","SPEED_ZONE","LGA_NAME","REGION_NAME","Lat","Long","Surface Cond Desc","Atmosph Cond Desc"
"T20190008031","29/4/19",13:00:00,"Collision with a fixed object","Monday","Day",1,1,"Not at intersection",1,100,"BENDIGO","NORTHERN REGION",-36.8755011,144.2020289,"Dry","Clear"
"T20190008034","29/4/19",16:00:00,"Collision with a fixed object","Monday","Dusk/Dawn",1,2,"Cross intersection",3,60,"DAREBIN","METROPOLITAN NORTH WEST REGION",-37.75525924,144.9938691,"Dry","Clear"
"T20190008035","29/4/19",19:00:00,"Collision with vehicle","Monday","Dark Street lights unknown",2,2,"Cross intersection",3,60,"NILLUMBIK","METROPOLITAN NORTH WEST REGION",-37.71846615,145.1416725,"Dry","Clear"
"T20190008036","29/4/19",15:00:00,"Collision with vehicle","Monday","Day",2,2,"Not at intersection",3,60,"WHITEHORSE","METROPOLITAN SOUTH EAST REGION",-37.81037044,145.1162139,"Dry","Clear"
"T20190008037","29/4/19",16:50:00,"Collision with vehicle","Monday","Day",2,3,"Cross intersection",3,40,"MELBOURNE","METROPOLITAN NORTH WEST REGION",-37.81208682,144.9705638,"Dry","Clear"
"T20190008042","29/4/19",18:29:00,"Collision with vehicle","Monday","Dark Street lights on",3,7,"Not at intersection",2,70,"BRIMBANK","METROPOLITAN NORTH WEST REGION",-37.76613995,144.7756499,"Dry","Clear"
"T20190008043","29/4/19",17:30:00,"Collision with a fixed object","Monday","Day",1,1,"Not at intersection",2,50,"MORELAND","METROPOLITAN NORTH WEST REGION",-37.73341483,144.9785575,"Dry","Clear"
"T20190008044","29/4/19",15:10:00,"Collision with vehicle","Monday","Day",2,2,"T intersection",3,999,"FRANKSTON","METROPOLITAN SOUTH EAST REGION",-38.12661486,145.1367383,"Dry","Clear"
"T20190008046","29/4/19",20:50:00,"Collision with vehicle","Monday","Dark Street lights on",2,2,"Not at intersection",2,60,"GLEN EIRA","METROPOLITAN SOUTH EAST REGION",-37.90078939,145.0193159,"Dry","Clear"
"T20190008049","29/4/19",18:21:00,"Collision with vehicle","Monday","Dark No street lights",3,4,"Not at intersection",2,80,"HUME","METROPOLITAN NORTH WEST REGION",-37.59863082,144.9434746,"Dry","Clear"
"T20190008051","29/4/19",22:43:00,"Collision with a fixed object","Monday","Dark No street lights",1,3,"Not at intersection",2,80,"NILLUMBIK","METROPOLITAN NORTH WEST REGION",-37.65405584,145.1892431,"Dry","Clear"
"T20190008054","29/4/19",22:00:00,"Collision with vehicle","Monday","Dark Street lights on",2,2,"T intersection",2,60,"GEELONG","SOUTH WESTERN REGION",-38.15574313,144.3822689,"Dry","Clear"
"T20190008057","29/4/19",12:25:00,"Vehicle overturned (no collision)","Monday","Day",1,1,"Not at intersection",2,100,"WANGARATTA","NORTH EASTERN REGION",-36.38405156,146.493978,"Dry","Clear"
"T20190008059","30/4/19",07:50:00,"Collision with vehicle","Tuesday","Day",2,2,"Not at intersection",3,70,"GLEN EIRA","METROPOLITAN SOUTH EAST REGION",-37.93486209,145.0503196,"Dry","Clear"
"T20190008060","30/4/19",08:20:00,"Collision with vehicle","Tuesday","Day",2,2,"Cross intersection",2,40,"BENDIGO","NORTHERN REGION",-36.76317096,144.2853619,"Dry","Clear"
"T20190008065","29/4/19",19:20:00,"Collision with a fixed object","Monday","Dark Street lights on",1,1,"Not at intersection",3,60,"BAW BAW","EASTERN REGION",-37.97572335,146.3759265,"Dry","Clear"
"T20190008066","30/4/19",08:30:00,"Collision with a fixed object","Tuesday","Day",1,1,"Not at intersection",3,100,"CAMPASPE","NORTHERN REGION",-36.27744828,144.4816256,"Dry","Clear"
"T20190008067","26/4/19",16:30:00,"Collision with vehicle","Friday","Day",3,1,"Cross intersection",3,60,"BALLARAT","WESTERN REGION",-37.57988695,143.8428002,"Wet","Raining"
"T20190008068","30/4/19",09:32:00,"Collision with vehicle","Tuesday","Day",2,2,"T intersection",2,60,"BAYSIDE","METROPOLITAN SOUTH EAST REGION",-37.94702565,145.0007554,"Dry","Clear"
"T20190008072","30/4/19",10:00:00,"Collision with vehicle","Tuesday","Day",2,3,"Not at intersection",3,40,"MELBOURNE","METROPOLITAN NORTH WEST REGION",-37.81360645,144.972964,"Dry","Clear"
"T20190008073","30/4/19",10:20:00,"Collision with vehicle","Tuesday","Day",2,2,"Not at intersection",3,80,"GEELONG","SOUTH WESTERN REGION",-38.03325993,144.3550806,"Dry","Clear"
"T20190008077","23/4/19",00:30:00,"Collision with vehicle","Tuesday","Dark Street lights on",2,2,"Cross intersection",3,70,"GEELONG","SOUTH WESTERN REGION",-38.14743713,144.3527539,"Dry","Clear"
"T20190008079","30/4/19",11:50:00,"Collision with vehicle","Tuesday","Day",2,2,"Cross intersection",3,80,"FRANKSTON","METROPOLITAN SOUTH EAST REGION",-38.1071051,145.2335461,"Dry","Clear"
"T20190008081","30/4/19",10:06:00,"Collision with vehicle","Tuesday","Day",2,2,"Not at intersection",2,50,"DANDENONG","METROPOLITAN SOUTH EAST REGION",-37.99035406,145.2126079,"Dry","Clear"
"T20190008082","27/4/19",15:20:00,"Collision with vehicle","Saturday","Day",2,2,"T intersection",3,40,"CARDINIA","METROPOLITAN SOUTH EAST REGION",-38.07461095,145.43367,"Dry","Clear"
"T20190008086","30/4/19",12:45:00,"Collision with vehicle","Tuesday","Day",2,2,"Cross intersection",3,60,"MOONEE VALLEY","METROPOLITAN NORTH WEST REGION",-37.7537851,144.9257314,"Dry","Clear"
"T20190008090","30/4/19",13:37:00,"Collision with vehicle","Tuesday","Day",2,2,"Not at intersection",3,60,"GEELONG","SOUTH WESTERN REGION",-38.16207956,144.3539385,"Dry","Clear"
"T20190008093","30/4/19",12:30:00,"Collision with a fixed object","Tuesday","Day",1,1,"Not at intersection",3,110,"STRATHBOGIE","NORTH EASTERN REGION",-36.72553977,145.6162988,"Dry","Clear"
"T20190008095","30/4/19",15:00:00,"Collision with a fixed object","Tuesday","Day",1,1,"T intersection",2,60,"DANDENONG","METROPOLITAN SOUTH EAST REGION",-37.97032644,145.2173011,"Dry","Clear"
"T20190008097","29/4/19",14:55:00,"Collision with a fixed object","Monday","Day",1,2,"Not at intersection",2,60,"LATROBE","EASTERN REGION",-38.22539273,146.4242837,"Dry","Clear"
"T20190008098","30/4/19",09:00:00,"Collision with vehicle","Tuesday","Day",2,2,"Cross intersection",3,40,"YARRA","METROPOLITAN NORTH WEST REGION",-37.78465728,144.972688,"Dry","Not known"
"T20190008102","30/4/19",14:00:00,"Struck Pedestrian","Tuesday","Day",1,2,"T intersection",2,40,"BENDIGO","NORTHERN REGION",-36.76294849,144.2823149,"Dry","Clear"
"T20190008104","30/4/19",15:30:00,"Collision with vehicle","Tuesday","Day",2,2,"Cross intersection",3,50,"EAST GIPPSLAND","EASTERN REGION",-37.69881928,148.4652206,"Dry","Clear"
"T20190008105","30/4/19",16:15:00,"Collision with vehicle","Tuesday","Day",2,4,"T intersection",2,70,"MAROONDAH","METROPOLITAN SOUTH EAST REGION",-37.80055747,145.2634549,"Dry","Clear"
"T20190008106","30/4/19",16:12:00,"Collision with vehicle","Tuesday","Day",4,10,"Not at intersection",3,80,"KNOX","METROPOLITAN SOUTH EAST REGION",-37.87492671,145.2532882,"Dry","Clear"
"T20190008107","30/4/19",16:00:00,"Collision with vehicle","Tuesday","Day",2,2,"T intersection",3,60,"MORNINGTON PENINSULA","METROPOLITAN SOUTH EAST REGION",-38.22844727,145.0364511,"Dry","Clear"
"T20190008108","30/4/19",16:15:00,"Collision with vehicle","Tuesday","Day",2,2,"T intersection",2,60,"BOROONDARA","METROPOLITAN SOUTH EAST REGION",-37.80155799,145.0683664,"Dry","Clear"
"T20190008110","29/4/19",18:45:00,"Collision with vehicle","Monday","Unknown",2,2,"Multiple intersection",3,999,"MORELAND","METROPOLITAN NORTH WEST REGION",-37.75202373,144.9350397,"Unknown","Not known"
"T20190008112","30/4/19",15:30:00,"Struck Pedestrian","Tuesday","Day",1,2,"Not at intersection",3,60,"MELTON","METROPOLITAN NORTH WEST REGION",-37.7101506,144.7410999,"Dry","Clear"
"T20190008114","30/4/19",17:24:00,"Collision with vehicle","Tuesday","Day",2,2,"Cross intersection",2,50,"BALLARAT","WESTERN REGION",-37.56048138,143.8642337,"Dry","Clear"
"T20190008122","30/4/19",20:43:00,"Collision with vehicle","Tuesday","Dark Street lights on",2,2,"T intersection",3,70,"MAROONDAH","METROPOLITAN SOUTH EAST REGION",-37.83227823,145.2373336,"Dry","Clear"
"T20190008123","30/4/19",19:30:00,"Collision with vehicle","Tuesday","Dark Street lights on",2,4,"Cross intersection",2,110,"STRATHBOGIE","NORTH EASTERN REGION",-36.90813348,145.2405445,"Dry","Clear"
"T20190008124","30/4/19",15:15:00,"Collision with vehicle","Tuesday","Day",2,2,"Not at intersection",2,999,"MONASH","METROPOLITAN SOUTH EAST REGION",-37.86607999,145.09534,"Dry","Clear"
"T20190008125","28/4/19",00:55:00,"Collision with vehicle","Sunday","Dark Street lights on",2,3,"Cross intersection",3,60,"PORT PHILLIP","METROPOLITAN NORTH WEST REGION",-37.83911701,144.9633883,"Dry","Not known"
"T20190008130","30/4/19",17:23:00,"Vehicle overturned (no collision)","Tuesday","Day",1,1,"Not at intersection",3,100,"CORANGAMITE","SOUTH WESTERN REGION",-38.37222058,143.1183049,"Dry","Clear"
"T20190008131","30/4/19",18:00:00,"Struck Pedestrian","Tuesday","Day",1,2,"Not at intersection",2,80,"WHITEHORSE","METROPOLITAN SOUTH EAST REGION",-37.81836722,145.1720676,"Dry","Clear"
"T20190008134","30/4/19",21:37:00,"Collision with vehicle","Tuesday","Dark Street lights on",3,5,"Cross intersection",3,60,"BRIMBANK","METROPOLITAN NORTH WEST REGION",-37.74410611,144.7988906,"Dry","Clear"
"T20190008138","30/3/19",23:30:00,"Fall from or in moving vehicle","Saturday","Dark Street lights on",1,1,"T intersection",3,50,"KINGSTON","METROPOLITAN SOUTH EAST REGION",-37.9516335,145.0529329,"Wet","Raining"
"T20190008139","30/4/19",22:15:00,"Collision with vehicle","Tuesday","Dark Street lights on",2,3,"Cross intersection",2,80,"BRIMBANK","METROPOLITAN NORTH WEST REGION",-37.70198034,144.8016505,"Dry","Clear"
"T20190008140","1/5/19",02:23:00,"Collision with vehicle","Wednesday","Dark Street lights on",2,2,"Cross intersection",3,80,"KNOX","METROPOLITAN SOUTH EAST REGION",-37.87690401,145.2328558,"Dry","Clear"
"T20190008142","1/5/19",02:30:00,"Collision with vehicle","Wednesday","Dark Street lights on",2,4,"Cross intersection",3,60,"MELTON","METROPOLITAN NORTH WEST REGION",-37.71066656,144.7552155,"Dry","Clear"
"T20190008143","1/5/19",01:15:00,"Vehicle overturned (no collision)","Wednesday","Dark No street lights",1,2,"Not at intersection",1,100,"HUME","METROPOLITAN NORTH WEST REGION",-37.65949116,144.7431177,"Dry","Clear"
"T20190008144","30/4/19",23:45:00,"Collision with a fixed object","Tuesday","Dark Street lights unknown",1,2,"Not at intersection",3,80,"HUME","METROPOLITAN NORTH WEST REGION",-37.55727654,144.8775708,"Dry","Clear"
"T20190008148","30/4/19",16:30:00,"Collision with vehicle","Tuesday","Day",2,3,"Not at intersection",3,999,"MELBOURNE","METROPOLITAN NORTH WEST REGION",-37.81589241,144.9651769,"Dry","Clear"
"T20190008153","30/4/19",16:10:00,"Collision with vehicle","Tuesday","Day",2,3,"T intersection",3,60,"GLEN EIRA","METROPOLITAN SOUTH EAST REGION",-37.922736,145.0715776,"Dry","Clear"
"T20190008154","1/5/19",10:45:00,"Collision with vehicle","Wednesday","Day",2,3,"Not at intersection",3,60,"DANDENONG","METROPOLITAN SOUTH EAST REGION",-38.02271998,145.1926012,"Wet","Raining"
"T20190008156","1/5/19",11:10:00,"Fall from or in moving vehicle","Wednesday","Day",1,1,"Not at intersection",2,40,"MELBOURNE","METROPOLITAN NORTH WEST REGION",-37.81650411,144.9630719,"Wet","Raining"
"T20190008157","1/5/19",10:54:00,"Collision with a fixed object","Wednesday","Day",1,5,"Not at intersection",2,110,"STRATHBOGIE","NORTH EASTERN REGION",-36.70784895,145.2002467,"Wet","Raining"
"T20190008158","1/5/19",10:59:00,"Collision with vehicle","Wednesday","Day",2,3,"T intersection",2,60,"MAROONDAH","METROPOLITAN SOUTH EAST REGION",-37.80527095,145.3073474,"Dry","Clear"
"T20190008159","1/5/19",11:30:00,"Struck Pedestrian","Wednesday","Day",1,2,"Cross intersection",2,60,"BANYULE","METROPOLITAN NORTH WEST REGION",-37.74099784,145.036806,"Wet","Raining"
"T20190008162","9/3/19",05:45:00,"Struck animal","Saturday","Dark No street lights",1,1,"Not at intersection",3,100,"ALPINE","NORTH EASTERN REGION",-36.79160534,147.0413855,"Dry","Clear"
"T20190008163","12/4/19",07:10:00,"Collision with vehicle","Friday","Day",2,3,"T intersection",3,60,"MANNINGHAM","METROPOLITAN SOUTH EAST REGION",-37.75519547,145.290722,"Dry","Clear"
"T20190008164","19/4/19",08:50:00,"Vehicle overturned (no collision)","Friday","Day",1,2,"Not at intersection",3,110,"BALLARAT","WESTERN REGION",-37.51291015,143.8116859,"Dry","Clear"
"T20190008165","1/5/19",12:15:00,"Vehicle overturned (no collision)","Wednesday","Day",1,1,"Not at intersection",2,70,"BALLARAT","WESTERN REGION",-37.60844992,143.8217213,"Dry","Clear"
"T20190008166","1/5/19",04:30:00,"Collision with a fixed object","Wednesday","Dark No street lights",1,1,"Not at intersection",1,100,"MOYNE","SOUTH WESTERN REGION",-38.13333358,142.4965517,"Dry","Clear"
"T20190008166","1/5/19",04:30:00,"Collision with a fixed object","Wednesday","Dark No street lights",1,1,"Not at intersection",1,100,"MOYNE","SOUTH WESTERN REGION",-38.13333358,142.4965517,"Dry","Strong winds"
"T20190008170","1/5/19",10:29:00,"Collision with vehicle","Wednesday","Day",2,3,"T intersection",3,999,"BASS COAST","EASTERN REGION",-38.62760971,145.7172377,"Unknown","Clear"
"T20190008173","27/4/19",12:00:00,"No collision and no object struck","Saturday","Day",1,1,"Not at intersection",3,100,"INDIGO","NORTH EASTERN REGION",-36.26386818,146.6288783,"Dry","Clear"
"T20190008174","1/5/19",15:55:00,"Collision with vehicle","Wednesday","Day",2,2,"Cross intersection",3,50,"WODONGA","NORTH EASTERN REGION",-36.12186151,146.8834514,"Wet","Clear"
"T20190008176","1/5/19",17:00:00,"Struck Pedestrian","Wednesday","Day",1,2,"Cross intersection",3,60,"WHITTLESEA","METROPOLITAN NORTH WEST REGION",-37.63696196,145.0218581,"Dry","Clear"
"T20190008181","1/5/19",15:56:00,"Collision with vehicle","Wednesday","Day",2,2,"Not at intersection",3,100,"CASEY","METROPOLITAN SOUTH EAST REGION",-38.18000004,145.2196503,"Dry","Clear"
"T20190008184","1/5/19",18:00:00,"Collision with vehicle","Wednesday","Dark Street lights on",2,6,"Not at intersection",2,80,"KNOX","METROPOLITAN SOUTH EAST REGION",-37.90090019,145.233969,"Dry","Clear"
"T20190008185","1/5/19",18:40:00,"Struck Pedestrian","Wednesday","Dark Street lights on",1,2,"Cross intersection",3,40,"GEELONG","SOUTH WESTERN REGION",-38.15074652,144.3648099,"Wet","Raining"
"T20190008191","29/4/19",15:30:00,"Collision with vehicle","Monday","Day",3,3,"Not at intersection",3,60,"BAYSIDE","METROPOLITAN SOUTH EAST REGION",-37.97437808,145.0151737,"Dry","Clear"
"T20190008193","1/5/19",17:05:00,"Struck Pedestrian","Wednesday","Day",1,2,"Not at intersection",2,60,"PORT PHILLIP","METROPOLITAN NORTH WEST REGION",-37.83239371,144.9384212,"Dry","Clear"
"T20190008194","1/5/19",18:30:00,"Collision with vehicle","Wednesday","Dark Street lights on",4,4,"Not at intersection",2,60,"CASEY","METROPOLITAN SOUTH EAST REGION",-38.09745885,145.2779996,"Dry","Clear"
"T20190008195","1/5/19",16:11:00,"Collision with a fixed object","Wednesday","Day",1,1,"Not at intersection",2,60,"(MOUNT BULLER)","NORTH EASTERN REGION",-37.137134,146.4597386,"Wet","Raining"
"T20190008195","1/5/19",16:11:00,"Collision with a fixed object","Wednesday","Day",1,1,"Not at intersection",2,60,"(MOUNT BULLER)","NORTH EASTERN REGION",-37.137134,146.4597386,"Wet","Fog"
"T20190008198","1/5/19",15:50:00,"Collision with vehicle","Wednesday","Day",2,2,"T intersection",3,50,"GEELONG","SOUTH WESTERN REGION",-38.2616483,144.5310245,"Dry","Clear"
"T20190008199","1/5/19",17:04:00,"Collision with vehicle","Wednesday","Dark Street lights on",2,2,"Not at intersection",2,60,"DANDENONG","METROPOLITAN SOUTH EAST REGION",-37.9612606,145.1429026,"Dry","Clear"
"T20190008201","1/5/19",16:09:00,"Collision with vehicle","Wednesday","Day",2,2,"Not at intersection",3,80,"MANNINGHAM","METROPOLITAN SOUTH EAST REGION",-37.80703557,145.210385,"Dry","Clear"
"T20190008202","2/5/19",00:10:00,"Collision with vehicle","Thursday","Dark Street lights on",2,2,"Not at intersection",2,60,"STONNINGTON","METROPOLITAN SOUTH EAST REGION",-37.83761215,145.0317242,"Dry","Clear"
"T20190008203","1/5/19",23:30:00,"Collision with vehicle","Wednesday","Dark Street lights on",2,3,"T intersection",2,60,"CASEY","METROPOLITAN SOUTH EAST REGION",-38.0313136,145.2682975,"Dry","Clear"
"T20190008207","2/5/19",05:50:00,"Collision with vehicle","Thursday","Dark Street lights on",4,2,"T intersection",3,60,"DANDENONG","METROPOLITAN SOUTH EAST REGION",-37.97019931,145.2162338,"Wet","Raining"
"T20190008209","2/5/19",07:05:00,"Collision with vehicle","Thursday","Day",3,2,"Not at intersection",3,60,"BAYSIDE","METROPOLITAN SOUTH EAST REGION",-37.94100011,144.9999692,"Wet","Raining"
"T20190008213","2/5/19",06:50:00,"Vehicle overturned (no collision)","Thursday","Day",1,1,"T intersection",3,50,"WHITEHORSE","METROPOLITAN SOUTH EAST REGION",-37.81277386,145.1169669,"Wet","Raining"
"T20190008215","2/5/19",06:45:00,"Collision with vehicle","Thursday","Dark No street lights",2,2,"Not at intersection",3,80,"BAW BAW","EASTERN REGION",-38.10022124,145.771921,"Wet","Raining"
"T20190008216","1/5/19",06:55:00,"Collision with vehicle","Wednesday","Dusk/Dawn",2,2,"Not at intersection",2,70,"GEELONG","SOUTH WESTERN REGION",-38.11516038,144.3544531,"Dry","Clear"
"T20190008218","25/4/19",13:30:00,"Collision with vehicle","Thursday","Day",2,2,"Not at intersection",3,60,"WHITTLESEA","METROPOLITAN NORTH WEST REGION",-37.60113044,145.095261,"Unknown","Clear"
"T20190008222","2/5/19",09:45:00,"Collision with a fixed object","Thursday","Day",1,1,"Not at intersection",2,100,"HOBSONS BAY","METROPOLITAN NORTH WEST REGION",-37.86656087,144.773566,"Wet","Raining"
"T20190008227","2/5/19",07:48:00,"Collision with vehicle","Thursday","Day",2,2,"Not at intersection",2,100,"HUME","METROPOLITAN NORTH WEST REGION",-37.50183229,144.7701044,"Wet","Raining"
"T20190008228","2/5/19",09:45:00,"Collision with vehicle","Thursday","Day",2,2,"T intersection",3,50,"BASS COAST","EASTERN REGION",-38.60139343,145.6009453,"Dry","Clear"
"T20190008229","2/5/19",09:05:00,"Collision with a fixed object","Thursday","Day",1,1,"Not at intersection",3,50,"CASEY","METROPOLITAN SOUTH EAST REGION",-38.03566293,145.3094288,"Wet","Raining"
"T20190008233","2/5/19",13:15:00,"Collision with vehicle","Thursday","Day",3,2,"Not at intersection",3,50,"LATROBE","EASTERN REGION",-38.17724328,146.2634197,"Wet","Clear"
"T20190008234","18/4/19",14:40:00,"Collision with vehicle","Thursday","Day",3,3,"Cross intersection",3,80,"MAROONDAH","METROPOLITAN SOUTH EAST REGION",-37.79964372,145.2898163,"Dry","Not known"
"T20190008235","2/5/19",13:10:00,"Struck Pedestrian","Thursday","Day",1,2,"Cross intersection",2,60,"GLEN EIRA","METROPOLITAN SOUTH EAST REGION",-37.87915559,145.0163105,"Dry","Clear"
"T20190008236","2/5/19",10:50:00,"Collision with vehicle","Thursday","Day",2,2,"Cross intersection",3,40,"GEELONG","SOUTH WESTERN REGION",-38.14932359,144.3598061,"Dry","Clear"
"T20190008239","29/4/19",13:00:00,"No collision and no object struck","Monday","Day",1,1,"Not at intersection",3,100,"MANSFIELD","NORTH EASTERN REGION",-37.19116679,146.3483878,"Dry","Clear"
"T20190008240","2/5/19",13:30:00,"Collision with vehicle","Thursday","Day",2,1,"Not at intersection",3,50,"WELLINGTON","EASTERN REGION",-38.11608596,147.0848363,"Dry","Clear"
"T20190008243","2/5/19",09:45:00,"Collision with a fixed object","Thursday","Day",1,1,"Cross intersection",3,50,"SHEPPARTON","NORTH EASTERN REGION",-36.36839402,145.4158081,"Wet","Raining"
"T20190008244","2/5/19",14:40:00,"Collision with vehicle","Thursday","Day",3,3,"Not at intersection",3,100,"MORELAND","METROPOLITAN NORTH WEST REGION",-37.69430997,144.91425,"Dry","Clear"
"T20190008246","2/5/19",14:20:00,"Collision with vehicle","Thursday","Day",2,2,"Not at intersection",3,40,"STONNINGTON","METROPOLITAN SOUTH EAST REGION",-37.83826842,145.0099503,"Dry","Clear"
"T20190008247","2/5/19",11:50:00,"Collision with vehicle","Thursday","Day",2,3,"Not at intersection",3,60,"YARRA RANGES","METROPOLITAN SOUTH EAST REGION",-37.91998556,145.3865513,"Dry","Clear"
"T20190008251","2/5/19",11:36:00,"Struck Pedestrian","Thursday","Day",1,2,"Cross intersection",2,60,"BOROONDARA","METROPOLITAN SOUTH EAST REGION",-37.83600707,145.0621638,"Dry","Clear"
"T20190008253","22/4/19",12:00:00,"No collision and no object struck","Monday","Day",1,1,"Y intersection",3,999,"WELLINGTON","EASTERN REGION",-37.85215261,146.7819502,"Unknown","Not known"
"T20190008254","2/5/19",17:10:00,"Collision with a fixed object","Thursday","Dusk/Dawn",1,1,"Not at intersection",3,80,"DANDENONG","METROPOLITAN SOUTH EAST REGION",-37.95870582,145.2255872,"Wet","Clear"
"T20190008255","1/5/19",08:52:00,"Collision with vehicle","Wednesday","Day",2,2,"T intersection",2,60,"BANYULE","METROPOLITAN NORTH WEST REGION",-37.74578958,145.0420649,"Dry","Clear"
"T20190008257","2/5/19",17:55:00,"Collision with vehicle","Thursday","Dark Street lights on",3,3,"T intersection",3,60,"YARRA RANGES","METROPOLITAN SOUTH EAST REGION",-37.65585336,145.5117926,"Wet","Clear"
"T20190008258","2/5/19",15:20:00,"Collision with vehicle","Thursday","Day",2,2,"Not at intersection",3,50,"WHITEHORSE","METROPOLITAN SOUTH EAST REGION",-37.84744439,145.1977861,"Wet","Clear"
"T20190008259","2/5/19",18:05:00,"Collision with vehicle","Thursday","Dark Street lights on",2,3,"T intersection",2,70,"GLEN EIRA","METROPOLITAN SOUTH EAST REGION",-37.90402858,145.0411315,"Wet","Raining"
"T20190008262","2/5/19",17:00:00,"Collision with vehicle","Thursday","Dark Street lights on",2,2,"Cross intersection",2,40,"PORT PHILLIP","METROPOLITAN NORTH WEST REGION",-37.83884137,144.9427956,"Dry","Clear"
"T20190008264","14/3/19",18:30:00,"Collision with a fixed object","Thursday","Day",1,1,"T intersection",3,80,"HUME","METROPOLITAN NORTH WEST REGION",-37.65190927,144.9305582,"Dry","Clear"
"T20190008265","2/5/19",16:45:00,"Collision with vehicle","Thursday","Dusk/Dawn",3,7,"Not at intersection",2,80,"FRANKSTON","METROPOLITAN SOUTH EAST REGION",-38.10081361,145.1713729,"Dry","Clear"
"T20190008266","2/5/19",17:50:00,"Collision with vehicle","Thursday","Dark Street lights on",3,4,"Not at intersection",3,70,"WYNDHAM","METROPOLITAN NORTH WEST REGION",-37.87337339,144.7222428,"Dry","Clear"
"T20190008267","2/5/19",15:20:00,"Collision with vehicle","Thursday","Day",2,3,"Not at intersection",3,100,"DANDENONG","METROPOLITAN SOUTH EAST REGION",-38.06828499,145.197896,"Wet","Raining"
"T20190008268","2/5/19",05:38:00,"Vehicle overturned (no collision)","Thursday","Dark No street lights",1,1,"Not at intersection",3,100,"SHEPPARTON","NORTH EASTERN REGION",-36.58465396,145.2236323,"Wet","Raining"
"T20190008269","2/5/19",21:35:00,"Collision with vehicle","Thursday","Dark Street lights on",2,2,"Multiple intersection",3,60,"DANDENONG","METROPOLITAN SOUTH EAST REGION",-37.98481145,145.2139399,"Dry","Clear"
"T20190008272","3/5/19",00:34:00,"Collision with vehicle","Friday","Dark Street lights on",2,2,"Cross intersection",3,50,"MELBOURNE","METROPOLITAN NORTH WEST REGION",-37.80074287,144.9669242,"Dry","Clear"
"T20190008277","2/5/19",18:15:00,"Collision with vehicle","Thursday","Dark Street lights on",2,2,"Cross intersection",2,50,"YARRA RANGES","METROPOLITAN SOUTH EAST REGION",-37.77653525,145.4565135,"Wet","Raining"
"T20190008278","2/5/19",16:30:00,"Struck Pedestrian","Thursday","Day",1,2,"Cross intersection",3,50,"MOORABOOL","WESTERN REGION",-37.6001602,144.225458,"Dry","Clear"
"T20190008279","26/4/19",16:45:00,"Collision with vehicle","Friday","Day",2,2,"Not at intersection",3,60,"WYNDHAM","METROPOLITAN NORTH WEST REGION",-37.88331184,144.7003591,"Dry","Clear"
"T20190008281","3/5/19",08:15:00,"Collision with vehicle","Friday","Day",2,3,"Cross intersection",3,80,"MORNINGTON PENINSULA","METROPOLITAN SOUTH EAST REGION",-38.4321933,145.0420008,"Dry","Clear"
"T20190008283","3/5/19",08:40:00,"No collision and no object struck","Friday","Day",1,1,"T intersection",3,50,"WHITEHORSE","METROPOLITAN SOUTH EAST REGION",-37.8478825,145.1241043,"Dry","Clear"
"T20190008284","3/5/19",07:38:00,"Collision with vehicle","Friday","Day",2,2,"T intersection",2,70,"MANNINGHAM","METROPOLITAN SOUTH EAST REGION",-37.78375099,145.1816102,"Dry","Not known"
"T20190008285","3/5/19",06:35:00,"Collision with vehicle","Friday","Dusk/Dawn",2,2,"Not at intersection",2,60,"BOROONDARA","METROPOLITAN SOUTH EAST REGION",-37.82568009,145.0256307,"Dry","Clear"
"T20190008286","3/5/19",09:11:00,"Collision with vehicle","Friday","Day",2,2,"Not at intersection",2,60,"FRANKSTON","METROPOLITAN SOUTH EAST REGION",-38.10362015,145.1603157,"Dry","Clear"
"T20190008287","30/4/19",14:00:00,"Fall from or in moving vehicle","Tuesday","Day",1,1,"T intersection",3,999,"LATROBE","EASTERN REGION",-38.4025141,146.4299446,"Dry","Clear"
"T20190008288","3/5/19",08:10:00,"Collision with vehicle","Friday","Day",2,2,"Not at intersection",3,60,"BOROONDARA","METROPOLITAN SOUTH EAST REGION",-37.82116816,145.0229403,"Dry","Clear"
"T20190008289","3/5/19",10:30:00,"Collision with vehicle","Friday","Day",2,3,"Cross intersection",3,50,"WHITTLESEA","METROPOLITAN NORTH WEST REGION",-37.62075644,145.0052343,"Dry","Clear"
"T20190008290","3/5/19",12:24:00,"Struck Pedestrian","Friday","Day",1,2,"Not at intersection",3,60,"PORT PHILLIP","METROPOLITAN NORTH WEST REGION",-37.86021822,144.982489,"Dry","Clear"
"T20190008292","3/5/19",10:40:00,"Collision with vehicle","Friday","Day",2,2,"Cross intersection",2,60,"WHITEHORSE","METROPOLITAN SOUTH EAST REGION",-37.82308016,145.1524287,"Dry","Clear"
"T20190008297","1/5/19",16:35:00,"Collision with vehicle","Wednesday","Day",2,2,"Cross intersection",3,90,"MITCHELL","NORTHERN REGION",-37.4262148,145.0571315,"Dry","Clear"