"ACCIDENT_NO","ACCIDENTDATE","ACCIDENTTIME","Accident Type Desc","Day Week Description","Light Condition Desc","NO_OF_VEHICLES","NO_PERSONS","Road Geometry Desc","SEVERITY","SPEED_ZONE","LGA_NAME","REGION_NAME","Lat","Long","Surface Cond Desc","Atmosph Cond Desc"
"T20190008298","26/4/19",19:30:00,"Collision with a fixed object","Friday","Dark No street lights",1,1,"Not at intersection",2,50,"WHITTLESEA","METROPOLITAN NORTH WEST REGION",-37.49736842,145.2263417,"Dry","Clear"
"T20190008307","2/5/19",10:40:00,"Collision with a fixed object","Thursday","Day",1,1,"Not at intersection",3,60,"BENDIGO","NORTHERN REGION",-36.7724305,144.3373994,"Wet","Not known"
"T20190008308","3/5/19",08:46:00,"Collision with vehicle","Friday","Day",2,4,"T intersection",2,80,"MELTON","METROPOLITAN NORTH WEST REGION",-37.68312619,144.6612387,"Dry","Clear"
"T20190008310","3/5/19",12:40:00,"Vehicle overturned (no collision)","Friday","Day",1,2,"Not at intersection",3,60,"(MOUNT HOTHAM)","NORTH EASTERN REGION",-36.97611768,147.1214988,"Dry","Clear"
"T20190008311","3/5/19",12:40:00,"Collision with vehicle","Friday","Day",2,2,"Not at intersection",3,80,"CASEY","METROPOLITAN SOUTH EAST REGION",-37.98147967,145.2780873,"Dry","Clear"
"T20190008313","3/5/19",06:00:00,"Struck Pedestrian","Friday","Dark Street lights on",1,2,"T intersection",3,60,"BRIMBANK","METROPOLITAN NORTH WEST REGION",-37.72805513,144.7973961,"Dry","Clear"
"T20190008315","3/5/19",12:50:00,"Vehicle overturned (no collision)","Friday","Day",1,1,"Not at intersection",3,80,"CORANGAMITE","SOUTH WESTERN REGION",-37.9473747,143.2343625,"Dry","Clear"
"T20190008316","3/5/19",08:15:00,"Struck Pedestrian","Friday","Day",1,2,"Not at intersection",3,60,"PORT PHILLIP","METROPOLITAN NORTH WEST REGION",-37.83166049,144.9533818,"Dry","Clear"
"T20190008317","3/5/19",14:40:00,"Collision with vehicle","Friday","Day",2,2,"Not at intersection",2,50,"DAREBIN","METROPOLITAN NORTH WEST REGION",-37.73393589,144.9999044,"Dry","Clear"
"T20190008319","3/5/19",15:25:00,"No collision and no object struck","Friday","Day",2,2,"T intersection",3,60,"SHEPPARTON","NORTH EASTERN REGION",-36.36754093,145.4196359,"Dry","Clear"
"T20190008320","3/5/19",16:00:00,"Collision with vehicle","Friday","Day",2,2,"Cross intersection",3,50,"MARIBYRNONG","METROPOLITAN NORTH WEST REGION",-37.77885551,144.8631336,"Dry","Clear"
"T20190008321","25/4/19",11:10:00,"Collision with vehicle","Thursday","Day",2,2,"Cross intersection",3,80,"PYRENEES","WESTERN REGION",-37.27503856,143.515047,"Dry","Clear"
"T20190008322","3/5/19",15:50:00,"Collision with a fixed object","Friday","Day",1,3,"Not at intersection",3,100,"CARDINIA","METROPOLITAN SOUTH EAST REGION",-38.19283167,145.5157883,"Dry","Clear"
"T20190008323","3/5/19",16:30:00,"Collision with vehicle","Friday","Dusk/Dawn",3,5,"Not at intersection",3,80,"HUME","METROPOLITAN NORTH WEST REGION",-37.63507065,144.7681307,"Dry","Clear"
"T20190008325","3/5/19",17:40:00,"Collision with vehicle","Friday","Dusk/Dawn",2,4,"T intersection",3,70,"MAROONDAH","METROPOLITAN SOUTH EAST REGION",-37.80628038,145.2885538,"Dry","Clear"
"T20190008327","26/4/19",11:20:00,"Collision with vehicle","Friday","Day",2,2,"Cross intersection",3,60,"GEELONG","SOUTH WESTERN REGION",-38.16039833,144.3501824,"Unknown","Not known"
"T20190008328","25/4/19",08:30:00,"Collision with vehicle","Thursday","Day",2,2,"Not at intersection",3,50,"MOIRA","NORTH EASTERN REGION",-36.05768961,145.2036804,"Dry","Clear"
"T20190008329","3/5/19",17:48:00,"Collision with vehicle","Friday","Dusk/Dawn",2,2,"Cross intersection",3,100,"HEPBURN","WESTERN REGION",-37.28467803,143.9568556,"Dry","Clear"
"T20190008333","3/5/19",17:35:00,"Collision with vehicle","Friday","Dusk/Dawn",3,3,"T intersection",2,60,"BAYSIDE","METROPOLITAN SOUTH EAST REGION",-37.95875162,145.0097119,"Dry","Dust"
"T20190008334","3/5/19",15:35:00,"Collision with vehicle","Friday","Day",2,2,"Not at intersection",3,60,"YARRA","METROPOLITAN NORTH WEST REGION",-37.82652237,145.0055696,"Dry","Clear"
"T20190008336","25/4/19",14:00:00,"Vehicle overturned (no collision)","Thursday","Day",1,1,"Not at intersection",2,999,"LODDON","NORTHERN REGION",-36.16697105,144.2361853,"Dry","Clear"
"T20190008338","3/5/19",18:30:00,"Collision with vehicle","Friday","Dark No street lights",5,5,"Not at intersection",2,80,"CASEY","METROPOLITAN SOUTH EAST REGION",-37.97427317,145.3153876,"Dry","Clear"
"T20190008339","3/5/19",19:12:00,"Collision with a fixed object","Friday","Dark No street lights",1,1,"T intersection",2,100,"WYNDHAM","METROPOLITAN NORTH WEST REGION",-37.90274504,144.5112589,"Dry","Clear"
"T20190008342","3/5/19",18:00:00,"Collision with vehicle","Friday","Dark Street lights on",3,8,"Not at intersection",2,100,"CASEY","METROPOLITAN SOUTH EAST REGION",-37.96865139,145.236237,"Dry","Clear"
"T20190008343","3/5/19",20:50:00,"Collision with vehicle","Friday","Dark Street lights on",2,2,"T intersection",2,60,"STONNINGTON","METROPOLITAN SOUTH EAST REGION",-37.86364052,145.0380464,"Wet","Raining"
"T20190008345","3/5/19",05:33:00,"Collision with vehicle","Friday","Dark Street lights on",2,2,"Cross intersection",2,80,"DANDENONG","METROPOLITAN SOUTH EAST REGION",-37.97520407,145.2037033,"Dry","Clear"
"T20190008352","3/5/19",21:04:00,"Fall from or in moving vehicle","Friday","Dark Street lights unknown",1,1,"Cross intersection",3,60,"DAREBIN","METROPOLITAN NORTH WEST REGION",-37.73115606,145.0144569,"Wet","Not known"
"T20190008353","3/5/19",16:30:00,"Collision with vehicle","Friday","Day",2,1,"Not at intersection",3,50,"DAREBIN","METROPOLITAN NORTH WEST REGION",-37.69741249,145.0289796,"Dry","Clear"
"T20190008356","3/5/19",21:21:00,"Fall from or in moving vehicle","Friday","Dark Street lights on",1,1,"T intersection",2,60,"BANYULE","METROPOLITAN NORTH WEST REGION",-37.73494167,145.0788965,"Wet","Raining"
"T20190008358","3/5/19",22:20:00,"Struck Pedestrian","Friday","Dark Street lights on",1,2,"Cross intersection",2,80,"DANDENONG","METROPOLITAN SOUTH EAST REGION",-37.99078203,145.1447084,"Wet","Clear"
"T20190008359","3/5/19",20:30:00,"Collision with vehicle","Friday","Dark Street lights off",2,1,"Not at intersection",3,50,"MORELAND","METROPOLITAN NORTH WEST REGION",-37.69728599,144.9298722,"Dry","Clear"
"T20190008360","3/5/19",22:40:00,"Collision with vehicle","Friday","Dark Street lights on",2,3,"Not at intersection",3,50,"MELBOURNE","METROPOLITAN NORTH WEST REGION",-37.79729049,144.9675344,"Wet","Clear"
"T20190008362","3/5/19",22:46:00,"Collision with vehicle","Friday","Dark Street lights on",2,3,"Cross intersection",3,50,"MELBOURNE","METROPOLITAN NORTH WEST REGION",-37.80052789,144.9459007,"Dry","Clear"
"T20190008364","3/5/19",19:56:00,"Collision with vehicle","Friday","Dark Street lights on",3,3,"Not at intersection",3,100,"CASEY","METROPOLITAN SOUTH EAST REGION",-37.98553443,145.2489761,"Dry","Clear"
"T20190008366","3/5/19",19:30:00,"Collision with vehicle","Friday","Dark Street lights on",2,1,"Not at intersection",3,50,"MOONEE VALLEY","METROPOLITAN NORTH WEST REGION",-37.74389569,144.9319808,"Dry","Clear"
"T20190008368","3/5/19",23:45:00,"Collision with a fixed object","Friday","Dark No street lights",1,1,"Not at intersection",2,100,"EAST GIPPSLAND","EASTERN REGION",-37.93092668,147.6851844,"Dry","Clear"
"T20190008369","4/5/19",03:50:00,"Collision with vehicle","Saturday","Dark Street lights on",2,2,"Cross intersection",2,999,"MELBOURNE","METROPOLITAN NORTH WEST REGION",-37.818472,144.9484895,"Dry","Clear"
"T20190008371","3/5/19",13:20:00,"Collision with vehicle","Friday","Day",4,7,"Not at intersection",2,60,"DANDENONG","METROPOLITAN SOUTH EAST REGION",-37.99230816,145.215773,"Dry","Clear"
"T20190008373","4/5/19",04:06:00,"Collision with a fixed object","Saturday","Dark Street lights on",1,1,"Not at intersection",3,50,"CASEY","METROPOLITAN SOUTH EAST REGION",-38.11161037,145.2649765,"Wet","Raining"
"T20190008375","22/4/19",21:00:00,"Collision with vehicle","Monday","Dark Street lights on",2,2,"Cross intersection",3,40,"STONNINGTON","METROPOLITAN SOUTH EAST REGION",-37.85470392,144.9928296,"Unknown","Not known"
"T20190008376","4/5/19",00:15:00,"Collision with vehicle","Saturday","Dark No street lights",2,2,"Not at intersection",1,100,"SHEPPARTON","NORTH EASTERN REGION",-36.41058002,145.4981752,"Dry","Clear"
"T20190008377","4/5/19",08:14:00,"Collision with a fixed object","Saturday","Day",1,1,"T intersection",3,80,"GEELONG","SOUTH WESTERN REGION",-38.20922863,144.5097946,"Wet","Raining"
"T20190008379","25/4/19",16:30:00,"Collision with vehicle","Thursday","Day",2,2,"T intersection",3,40,"YARRA","METROPOLITAN NORTH WEST REGION",-37.79736184,144.9845463,"Dry","Clear"
"T20190008380","4/5/19",07:17:00,"Vehicle overturned (no collision)","Saturday","Day",1,1,"T intersection",2,100,"CORANGAMITE","SOUTH WESTERN REGION",-38.32926617,143.305319,"Wet","Clear"
"T20190008381","4/5/19",08:30:00,"Collision with vehicle","Saturday","Day",2,2,"Not at intersection",2,70,"NILLUMBIK","METROPOLITAN NORTH WEST REGION",-37.674691,145.144666,"Dry","Clear"
"T20190008384","4/5/19",11:19:00,"Collision with vehicle","Saturday","Day",2,2,"Not at intersection",2,60,"MOONEE VALLEY","METROPOLITAN NORTH WEST REGION",-37.76333394,144.9229867,"Dry","Clear"
"T20190008385","4/5/19",09:40:00,"Struck Pedestrian","Saturday","Day",1,2,"T intersection",2,50,"CAMPASPE","NORTHERN REGION",-36.14944324,144.7546506,"Dry","Clear"
"T20190008386","4/5/19",11:35:00,"Collision with vehicle","Saturday","Day",4,5,"Not at intersection",3,60,"GEELONG","SOUTH WESTERN REGION",-38.18134719,144.3911206,"Dry","Clear"
"T20190008388","4/5/19",07:38:00,"Collision with vehicle","Saturday","Day",2,3,"Not at intersection",1,100,"BASS COAST","EASTERN REGION",-38.52541791,145.4468744,"Wet","Clear"
"T20190008390","4/5/19",07:08:00,"Collision with vehicle","Saturday","Dusk/Dawn",2,3,"Not at intersection",3,60,"WHITEHORSE","METROPOLITAN SOUTH EAST REGION",-37.8075643,145.1408367,"Wet","Clear"
"T20190008391","4/5/19",12:10:00,"Collision with vehicle","Saturday","Day",2,2,"Cross intersection",3,60,"FRANKSTON","METROPOLITAN SOUTH EAST REGION",-38.14289981,145.1210531,"Dry","Clear"
"T20190008392","4/5/19",06:15:00,"Collision with a fixed object","Saturday","Dark Street lights on",2,2,"Not at intersection",2,80,"BRIMBANK","METROPOLITAN NORTH WEST REGION",-37.81930703,144.8399973,"Dry","Clear"
"T20190008395","26/4/19",18:00:00,"Collision with vehicle","Friday","Dusk/Dawn",3,4,"Cross intersection",3,60,"MELTON","METROPOLITAN NORTH WEST REGION",-37.68757704,144.5675532,"Dry","Clear"
"T20190008396","1/5/19",20:30:00,"Collision with vehicle","Wednesday","Dark Street lights on",2,7,"T intersection",3,50,"CASEY","METROPOLITAN SOUTH EAST REGION",-38.10883325,145.2907214,"Dry","Clear"
"T20190008397","3/5/19",17:06:00,"Collision with vehicle","Friday","Day",2,2,"T intersection",3,60,"PORT PHILLIP","METROPOLITAN NORTH WEST REGION",-37.85157018,144.9563945,"Dry","Clear"
"T20190008397","3/5/19",17:06:00,"Collision with vehicle","Friday","Day",2,2,"T intersection",3,60,"PORT PHILLIP","METROPOLITAN NORTH WEST REGION",-37.85157018,144.9563945,"Dry","Strong winds"
"T20190008398","4/5/19",12:08:00,"Collision with vehicle","Saturday","Day",3,5,"T intersection",2,60,"BOROONDARA","METROPOLITAN SOUTH EAST REGION",-37.84601537,145.0567574,"Wet","Raining"
"T20190008400","4/5/19",13:53:00,"Collision with vehicle","Saturday","Day",2,4,"Not at intersection",3,100,"NILLUMBIK","METROPOLITAN NORTH WEST REGION",-37.59996398,145.2063633,"Dry","Clear"
"T20190008402","4/5/19",13:00:00,"collision with some other object","Saturday","Day",1,1,"Not at intersection",2,60,"HUME","METROPOLITAN NORTH WEST REGION",-37.70007813,144.8454903,"Wet","Not known"
"T20190008403","4/5/19",07:50:00,"Collision with vehicle","Saturday","Dark Street lights on",2,2,"Not at intersection",3,60,"MONASH","METROPOLITAN SOUTH EAST REGION",-37.91060187,145.1098777,"Wet","Raining"
"T20190008404","4/5/19",13:00:00,"Collision with vehicle","Saturday","Day",3,4,"T intersection",2,60,"WHITEHORSE","METROPOLITAN SOUTH EAST REGION",-37.84150833,145.1342805,"Wet","Raining"
"T20190008405","4/5/19",13:45:00,"Collision with vehicle","Saturday","Day",2,2,"Not at intersection",2,100,"PYRENEES","WESTERN REGION",-37.42784962,143.3611703,"Wet","Raining"
"T20190008406","4/5/19",15:20:00,"Collision with vehicle","Saturday","Day",2,1,"Cross intersection",3,60,"DANDENONG","METROPOLITAN SOUTH EAST REGION",-37.9836191,145.2210296,"Dry","Clear"
"T20190008408","4/5/19",15:40:00,"Collision with vehicle","Saturday","Day",2,3,"Not at intersection",2,50,"DANDENONG","METROPOLITAN SOUTH EAST REGION",-37.94537777,145.1917687,"Wet","Raining"
"T20190008412","3/5/19",17:55:00,"Collision with vehicle","Friday","Dark Street lights on",2,4,"T intersection",3,60,"GLEN EIRA","METROPOLITAN SOUTH EAST REGION",-37.9078505,145.0717775,"Dry","Clear"
"T20190008413","4/5/19",17:30:00,"Collision with a fixed object","Saturday","Dusk/Dawn",1,1,"Not at intersection",3,80,"NILLUMBIK","METROPOLITAN NORTH WEST REGION",-37.70143662,145.2259341,"Wet","Raining"
"T20190008414","4/5/19",17:10:00,"Collision with vehicle","Saturday","Day",2,4,"Cross intersection",3,50,"WODONGA","NORTH EASTERN REGION",-36.12596871,146.8838255,"Dry","Clear"
"T20190008417","4/5/19",14:43:00,"Struck Pedestrian","Saturday","Day",1,2,"T intersection",2,70,"GEELONG","SOUTH WESTERN REGION",-38.15924972,144.3503851,"Dry","Clear"
"T20190008418","4/5/19",18:15:00,"Collision with vehicle","Saturday","Dark Street lights on",2,2,"T intersection",2,50,"ALPINE","NORTH EASTERN REGION",-36.73090732,146.9641114,"Dry","Clear"
"T20190008420","4/5/19",12:30:00,"Collision with a fixed object","Saturday","Day",1,1,"Not at intersection",1,80,"TOWONG","NORTH EASTERN REGION",-35.99257811,147.7175781,"Dry","Clear"
"T20190008421","4/5/19",19:00:00,"Collision with vehicle","Saturday","Dark Street lights on",2,2,"Not at intersection",3,50,"MELBOURNE","METROPOLITAN NORTH WEST REGION",-37.79444721,144.9302405,"Dry","Clear"
"T20190008423","4/5/19",20:04:00,"Collision with vehicle","Saturday","Dark No street lights",4,6,"Not at intersection",2,60,"WYNDHAM","METROPOLITAN NORTH WEST REGION",-37.90994927,144.6873807,"Dry","Clear"
"T20190008424","4/5/19",14:24:00,"Collision with a fixed object","Saturday","Day",1,1,"Not at intersection",3,50,"CARDINIA","METROPOLITAN SOUTH EAST REGION",-38.05040001,145.3846144,"Muddy","Clear"
"T20190008426","4/5/19",17:50:00,"Collision with vehicle","Saturday","Dark Street lights on",2,3,"Not at intersection",3,60,"DAREBIN","METROPOLITAN NORTH WEST REGION",-37.73972919,144.9991465,"Wet","Clear"
"T20190008427","4/5/19",20:50:00,"Collision with a fixed object","Saturday","Dark No street lights",1,2,"Dead end",3,40,"DAREBIN","METROPOLITAN NORTH WEST REGION",-37.74428964,145.0016325,"Dry","Clear"
"T20190008429","4/5/19",18:00:00,"Struck Pedestrian","Saturday","Day",1,2,"Cross intersection",3,50,"MELBOURNE","METROPOLITAN NORTH WEST REGION",-37.82036386,144.9575584,"Dry","Clear"
"T20190008434","4/5/19",21:55:00,"Collision with a fixed object","Saturday","Dark Street lights on",1,1,"Not at intersection",2,80,"DANDENONG","METROPOLITAN SOUTH EAST REGION",-38.05022994,145.2082995,"Dry","Clear"
"T20190008436","3/5/19",09:50:00,"Collision with vehicle","Friday","Day",2,2,"Cross intersection",2,40,"MELBOURNE","METROPOLITAN NORTH WEST REGION",-37.81745307,144.967438,"Dry","Clear"
"T20190008438","5/5/19",05:45:00,"Struck Pedestrian","Sunday","Dark Street lights unknown",1,2,"Cross intersection",2,60,"MARIBYRNONG","METROPOLITAN NORTH WEST REGION",-37.80979656,144.9020963,"Wet","Raining"
"T20190008439","29/4/19",08:20:00,"Collision with vehicle","Monday","Day",2,2,"Not at intersection",3,40,"MORELAND","METROPOLITAN NORTH WEST REGION",-37.77788951,144.9707547,"Dry","Not known"
"T20190008440","2/5/19",18:30:00,"Collision with vehicle","Thursday","Dark Street lights on",2,3,"Cross intersection",2,60,"GEELONG","SOUTH WESTERN REGION",-38.15342512,144.357908,"Dry","Clear"
"T20190008441","5/5/19",06:06:00,"Collision with a fixed object","Sunday","Dark Street lights on",1,2,"Cross intersection",2,80,"BRIMBANK","METROPOLITAN NORTH WEST REGION",-37.69600304,144.7746266,"Dry","Clear"
"T20190008444","5/5/19",07:00:00,"Collision with vehicle","Sunday","Dusk/Dawn",2,7,"Not at intersection",3,60,"WYNDHAM","METROPOLITAN NORTH WEST REGION",-37.87727407,144.6796493,"Dry","Clear"
"T20190008447","15/4/19",13:25:00,"Collision with vehicle","Monday","Day",2,3,"Cross intersection",3,999,"BOROONDARA","METROPOLITAN SOUTH EAST REGION",-37.8657906,145.0927921,"Unknown","Not known"
"T20190008449","5/5/19",12:34:00,"Collision with a fixed object","Sunday","Day",2,3,"Cross intersection",3,100,"CAMPASPE","NORTHERN REGION",-36.12263836,144.8136413,"Dry","Clear"
"T20190008451","5/5/19",12:30:00,"Collision with vehicle","Sunday","Day",2,3,"T intersection",3,80,"ALPINE","NORTH EASTERN REGION",-36.59157023,146.7646283,"Dry","Clear"
"T20190008452","5/5/19",10:15:00,"Collision with vehicle","Sunday","Day",2,3,"Cross intersection",2,60,"MELTON","METROPOLITAN NORTH WEST REGION",-37.76218422,144.7542014,"Dry","Clear"
"T20190008453","4/5/19",12:30:00,"Collision with vehicle","Saturday","Unknown",2,2,"T intersection",3,60,"MONASH","METROPOLITAN SOUTH EAST REGION",-37.88970345,145.1716192,"Unknown","Not known"
"T20190008454","2/5/19",10:00:00,"Collision with a fixed object","Thursday","Day",1,3,"Not at intersection",3,100,"MITCHELL","NORTHERN REGION",-37.41826946,145.0454071,"Wet","Not known"
"T20190008455","5/5/19",12:42:00,"Collision with a fixed object","Sunday","Day",1,2,"Not at intersection",2,60,"HOBSONS BAY","METROPOLITAN NORTH WEST REGION",-37.83231089,144.8817544,"Dry","Clear"
"T20190008460","5/5/19",15:25:00,"Collision with a fixed object","Sunday","Day",1,1,"Not at intersection",2,60,"MAROONDAH","METROPOLITAN SOUTH EAST REGION",-37.82549238,145.2491765,"Dry","Clear"
"T20190008461","4/5/19",19:13:00,"Collision with vehicle","Saturday","Dark No street lights",2,3,"Not at intersection",3,80,"BAW BAW","EASTERN REGION",-38.03495957,145.9504756,"Wet","Raining"
"T20190008464","5/5/19",18:25:00,"Collision with vehicle","Sunday","Dark Street lights on",2,4,"T intersection",2,60,"WYNDHAM","METROPOLITAN NORTH WEST REGION",-37.87773495,144.7484974,"Dry","Clear"
"T20190008466","5/5/19",17:52:00,"Collision with a fixed object","Sunday","Dusk/Dawn",1,1,"Not at intersection",3,50,"YARRA RANGES","METROPOLITAN SOUTH EAST REGION",-37.94784988,145.3284192,"Dry","Clear"
"T20190008467","5/5/19",19:05:00,"Collision with a fixed object","Sunday","Dark No street lights",1,1,"Not at intersection",2,100,"CARDINIA","METROPOLITAN SOUTH EAST REGION",-38.07021876,145.5794605,"Dry","Clear"
"T20190008470","5/5/19",16:45:00,"Collision with vehicle","Sunday","Day",2,2,"Cross intersection",2,50,"CASEY","METROPOLITAN SOUTH EAST REGION",-38.11904269,145.2532929,"Dry","Clear"
"T20190008471","5/5/19",17:30:00,"Collision with a fixed object","Sunday","Dark No street lights",1,2,"Not at intersection",2,100,"LATROBE","EASTERN REGION",-38.16874328,146.6918114,"Dry","Clear"
"T20190008472","5/5/19",18:45:00,"Collision with a fixed object","Sunday","Dark No street lights",1,1,"Not at intersection",3,80,"COLAC OTWAY","SOUTH WESTERN REGION",-38.58715032,143.9338758,"Wet","Clear"
"T20190008478","5/5/19",17:00:00,"Collision with vehicle","Sunday","Dusk/Dawn",2,4,"Cross intersection",1,100,"PYRENEES","WESTERN REGION",-37.69750765,143.1614137,"Dry","Clear"
"T20190008479","5/5/19",18:30:00,"Collision with vehicle","Sunday","Dark Street lights on",3,3,"Not at intersection",2,50,"GEELONG","SOUTH WESTERN REGION",-38.20311745,144.319561,"Dry","Clear"
"T20190008480","5/5/19",20:35:00,"Struck Pedestrian","Sunday","Dark No street lights",1,2,"Not at intersection",2,60,"GEELONG","SOUTH WESTERN REGION",-38.17895963,144.5541655,"Dry","Clear"
"T20190008481","5/5/19",19:50:00,"Collision with vehicle","Sunday","Dark Street lights on",2,2,"T intersection",2,60,"GEELONG","SOUTH WESTERN REGION",-38.10792712,144.3320809,"Dry","Clear"
"T20190008483","5/5/19",20:02:00,"Collision with vehicle","Sunday","Dark Street lights on",2,1,"Not at intersection",2,50,"MARIBYRNONG","METROPOLITAN NORTH WEST REGION",-37.7808061,144.8693865,"Dry","Clear"
"T20190008489","4/5/19",22:40:00,"Collision with a fixed object","Saturday","Dark No street lights",1,2,"Not at intersection",3,100,"BAW BAW","EASTERN REGION",-38.09736402,145.7745293,"Wet","Clear"
"T20190008490","6/5/19",07:20:00,"Fall from or in moving vehicle","Monday","Day",1,1,"Cross intersection",3,40,"YARRA","METROPOLITAN NORTH WEST REGION",-37.81589509,144.999663,"Wet","Raining"
"T20190008491","5/5/19",12:05:00,"No collision and no object struck","Sunday","Day",1,1,"Not at intersection",2,999,"MILDURA","WESTERN REGION",-34.26819362,142.0568143,"Dry","Clear"
"T20190008493","5/5/19",19:00:00,"Struck Pedestrian","Sunday","Dark Street lights on",1,2,"Not at intersection",3,60,"YARRA","METROPOLITAN NORTH WEST REGION",-37.78428608,144.9830028,"Unknown","Not known"
"T20190008494","6/5/19",07:49:00,"Struck Pedestrian","Monday","Day",1,2,"Cross intersection",2,60,"GEELONG","SOUTH WESTERN REGION",-38.14743713,144.3527539,"Dry","Clear"
"T20190008495","6/5/19",08:50:00,"Collision with vehicle","Monday","Day",2,2,"T intersection",2,60,"STONNINGTON","METROPOLITAN SOUTH EAST REGION",-37.83348345,144.9911414,"Wet","Raining"
"T20190008499","6/5/19",08:22:00,"Struck Pedestrian","Monday","Day",2,2,"Not at intersection",2,100,"MONASH","METROPOLITAN SOUTH EAST REGION",-37.90565694,145.1564717,"Dry","Clear"
"T20190008501","6/5/19",09:35:00,"Vehicle overturned (no collision)","Monday","Day",1,1,"Not at intersection",2,100,"MILDURA","WESTERN REGION",-34.31656588,142.2144147,"Dry","Clear"
"T20190008504","6/5/19",12:00:00,"collision with some other object","Monday","Day",2,2,"Not at intersection",3,100,"WHITTLESEA","METROPOLITAN NORTH WEST REGION",-37.68594819,144.9857005,"Dry","Clear"
"T20190008505","6/5/19",09:09:00,"Collision with vehicle","Monday","Day",3,3,"T intersection",2,60,"BOROONDARA","METROPOLITAN SOUTH EAST REGION",-37.8470691,145.044692,"Dry","Clear"
"T20190008506","2/5/19",17:45:00,"Struck Pedestrian","Thursday","Dark Street lights on",1,2,"Cross intersection",2,80,"MONASH","METROPOLITAN SOUTH EAST REGION",-37.90557584,145.1797439,"Dry","Clear"
"T20190008507","2/5/19",17:00:00,"Collision with vehicle","Thursday","Day",2,2,"T intersection",3,60,"CASEY","METROPOLITAN SOUTH EAST REGION",-38.10210761,145.3180922,"Wet","Raining"
"T20190008510","6/5/19",06:50:00,"Collision with vehicle","Monday","Day",2,2,"Cross intersection",3,40,"BAYSIDE","METROPOLITAN SOUTH EAST REGION",-37.98695981,145.0387414,"Dry","Clear"
"T20190008514","2/5/19",16:35:00,"Collision with vehicle","Thursday","Day",2,2,"Not at intersection",3,60,"WHITTLESEA","METROPOLITAN NORTH WEST REGION",-37.65310773,145.0228403,"Unknown","Not known"
"T20190008515","30/4/19",19:00:00,"Collision with vehicle","Tuesday","Dark Street lights on",2,1,"Not at intersection",3,60,"YARRA","METROPOLITAN NORTH WEST REGION",-37.83363873,145.023182,"Dry","Not known"
"T20190008516","6/5/19",07:41:00,"Collision with vehicle","Monday","Day",2,2,"T intersection",2,40,"MELBOURNE","METROPOLITAN NORTH WEST REGION",-37.78187963,144.9159719,"Dry","Clear"
"T20190008517","6/5/19",14:30:00,"Collision with a fixed object","Monday","Day",1,1,"Not at intersection",2,80,"KNOX","METROPOLITAN SOUTH EAST REGION",-37.85003045,145.2254052,"Dry","Clear"
"T20190008519","4/5/19",14:00:00,"Collision with vehicle","Saturday","Day",2,6,"Not at intersection",3,70,"GEELONG","SOUTH WESTERN REGION",-38.19830096,144.3163509,"Dry","Clear"
"T20190008522","5/5/19",00:05:00,"Collision with vehicle","Sunday","Dark No street lights",2,2,"Not at intersection",3,110,"MACEDON RANGES","NORTHERN REGION",-37.31317099,144.5195122,"Dry","Clear"
"T20190008524","7/3/19",21:30:00,"Struck animal","Thursday","Dark No street lights",1,2,"Not at intersection",3,999,"HUME","METROPOLITAN NORTH WEST REGION",-37.62505821,144.731235,"Dry","Fog"
"T20190008525","6/5/19",15:55:00,"Collision with vehicle","Monday","Day",2,3,"T intersection",2,50,"PORT PHILLIP","METROPOLITAN NORTH WEST REGION",-37.86930573,144.9943052,"Dry","Clear"
"T20190008526","29/4/19",08:30:00,"Collision with vehicle","Monday","Day",2,2,"Not at intersection",3,999,"BOROONDARA","METROPOLITAN SOUTH EAST REGION",-37.79729969,145.0631974,"Dry","Clear"
"T20190008527","6/5/19",15:16:00,"Collision with vehicle","Monday","Day",2,2,"Not at intersection",3,60,"WHITTLESEA","METROPOLITAN NORTH WEST REGION",-37.67306409,145.031046,"Dry","Clear"
"T20190008528","6/5/19",13:35:00,"Collision with a fixed object","Monday","Day",1,1,"Not at intersection",3,100,"NORTHERN GRAMPIANS","WESTERN REGION",-36.50291996,143.3114389,"Dry","Clear"
"T20190008532","5/5/19",09:45:00,"Collision with vehicle","Sunday","Day",2,2,"Not at intersection",3,60,"WHITTLESEA","METROPOLITAN NORTH WEST REGION",-37.67796965,145.0142672,"Unknown","Not known"
"T20190008533","6/5/19",19:00:00,"Struck Pedestrian","Monday","Dark Street lights on",1,2,"Cross intersection",2,60,"MONASH","METROPOLITAN SOUTH EAST REGION",-37.85756274,145.1314356,"Dry","Clear"
"T20190008535","6/5/19",17:40:00,"Collision with vehicle","Monday","Day",2,2,"Not at intersection",2,70,"MELBOURNE","METROPOLITAN NORTH WEST REGION",-37.81447113,144.9478181,"Dry","Clear"
"T20190008536","6/5/19",20:30:00,"Collision with a fixed object","Monday","Dark No street lights",1,1,"Not at intersection",2,100,"GEELONG","SOUTH WESTERN REGION",-37.95833858,144.4743009,"Dry","Clear"