"ACCIDENT_NO","ACCIDENTDATE","ACCIDENTTIME","Accident Type Desc","Day Week Description","Light Condition Desc","NO_OF_VEHICLES","NO_PERSONS","Road Geometry Desc","SEVERITY","SPEED_ZONE","LGA_NAME","REGION_NAME","Lat","Long","Surface Cond Desc","Atmosph Cond Desc"
"T20190008539","6/5/19",21:00:00,"Struck Pedestrian","Monday","Dark Street lights on",1,2,"Not at intersection",3,40,"YARRA","METROPOLITAN NORTH WEST REGION",-37.80191016,144.9837623,"Dry","Clear"
"T20190008540","6/5/19",20:26:00,"Collision with vehicle","Monday","Dark Street lights on",2,2,"Not at intersection",3,60,"STONNINGTON","METROPOLITAN SOUTH EAST REGION",-37.85469772,145.0208045,"Dry","Clear"
"T20190008541","6/5/19",14:50:00,"Vehicle overturned (no collision)","Monday","Day",1,1,"Not at intersection",2,100,"BENDIGO","NORTHERN REGION",-36.65099686,144.205562,"Dry","Clear"
"T20190008542","6/5/19",20:40:00,"Collision with a fixed object","Monday","Dark No street lights",1,1,"Not at intersection",3,110,"MOORABOOL","WESTERN REGION",-37.60318755,144.2818105,"Dry","Clear"
"T20190008544","6/5/19",15:50:00,"Collision with vehicle","Monday","Day",2,2,"Not at intersection",3,999,"YARRA RANGES","METROPOLITAN SOUTH EAST REGION",-37.76005913,145.3486243,"Dry","Clear"
"T20190008549","7/5/19",00:01:00,"Collision with vehicle","Tuesday","Dark Street lights on",4,7,"T intersection",3,999,"YARRA","METROPOLITAN NORTH WEST REGION",-37.80872702,144.9825865,"Dry","Clear"
"T20190008551","6/5/19",21:50:00,"Collision with vehicle","Monday","Dark Street lights on",2,2,"Cross intersection",3,60,"BOROONDARA","METROPOLITAN SOUTH EAST REGION",-37.8441939,145.0713538,"Dry","Clear"
"T20190008555","7/5/19",05:57:00,"Collision with a fixed object","Tuesday","Dark Street lights on",1,2,"Not at intersection",3,50,"YARRA RANGES","METROPOLITAN SOUTH EAST REGION",-37.75722339,145.3270218,"Dry","Fog"
"T20190008557","6/5/19",14:10:00,"Collision with vehicle","Monday","Day",2,2,"Multiple intersection",2,50,"MELBOURNE","METROPOLITAN NORTH WEST REGION",-37.80392485,144.9574516,"Dry","Clear"
"T20190008558","7/5/19",06:15:00,"Collision with vehicle","Tuesday","Dark Street lights on",2,2,"Not at intersection",3,60,"WYNDHAM","METROPOLITAN NORTH WEST REGION",-37.8863146,144.7481421,"Dry","Clear"
"T20190008559","7/5/19",06:45:00,"Collision with vehicle","Tuesday","Day",3,3,"T intersection",2,60,"KINGSTON","METROPOLITAN SOUTH EAST REGION",-37.99211801,145.0657146,"Dry","Clear"
"T20190008561","7/5/19",08:30:00,"Collision with vehicle","Tuesday","Day",2,2,"T intersection",3,80,"SHEPPARTON","NORTH EASTERN REGION",-36.30373132,145.4310258,"Dry","Clear"
"T20190008562","7/5/19",08:19:00,"Collision with vehicle","Tuesday","Day",3,3,"T intersection",3,60,"MORELAND","METROPOLITAN NORTH WEST REGION",-37.74208724,144.974018,"Dry","Clear"
"T20190008563","7/5/19",06:52:00,"Collision with vehicle","Tuesday","Dark Street lights on",4,4,"Not at intersection",3,80,"WHITEHORSE","METROPOLITAN SOUTH EAST REGION",-37.8387925,145.1717972,"Dry","Clear"
"T20190008565","7/5/19",09:45:00,"Collision with vehicle","Tuesday","Day",2,2,"T intersection",3,60,"GLEN EIRA","METROPOLITAN SOUTH EAST REGION",-37.88648836,145.0671157,"Dry","Clear"
"T20190008566","7/5/19",07:45:00,"Collision with vehicle","Tuesday","Day",2,2,"Cross intersection",2,60,"WYNDHAM","METROPOLITAN NORTH WEST REGION",-37.8009462,144.6594554,"Dry","Clear"
"T20190008567","4/5/19",14:15:00,"Collision with a fixed object","Saturday","Day",2,2,"Not at intersection",3,80,"YARRA RANGES","METROPOLITAN SOUTH EAST REGION",-37.81083,145.4460796,"Dry","Clear"
"T20190008569","7/5/19",10:45:00,"Struck Pedestrian","Tuesday","Day",1,2,"Not at intersection",3,60,"NILLUMBIK","METROPOLITAN NORTH WEST REGION",-37.67423724,145.1590609,"Dry","Clear"
"T20190008572","7/5/19",08:10:00,"Struck Pedestrian","Tuesday","Day",1,2,"Not at intersection",2,50,"WYNDHAM","METROPOLITAN NORTH WEST REGION",-37.90284989,144.6508501,"Dry","Clear"
"T20190008573","7/5/19",11:49:00,"Collision with a fixed object","Tuesday","Day",1,1,"Not at intersection",3,80,"HUME","METROPOLITAN NORTH WEST REGION",-37.64913997,144.8797106,"Dry","Clear"
"T20190008576","2/5/19",16:43:00,"Collision with a fixed object","Thursday","Day",1,1,"Not at intersection",3,80,"NILLUMBIK","METROPOLITAN NORTH WEST REGION",-37.70120215,145.2255576,"Wet","Raining"
"T20190008579","7/5/19",08:31:00,"Collision with vehicle","Tuesday","Day",2,2,"Cross intersection",3,50,"SHEPPARTON","NORTH EASTERN REGION",-36.38031005,145.4092194,"Dry","Clear"
"T20190008580","3/5/19",16:00:00,"Collision with vehicle","Friday","Day",3,4,"T intersection",3,50,"WYNDHAM","METROPOLITAN NORTH WEST REGION",-37.89134275,144.6739973,"Dry","Not known"
"T20190008581","7/5/19",12:06:00,"Collision with vehicle","Tuesday","Day",2,3,"Cross intersection",3,60,"BENDIGO","NORTHERN REGION",-36.75737269,144.2919333,"Dry","Clear"
"T20190008582","7/5/19",08:25:00,"Struck Pedestrian","Tuesday","Day",1,2,"Cross intersection",2,50,"BALLARAT","WESTERN REGION",-37.55787412,143.8419918,"Dry","Clear"
"T20190008584","7/5/19",10:30:00,"Collision with vehicle","Tuesday","Day",2,2,"T intersection",2,60,"MARIBYRNONG","METROPOLITAN NORTH WEST REGION",-37.79467304,144.862879,"Dry","Clear"
"T20190008585","7/5/19",07:37:00,"Collision with vehicle","Tuesday","Day",5,5,"Not at intersection",2,80,"MELBOURNE","METROPOLITAN NORTH WEST REGION",-37.81989607,144.9321561,"Dry","Clear"
"T20190008586","7/5/19",13:02:00,"Struck Pedestrian","Tuesday","Day",1,2,"Cross intersection",2,60,"BALLARAT","WESTERN REGION",-37.56400229,143.8558818,"Dry","Clear"
"T20190008589","7/5/19",10:35:00,"Struck Pedestrian","Tuesday","Day",1,2,"Cross intersection",1,50,"KINGSTON","METROPOLITAN SOUTH EAST REGION",-37.97484332,145.0727574,"Dry","Clear"
"T20190008590","28/4/19",13:20:00,"collision with some other object","Sunday","Day",1,1,"Not at intersection",3,60,"NILLUMBIK","METROPOLITAN NORTH WEST REGION",-37.64344906,145.2357384,"Dry","Fog"
"T20190008592","7/5/19",07:00:00,"Collision with vehicle","Tuesday","Day",2,2,"T intersection",2,70,"CASEY","METROPOLITAN SOUTH EAST REGION",-38.07312957,145.3245604,"Dry","Clear"
"T20190008593","7/5/19",10:25:00,"Collision with vehicle","Tuesday","Day",2,3,"Cross intersection",2,80,"BENDIGO","NORTHERN REGION",-36.74205557,144.1994,"Dry","Clear"
"T20190008594","6/5/19",08:45:00,"Struck Pedestrian","Monday","Day",1,4,"Cross intersection",3,40,"MARIBYRNONG","METROPOLITAN NORTH WEST REGION",-37.79900812,144.8931484,"Dry","Clear"
"T20190008595","7/5/19",08:15:00,"Collision with vehicle","Tuesday","Day",2,4,"Cross intersection",2,60,"MARIBYRNONG","METROPOLITAN NORTH WEST REGION",-37.78294891,144.8841013,"Dry","Clear"
"T20190008597","7/5/19",14:00:00,"Struck Pedestrian","Tuesday","Day",1,2,"T intersection",3,50,"BRIMBANK","METROPOLITAN NORTH WEST REGION",-37.74187195,144.8010902,"Dry","Clear"
"T20190008599","6/5/19",17:30:00,"Struck Pedestrian","Monday","Dark Street lights on",1,2,"Not at intersection",3,999,"MAROONDAH","METROPOLITAN SOUTH EAST REGION",-37.7952545,145.2797605,"Unknown","Not known"
"T20190008601","30/4/19",17:20:00,"Collision with vehicle","Tuesday","Day",2,2,"T intersection",3,60,"GEELONG","SOUTH WESTERN REGION",-38.16011743,144.3493722,"Dry","Clear"
"T20190008602","7/5/19",15:45:00,"Collision with vehicle","Tuesday","Day",2,4,"Cross intersection",3,50,"BAW BAW","EASTERN REGION",-38.20960357,146.1550069,"Dry","Clear"
"T20190008603","7/5/19",15:40:00,"Collision with vehicle","Tuesday","Day",2,2,"Not at intersection",2,50,"CASEY","METROPOLITAN SOUTH EAST REGION",-38.01434277,145.2892809,"Dry","Clear"
"T20190008607","7/5/19",13:36:00,"Struck Pedestrian","Tuesday","Day",1,2,"T intersection",2,60,"MORNINGTON PENINSULA","METROPOLITAN SOUTH EAST REGION",-38.24463836,145.0373657,"Dry","Clear"
"T20190008608","7/5/19",10:00:00,"Vehicle overturned (no collision)","Tuesday","Unknown",1,1,"Unknown",3,999,"MACEDON RANGES","NORTHERN REGION",-37.40287484,144.5509891,"Unknown","Not known"
"T20190008610","7/5/19",11:00:00,"Collision with vehicle","Tuesday","Day",2,3,"Cross intersection",3,60,"WYNDHAM","METROPOLITAN NORTH WEST REGION",-37.87763875,144.6827831,"Dry","Clear"
"T20190008611","7/5/19",17:39:00,"Collision with vehicle","Tuesday","Dusk/Dawn",3,3,"T intersection",2,80,"GLEN EIRA","METROPOLITAN SOUTH EAST REGION",-37.89407039,145.0038488,"Dry","Clear"
"T20190008612","7/5/19",17:30:00,"Collision with vehicle","Tuesday","Dark Street lights on",2,3,"Cross intersection",2,60,"DANDENONG","METROPOLITAN SOUTH EAST REGION",-37.933173,145.1569373,"Dry","Clear"
"T20190008617","7/5/19",18:30:00,"Collision with vehicle","Tuesday","Dark Street lights on",2,2,"T intersection",3,50,"MONASH","METROPOLITAN SOUTH EAST REGION",-37.87699704,145.1517195,"Dry","Clear"
"T20190008619","7/5/19",18:20:00,"Collision with vehicle","Tuesday","Dark Street lights on",4,4,"Not at intersection",3,80,"STONNINGTON","METROPOLITAN SOUTH EAST REGION",-37.89258786,145.0860079,"Dry","Clear"
"T20190008622","7/5/19",17:42:00,"Collision with vehicle","Tuesday","Day",2,2,"Not at intersection",3,80,"KNOX","METROPOLITAN SOUTH EAST REGION",-37.91237371,145.2361067,"Dry","Clear"
"T20190008623","7/5/19",16:00:00,"Collision with a fixed object","Tuesday","Day",1,3,"Not at intersection",2,50,"BENDIGO","NORTHERN REGION",-36.76318786,144.3123275,"Dry","Clear"
"T20190008624","7/5/19",18:30:00,"Collision with a fixed object","Tuesday","Dark No street lights",1,1,"Cross intersection",2,100,"BENDIGO","NORTHERN REGION",-36.63769341,144.525187,"Dry","Clear"
"T20190008626","7/5/19",18:30:00,"Collision with vehicle","Tuesday","Dark Street lights on",3,3,"Not at intersection",3,60,"MORELAND","METROPOLITAN NORTH WEST REGION",-37.76975822,144.9465483,"Dry","Clear"
"T20190008628","7/5/19",06:03:00,"Collision with vehicle","Tuesday","Dusk/Dawn",4,4,"Not at intersection",2,80,"NILLUMBIK","METROPOLITAN NORTH WEST REGION",-37.68810058,145.1144926,"Dry","Clear"
"T20190008630","7/5/19",19:16:00,"Collision with a fixed object","Tuesday","Dusk/Dawn",2,3,"Not at intersection",2,70,"PORT PHILLIP","METROPOLITAN NORTH WEST REGION",-37.85592184,144.9845996,"Dry","Clear"
"T20190008632","7/5/19",15:55:00,"Collision with vehicle","Tuesday","Day",2,2,"T intersection",2,50,"STONNINGTON","METROPOLITAN SOUTH EAST REGION",-37.86911645,145.0624731,"Dry","Clear"
"T20190008637","7/5/19",21:38:00,"Vehicle overturned (no collision)","Tuesday","Dark Street lights on",1,1,"Not at intersection",3,40,"MORELAND","METROPOLITAN NORTH WEST REGION",-37.75078419,144.9649481,"Wet","Raining"
"T20190008638","7/5/19",22:40:00,"Collision with vehicle","Tuesday","Dark Street lights on",2,5,"Cross intersection",3,60,"BALLARAT","WESTERN REGION",-37.599019,143.8427786,"Wet","Raining"
"T20190008642","3/5/19",16:15:00,"Collision with vehicle","Friday","Day",2,2,"T intersection",3,60,"MONASH","METROPOLITAN SOUTH EAST REGION",-37.86493606,145.1497816,"Dry","Clear"
"T20190008645","8/5/19",05:40:00,"Collision with vehicle","Wednesday","Dark Street lights on",2,2,"Cross intersection",2,60,"PORT PHILLIP","METROPOLITAN NORTH WEST REGION",-37.86483269,144.9859371,"Wet","Raining"
"T20190008648","8/5/19",07:30:00,"Collision with vehicle","Wednesday","Day",2,1,"Not at intersection",3,50,"MELBOURNE","METROPOLITAN NORTH WEST REGION",-37.81414882,144.97152,"Dry","Not known"
"T20190008651","2/5/19",20:00:00,"Vehicle overturned (no collision)","Thursday","Dark Street lights on",1,1,"Not at intersection",2,50,"BRIMBANK","METROPOLITAN NORTH WEST REGION",-37.72210043,144.8367788,"Dry","Clear"
"T20190008654","6/5/19",06:25:00,"Collision with vehicle","Monday","Day",2,2,"T intersection",3,60,"STONNINGTON","METROPOLITAN SOUTH EAST REGION",-37.84298859,144.9855761,"Dry","Clear"
"T20190008655","8/5/19",08:10:00,"Collision with vehicle","Wednesday","Day",3,3,"Not at intersection",3,80,"FRANKSTON","METROPOLITAN SOUTH EAST REGION",-38.10538159,145.2206297,"Dry","Clear"
"T20190008656","8/5/19",06:15:00,"Collision with vehicle","Wednesday","Dark Street lights on",2,2,"T intersection",3,80,"KINGSTON","METROPOLITAN SOUTH EAST REGION",-37.99273554,145.106773,"Wet","Raining"
"T20190008660","8/5/19",06:52:00,"Collision with vehicle","Wednesday","Day",2,3,"Cross intersection",3,60,"MONASH","METROPOLITAN SOUTH EAST REGION",-37.87220519,145.1483981,"Wet","Clear"
"T20190008667","8/5/19",07:30:00,"Collision with vehicle","Wednesday","Day",2,2,"Not at intersection",3,50,"MONASH","METROPOLITAN SOUTH EAST REGION",-37.87929733,145.1128205,"Wet","Clear"
"T20190008668","8/5/19",11:00:00,"Collision with vehicle","Wednesday","Day",2,2,"Not at intersection",3,80,"MILDURA","WESTERN REGION",-34.22016961,142.1524474,"Dry","Clear"
"T20190008670","8/5/19",10:00:00,"Collision with vehicle","Wednesday","Day",2,2,"Cross intersection",3,60,"SURF COAST","SOUTH WESTERN REGION",-38.33087614,144.3168201,"Dry","Clear"
"T20190008671","7/5/19",16:05:00,"Struck Pedestrian","Tuesday","Day",1,2,"Cross intersection",3,60,"BRIMBANK","METROPOLITAN NORTH WEST REGION",-37.78522858,144.8352002,"Dry","Clear"
"T20190008674","8/5/19",11:25:00,"Struck Pedestrian","Wednesday","Day",1,2,"Not at intersection",2,888,"WHITEHORSE","METROPOLITAN SOUTH EAST REGION",-37.84385014,145.1548212,"Wet","Raining"
"T20190008676","8/5/19",10:40:00,"Collision with a fixed object","Wednesday","Day",1,1,"Not at intersection",3,100,"BAW BAW","EASTERN REGION",-37.99179085,145.9875037,"Wet","Raining"
"T20190008679","8/5/19",12:55:00,"No collision and no object struck","Wednesday","Day",1,1,"Not at intersection",3,50,"CAMPASPE","NORTHERN REGION",-36.12766514,144.7596286,"Dry","Clear"
"T20190008681","7/4/19",11:30:00,"Struck Pedestrian","Sunday","Day",1,2,"Cross intersection",2,999,"WHITEHORSE","METROPOLITAN SOUTH EAST REGION",-37.81630593,145.1936647,"Unknown","Not known"
"T20190008682","8/5/19",08:05:00,"Collision with a fixed object","Wednesday","Day",3,3,"Not at intersection",2,80,"WYNDHAM","METROPOLITAN NORTH WEST REGION",-37.94362911,144.7084283,"Muddy","Clear"
"T20190008684","7/5/19",11:49:00,"Collision with vehicle","Tuesday","Day",2,2,"Cross intersection",3,40,"GEELONG","SOUTH WESTERN REGION",-38.14247693,144.3076557,"Dry","Clear"
"T20190008685","8/5/19",10:50:00,"Collision with vehicle","Wednesday","Day",2,2,"T intersection",3,40,"MORELAND","METROPOLITAN NORTH WEST REGION",-37.77068118,144.9541497,"Dry","Not known"
"T20190008687","7/5/19",14:15:00,"Struck Pedestrian","Tuesday","Day",1,2,"T intersection",2,999,"MARIBYRNONG","METROPOLITAN NORTH WEST REGION",-37.81432649,144.8637491,"Wet","Clear"
"T20190008688","8/5/19",14:45:00,"Collision with vehicle","Wednesday","Day",2,2,"Not at intersection",3,999,"GEELONG","SOUTH WESTERN REGION",-37.9872462,144.5228469,"Unknown","Clear"
"T20190008689","7/5/19",15:32:00,"Collision with vehicle","Tuesday","Day",2,2,"Not at intersection",3,80,"DANDENONG","METROPOLITAN SOUTH EAST REGION",-38.00015829,145.1836504,"Dry","Clear"
"T20190008689","7/5/19",15:32:00,"Collision with vehicle","Tuesday","Day",2,2,"Not at intersection",3,80,"DANDENONG","METROPOLITAN SOUTH EAST REGION",-38.00015829,145.1836504,"Dry","Strong winds"
"T20190008691","8/5/19",17:20:00,"Collision with vehicle","Wednesday","Dusk/Dawn",2,2,"T intersection",3,80,"LATROBE","EASTERN REGION",-38.2054214,146.5102708,"Dry","Clear"
"T20190008692","8/5/19",14:05:00,"Collision with vehicle","Wednesday","Day",2,4,"Cross intersection",2,60,"GEELONG","SOUTH WESTERN REGION",-38.15556911,144.3654123,"Dry","Clear"
"T20190008693","8/5/19",17:40:00,"Collision with vehicle","Wednesday","Dusk/Dawn",2,2,"Cross intersection",2,40,"MELBOURNE","METROPOLITAN NORTH WEST REGION",-37.81906984,144.9541489,"Dry","Not known"
"T20190008698","8/5/19",17:31:00,"Collision with vehicle","Wednesday","Dark Street lights on",2,4,"T intersection",2,60,"CASEY","METROPOLITAN SOUTH EAST REGION",-38.02515084,145.3469347,"Dry","Clear"
"T20190008700","8/5/19",14:45:00,"Collision with vehicle","Wednesday","Day",2,1,"T intersection",3,40,"MELBOURNE","METROPOLITAN NORTH WEST REGION",-37.80775043,144.9579738,"Dry","Clear"
"T20190008701","8/5/19",17:48:00,"Collision with a fixed object","Wednesday","Dark Street lights on",1,1,"Not at intersection",3,60,"MILDURA","WESTERN REGION",-34.16803556,142.0678222,"Dry","Clear"
"T20190008705","8/5/19",20:30:00,"Collision with a fixed object","Wednesday","Dark No street lights",1,1,"Not at intersection",2,80,"HEPBURN","WESTERN REGION",-37.2835449,144.2954339,"Wet","Raining"
"T20190008708","8/5/19",21:10:00,"Collision with vehicle","Wednesday","Dark Street lights on",2,2,"T intersection",3,60,"KINGSTON","METROPOLITAN SOUTH EAST REGION",-37.92790593,145.1137518,"Dry","Clear"
"T20190008709","8/5/19",20:55:00,"Struck Pedestrian","Wednesday","Dark Street lights on",1,2,"Not at intersection",1,60,"BRIMBANK","METROPOLITAN NORTH WEST REGION",-37.74463435,144.8032692,"Dry","Clear"
"T20190008710","8/5/19",14:35:00,"collision with some other object","Wednesday","Day",1,1,"T intersection",3,40,"YARRA","METROPOLITAN NORTH WEST REGION",-37.8070302,144.9860019,"Dry","Clear"
"T20190008711","2/5/19",19:00:00,"Collision with vehicle","Thursday","Dark Street lights on",2,3,"Cross intersection",3,100,"MORNINGTON PENINSULA","METROPOLITAN SOUTH EAST REGION",-38.25461078,145.0791821,"Wet","Raining"
"T20190008713","9/5/19",06:45:00,"Collision with vehicle","Thursday","Dark Street lights on",2,1,"Not at intersection",2,70,"HOBSONS BAY","METROPOLITAN NORTH WEST REGION",-37.85618559,144.8728207,"Dry","Clear"
"T20190008714","3/5/19",16:15:00,"Collision with vehicle","Friday","Day",2,2,"T intersection",3,50,"WYNDHAM","METROPOLITAN NORTH WEST REGION",-37.87988817,144.7050898,"Unknown","Clear"
"T20190008717","9/5/19",08:20:00,"Collision with vehicle","Thursday","Day",3,3,"Cross intersection",3,60,"BALLARAT","WESTERN REGION",-37.56983458,143.8104559,"Dry","Clear"
"T20190008717","9/5/19",08:20:00,"Collision with vehicle","Thursday","Day",3,3,"Cross intersection",3,60,"BALLARAT","WESTERN REGION",-37.56983458,143.8104559,"Dry","Strong winds"
"T20190008718","8/5/19",21:10:00,"Collision with vehicle","Wednesday","Dark Street lights on",3,3,"Not at intersection",3,60,"HUME","METROPOLITAN NORTH WEST REGION",-37.66398263,144.9237837,"Dry","Clear"
"T20190008719","6/5/19",09:24:00,"Collision with vehicle","Monday","Day",3,4,"Cross intersection",3,60,"CASEY","METROPOLITAN SOUTH EAST REGION",-38.17195798,145.3932283,"Dry","Clear"
"T20190008722","9/5/19",08:31:00,"Collision with vehicle","Thursday","Day",3,3,"T intersection",3,40,"WYNDHAM","METROPOLITAN NORTH WEST REGION",-37.82901968,144.7966603,"Dry","Clear"
"T20190008723","9/5/19",06:45:00,"Collision with vehicle","Thursday","Dusk/Dawn",2,3,"Cross intersection",2,80,"WYNDHAM","METROPOLITAN NORTH WEST REGION",-37.8009462,144.6594554,"Dry","Not known"
"T20190008724","9/5/19",08:27:00,"Collision with vehicle","Thursday","Day",3,5,"T intersection",3,50,"MELTON","METROPOLITAN NORTH WEST REGION",-37.689413,144.5831375,"Dry","Clear"
"T20190008725","9/5/19",08:05:00,"Collision with vehicle","Thursday","Day",2,2,"T intersection",1,70,"GLEN EIRA","METROPOLITAN SOUTH EAST REGION",-37.91389785,145.0603779,"Dry","Clear"
"T20190008726","9/5/19",08:00:00,"Collision with a fixed object","Thursday","Day",1,1,"Not at intersection",3,100,"WODONGA","NORTH EASTERN REGION",-36.07804156,146.7696391,"Dry","Clear"
"T20190008729","8/5/19",18:30:00,"Collision with vehicle","Wednesday","Dark Street lights on",2,3,"Not at intersection",2,50,"HOBSONS BAY","METROPOLITAN NORTH WEST REGION",-37.86291973,144.7787162,"Dry","Clear"
"T20190008731","26/4/19",17:50:00,"Collision with vehicle","Friday","Dusk/Dawn",4,4,"Not at intersection",3,999,"WYNDHAM","METROPOLITAN NORTH WEST REGION",-37.87362614,144.6835475,"Unknown","Not known"
"T20190008733","9/5/19",10:34:00,"Collision with vehicle","Thursday","Day",2,3,"Cross intersection",3,50,"CASEY","METROPOLITAN SOUTH EAST REGION",-38.03128195,145.3059394,"Dry","Clear"
"T20190008739","9/5/19",08:45:00,"Collision with vehicle","Thursday","Day",2,2,"Not at intersection",3,60,"BAW BAW","EASTERN REGION",-38.12415148,145.8457045,"Dry","Clear"
"T20190008740","9/5/19",14:45:00,"No collision and no object struck","Thursday","Day",2,1,"Not at intersection",3,60,"BOROONDARA","METROPOLITAN SOUTH EAST REGION",-37.82208046,145.0584639,"Dry","Clear"
"T20190008742","4/5/19",11:30:00,"Collision with vehicle","Saturday","Day",2,2,"T intersection",3,50,"KINGSTON","METROPOLITAN SOUTH EAST REGION",-37.95447138,145.071537,"Wet","Not known"
"T20190008744","9/5/19",14:45:00,"Collision with vehicle","Thursday","Day",2,2,"Not at intersection",2,60,"DANDENONG","METROPOLITAN SOUTH EAST REGION",-37.9638605,145.168674,"Dry","Clear"
"T20190008745","9/5/19",15:55:00,"Collision with vehicle","Thursday","Day",2,2,"Not at intersection",2,80,"YARRA","METROPOLITAN NORTH WEST REGION",-37.83318539,144.993898,"Dry","Clear"
"T20190008746","2/5/19",13:30:00,"Collision with vehicle","Thursday","Day",2,2,"T intersection",3,60,"MORNINGTON PENINSULA","METROPOLITAN SOUTH EAST REGION",-38.3818811,145.0233629,"Dry","Clear"
"T20190008748","9/5/19",16:45:00,"Collision with vehicle","Thursday","Day",2,3,"Not at intersection",2,100,"MITCHELL","NORTHERN REGION",-37.44489139,144.979221,"Dry","Strong winds"
"T20190008752","9/5/19",18:20:00,"Collision with vehicle","Thursday","Dark Street lights on",4,5,"Not at intersection",2,60,"BALLARAT","WESTERN REGION",-37.57866007,143.8276507,"Wet","Strong winds"
"T20190008754","9/5/19",18:30:00,"Collision with vehicle","Thursday","Dark Street lights on",2,2,"Cross intersection",3,999,"GLEN EIRA","METROPOLITAN SOUTH EAST REGION",-37.89535266,145.0654571,"Unknown","Clear"
"T20190008755","9/5/19",17:20:00,"Collision with vehicle","Thursday","Dusk/Dawn",2,2,"Cross intersection",2,50,"MELBOURNE","METROPOLITAN NORTH WEST REGION",-37.80422744,144.9603004,"Dry","Clear"
"T20190008757","9/5/19",18:19:00,"Collision with vehicle","Thursday","Dark Street lights on",2,2,"Not at intersection",3,60,"MELBOURNE","METROPOLITAN NORTH WEST REGION",-37.78787394,144.9526692,"Dry","Clear"
"T20190008759","9/5/19",17:40:00,"Struck Pedestrian","Thursday","Day",1,2,"Cross intersection",2,60,"CASEY","METROPOLITAN SOUTH EAST REGION",-38.09628634,145.267918,"Dry","Clear"
"T20190008761","23/4/19",17:10:00,"Collision with vehicle","Tuesday","Dusk/Dawn",2,2,"T intersection",3,60,"LATROBE","EASTERN REGION",-38.17354372,146.286445,"Dry","Clear"
"T20190008762","9/5/19",19:35:00,"Collision with vehicle","Thursday","Dark Street lights on",2,2,"Not at intersection",2,80,"MAROONDAH","METROPOLITAN SOUTH EAST REGION",-37.79794625,145.2537772,"Dry","Clear"
"T20190008765","9/5/19",15:10:00,"Collision with vehicle","Thursday","Day",2,3,"T intersection",2,60,"BRIMBANK","METROPOLITAN NORTH WEST REGION",-37.73399038,144.7956164,"Dry","Clear"
"T20190008766","9/5/19",19:20:00,"Collision with vehicle","Thursday","Dark Street lights on",2,2,"T intersection",2,70,"MAROONDAH","METROPOLITAN SOUTH EAST REGION",-37.80128773,145.2601628,"Dry","Clear"
"T20190008767","9/5/19",20:15:00,"Collision with vehicle","Thursday","Dark Street lights on",2,2,"T intersection",2,50,"MONASH","METROPOLITAN SOUTH EAST REGION",-37.92734491,145.1245822,"Dry","Clear"
"T20190008768","9/5/19",15:40:00,"Collision with vehicle","Thursday","Day",2,3,"Multiple intersection",3,60,"BRIMBANK","METROPOLITAN NORTH WEST REGION",-37.79343376,144.7885198,"Dry","Clear"
"T20190008770","9/5/19",18:36:00,"Collision with a fixed object","Thursday","Dark Street lights on",1,1,"Not at intersection",3,80,"MELBOURNE","METROPOLITAN NORTH WEST REGION",-37.82809415,144.9234866,"Dry","Clear"
"T20190008771","9/5/19",18:21:00,"Collision with a fixed object","Thursday","Dark Street lights on",1,1,"Not at intersection",2,60,"WYNDHAM","METROPOLITAN NORTH WEST REGION",-37.90232906,144.753172,"Dry","Clear"
"T20190008773","9/5/19",15:24:00,"Collision with vehicle","Thursday","Day",2,2,"T intersection",3,70,"WHITTLESEA","METROPOLITAN NORTH WEST REGION",-37.69264994,144.9901803,"Dry","Clear"
"T20190008774","9/5/19",21:40:00,"Collision with vehicle","Thursday","Dark Street lights on",3,3,"T intersection",3,50,"MELBOURNE","METROPOLITAN NORTH WEST REGION",-37.77949071,144.9423855,"Dry","Clear"
"T20190008776","9/5/19",00:30:00,"Collision with vehicle","Thursday","Dark Street lights on",2,2,"Cross intersection",2,60,"WYNDHAM","METROPOLITAN NORTH WEST REGION",-37.8845916,144.7328495,"Dry","Clear"
"T20190008778","9/5/19",21:56:00,"Collision with vehicle","Thursday","Dark Street lights on",2,2,"Cross intersection",2,80,"CASEY","METROPOLITAN SOUTH EAST REGION",-38.05043401,145.2576064,"Dry","Clear"
"T20190008780","10/5/19",00:50:00,"Collision with a fixed object","Friday","Dark Street lights on",1,1,"T intersection",3,50,"FRANKSTON","METROPOLITAN SOUTH EAST REGION",-38.10976556,145.1490733,"Wet","Clear"
"T20190008781","9/5/19",22:10:00,"Collision with vehicle","Thursday","Dark Street lights on",2,2,"T intersection",3,60,"MARIBYRNONG","METROPOLITAN NORTH WEST REGION",-37.78481843,144.8737575,"Dry","Clear"
"T20190008784","10/5/19",06:25:00,"Collision with vehicle","Friday","Dusk/Dawn",2,2,"Cross intersection",2,80,"DANDENONG","METROPOLITAN SOUTH EAST REGION",-37.9474903,145.1727286,"Wet","Raining"
"T20190008785","8/5/19",08:50:00,"Collision with vehicle","Wednesday","Unknown",2,2,"Cross intersection",3,60,"WARRNAMBOOL","SOUTH WESTERN REGION",-38.38677685,142.5033431,"Unknown","Not known"
"T20190008786","9/5/19",19:20:00,"Collision with vehicle","Thursday","Dark Street lights on",2,2,"T intersection",3,60,"WYNDHAM","METROPOLITAN NORTH WEST REGION",-37.86813331,144.7032469,"Dry","Clear"
"T20190008788","10/5/19",08:39:00,"Collision with vehicle","Friday","Day",2,3,"Not at intersection",3,70,"GLEN EIRA","METROPOLITAN SOUTH EAST REGION",-37.92184998,145.0588298,"Wet","Raining"