"ACCIDENT_NO","ACCIDENTDATE","ACCIDENTTIME","Accident Type Desc","Day Week Description","Light Condition Desc","NO_OF_VEHICLES","NO_PERSONS","Road Geometry Desc","SEVERITY","SPEED_ZONE","LGA_NAME","REGION_NAME","Lat","Long","Surface Cond Desc","Atmosph Cond Desc"
"T20190008789","10/5/19",08:41:00,"Struck Pedestrian","Friday","Day",1,2,"Not at intersection",2,60,"MOONEE VALLEY","METROPOLITAN NORTH WEST REGION",-37.77165874,144.9062521,"Wet","Clear"
"T20190008790","8/5/19",15:45:00,"Collision with vehicle","Wednesday","Day",2,2,"Cross intersection",3,40,"YARRA","METROPOLITAN NORTH WEST REGION",-37.82568581,144.9979281,"Unknown","Clear"
"T20190008794","10/5/19",07:30:00,"Vehicle overturned (no collision)","Friday","Day",1,1,"T intersection",3,60,"BRIMBANK","METROPOLITAN NORTH WEST REGION",-37.74382853,144.7963857,"Wet","Clear"
"T20190008798","10/5/19",11:45:00,"Collision with vehicle","Friday","Day",3,3,"Not at intersection",3,60,"BOROONDARA","METROPOLITAN SOUTH EAST REGION",-37.82221408,145.0652993,"Wet","Raining"
"T20190008802","9/5/19",13:00:00,"Collision with vehicle","Thursday","Day",2,2,"T intersection",3,60,"KNOX","METROPOLITAN SOUTH EAST REGION",-37.91127074,145.241182,"Dry","Not known"
"T20190008803","9/5/19",17:00:00,"Collision with vehicle","Thursday","Day",2,2,"T intersection",3,50,"HORSHAM","WESTERN REGION",-36.71168347,142.2104378,"Wet","Raining"
"T20190008804","9/5/19",18:30:00,"Collision with vehicle","Thursday","Dark Street lights unknown",2,2,"Not at intersection",2,40,"MORELAND","METROPOLITAN NORTH WEST REGION",-37.76935234,144.9617308,"Unknown","Not known"
"T20190008807","10/5/19",08:20:00,"Collision with vehicle","Friday","Day",2,2,"Cross intersection",3,80,"CASEY","METROPOLITAN SOUTH EAST REGION",-38.00868736,145.2785905,"Wet","Raining"
"T20190008812","25/4/19",17:00:00,"Collision with vehicle","Thursday","Unknown",2,3,"Not at intersection",3,40,"MELBOURNE","METROPOLITAN NORTH WEST REGION",-37.81817138,144.9649699,"Unknown","Not known"
"T20190008813","10/5/19",10:00:00,"Collision with vehicle","Friday","Day",3,3,"Cross intersection",2,60,"BALLARAT","WESTERN REGION",-37.56641863,143.8402461,"Wet","Raining"
"T20190008815","9/5/19",16:05:00,"Collision with vehicle","Thursday","Day",4,4,"Cross intersection",2,50,"MOONEE VALLEY","METROPOLITAN NORTH WEST REGION",-37.77263043,144.9268782,"Dry","Clear"
"T20190008816","6/5/19",22:31:00,"Collision with vehicle","Monday","Dark Street lights unknown",2,2,"Not at intersection",3,40,"WYNDHAM","METROPOLITAN NORTH WEST REGION",-37.86935131,144.7548002,"Dry","Clear"
"T20190008819","10/5/19",09:30:00,"Collision with vehicle","Friday","Day",2,2,"Cross intersection",3,50,"DAREBIN","METROPOLITAN NORTH WEST REGION",-37.72543792,144.9948267,"Wet","Clear"
"T20190008823","10/5/19",13:31:00,"Collision with vehicle","Friday","Day",2,3,"Cross intersection",3,50,"MELBOURNE","METROPOLITAN NORTH WEST REGION",-37.80550463,144.9486553,"Wet","Raining"
"T20190008824","10/5/19",13:40:00,"Struck Pedestrian","Friday","Day",1,2,"Not at intersection",3,50,"MAROONDAH","METROPOLITAN SOUTH EAST REGION",-37.79504529,145.2801717,"Wet","Raining"
"T20190008825","10/5/19",16:50:00,"Collision with vehicle","Friday","Dusk/Dawn",3,4,"T intersection",3,80,"KNOX","METROPOLITAN SOUTH EAST REGION",-37.90608123,145.209871,"Wet","Raining"
"T20190008826","6/5/19",09:20:00,"Struck Pedestrian","Monday","Day",1,2,"T intersection",3,40,"WHITEHORSE","METROPOLITAN SOUTH EAST REGION",-37.82093505,145.1232774,"Unknown","Not known"
"T20190008827","10/5/19",13:50:00,"Collision with vehicle","Friday","Day",2,2,"Cross intersection",3,40,"STONNINGTON","METROPOLITAN SOUTH EAST REGION",-37.84378902,145.0315387,"Dry","Clear"
"T20190008830","10/5/19",18:00:00,"Collision with vehicle","Friday","Dark Street lights unknown",3,3,"Not at intersection",3,100,"MONASH","METROPOLITAN SOUTH EAST REGION",-37.8880952,145.1126764,"Wet","Not known"
"T20190008831","10/5/19",17:00:00,"Collision with vehicle","Friday","Dusk/Dawn",2,3,"Cross intersection",3,50,"FRANKSTON","METROPOLITAN SOUTH EAST REGION",-38.16135623,145.1290319,"Wet","Not known"
"T20190008832","10/5/19",18:00:00,"Vehicle overturned (no collision)","Friday","Dark No street lights",1,2,"Y intersection",2,100,"LATROBE","EASTERN REGION",-38.34300436,146.3630158,"Dry","Raining"
"T20190008833","10/5/19",16:07:00,"Collision with a fixed object","Friday","Day",2,4,"Not at intersection",2,60,"PORT PHILLIP","METROPOLITAN NORTH WEST REGION",-37.83411639,144.9492334,"Wet","Raining"
"T20190008837","10/5/19",18:30:00,"Struck Pedestrian","Friday","Dark No street lights",1,4,"Not at intersection",1,80,"YARRA RANGES","METROPOLITAN SOUTH EAST REGION",-37.80831057,145.4051977,"Wet","Clear"
"T20190008838","10/5/19",15:22:00,"Struck Pedestrian","Friday","Day",1,2,"Not at intersection",3,40,"LATROBE","EASTERN REGION",-38.19145775,146.5180063,"Dry","Clear"
"T20190008842","10/5/19",20:00:00,"Collision with a fixed object","Friday","Dark Street lights on",1,3,"Not at intersection",2,50,"BOROONDARA","METROPOLITAN SOUTH EAST REGION",-37.80017738,145.0203616,"Wet","Raining"
"T20190008843","10/5/19",18:55:00,"Collision with vehicle","Friday","Dark No street lights",2,2,"T intersection",3,80,"LATROBE","EASTERN REGION",-38.19789424,146.4990489,"Wet","Raining"
"T20190008846","11/5/19",01:15:00,"Collision with vehicle","Saturday","Dark Street lights on",2,1,"Not at intersection",3,50,"BALLARAT","WESTERN REGION",-37.51916337,143.83047,"Wet","Clear"
"T20190008847","10/5/19",23:55:00,"Collision with a fixed object","Friday","Dark Street lights on",2,3,"Not at intersection",2,60,"WHITEHORSE","METROPOLITAN SOUTH EAST REGION",-37.79875653,145.1183568,"Wet","Raining"
"T20190008848","10/5/19",20:30:00,"Collision with vehicle","Friday","Dark No street lights",3,3,"Not at intersection",2,100,"MOIRA","NORTH EASTERN REGION",-36.07410579,145.3169032,"Dry","Clear"
"T20190008851","10/5/19",22:10:00,"Collision with vehicle","Friday","Dark Street lights on",2,2,"Not at intersection",2,60,"STONNINGTON","METROPOLITAN SOUTH EAST REGION",-37.84230446,145.0191891,"Dry","Clear"
"T20190008854","11/5/19",05:00:00,"Collision with a fixed object","Saturday","Dark Street lights on",2,4,"T intersection",3,50,"SWAN HILL","NORTHERN REGION",-35.34790592,143.5577764,"Dry","Clear"
"T20190008855","10/5/19",14:25:00,"Collision with a fixed object","Friday","Day",2,1,"Not at intersection",3,60,"FRANKSTON","METROPOLITAN SOUTH EAST REGION",-38.14133622,145.1570338,"Dry","Clear"
"T20190008858","5/5/19",14:30:00,"Vehicle overturned (no collision)","Sunday","Day",1,1,"Not at intersection",3,50,"MURRINDINDI","NORTH EASTERN REGION",-37.36990016,145.9074312,"Unknown","Clear"
"T20190008859","11/5/19",11:10:00,"Collision with vehicle","Saturday","Day",2,2,"T intersection",2,80,"GEELONG","SOUTH WESTERN REGION",-38.20747716,144.2842073,"Dry","Clear"
"T20190008860","11/5/19",08:15:00,"Collision with a fixed object","Saturday","Day",1,1,"Not at intersection",3,100,"WANGARATTA","NORTH EASTERN REGION",-36.49412496,146.3089987,"Wet","Clear"
"T20190008860","11/5/19",08:15:00,"Collision with a fixed object","Saturday","Day",1,1,"Not at intersection",3,100,"WANGARATTA","NORTH EASTERN REGION",-36.49412496,146.3089987,"Muddy","Clear"
"T20190008861","11/5/19",09:00:00,"Collision with vehicle","Saturday","Day",2,1,"Not at intersection",2,60,"SHEPPARTON","NORTH EASTERN REGION",-36.37555403,145.4121263,"Dry","Clear"
"T20190008862","9/5/19",09:20:00,"Collision with vehicle","Thursday","Day",2,3,"Unknown",3,40,"MELBOURNE","METROPOLITAN NORTH WEST REGION",-37.80860119,144.9672255,"Dry","Clear"
"T20190008863","11/5/19",07:39:00,"Collision with a fixed object","Saturday","Day",1,3,"Not at intersection",2,70,"MANNINGHAM","METROPOLITAN SOUTH EAST REGION",-37.75881391,145.2098736,"Wet","Clear"
"T20190008868","11/5/19",12:35:00,"Collision with vehicle","Saturday","Day",2,2,"T intersection",3,60,"MELBOURNE","METROPOLITAN NORTH WEST REGION",-37.82620939,144.9711037,"Dry","Clear"
"T20190008870","10/5/19",10:59:00,"Collision with vehicle","Friday","Day",2,2,"Multiple intersection",3,999,"BOROONDARA","METROPOLITAN SOUTH EAST REGION",-37.78404709,145.0627312,"Wet","Raining"
"T20190008871","11/5/19",14:00:00,"Struck Pedestrian","Saturday","Day",1,2,"Not at intersection",2,50,"KINGSTON","METROPOLITAN SOUTH EAST REGION",-38.08088277,145.1255961,"Wet","Clear"
"T20190008872","11/5/19",14:15:00,"Collision with vehicle","Saturday","Day",2,2,"Cross intersection",2,50,"LATROBE","EASTERN REGION",-38.22835402,146.4146347,"Dry","Raining"
"T20190008873","11/5/19",14:00:00,"Collision with vehicle","Saturday","Day",2,5,"Cross intersection",3,50,"BASS COAST","EASTERN REGION",-38.635621,145.7189419,"Dry","Clear"
"T20190008874","10/5/19",15:30:00,"Collision with vehicle","Friday","Day",2,3,"Not at intersection",3,60,"TOWONG","NORTH EASTERN REGION",-36.19883455,147.8966474,"Wet","Not known"
"T20190008876","11/5/19",09:25:00,"Collision with vehicle","Saturday","Day",10,11,"Not at intersection",2,100,"MOORABOOL","WESTERN REGION",-37.5902805,143.9148323,"Wet","Raining"
"T20190008879","11/5/19",16:34:00,"Collision with a fixed object","Saturday","Day",1,1,"T intersection",3,50,"WHITTLESEA","METROPOLITAN NORTH WEST REGION",-37.67909618,145.0534689,"Dry","Clear"
"T20190008880","11/5/19",13:35:00,"Collision with a fixed object","Saturday","Day",1,2,"Not at intersection",2,80,"COLAC OTWAY","SOUTH WESTERN REGION",-38.59808291,143.7116285,"Wet","Raining"
"T20190008884","11/5/19",15:44:00,"Collision with vehicle","Saturday","Day",2,2,"T intersection",2,60,"KINGSTON","METROPOLITAN SOUTH EAST REGION",-38.07129613,145.1363424,"Dry","Clear"
"T20190008885","11/5/19",17:40:00,"Struck animal","Saturday","Dark No street lights",1,2,"Not at intersection",3,100,"GLENELG","SOUTH WESTERN REGION",-37.91751347,141.6536289,"Dry","Clear"
"T20190008886","11/5/19",20:30:00,"Collision with vehicle","Saturday","Dark Street lights on",2,2,"Not at intersection",3,60,"BANYULE","METROPOLITAN NORTH WEST REGION",-37.70485349,145.1084374,"Dry","Clear"
"T20190008887","11/5/19",17:08:00,"Struck Pedestrian","Saturday","Day",1,2,"Not at intersection",3,50,"MOONEE VALLEY","METROPOLITAN NORTH WEST REGION",-37.73152044,144.8873142,"Dry","Clear"
"T20190008888","11/5/19",15:34:00,"Collision with vehicle","Saturday","Day",2,2,"Not at intersection",1,60,"GEELONG","SOUTH WESTERN REGION",-38.10600672,144.3443228,"Dry","Not known"
"T20190008892","11/5/19",20:50:00,"Collision with a fixed object","Saturday","Dark Street lights on",1,1,"Not at intersection",2,60,"KINGSTON","METROPOLITAN SOUTH EAST REGION",-38.04444323,145.1124816,"Dry","Clear"
"T20190008893","11/5/19",18:11:00,"Collision with vehicle","Saturday","Dark Street lights on",2,3,"Cross intersection",2,60,"MARIBYRNONG","METROPOLITAN NORTH WEST REGION",-37.80555366,144.9056197,"Dry","Clear"
"T20190008896","16/3/19",20:30:00,"Struck Pedestrian","Saturday","Dark Street lights on",1,2,"Cross intersection",3,60,"YARRA","METROPOLITAN NORTH WEST REGION",-37.81144571,145.0097726,"Dry","Clear"
"T20190008897","11/5/19",20:05:00,"Collision with vehicle","Saturday","Dark Street lights on",2,4,"T intersection",1,60,"MARIBYRNONG","METROPOLITAN NORTH WEST REGION",-37.79238591,144.893476,"Dry","Clear"
"T20190008898","2/5/19",16:57:00,"Collision with vehicle","Thursday","Dusk/Dawn",2,4,"Not at intersection",3,80,"KINGSTON","METROPOLITAN SOUTH EAST REGION",-37.99070853,145.0813512,"Dry","Clear"
"T20190008900","11/5/19",22:13:00,"Collision with vehicle","Saturday","Dark Street lights on",4,2,"Not at intersection",2,50,"HUME","METROPOLITAN NORTH WEST REGION",-37.57115871,144.7019202,"Dry","Clear"
"T20190008904","1/5/19",08:40:00,"Collision with vehicle","Wednesday","Day",2,2,"Not at intersection",3,60,"DAREBIN","METROPOLITAN NORTH WEST REGION",-37.73674047,144.9902765,"Dry","Clear"
"T20190008905","12/5/19",06:01:00,"Collision with vehicle","Sunday","Dark Street lights on",2,6,"Multiple intersection",2,60,"WYNDHAM","METROPOLITAN NORTH WEST REGION",-37.8978034,144.7044544,"Dry","Clear"
"T20190008909","10/5/19",13:40:00,"collision with some other object","Friday","Day",1,1,"Not at intersection",3,80,"PYRENEES","WESTERN REGION",-37.28364153,143.5216236,"Dry","Clear"
"T20190008909","10/5/19",13:40:00,"collision with some other object","Friday","Day",1,1,"Not at intersection",3,80,"PYRENEES","WESTERN REGION",-37.28364153,143.5216236,"Dry","Strong winds"
"T20190008911","12/5/19",07:45:00,"Collision with a fixed object","Sunday","Day",1,2,"Not at intersection",2,100,"HUME","METROPOLITAN NORTH WEST REGION",-37.56902015,144.9415546,"Dry","Clear"
"T20190008915","11/5/19",18:30:00,"Collision with vehicle","Saturday","Dark Street lights on",2,2,"Cross intersection",3,50,"DAREBIN","METROPOLITAN NORTH WEST REGION",-37.72695203,145.0187649,"Unknown","Not known"
"T20190008916","10/5/19",16:30:00,"Collision with vehicle","Friday","Day",3,3,"Not at intersection",3,60,"MOONEE VALLEY","METROPOLITAN NORTH WEST REGION",-37.745495,144.9109859,"Wet","Raining"
"T20190008919","12/5/19",10:24:00,"Collision with vehicle","Sunday","Day",2,3,"Cross intersection",2,60,"BRIMBANK","METROPOLITAN NORTH WEST REGION",-37.75786201,144.791337,"Dry","Clear"
"T20190008922","11/5/19",23:07:00,"Collision with vehicle","Saturday","Dark Street lights on",3,6,"T intersection",2,70,"GEELONG","SOUTH WESTERN REGION",-38.21235184,144.3391929,"Dry","Clear"
"T20190008923","12/5/19",09:30:00,"Collision with vehicle","Sunday","Unknown",2,2,"Not at intersection",3,40,"MORELAND","METROPOLITAN NORTH WEST REGION",-37.76249968,144.962907,"Dry","Clear"
"T20190008926","11/5/19",10:00:00,"Vehicle overturned (no collision)","Saturday","Day",1,1,"Not at intersection",3,100,"YARRA RANGES","METROPOLITAN SOUTH EAST REGION",-37.53973812,145.9333887,"Dry","Clear"
"T20190008927","12/5/19",10:30:00,"Collision with vehicle","Sunday","Day",2,2,"Cross intersection",2,40,"BOROONDARA","METROPOLITAN SOUTH EAST REGION",-37.81987275,145.0358637,"Unknown","Not known"
"T20190008930","12/5/19",17:20:00,"Collision with vehicle","Sunday","Dusk/Dawn",2,5,"T intersection",3,60,"WHITTLESEA","METROPOLITAN NORTH WEST REGION",-37.63635088,145.0147957,"Dry","Clear"
"T20190008934","12/5/19",17:45:00,"Struck Pedestrian","Sunday","Dark No street lights",1,3,"Cross intersection",1,60,"GEELONG","SOUTH WESTERN REGION",-38.13193702,144.3380603,"Dry","Clear"
"T20190008935","12/5/19",16:50:00,"Collision with vehicle","Sunday","Day",2,2,"Not at intersection",2,100,"HUME","METROPOLITAN NORTH WEST REGION",-37.53877532,144.8825749,"Dry","Clear"
"T20190008939","12/5/19",22:15:00,"Collision with vehicle","Sunday","Dark Street lights on",2,3,"T intersection",3,60,"MARIBYRNONG","METROPOLITAN NORTH WEST REGION",-37.80215743,144.8814803,"Dry","Clear"
"T20190008940","12/5/19",16:45:00,"Collision with a fixed object","Sunday","Day",1,2,"Not at intersection",3,50,"CASEY","METROPOLITAN SOUTH EAST REGION",-38.07272496,145.2725239,"Dry","Clear"
"T20190008944","12/5/19",22:00:00,"Vehicle overturned (no collision)","Sunday","Dark No street lights",1,1,"Not at intersection",2,100,"HINDMARSH","WESTERN REGION",-36.19929005,141.8875705,"Dry","Clear"
"T20190008947","13/5/19",06:55:00,"Collision with vehicle","Monday","Day",2,2,"Cross intersection",2,50,"MELBOURNE","METROPOLITAN NORTH WEST REGION",-37.79844912,144.946272,"Dry","Not known"
"T20190008949","13/5/19",04:20:00,"Collision with a fixed object","Monday","Dark No street lights",1,1,"Not at intersection",3,100,"WELLINGTON","EASTERN REGION",-37.9501345,147.1132588,"Dry","Clear"
"T20190008952","10/5/19",15:15:00,"Collision with vehicle","Friday","Day",2,2,"Not at intersection",3,999,"CARDINIA","METROPOLITAN SOUTH EAST REGION",-38.06056142,145.4951904,"Dry","Clear"
"T20190008953","30/4/19",14:30:00,"Vehicle overturned (no collision)","Tuesday","Day",1,1,"Not at intersection",2,40,"YARRA","METROPOLITAN NORTH WEST REGION",-37.81797091,144.9937525,"Dry","Clear"
"T20190008956","13/5/19",08:00:00,"Struck Pedestrian","Monday","Day",1,2,"Not at intersection",3,40,"MELBOURNE","METROPOLITAN NORTH WEST REGION",-37.81856057,144.9559203,"Dry","Clear"
"T20190008959","13/5/19",09:35:00,"Collision with a fixed object","Monday","Day",3,4,"T intersection",2,60,"WYNDHAM","METROPOLITAN NORTH WEST REGION",-37.89383743,144.6804807,"Dry","Clear"
"T20190008960","13/5/19",09:52:00,"Collision with vehicle","Monday","Day",3,2,"Cross intersection",2,50,"MANNINGHAM","METROPOLITAN SOUTH EAST REGION",-37.75777405,145.127582,"Dry","Clear"
"T20190008961","13/5/19",10:24:00,"Collision with vehicle","Monday","Day",3,3,"Not at intersection",3,60,"BOROONDARA","METROPOLITAN SOUTH EAST REGION",-37.79769689,145.0305075,"Dry","Clear"
"T20190008965","13/5/19",07:14:00,"Collision with vehicle","Monday","Day",3,3,"Cross intersection",3,60,"MANNINGHAM","METROPOLITAN SOUTH EAST REGION",-37.75717321,145.1133542,"Dry","Clear"
"T20190008966","12/5/19",09:20:00,"Struck Pedestrian","Sunday","Day",1,2,"Not at intersection",3,40,"MELBOURNE","METROPOLITAN NORTH WEST REGION",-37.82060535,144.9548512,"Dry","Clear"
"T20190008967","13/5/19",12:15:00,"Collision with vehicle","Monday","Day",2,3,"Not at intersection",2,60,"SURF COAST","SOUTH WESTERN REGION",-38.33842606,144.313976,"Dry","Not known"
"T20190008968","13/5/19",12:35:00,"Collision with vehicle","Monday","Day",2,2,"Not at intersection",3,999,"MELBOURNE","METROPOLITAN NORTH WEST REGION",-37.83159211,144.915727,"Unknown","Not known"
"T20190008969","6/1/19",14:30:00,"Collision with a fixed object","Sunday","Day",1,1,"Not at intersection",2,100,"YARRA RANGES","METROPOLITAN SOUTH EAST REGION",-37.7247899,145.755511,"Dry","Not known"
"T20190008972","13/5/19",07:25:00,"Collision with a fixed object","Monday","Day",1,1,"Cross intersection",2,50,"WODONGA","NORTH EASTERN REGION",-36.12078235,146.8986965,"Dry","Fog"
"T20190008973","7/5/19",16:13:00,"Struck Pedestrian","Tuesday","Day",1,2,"T intersection",2,60,"BOROONDARA","METROPOLITAN SOUTH EAST REGION",-37.82404677,145.0813366,"Dry","Clear"
"T20190008974","10/5/19",11:00:00,"Collision with vehicle","Friday","Unknown",2,1,"T intersection",2,50,"BALLARAT","WESTERN REGION",-37.55982773,143.8918723,"Dry","Not known"
"T20190008975","13/5/19",12:20:00,"Collision with vehicle","Monday","Day",4,6,"Not at intersection",2,60,"MARIBYRNONG","METROPOLITAN NORTH WEST REGION",-37.79198251,144.8921459,"Dry","Clear"
"T20190008979","13/5/19",07:44:00,"Struck Pedestrian","Monday","Day",1,2,"Cross intersection",2,70,"GLEN EIRA","METROPOLITAN SOUTH EAST REGION",-37.90130313,145.0191971,"Dry","Clear"
"T20190008980","13/5/19",09:40:00,"Collision with vehicle","Monday","Day",2,2,"Not at intersection",2,50,"WYNDHAM","METROPOLITAN NORTH WEST REGION",-37.88646172,144.6571131,"Dry","Not known"
"T20190008981","13/5/19",08:09:00,"Collision with vehicle","Monday","Day",2,2,"Cross intersection",3,60,"MELTON","METROPOLITAN NORTH WEST REGION",-37.72245039,144.7383744,"Dry","Clear"
"T20190008984","13/5/19",12:10:00,"Collision with vehicle","Monday","Day",4,4,"Not at intersection",2,100,"WHITTLESEA","METROPOLITAN NORTH WEST REGION",-37.53657506,145.1112094,"Dry","Clear"
"T20190008985","13/5/19",14:03:00,"Collision with vehicle","Monday","Day",2,2,"Cross intersection",2,60,"MORELAND","METROPOLITAN NORTH WEST REGION",-37.75568111,144.9659953,"Dry","Clear"
"T20190008986","12/5/19",12:40:00,"No collision and no object struck","Sunday","Day",1,1,"Cross intersection",3,60,"CARDINIA","METROPOLITAN SOUTH EAST REGION",-38.06047899,145.4970194,"Dry","Clear"
"T20190008987","13/5/19",12:25:00,"Collision with vehicle","Monday","Day",2,4,"Not at intersection",3,50,"MELBOURNE","METROPOLITAN NORTH WEST REGION",-37.81468639,144.9775001,"Dry","Clear"
"T20190008988","3/5/19",06:26:00,"Collision with vehicle","Friday","Dusk/Dawn",3,3,"Not at intersection",3,60,"BANYULE","METROPOLITAN NORTH WEST REGION",-37.76951612,145.0647362,"Dry","Clear"
"T20190008992","2/5/19",06:10:00,"Collision with vehicle","Thursday","Dark Street lights on",2,2,"Not at intersection",3,80,"WYNDHAM","METROPOLITAN NORTH WEST REGION",-37.82779072,144.81693,"Wet","Raining"
"T20190008994","13/5/19",10:44:00,"Collision with vehicle","Monday","Day",2,2,"T intersection",3,70,"BRIMBANK","METROPOLITAN NORTH WEST REGION",-37.72770038,144.7936788,"Dry","Not known"
"T20190008996","13/5/19",14:15:00,"Collision with vehicle","Monday","Day",2,2,"Multiple intersection",2,60,"GEELONG","SOUTH WESTERN REGION",-38.15317091,144.3694021,"Dry","Clear"
"T20190008997","13/5/19",15:44:00,"Collision with vehicle","Monday","Day",3,7,"Not at intersection",3,80,"MORNINGTON PENINSULA","METROPOLITAN SOUTH EAST REGION",-38.22755984,145.0815779,"Dry","Clear"
"T20190008999","13/5/19",14:40:00,"No collision and no object struck","Monday","Day",2,2,"T intersection",3,50,"CASEY","METROPOLITAN SOUTH EAST REGION",-37.97246959,145.2605528,"Dry","Clear"
"T20190009000","13/5/19",13:30:00,"Collision with vehicle","Monday","Day",2,4,"Cross intersection",1,80,"MORNINGTON PENINSULA","METROPOLITAN SOUTH EAST REGION",-38.3388186,145.1455974,"Dry","Clear"
"T20190009003","13/5/19",16:10:00,"Collision with vehicle","Monday","Day",3,3,"Not at intersection",2,100,"WYNDHAM","METROPOLITAN NORTH WEST REGION",-37.82038525,144.8097704,"Dry","Clear"
"T20190009004","13/5/19",15:10:00,"Collision with vehicle","Monday","Day",3,2,"Cross intersection",2,40,"PORT PHILLIP","METROPOLITAN NORTH WEST REGION",-37.86888232,144.9943887,"Dry","Clear"
"T20190009005","13/5/19",15:22:00,"Collision with a fixed object","Monday","Day",1,1,"Not at intersection",2,100,"CASEY","METROPOLITAN SOUTH EAST REGION",-37.99951017,145.2869813,"Dry","Clear"
"T20190009008","11/4/19",14:00:00,"Collision with vehicle","Thursday","Day",2,2,"Not at intersection",3,50,"MORELAND","METROPOLITAN NORTH WEST REGION",-37.77476583,144.9693931,"Dry","Clear"
"T20190009010","13/5/19",18:27:00,"Collision with a fixed object","Monday","Dark No street lights",1,1,"Not at intersection",2,110,"MITCHELL","NORTHERN REGION",-37.03321648,145.1014087,"Dry","Not known"
"T20190009011","13/5/19",15:15:00,"Collision with a fixed object","Monday","Day",1,2,"Cross intersection",2,50,"CASEY","METROPOLITAN SOUTH EAST REGION",-37.9876942,145.2393573,"Dry","Clear"
"T20190009015","13/5/19",15:30:00,"Collision with vehicle","Monday","Day",2,2,"Cross intersection",3,50,"DAREBIN","METROPOLITAN NORTH WEST REGION",-37.7504769,145.0162178,"Dry","Clear"
"T20190009016","13/5/19",18:34:00,"Collision with vehicle","Monday","Dark No street lights",4,4,"Not at intersection",2,80,"KNOX","METROPOLITAN SOUTH EAST REGION",-37.84641143,145.3149885,"Dry","Clear"
"T20190009017","13/5/19",20:40:00,"Collision with vehicle","Monday","Dark Street lights on",2,3,"Cross intersection",3,80,"MONASH","METROPOLITAN SOUTH EAST REGION",-37.9186891,145.1586671,"Dry","Clear"
"T20190009018","13/5/19",00:07:00,"Struck animal","Monday","Dark No street lights",1,1,"Not at intersection",2,100,"LATROBE","EASTERN REGION",-38.10780361,146.5906451,"Dry","Not known"
"T20190009019","13/5/19",22:45:00,"Collision with a fixed object","Monday","Dark Street lights on",2,3,"T intersection",3,60,"GEELONG","SOUTH WESTERN REGION",-38.17539623,144.3832426,"Dry","Clear"
"T20190009021","14/5/19",03:20:00,"Collision with a fixed object","Tuesday","Dark No street lights",1,1,"Not at intersection",3,110,"MITCHELL","NORTHERN REGION",-37.42337475,144.9893852,"Unknown","Not known"
"T20190009023","13/5/19",12:45:00,"Collision with vehicle","Monday","Day",2,3,"T intersection",3,60,"GEELONG","SOUTH WESTERN REGION",-38.09671914,144.334237,"Dry","Clear"
"T20190009024","14/5/19",06:34:00,"Collision with vehicle","Tuesday","Day",2,2,"T intersection",3,100,"EAST GIPPSLAND","EASTERN REGION",-37.908432,147.3212942,"Dry","Clear"
"T20190009025","14/5/19",07:15:00,"Collision with a fixed object","Tuesday","Day",1,2,"Not at intersection",2,999,"YARRA RANGES","METROPOLITAN SOUTH EAST REGION",-37.85084828,145.3325737,"Dry","Clear"
"T20190009026","13/4/19",15:00:00,"Vehicle overturned (no collision)","Saturday","Day",1,1,"Not at intersection",3,999,"WELLINGTON","EASTERN REGION",-37.40638687,147.2669893,"Dry","Clear"
"T20190009027","14/5/19",08:40:00,"Collision with vehicle","Tuesday","Day",2,2,"T intersection",3,60,"MELBOURNE","METROPOLITAN NORTH WEST REGION",-37.78763571,144.9590452,"Dry","Clear"
"T20190009028","14/5/19",08:30:00,"Collision with vehicle","Tuesday","Day",2,2,"Not at intersection",2,100,"STONNINGTON","METROPOLITAN SOUTH EAST REGION",-37.8797069,145.0851617,"Dry","Clear"
"T20190009029","12/5/19",08:22:00,"Collision with vehicle","Sunday","Day",2,1,"Not at intersection",3,50,"MAROONDAH","METROPOLITAN SOUTH EAST REGION",-37.76804066,145.2797117,"Dry","Clear"
"T20190009031","13/5/19",11:30:00,"Collision with a fixed object","Monday","Day",1,1,"Not at intersection",3,888,"ALPINE","NORTH EASTERN REGION",-36.54691818,146.7772463,"Dry","Clear"
"T20190009032","6/5/19",11:55:00,"Collision with vehicle","Monday","Day",2,2,"T intersection",3,50,"BENDIGO","NORTHERN REGION",-36.803634,144.2459902,"Dry","Clear"
"T20190009033","14/5/19",11:05:00,"Collision with vehicle","Tuesday","Day",3,1,"Not at intersection",3,60,"CENTRAL GOLDFIELDS","WESTERN REGION",-37.02826265,143.7478613,"Dry","Not known"
"T20190009034","14/5/19",07:08:00,"Collision with vehicle","Tuesday","Day",3,4,"T intersection",1,80,"DANDENONG","METROPOLITAN SOUTH EAST REGION",-37.94477471,145.1536068,"Dry","Clear"
"T20190009035","14/5/19",10:35:00,"Struck Pedestrian","Tuesday","Day",1,2,"Cross intersection",2,40,"MELBOURNE","METROPOLITAN NORTH WEST REGION",-37.78815849,144.9294826,"Dry","Clear"