"ACCIDENT_NO","ACCIDENTDATE","ACCIDENTTIME","Accident Type Desc","Day Week Description","Light Condition Desc","NO_OF_VEHICLES","NO_PERSONS","Road Geometry Desc","SEVERITY","SPEED_ZONE","LGA_NAME","REGION_NAME","Lat","Long","Surface Cond Desc","Atmosph Cond Desc"
"T20190009036","14/5/19",11:13:00,"Collision with a fixed object","Tuesday","Day",1,1,"Not at intersection",2,80,"CASEY","METROPOLITAN SOUTH EAST REGION",-38.14426755,145.3220642,"Dry","Clear"
"T20190009037","14/5/19",12:00:00,"Collision with vehicle","Tuesday","Day",2,3,"Cross intersection",3,60,"NORTHERN GRAMPIANS","WESTERN REGION",-37.0565749,142.7725323,"Dry","Clear"
"T20190009039","13/5/19",22:30:00,"Collision with vehicle","Monday","Dark Street lights on",2,3,"Not at intersection",2,60,"MONASH","METROPOLITAN SOUTH EAST REGION",-37.8554042,145.1130258,"Dry","Clear"
"T20190009040","8/5/19",09:15:00,"Collision with vehicle","Wednesday","Day",2,2,"Not at intersection",3,60,"BANYULE","METROPOLITAN NORTH WEST REGION",-37.71826124,145.0813898,"Unknown","Not known"
"T20190009041","11/5/19",16:00:00,"No collision and no object struck","Saturday","Day",1,1,"Not at intersection",2,100,"EAST GIPPSLAND","EASTERN REGION",-37.76554708,148.3283121,"Wet","Clear"
"T20190009042","14/5/19",13:10:00,"Collision with vehicle","Tuesday","Day",2,2,"Not at intersection",2,40,"STONNINGTON","METROPOLITAN SOUTH EAST REGION",-37.83177842,144.988985,"Dry","Clear"
"T20190009043","10/5/19",08:20:00,"Collision with vehicle","Friday","Day",2,2,"Not at intersection",2,100,"WYNDHAM","METROPOLITAN NORTH WEST REGION",-37.97339382,144.5494706,"Wet","Raining"
"T20190009044","10/5/19",19:00:00,"Collision with a fixed object","Friday","Dark No street lights",1,1,"Not at intersection",2,100,"PYRENEES","WESTERN REGION",-36.94162331,143.1537031,"Dry","Clear"
"T20190009045","14/5/19",08:33:00,"Struck Pedestrian","Tuesday","Day",1,2,"Not at intersection",2,50,"WODONGA","NORTH EASTERN REGION",-36.13653596,146.8596648,"Dry","Fog"
"T20190009046","14/5/19",10:00:00,"Collision with vehicle","Tuesday","Day",2,2,"Cross intersection",2,999,"BAYSIDE","METROPOLITAN SOUTH EAST REGION",-37.8928675,145.0002364,"Unknown","Clear"
"T20190009048","14/5/19",12:30:00,"Collision with vehicle","Tuesday","Day",2,2,"Cross intersection",3,80,"GLEN EIRA","METROPOLITAN SOUTH EAST REGION",-37.88616088,144.9992008,"Dry","Clear"
"T20190009050","12/5/19",12:30:00,"Collision with vehicle","Sunday","Day",2,3,"Not at intersection",3,999,"MACEDON RANGES","NORTHERN REGION",-37.46236654,144.6772526,"Dry","Not known"
"T20190009052","14/5/19",10:19:00,"Collision with vehicle","Tuesday","Day",2,2,"Not at intersection",2,80,"YARRA","METROPOLITAN NORTH WEST REGION",-37.82975631,144.9885514,"Dry","Clear"
"T20190009053","14/5/19",13:10:00,"Collision with vehicle","Tuesday","Day",2,4,"Not at intersection",2,999,"YARRA RANGES","METROPOLITAN SOUTH EAST REGION",-37.75470991,145.3555595,"Dry","Clear"
"T20190009054","14/5/19",14:15:00,"Collision with vehicle","Tuesday","Day",2,2,"Cross intersection",3,60,"MILDURA","WESTERN REGION",-34.19367087,142.162314,"Dry","Clear"
"T20190009056","14/5/19",09:25:00,"Vehicle overturned (no collision)","Tuesday","Day",1,1,"Not at intersection",2,100,"YARRIAMBIACK","WESTERN REGION",-36.34798762,142.2127378,"Dry","Clear"
"T20190009060","14/5/19",10:00:00,"No collision and no object struck","Tuesday","Day",1,1,"Not at intersection",2,60,"BENDIGO","NORTHERN REGION",-36.74211391,144.3151495,"Dry","Clear"
"T20190009064","14/5/19",11:50:00,"Collision with a fixed object","Tuesday","Day",1,1,"Not at intersection",3,100,"GEELONG","SOUTH WESTERN REGION",-38.17872485,144.4944554,"Dry","Clear"
"T20190009065","14/5/19",14:57:00,"Collision with vehicle","Tuesday","Day",2,2,"Not at intersection",2,80,"HUME","METROPOLITAN NORTH WEST REGION",-37.59938722,144.7609902,"Dry","Clear"
"T20190009066","11/5/19",06:41:00,"Collision with vehicle","Saturday","Dusk/Dawn",2,2,"T intersection",3,80,"DANDENONG","METROPOLITAN SOUTH EAST REGION",-37.99253635,145.1581926,"Wet","Raining"
"T20190009070","14/5/19",09:34:00,"Collision with a fixed object","Tuesday","Day",3,1,"Not at intersection",3,100,"LODDON","NORTHERN REGION",-36.46407824,143.6818379,"Dry","Clear"
"T20190009071","14/5/19",16:35:00,"Collision with vehicle","Tuesday","Day",2,2,"T intersection",2,60,"GLEN EIRA","METROPOLITAN SOUTH EAST REGION",-37.86750432,144.999832,"Dry","Clear"
"T20190009075","14/5/19",14:40:00,"Collision with vehicle","Tuesday","Day",2,2,"Cross intersection",3,80,"DANDENONG","METROPOLITAN SOUTH EAST REGION",-38.01165909,145.1716994,"Dry","Clear"
"T20190009076","14/5/19",19:05:00,"Collision with vehicle","Tuesday","Dark Street lights on",2,2,"Cross intersection",3,50,"HUME","METROPOLITAN NORTH WEST REGION",-37.57532839,144.9208895,"Dry","Not known"
"T20190009078","14/5/19",18:37:00,"Collision with vehicle","Tuesday","Dark Street lights on",2,3,"Not at intersection",2,80,"WHITTLESEA","METROPOLITAN NORTH WEST REGION",-37.68219577,145.0687927,"Dry","Clear"
"T20190009080","14/5/19",19:50:00,"No collision and no object struck","Tuesday","Dark Street lights on",2,2,"Not at intersection",3,70,"GEELONG","SOUTH WESTERN REGION",-38.17072041,144.3922967,"Dry","Clear"
"T20190009081","14/5/19",17:45:00,"Collision with vehicle","Tuesday","Dark Street lights on",3,3,"Not at intersection",2,50,"DAREBIN","METROPOLITAN NORTH WEST REGION",-37.78086271,144.9950884,"Dry","Clear"
"T20190009086","13/5/19",02:08:00,"Collision with vehicle","Monday","Dark Street lights on",2,2,"Cross intersection",2,60,"STONNINGTON","METROPOLITAN SOUTH EAST REGION",-37.85938916,145.0513248,"Dry","Clear"
"T20190009087","14/5/19",23:15:00,"Collision with a fixed object","Tuesday","Dark Street lights on",1,1,"Not at intersection",3,50,"CASEY","METROPOLITAN SOUTH EAST REGION",-38.03986198,145.2810414,"Dry","Clear"
"T20190009089","15/5/19",05:35:00,"Collision with vehicle","Wednesday","Dark Street lights on",3,3,"T intersection",2,80,"CASEY","METROPOLITAN SOUTH EAST REGION",-38.13267913,145.2954829,"Dry","Clear"
"T20190009090","11/5/19",11:00:00,"Collision with vehicle","Saturday","Day",2,2,"Cross intersection",3,60,"BALLARAT","WESTERN REGION",-37.53888468,143.8222657,"Wet","Raining"
"T20190009092","13/5/19",09:25:00,"Vehicle overturned (no collision)","Monday","Day",1,1,"T intersection",3,40,"YARRA","METROPOLITAN NORTH WEST REGION",-37.82510564,144.9927964,"Dry","Not known"
"T20190009093","14/5/19",20:15:00,"Collision with a fixed object","Tuesday","Dark No street lights",1,2,"Not at intersection",2,100,"MOUNT ALEXANDER","NORTHERN REGION",-37.09907385,144.0096051,"Dry","Clear"
"T20190009097","15/5/19",06:32:00,"Collision with vehicle","Wednesday","Dark Street lights on",3,4,"Not at intersection",3,80,"MANNINGHAM","METROPOLITAN SOUTH EAST REGION",-37.80165674,145.1865512,"Dry","Clear"
"T20190009099","13/5/19",17:45:00,"Collision with a fixed object","Monday","Dusk/Dawn",1,1,"Not at intersection",3,999,"SHEPPARTON","NORTH EASTERN REGION",-36.40206206,145.4981643,"Dry","Clear"
"T20190009101","15/5/19",09:35:00,"Collision with vehicle","Wednesday","Day",3,3,"Not at intersection",2,80,"MELBOURNE","METROPOLITAN NORTH WEST REGION",-37.8247777,144.9714511,"Dry","Dust"
"T20190009102","26/4/19",23:00:00,"Collision with vehicle","Friday","Dark Street lights on",2,3,"Cross intersection",2,60,"MELBOURNE","METROPOLITAN NORTH WEST REGION",-37.79226018,144.9683897,"Dry","Clear"
"T20190009103","15/5/19",08:00:00,"Collision with vehicle","Wednesday","Day",2,2,"Multiple intersection",3,60,"MELBOURNE","METROPOLITAN NORTH WEST REGION",-37.78885604,144.9370404,"Dry","Clear"
"T20190009108","15/5/19",09:00:00,"Collision with vehicle","Wednesday","Day",2,2,"Not at intersection",2,50,"LATROBE","EASTERN REGION",-38.19727923,146.5364267,"Dry","Clear"
"T20190009109","15/5/19",10:53:00,"Collision with vehicle","Wednesday","Day",3,3,"Not at intersection",3,60,"WHITTLESEA","METROPOLITAN NORTH WEST REGION",-37.68604664,145.0682127,"Dry","Clear"
"T20190009111","14/5/19",23:15:00,"collision with some other object","Tuesday","Dark No street lights",1,2,"Not at intersection",3,100,"LODDON","NORTHERN REGION",-35.99173726,143.9466457,"Dry","Clear"
"T20190009113","15/5/19",13:30:00,"Collision with vehicle","Wednesday","Day",2,2,"Cross intersection",3,110,"BENALLA","NORTH EASTERN REGION",-36.60137552,145.8671336,"Dry","Clear"
"T20190009117","8/5/19",08:15:00,"Collision with vehicle","Wednesday","Day",2,2,"Not at intersection",3,60,"HUME","METROPOLITAN NORTH WEST REGION",-37.57690735,144.7315281,"Dry","Clear"
"T20190009119","15/5/19",14:00:00,"Collision with vehicle","Wednesday","Day",2,3,"Not at intersection",3,40,"YARRA","METROPOLITAN NORTH WEST REGION",-37.8043966,144.9833335,"Dry","Clear"
"T20190009120","15/5/19",15:47:00,"Collision with vehicle","Wednesday","Day",2,2,"Not at intersection",2,50,"MELBOURNE","METROPOLITAN NORTH WEST REGION",-37.81971361,144.9722151,"Dry","Clear"
"T20190009121","15/5/19",13:40:00,"Collision with vehicle","Wednesday","Day",3,4,"Not at intersection",3,60,"KNOX","METROPOLITAN SOUTH EAST REGION",-37.84126808,145.2650374,"Dry","Clear"
"T20190009123","8/5/19",17:50:00,"Collision with vehicle","Wednesday","Unknown",2,2,"Cross intersection",3,999,"WHITTLESEA","METROPOLITAN NORTH WEST REGION",-37.64461561,145.026318,"Unknown","Clear"
"T20190009124","23/4/19",08:15:00,"Collision with vehicle","Tuesday","Day",2,2,"T intersection",3,60,"GEELONG","SOUTH WESTERN REGION",-38.18281165,144.3541684,"Dry","Clear"
"T20190009126","15/5/19",16:30:00,"Collision with vehicle","Wednesday","Dusk/Dawn",3,3,"Not at intersection",2,80,"HOBSONS BAY","METROPOLITAN NORTH WEST REGION",-37.82568549,144.8368254,"Dry","Clear"
"T20190009127","24/4/19",08:00:00,"Collision with vehicle","Wednesday","Day",2,2,"Not at intersection",3,80,"HUME","METROPOLITAN NORTH WEST REGION",-37.63906763,144.8810576,"Dry","Clear"
"T20190009128","15/5/19",14:32:00,"Collision with vehicle","Wednesday","Day",2,2,"Cross intersection",2,60,"MORNINGTON PENINSULA","METROPOLITAN SOUTH EAST REGION",-38.25485956,145.0312126,"Dry","Clear"
"T20190009130","15/5/19",15:44:00,"Collision with vehicle","Wednesday","Day",4,5,"T intersection",2,80,"DANDENONG","METROPOLITAN SOUTH EAST REGION",-37.94146779,145.1660581,"Dry","Clear"
"T20190009131","15/5/19",16:55:00,"Collision with vehicle","Wednesday","Day",3,5,"Not at intersection",3,100,"MAROONDAH","METROPOLITAN SOUTH EAST REGION",-37.83192001,145.2173492,"Dry","Clear"
"T20190009132","15/5/19",17:23:00,"Collision with vehicle","Wednesday","Day",2,2,"Cross intersection",2,80,"MORNINGTON PENINSULA","METROPOLITAN SOUTH EAST REGION",-38.23865375,145.2149127,"Dry","Clear"
"T20190009133","15/5/19",18:00:00,"Collision with vehicle","Wednesday","Dark Street lights on",2,2,"T intersection",2,60,"BENDIGO","NORTHERN REGION",-36.80263836,144.2423217,"Dry","Clear"
"T20190009134","15/5/19",14:40:00,"Collision with vehicle","Wednesday","Day",2,2,"T intersection",2,50,"HOBSONS BAY","METROPOLITAN NORTH WEST REGION",-37.85917464,144.9000105,"Dry","Clear"
"T20190009137","15/5/19",17:50:00,"Collision with vehicle","Wednesday","Dusk/Dawn",2,2,"Not at intersection",3,100,"CASEY","METROPOLITAN SOUTH EAST REGION",-37.98933974,145.2540411,"Dry","Clear"
"T20190009139","21/3/19",06:00:00,"Collision with vehicle","Thursday","Dark Street lights on",2,2,"Not at intersection",3,50,"MORELAND","METROPOLITAN NORTH WEST REGION",-37.74387352,144.9714553,"Dry","Clear"
"T20190009141","15/5/19",17:11:00,"Collision with vehicle","Wednesday","Day",2,2,"T intersection",3,40,"NILLUMBIK","METROPOLITAN NORTH WEST REGION",-37.71156778,145.1491351,"Dry","Clear"
"T20190009142","15/5/19",17:58:00,"Collision with vehicle","Wednesday","Dark Street lights on",2,3,"Not at intersection",2,40,"WYNDHAM","METROPOLITAN NORTH WEST REGION",-37.88353546,144.7027486,"Dry","Clear"
"T20190009143","15/5/19",17:30:00,"Collision with vehicle","Wednesday","Dusk/Dawn",2,3,"Cross intersection",3,40,"PORT PHILLIP","METROPOLITAN NORTH WEST REGION",-37.85093571,144.9615729,"Dry","Clear"
"T20190009145","15/5/19",14:30:00,"Collision with vehicle","Wednesday","Day",2,2,"Not at intersection",3,40,"MELBOURNE","METROPOLITAN NORTH WEST REGION",-37.80949793,144.9718176,"Dry","Clear"
"T20190009148","15/5/19",00:23:00,"Vehicle overturned (no collision)","Wednesday","Dark No street lights",1,1,"Not at intersection",3,80,"MELTON","METROPOLITAN NORTH WEST REGION",-37.74771057,144.5760025,"Dry","Clear"
"T20190009153","15/5/19",16:50:00,"Collision with vehicle","Wednesday","Day",2,2,"Cross intersection",2,60,"GEELONG","SOUTH WESTERN REGION",-38.09143545,144.3563663,"Dry","Clear"
"T20190009154","16/5/19",00:28:00,"Collision with a fixed object","Thursday","Dark Street lights on",1,1,"T intersection",2,80,"KNOX","METROPOLITAN SOUTH EAST REGION",-37.86161002,145.2769773,"Dry","Clear"
"T20190009155","15/5/19",22:45:00,"Struck Pedestrian","Wednesday","Dark Street lights on",1,2,"Cross intersection",3,60,"YARRA","METROPOLITAN NORTH WEST REGION",-37.79984541,144.9929872,"Dry","Clear"
"T20190009156","15/5/19",20:30:00,"Collision with a fixed object","Wednesday","Dark Street lights on",1,1,"Not at intersection",3,60,"HUME","METROPOLITAN NORTH WEST REGION",-37.60366658,144.929145,"Dry","Clear"
"T20190009157","15/5/19",23:40:00,"Collision with vehicle","Wednesday","Dark No street lights",2,2,"Not at intersection",2,100,"MELTON","METROPOLITAN NORTH WEST REGION",-37.6453396,144.6018792,"Dry","Clear"
"T20190009159","16/5/19",05:40:00,"Collision with vehicle","Thursday","Dusk/Dawn",2,2,"T intersection",3,80,"CASEY","METROPOLITAN SOUTH EAST REGION",-38.15991374,145.3185669,"Dry","Clear"
"T20190009160","14/5/19",15:00:00,"Collision with vehicle","Tuesday","Day",3,1,"Not at intersection",3,50,"LATROBE","EASTERN REGION",-38.2375396,146.4131499,"Dry","Clear"
"T20190009161","16/5/19",04:02:00,"Collision with vehicle","Thursday","Dark Street lights on",2,3,"Not at intersection",2,80,"BRIMBANK","METROPOLITAN NORTH WEST REGION",-37.7773302,144.8306921,"Dry","Clear"
"T20190009162","13/5/19",16:55:00,"Collision with vehicle","Monday","Day",2,3,"Not at intersection",3,60,"BALLARAT","WESTERN REGION",-37.5400614,143.8304497,"Dry","Not known"
"T20190009164","15/5/19",19:36:00,"Collision with vehicle","Wednesday","Dark Street lights on",2,1,"Not at intersection",3,60,"SOUTH GIPPSLAND","EASTERN REGION",-38.4860476,145.9555944,"Dry","Clear"
"T20190009165","16/5/19",08:16:00,"Collision with vehicle","Thursday","Day",2,2,"Not at intersection",3,100,"WYNDHAM","METROPOLITAN NORTH WEST REGION",-37.84293804,144.7883783,"Dry","Clear"
"T20190009167","15/5/19",22:30:00,"Collision with vehicle","Wednesday","Dark Street lights on",2,2,"Cross intersection",3,60,"MORELAND","METROPOLITAN NORTH WEST REGION",-37.75568111,144.9659953,"Dry","Clear"
"T20190009168","15/5/19",18:15:00,"Collision with vehicle","Wednesday","Unknown",2,2,"Not at intersection",3,60,"MELBOURNE","METROPOLITAN NORTH WEST REGION",-37.83009647,144.9878276,"Dry","Not known"
"T20190009169","16/5/19",07:17:00,"Collision with vehicle","Thursday","Day",2,2,"T intersection",3,60,"MOONEE VALLEY","METROPOLITAN NORTH WEST REGION",-37.759856,144.9261594,"Dry","Clear"
"T20190009172","16/5/19",10:51:00,"Collision with vehicle","Thursday","Day",2,2,"T intersection",2,60,"MOYNE","SOUTH WESTERN REGION",-38.30036687,142.3720681,"Dry","Clear"
"T20190009173","16/5/19",07:50:00,"Collision with vehicle","Thursday","Day",2,2,"Cross intersection",3,60,"ARARAT","WESTERN REGION",-37.2789041,142.9376122,"Dry","Clear"
"T20190009174","15/5/19",21:50:00,"Vehicle overturned (no collision)","Wednesday","Dark Street lights unknown",1,1,"Not at intersection",3,60,"MARIBYRNONG","METROPOLITAN NORTH WEST REGION",-37.81189198,144.8979644,"Dry","Not known"
"T20190009178","16/5/19",05:50:00,"Collision with vehicle","Thursday","Dark No street lights",2,2,"Not at intersection",3,80,"STONNINGTON","METROPOLITAN SOUTH EAST REGION",-37.85136443,145.0508187,"Dry","Clear"
"T20190009180","16/5/19",07:45:00,"Collision with vehicle","Thursday","Day",2,2,"Not at intersection",3,80,"YARRA RANGES","METROPOLITAN SOUTH EAST REGION",-37.65936307,145.4621695,"Dry","Clear"
"T20190009182","2/5/19",21:00:00,"Collision with vehicle","Thursday","Unknown",2,2,"Cross intersection",3,60,"PORT PHILLIP","METROPOLITAN NORTH WEST REGION",-37.86045011,144.9840919,"Unknown","Not known"
"T20190009183","16/5/19",09:00:00,"Collision with a fixed object","Thursday","Day",1,1,"Not at intersection",2,60,"HUME","METROPOLITAN NORTH WEST REGION",-37.5987156,144.9390874,"Dry","Clear"
"T20190009185","13/5/19",14:00:00,"Collision with vehicle","Monday","Day",3,3,"Not at intersection",3,100,"MELTON","METROPOLITAN NORTH WEST REGION",-37.74491093,144.6989103,"Dry","Clear"
"T20190009186","16/5/19",08:15:00,"Struck Pedestrian","Thursday","Day",1,2,"Not at intersection",2,40,"SOUTHERN GRAMPIANS","SOUTH WESTERN REGION",-37.7659347,142.0943969,"Dry","Clear"
"T20190009188","15/5/19",19:16:00,"Collision with vehicle","Wednesday","Dark Street lights on",3,4,"Cross intersection",3,60,"BALLARAT","WESTERN REGION",-37.56144976,143.8548431,"Dry","Clear"
"T20190009189","8/5/19",19:00:00,"No collision and no object struck","Wednesday","Dark Street lights on",1,1,"T intersection",3,40,"YARRA","METROPOLITAN NORTH WEST REGION",-37.82509741,144.9927268,"Unknown","Clear"
"T20190009190","15/5/19",18:55:00,"Collision with vehicle","Wednesday","Dark Street lights on",2,2,"Not at intersection",3,60,"MELBOURNE","METROPOLITAN NORTH WEST REGION",-37.82737077,144.9226027,"Dry","Clear"
"T20190009191","8/5/19",14:00:00,"Collision with vehicle","Wednesday","Day",2,3,"Not at intersection",3,60,"HUME","METROPOLITAN NORTH WEST REGION",-37.59790236,144.9302559,"Dry","Not known"
"T20190009192","16/5/19",13:45:00,"Collision with a fixed object","Thursday","Day",1,1,"Not at intersection",2,80,"YARRA RANGES","METROPOLITAN SOUTH EAST REGION",-37.69129663,145.5471642,"Dry","Clear"
"T20190009195","15/5/19",15:30:00,"Struck Pedestrian","Wednesday","Day",1,2,"Cross intersection",3,40,"HOBSONS BAY","METROPOLITAN NORTH WEST REGION",-37.86303679,144.9017058,"Dry","Clear"
"T20190009196","16/5/19",14:10:00,"Collision with a fixed object","Thursday","Day",1,2,"Not at intersection",2,50,"BAYSIDE","METROPOLITAN SOUTH EAST REGION",-37.93731513,145.009553,"Dry","Clear"
"T20190009197","30/1/19",19:30:00,"Collision with a fixed object","Wednesday","Dusk/Dawn",1,1,"T intersection",3,60,"BAYSIDE","METROPOLITAN SOUTH EAST REGION",-37.92550632,145.0268386,"Wet","Raining"
"T20190009198","16/5/19",12:40:00,"Collision with vehicle","Thursday","Day",2,2,"Not at intersection",2,70,"WHITTLESEA","METROPOLITAN NORTH WEST REGION",-37.69307662,144.9937532,"Dry","Clear"
"T20190009199","15/5/19",18:15:00,"Collision with vehicle","Wednesday","Dark Street lights on",2,2,"T intersection",2,60,"BAYSIDE","METROPOLITAN SOUTH EAST REGION",-37.96424975,145.0371617,"Dry","Clear"
"T20190009201","16/5/19",14:00:00,"Collision with a fixed object","Thursday","Day",1,2,"T intersection",2,60,"WARRNAMBOOL","SOUTH WESTERN REGION",-38.41479835,142.5901492,"Dry","Clear"
"T20190009202","16/5/19",14:40:00,"Collision with vehicle","Thursday","Day",2,2,"Not at intersection",2,80,"FRANKSTON","METROPOLITAN SOUTH EAST REGION",-38.14286161,145.2090056,"Dry","Clear"
"T20190009203","16/5/19",15:51:00,"Collision with vehicle","Thursday","Day",2,2,"Cross intersection",3,60,"CARDINIA","METROPOLITAN SOUTH EAST REGION",-38.06885635,145.4711381,"Dry","Clear"
"T20190009204","16/5/19",14:12:00,"Collision with vehicle","Thursday","Day",2,2,"T intersection",2,60,"KINGSTON","METROPOLITAN SOUTH EAST REGION",-37.98397859,145.1331972,"Dry","Clear"
"T20190009205","16/5/19",15:30:00,"Collision with vehicle","Thursday","Day",2,3,"Cross intersection",2,60,"KINGSTON","METROPOLITAN SOUTH EAST REGION",-37.97580496,145.1225547,"Dry","Clear"
"T20190009206","9/5/19",17:58:00,"Collision with vehicle","Thursday","Dark Street lights on",3,4,"Not at intersection",3,100,"BOROONDARA","METROPOLITAN SOUTH EAST REGION",-37.78696402,145.0569259,"Dry","Clear"
"T20190009207","16/5/19",14:40:00,"Collision with vehicle","Thursday","Day",2,2,"Not at intersection",2,60,"BRIMBANK","METROPOLITAN NORTH WEST REGION",-37.7812332,144.7731027,"Dry","Clear"
"T20190009212","16/5/19",16:00:00,"Collision with vehicle","Thursday","Day",2,3,"Not at intersection",3,60,"FRANKSTON","METROPOLITAN SOUTH EAST REGION",-38.17312084,145.148493,"Dry","Not known"
"T20190009214","16/5/19",18:15:00,"Collision with vehicle","Thursday","Dark Street lights on",2,3,"Not at intersection",2,80,"MONASH","METROPOLITAN SOUTH EAST REGION",-37.92031677,145.1582917,"Dry","Clear"
"T20190009215","16/5/19",16:12:00,"Collision with vehicle","Thursday","Day",2,8,"Not at intersection",3,60,"HUME","METROPOLITAN NORTH WEST REGION",-37.60402834,144.9465013,"Dry","Clear"
"T20190009222","16/5/19",16:50:00,"Collision with vehicle","Thursday","Day",3,4,"Not at intersection",3,80,"MONASH","METROPOLITAN SOUTH EAST REGION",-37.88964776,145.0821447,"Dry","Clear"
"T20190009223","16/5/19",14:30:00,"Collision with vehicle","Thursday","Day",3,1,"Not at intersection",3,60,"MARIBYRNONG","METROPOLITAN NORTH WEST REGION",-37.78175677,144.884331,"Dry","Clear"
"T20190009224","16/5/19",18:22:00,"Collision with a fixed object","Thursday","Dark No street lights",1,1,"Not at intersection",3,100,"WYNDHAM","METROPOLITAN NORTH WEST REGION",-37.92091731,144.5075962,"Dry","Clear"
"T20190009226","16/5/19",20:20:00,"Collision with vehicle","Thursday","Dark Street lights on",2,1,"Not at intersection",2,50,"DANDENONG","METROPOLITAN SOUTH EAST REGION",-37.95198356,145.2224739,"Dry","Clear"
"T20190009227","16/5/19",22:15:00,"Collision with a fixed object","Thursday","Dark No street lights",1,2,"T intersection",2,80,"BALLARAT","WESTERN REGION",-37.37355447,143.8550561,"Dry","Fog"
"T20190009229","16/5/19",22:03:00,"Collision with vehicle","Thursday","Dark Street lights on",2,2,"Cross intersection",2,60,"STONNINGTON","METROPOLITAN SOUTH EAST REGION",-37.85204202,144.9839647,"Dry","Clear"
"T20190009230","16/5/19",18:15:00,"Collision with vehicle","Thursday","Dark Street lights on",3,3,"Not at intersection",3,50,"MELBOURNE","METROPOLITAN NORTH WEST REGION",-37.80916022,144.9526611,"Dry","Clear"
"T20190009232","17/5/19",04:30:00,"No collision and no object struck","Friday","Dark No street lights",1,1,"T intersection",2,100,"WELLINGTON","EASTERN REGION",-38.06921954,147.0835468,"Wet","Fog"
"T20190009234","17/5/19",06:10:00,"No collision and no object struck","Friday","Dark No street lights",1,1,"T intersection",2,100,"WANGARATTA","NORTH EASTERN REGION",-36.50425123,146.2807472,"Wet","Fog"
"T20190009235","16/5/19",13:50:00,"Collision with vehicle","Thursday","Day",2,3,"T intersection",3,60,"DAREBIN","METROPOLITAN NORTH WEST REGION",-37.73958343,145.0109217,"Dry","Clear"
"T20190009236","16/1/19",10:30:00,"Collision with vehicle","Wednesday","Day",2,2,"Not at intersection",3,60,"MURRINDINDI","METROPOLITAN NORTH WEST REGION",-37.54018012,145.3383399,"Dry","Clear"
"T20190009239","17/5/19",06:55:00,"Collision with vehicle","Friday","Day",2,2,"Not at intersection",2,60,"MURRINDINDI","NORTH EASTERN REGION",-37.23617466,145.2230845,"Wet","Fog"
"T20190009240","17/5/19",08:50:00,"Collision with vehicle","Friday","Day",2,3,"Not at intersection",3,60,"KINGSTON","METROPOLITAN SOUTH EAST REGION",-38.07151678,145.1357692,"Dry","Clear"
"T20190009242","17/5/19",08:14:00,"Collision with vehicle","Friday","Day",3,4,"T intersection",3,80,"COLAC OTWAY","SOUTH WESTERN REGION",-38.33480607,143.5348148,"Wet","Fog"
"T20190009244","17/5/19",06:59:00,"Struck Pedestrian","Friday","Dusk/Dawn",1,2,"Multiple intersection",3,40,"BENDIGO","NORTHERN REGION",-36.7601602,144.2819724,"Dry","Clear"
"T20190009246","10/5/19",19:35:00,"Collision with vehicle","Friday","Dark Street lights off",2,2,"Not at intersection",3,50,"MORELAND","METROPOLITAN NORTH WEST REGION",-37.74766904,144.9552671,"Wet","Not known"
"T20190009247","17/5/19",10:43:00,"Struck Pedestrian","Friday","Day",1,2,"T intersection",3,60,"MARIBYRNONG","METROPOLITAN NORTH WEST REGION",-37.789893,144.8638344,"Dry","Clear"
"T20190009248","17/5/19",08:35:00,"Collision with vehicle","Friday","Day",3,4,"Multiple intersection",2,100,"HOBSONS BAY","METROPOLITAN NORTH WEST REGION",-37.86381644,144.7766511,"Dry","Clear"
"T20190009249","17/5/19",12:20:00,"Collision with vehicle","Friday","Day",2,3,"T intersection",3,60,"WYNDHAM","METROPOLITAN NORTH WEST REGION",-37.8969558,144.7578221,"Dry","Clear"
"T20190009251","17/5/19",10:15:00,"Collision with vehicle","Friday","Day",2,2,"Not at intersection",2,80,"MOONEE VALLEY","METROPOLITAN NORTH WEST REGION",-37.72023622,144.8920746,"Dry","Clear"
"T20190009253","17/5/19",09:30:00,"Collision with vehicle","Friday","Day",3,3,"Not at intersection",3,60,"MORELAND","METROPOLITAN NORTH WEST REGION",-37.71863888,144.957154,"Dry","Clear"
"T20190009255","17/5/19",08:25:00,"Collision with vehicle","Friday","Day",2,2,"Not at intersection",2,80,"CASEY","METROPOLITAN SOUTH EAST REGION",-38.00857305,145.2783488,"Dry","Clear"
"T20190009256","17/5/19",13:00:00,"Collision with vehicle","Friday","Day",2,2,"T intersection",2,60,"BOROONDARA","METROPOLITAN SOUTH EAST REGION",-37.81720576,145.0272023,"Dry","Clear"
"T20190009259","17/5/19",11:50:00,"Collision with vehicle","Friday","Day",2,3,"T intersection",3,40,"HUME","METROPOLITAN NORTH WEST REGION",-37.58020404,144.7237207,"Dry","Clear"
"T20190009263","16/5/19",18:00:00,"Collision with vehicle","Thursday","Dark No street lights",3,3,"Not at intersection",2,70,"MANNINGHAM","METROPOLITAN SOUTH EAST REGION",-37.77119079,145.2195401,"Dry","Clear"