"ACCIDENT_NO","ACCIDENTDATE","ACCIDENTTIME","Accident Type Desc","Day Week Description","Light Condition Desc","NO_OF_VEHICLES","NO_PERSONS","Road Geometry Desc","SEVERITY","SPEED_ZONE","LGA_NAME","REGION_NAME","Lat","Long","Surface Cond Desc","Atmosph Cond Desc"
"T20190009267","16/5/19",15:40:00,"Collision with vehicle","Thursday","Day",2,4,"T intersection",3,50,"MONASH","METROPOLITAN SOUTH EAST REGION",-37.89094627,145.1824715,"Dry","Clear"
"T20190009269","16/5/19",17:00:00,"Collision with vehicle","Thursday","Day",2,2,"Dead end",3,50,"BANYULE","METROPOLITAN NORTH WEST REGION",-37.7310836,145.135062,"Dry","Clear"
"T20190009270","17/5/19",12:40:00,"Collision with vehicle","Friday","Day",2,6,"Not at intersection",2,60,"YARRA RANGES","METROPOLITAN SOUTH EAST REGION",-37.64858571,145.4644218,"Dry","Clear"
"T20190009271","17/5/19",16:05:00,"Collision with vehicle","Friday","Day",2,4,"T intersection",3,80,"GLEN EIRA","METROPOLITAN SOUTH EAST REGION",-37.92474031,145.0265471,"Dry","Clear"
"T20190009277","17/5/19",14:01:00,"Collision with vehicle","Friday","Day",2,3,"Cross intersection",2,60,"BRIMBANK","METROPOLITAN NORTH WEST REGION",-37.76978279,144.7713334,"Dry","Clear"
"T20190009281","17/5/19",16:20:00,"Collision with vehicle","Friday","Day",2,2,"Cross intersection",2,50,"COLAC OTWAY","SOUTH WESTERN REGION",-38.3454785,143.5918794,"Dry","Clear"
"T20190009285","15/5/19",19:30:00,"Collision with vehicle","Wednesday","Day",2,3,"Not at intersection",2,40,"MELBOURNE","METROPOLITAN NORTH WEST REGION",-37.81379725,144.9570256,"Unknown","Clear"
"T20190009287","17/5/19",15:17:00,"Struck Pedestrian","Friday","Day",1,2,"Not at intersection",3,40,"WYNDHAM","METROPOLITAN NORTH WEST REGION",-37.84147252,144.7189138,"Dry","Clear"
"T20190009288","17/5/19",21:13:00,"Collision with vehicle","Friday","Dark Street lights on",2,2,"Not at intersection",2,60,"BOROONDARA","METROPOLITAN SOUTH EAST REGION",-37.82228102,145.0325442,"Dry","Clear"
"T20190009289","17/5/19",15:00:00,"Collision with vehicle","Friday","Day",2,2,"T intersection",2,40,"MELTON","METROPOLITAN NORTH WEST REGION",-37.70924295,144.5738801,"Dry","Clear"
"T20190009290","17/5/19",15:10:00,"Collision with vehicle","Friday","Day",2,5,"Not at intersection",1,100,"CORANGAMITE","SOUTH WESTERN REGION",-38.02692558,143.6103865,"Dry","Clear"
"T20190009292","17/5/19",21:00:00,"Collision with vehicle","Friday","Dark Street lights on",2,2,"Not at intersection",3,60,"MELTON","METROPOLITAN NORTH WEST REGION",-37.68665904,144.567729,"Dry","Clear"
"T20190009294","17/5/19",22:52:00,"Struck animal","Friday","Dark Street lights on",2,2,"T intersection",3,60,"NILLUMBIK","METROPOLITAN NORTH WEST REGION",-37.64747733,145.1899139,"Dry","Clear"
"T20190009295","17/5/19",18:15:00,"Struck Pedestrian","Friday","Dark Street lights on",1,4,"T intersection",2,50,"WHITEHORSE","METROPOLITAN SOUTH EAST REGION",-37.81621618,145.1763561,"Dry","Clear"
"T20190009299","18/5/19",02:25:00,"Struck Pedestrian","Saturday","Dark Street lights on",1,2,"Not at intersection",3,40,"MELBOURNE","METROPOLITAN NORTH WEST REGION",-37.81162012,144.9619553,"Dry","Clear"
"T20190009300","18/5/19",02:05:00,"Collision with vehicle","Saturday","Dark Street lights off",2,3,"T intersection",3,80,"FRANKSTON","METROPOLITAN SOUTH EAST REGION",-38.15091243,145.151225,"Dry","Clear"
"T20190009302","17/5/19",23:50:00,"Collision with a fixed object","Friday","Unknown",1,2,"Not at intersection",3,777,"STRATHBOGIE","NORTH EASTERN REGION",-36.78806199,145.1524427,"Unknown","Not known"
"T20190009304","18/5/19",02:20:00,"Collision with vehicle","Saturday","Dark Street lights on",2,2,"Not at intersection",2,60,"MONASH","METROPOLITAN SOUTH EAST REGION",-37.91702221,145.1212912,"Dry","Clear"
"T20190009305","18/5/19",02:00:00,"Collision with vehicle","Saturday","Dark Street lights on",2,3,"Not at intersection",3,100,"BRIMBANK","METROPOLITAN NORTH WEST REGION",-37.79757879,144.759305,"Dry","Clear"
"T20190009306","18/5/19",05:20:00,"Collision with a fixed object","Saturday","Dark No street lights",1,1,"Not at intersection",2,110,"MOORABOOL","WESTERN REGION",-37.64700028,144.3669885,"Dry","Clear"
"T20190009308","18/5/19",07:50:00,"Collision with vehicle","Saturday","Day",2,1,"Not at intersection",2,40,"BAYSIDE","METROPOLITAN SOUTH EAST REGION",-37.91523486,144.9958663,"Dry","Clear"
"T20190009310","18/5/19",09:05:00,"Collision with vehicle","Saturday","Day",2,2,"Not at intersection",3,60,"NILLUMBIK","METROPOLITAN NORTH WEST REGION",-37.6906002,145.2157475,"Dry","Clear"
"T20190009312","17/5/19",22:00:00,"Struck Pedestrian","Friday","Dark No street lights",1,6,"Not at intersection",3,100,"GLENELG","SOUTH WESTERN REGION",-38.30403031,141.5985358,"Dry","Fog"
"T20190009313","2/5/19",15:30:00,"Collision with vehicle","Thursday","Unknown",2,2,"Not at intersection",3,50,"HUME","METROPOLITAN NORTH WEST REGION",-37.67326273,144.8519613,"Dry","Not known"
"T20190009314","18/5/19",09:32:00,"Struck Pedestrian","Saturday","Day",1,2,"Cross intersection",2,40,"MELBOURNE","METROPOLITAN NORTH WEST REGION",-37.78815849,144.9294826,"Dry","Clear"
"T20190009315","18/5/19",08:48:00,"Collision with vehicle","Saturday","Day",2,3,"Not at intersection",2,50,"DAREBIN","METROPOLITAN NORTH WEST REGION",-37.70194683,145.0279889,"Dry","Clear"
"T20190009316","18/5/19",11:58:00,"Collision with vehicle","Saturday","Day",2,6,"T intersection",3,60,"LATROBE","EASTERN REGION",-38.19515485,146.5413854,"Dry","Clear"
"T20190009319","18/5/19",11:30:00,"Collision with vehicle","Saturday","Day",2,2,"Not at intersection",3,60,"KINGSTON","METROPOLITAN SOUTH EAST REGION",-37.95448174,145.1140464,"Dry","Clear"
"T20190009320","18/5/19",12:50:00,"Struck Pedestrian","Saturday","Day",1,2,"Not at intersection",3,50,"MAROONDAH","METROPOLITAN SOUTH EAST REGION",-37.79719276,145.2923436,"Dry","Clear"
"T20190009321","17/5/19",18:00:00,"Collision with vehicle","Friday","Unknown",2,3,"Not at intersection",3,40,"YARRA","METROPOLITAN NORTH WEST REGION",-37.79581921,144.978892,"Dry","Not known"
"T20190009322","18/5/19",14:01:00,"Collision with vehicle","Saturday","Day",2,2,"Not at intersection",2,50,"DAREBIN","METROPOLITAN NORTH WEST REGION",-37.75153185,145.0022124,"Dry","Clear"
"T20190009323","18/5/19",13:05:00,"Collision with vehicle","Saturday","Day",2,2,"Cross intersection",2,100,"SHEPPARTON","NORTH EASTERN REGION",-36.39671568,145.46193,"Dry","Clear"
"T20190009326","18/5/19",14:04:00,"Collision with vehicle","Saturday","Day",2,3,"Cross intersection",3,50,"COLAC OTWAY","SOUTH WESTERN REGION",-38.33947776,143.5923676,"Dry","Clear"
"T20190009328","17/5/19",17:10:00,"Collision with vehicle","Friday","Day",2,2,"Cross intersection",2,60,"MACEDON RANGES","NORTHERN REGION",-37.25633507,144.4687711,"Dry","Clear"
"T20190009329","18/5/19",13:55:00,"Collision with vehicle","Saturday","Day",2,4,"Cross intersection",3,70,"GEELONG","SOUTH WESTERN REGION",-38.21960827,144.337915,"Dry","Clear"
"T20190009331","17/5/19",08:43:00,"Collision with vehicle","Friday","Day",2,1,"Not at intersection",3,50,"SOUTHERN GRAMPIANS","SOUTH WESTERN REGION",-37.7447539,142.0167567,"Dry","Clear"
"T20190009336","18/5/19",08:45:00,"Collision with vehicle","Saturday","Day",2,2,"T intersection",3,50,"YARRA","METROPOLITAN NORTH WEST REGION",-37.82905298,144.9973259,"Dry","Clear"
"T20190009338","17/5/19",16:13:00,"Collision with vehicle","Friday","Day",4,3,"Cross intersection",3,80,"GLEN EIRA","METROPOLITAN SOUTH EAST REGION",-37.90179953,145.0234619,"Dry","Clear"
"T20190009339","18/5/19",14:51:00,"Collision with vehicle","Saturday","Day",3,4,"T intersection",2,80,"FRANKSTON","METROPOLITAN SOUTH EAST REGION",-38.10538053,145.1678759,"Dry","Clear"
"T20190009340","18/5/19",16:00:00,"No collision and no object struck","Saturday","Day",1,1,"Not at intersection",2,80,"CARDINIA","METROPOLITAN SOUTH EAST REGION",-37.91614561,145.5006632,"Dry","Clear"
"T20190009341","15/5/19",20:17:00,"Collision with vehicle","Wednesday","Dark Street lights on",2,2,"Cross intersection",3,60,"PORT PHILLIP","METROPOLITAN SOUTH EAST REGION",-37.86759614,145.009166,"Dry","Clear"
"T20190009342","18/5/19",15:50:00,"Collision with vehicle","Saturday","Day",4,4,"Not at intersection",3,60,"DAREBIN","METROPOLITAN NORTH WEST REGION",-37.7457959,145.0220436,"Dry","Clear"
"T20190009343","17/5/19",14:50:00,"Vehicle overturned (no collision)","Friday","Day",1,1,"Not at intersection",3,60,"MOYNE","SOUTH WESTERN REGION",-37.87065846,142.8305445,"Dry","Clear"
"T20190009347","18/5/19",16:45:00,"Collision with vehicle","Saturday","Day",2,2,"Not at intersection",2,60,"MAROONDAH","METROPOLITAN SOUTH EAST REGION",-37.83036916,145.3026264,"Dry","Clear"
"T20190009349","18/5/19",14:47:00,"Collision with vehicle","Saturday","Day",2,3,"T intersection",3,60,"DANDENONG","METROPOLITAN SOUTH EAST REGION",-37.97618624,145.1662143,"Dry","Clear"
"T20190009350","18/5/19",15:15:00,"Collision with a fixed object","Saturday","Day",1,1,"T intersection",2,60,"YARRA RANGES","METROPOLITAN SOUTH EAST REGION",-37.73320732,145.2831555,"Dry","Clear"
"T20190009351","18/5/19",15:45:00,"Vehicle overturned (no collision)","Saturday","Day",2,4,"Not at intersection",1,60,"YARRA RANGES","METROPOLITAN SOUTH EAST REGION",-37.64694554,145.5099414,"Dry","Clear"
"T20190009352","18/5/19",17:55:00,"Collision with vehicle","Saturday","Dark Street lights on",2,2,"Not at intersection",3,60,"PORT PHILLIP","METROPOLITAN NORTH WEST REGION",-37.87541326,144.9915882,"Dry","Clear"
"T20190009353","18/5/19",15:45:00,"Collision with vehicle","Saturday","Day",2,4,"Cross intersection",2,50,"MARIBYRNONG","METROPOLITAN NORTH WEST REGION",-37.78529401,144.8611905,"Dry","Clear"
"T20190009354","18/5/19",17:00:00,"Collision with vehicle","Saturday","Day",2,8,"Multiple intersection",3,70,"WHITTLESEA","METROPOLITAN NORTH WEST REGION",-37.68628216,145.0023367,"Dry","Clear"
"T20190009355","18/5/19",17:51:00,"Collision with vehicle","Saturday","Dark Street lights on",2,2,"T intersection",3,60,"HUME","METROPOLITAN NORTH WEST REGION",-37.63586338,144.889004,"Dry","Clear"
"T20190009356","18/5/19",21:16:00,"Collision with vehicle","Saturday","Dark Street lights on",2,2,"T intersection",2,60,"MANNINGHAM","METROPOLITAN SOUTH EAST REGION",-37.76945877,145.23038,"Dry","Clear"
"T20190009358","18/5/19",22:00:00,"Collision with vehicle","Saturday","Dark Street lights on",2,2,"Cross intersection",3,80,"CASEY","METROPOLITAN SOUTH EAST REGION",-38.05992905,145.3384486,"Dry","Clear"
"T20190009363","18/5/19",21:10:00,"Collision with a fixed object","Saturday","Dark Street lights on",1,2,"T intersection",3,50,"BAYSIDE","METROPOLITAN SOUTH EAST REGION",-37.93833401,145.0023509,"Dry","Clear"
"T20190009365","7/5/19",18:25:00,"Collision with vehicle","Tuesday","Dark Street lights on",3,3,"T intersection",3,60,"MAROONDAH","METROPOLITAN SOUTH EAST REGION",-37.81352684,145.2693971,"Dry","Clear"
"T20190009366","17/5/19",23:30:00,"Collision with vehicle","Friday","Dark Street lights on",2,3,"Not at intersection",3,40,"MELBOURNE","METROPOLITAN NORTH WEST REGION",-37.81232766,144.9620989,"Dry","Clear"
"T20190009368","18/5/19",23:30:00,"Collision with vehicle","Saturday","Dark Street lights on",2,2,"Cross intersection",3,60,"BRIMBANK","METROPOLITAN NORTH WEST REGION",-37.74423307,144.7999425,"Dry","Clear"
"T20190009376","4/5/19",15:45:00,"No collision and no object struck","Saturday","Day",1,1,"Not at intersection",3,80,"ALPINE","NORTH EASTERN REGION",-36.66954996,146.9972502,"Dry","Raining"
"T20190009379","19/5/19",02:30:00,"Collision with a fixed object","Sunday","Dark No street lights",1,2,"Not at intersection",1,100,"MILDURA","WESTERN REGION",-34.56212763,142.406397,"Dry","Not known"
"T20190009381","19/5/19",11:40:00,"Collision with vehicle","Sunday","Day",3,4,"Cross intersection",3,60,"WHITTLESEA","METROPOLITAN NORTH WEST REGION",-37.69783534,145.058832,"Dry","Clear"
"T20190009382","19/5/19",11:00:00,"Collision with vehicle","Sunday","Day",2,2,"Not at intersection",3,60,"MOONEE VALLEY","METROPOLITAN NORTH WEST REGION",-37.74153804,144.9027913,"Dry","Clear"
"T20190009383","19/5/19",10:30:00,"Collision with vehicle","Sunday","Day",2,2,"T intersection",2,50,"KNOX","METROPOLITAN SOUTH EAST REGION",-37.87657119,145.2928973,"Dry","Clear"
"T20190009386","19/5/19",10:27:00,"Collision with vehicle","Sunday","Day",3,5,"Not at intersection",3,60,"MELBOURNE","METROPOLITAN NORTH WEST REGION",-37.78508411,144.9595376,"Dry","Clear"
"T20190009387","19/5/19",12:33:00,"Collision with vehicle","Sunday","Day",3,6,"Not at intersection",2,60,"YARRA RANGES","METROPOLITAN SOUTH EAST REGION",-37.74461742,145.327813,"Dry","Clear"
"T20190009389","18/5/19",20:15:00,"Collision with vehicle","Saturday","Dark Street lights on",2,8,"Cross intersection",2,100,"SURF COAST","SOUTH WESTERN REGION",-38.28844215,144.3435562,"Dry","Clear"
"T20190009391","19/5/19",12:26:00,"Collision with vehicle","Sunday","Day",2,3,"T intersection",2,80,"BRIMBANK","METROPOLITAN NORTH WEST REGION",-37.77557504,144.8154117,"Dry","Clear"
"T20190009392","19/5/19",12:45:00,"Collision with vehicle","Sunday","Day",2,2,"Unknown",3,60,"KINGSTON","METROPOLITAN SOUTH EAST REGION",-38.0475894,145.1136976,"Dry","Clear"
"T20190009394","19/5/19",12:30:00,"Collision with vehicle","Sunday","Day",2,2,"T intersection",3,60,"YARRA","METROPOLITAN NORTH WEST REGION",-37.79808562,144.976117,"Dry","Clear"
"T20190009395","19/5/19",13:07:00,"Struck Pedestrian","Sunday","Day",1,2,"Not at intersection",3,40,"DAREBIN","METROPOLITAN NORTH WEST REGION",-37.7507608,145.0057065,"Dry","Clear"
"T20190009397","19/5/19",14:15:00,"Collision with vehicle","Sunday","Day",2,6,"Cross intersection",3,60,"BANYULE","METROPOLITAN NORTH WEST REGION",-37.74032846,145.0590661,"Dry","Clear"
"T20190009398","19/5/19",14:20:00,"Collision with vehicle","Sunday","Day",2,3,"Cross intersection",2,60,"MONASH","METROPOLITAN SOUTH EAST REGION",-37.89353767,145.1303198,"Dry","Clear"
"T20190009399","19/5/19",14:50:00,"Collision with vehicle","Sunday","Day",2,2,"Cross intersection",3,60,"CASEY","METROPOLITAN SOUTH EAST REGION",-37.98217365,145.3150589,"Dry","Clear"
"T20190009402","12/5/19",09:45:00,"Collision with vehicle","Sunday","Day",2,2,"Not at intersection",3,60,"FRANKSTON","METROPOLITAN SOUTH EAST REGION",-38.11702184,145.1928266,"Dry","Clear"
"T20190009403","19/5/19",16:35:00,"Struck Pedestrian","Sunday","Dusk/Dawn",1,2,"Cross intersection",2,60,"MELTON","METROPOLITAN NORTH WEST REGION",-37.73373944,144.7410462,"Dry","Clear"
"T20190009409","19/5/19",15:32:00,"collision with some other object","Sunday","Day",1,1,"Not at intersection",2,100,"LATROBE","EASTERN REGION",-38.35492217,146.3185203,"Dry","Clear"
"T20190009410","19/5/19",16:40:00,"Collision with a fixed object","Sunday","Day",1,5,"Not at intersection",2,100,"CASEY","METROPOLITAN SOUTH EAST REGION",-38.02045486,145.2483661,"Dry","Clear"
"T20190009411","19/5/19",14:10:00,"Collision with a fixed object","Sunday","Day",1,1,"Not at intersection",3,60,"GEELONG","SOUTH WESTERN REGION",-38.18883855,144.3567801,"Dry","Clear"
"T20190009412","19/5/19",17:05:00,"Collision with vehicle","Sunday","Dusk/Dawn",2,2,"Not at intersection",3,100,"CARDINIA","METROPOLITAN SOUTH EAST REGION",-38.07331104,145.6670037,"Dry","Clear"
"T20190009413","19/5/19",16:05:00,"Vehicle overturned (no collision)","Sunday","Day",1,1,"Not at intersection",1,100,"WEST WIMMERA","WESTERN REGION",-36.68908674,141.6375237,"Dry","Clear"
"T20190009416","19/5/19",15:30:00,"Collision with vehicle","Sunday","Day",2,2,"Not at intersection",3,40,"EAST GIPPSLAND","EASTERN REGION",-37.82495568,147.6296899,"Dry","Clear"
"T20190009420","19/5/19",17:50:00,"No collision and no object struck","Sunday","Dusk/Dawn",1,1,"Not at intersection",2,50,"YARRA RANGES","METROPOLITAN SOUTH EAST REGION",-37.75637233,145.3309838,"Dry","Clear"
"T20190009421","19/5/19",16:54:00,"Collision with a fixed object","Sunday","Day",1,1,"Not at intersection",2,100,"CASEY","METROPOLITAN SOUTH EAST REGION",-37.99923312,145.2849843,"Dry","Clear"
"T20190009424","19/5/19",19:22:00,"Collision with vehicle","Sunday","Dark Street lights on",2,1,"Not at intersection",2,50,"KNOX","METROPOLITAN SOUTH EAST REGION",-37.89737252,145.3104677,"Dry","Clear"
"T20190009425","18/5/19",19:45:00,"Struck Pedestrian","Saturday","Dark Street lights unknown",1,2,"Not at intersection",3,50,"PORT PHILLIP","METROPOLITAN NORTH WEST REGION",-37.83497212,144.9702636,"Unknown","Not known"
"T20190009427","20/5/19",00:30:00,"Collision with a fixed object","Monday","Dark No street lights",1,1,"Not at intersection",2,100,"WELLINGTON","EASTERN REGION",-38.16514745,147.0996284,"Dry","Fog"
"T20190009430","1/5/19",15:00:00,"Collision with vehicle","Wednesday","Day",3,3,"Not at intersection",3,70,"WYNDHAM","METROPOLITAN NORTH WEST REGION",-37.82897783,144.6919924,"Dry","Clear"
"T20190009431","20/5/19",06:00:00,"Collision with vehicle","Monday","Dark No street lights",2,1,"Not at intersection",3,110,"LATROBE","EASTERN REGION",-38.22170007,146.3347726,"Wet","Fog"
"T20190009432","20/5/19",05:58:00,"Collision with vehicle","Monday","Dark Street lights on",4,4,"Not at intersection",2,80,"MONASH","METROPOLITAN SOUTH EAST REGION",-37.92154211,145.1817526,"Wet","Raining"
"T20190009438","20/5/19",08:30:00,"No collision and no object struck","Monday","Day",2,2,"T intersection",3,50,"MORELAND","METROPOLITAN NORTH WEST REGION",-37.76879454,144.9613099,"Wet","Clear"
"T20190009439","18/5/19",19:20:00,"Collision with vehicle","Saturday","Dark Street lights on",2,2,"Not at intersection",3,60,"MAROONDAH","METROPOLITAN SOUTH EAST REGION",-37.76843276,145.2889026,"Dry","Clear"
"T20190009440","20/5/19",08:05:00,"Collision with vehicle","Monday","Day",2,2,"Not at intersection",2,60,"YARRA","METROPOLITAN NORTH WEST REGION",-37.79102667,144.98515,"Wet","Clear"
"T20190009441","17/5/19",11:00:00,"Struck animal","Friday","Day",1,1,"Not at intersection",2,80,"HUME","METROPOLITAN NORTH WEST REGION",-37.64509672,144.9630684,"Dry","Clear"
"T20190009445","20/5/19",07:00:00,"Struck Pedestrian","Monday","Dusk/Dawn",1,2,"Cross intersection",2,40,"YARRA","METROPOLITAN NORTH WEST REGION",-37.77999166,144.9866833,"Wet","Raining"
"T20190009446","20/5/19",08:45:00,"Collision with vehicle","Monday","Day",2,2,"T intersection",3,60,"WHITEHORSE","METROPOLITAN SOUTH EAST REGION",-37.85752572,145.1511026,"Wet","Clear"
"T20190009448","20/5/19",08:45:00,"Collision with vehicle","Monday","Day",2,3,"T intersection",3,60,"KINGSTON","METROPOLITAN SOUTH EAST REGION",-37.98478501,145.0942637,"Wet","Raining"
"T20190009450","17/5/19",18:11:00,"Collision with vehicle","Friday","Dark Street lights on",3,3,"Not at intersection",2,80,"BRIMBANK","METROPOLITAN NORTH WEST REGION",-37.72739522,144.8622398,"Dry","Clear"
"T20190009451","20/5/19",08:50:00,"Collision with vehicle","Monday","Day",2,3,"Cross intersection",2,60,"HUME","METROPOLITAN NORTH WEST REGION",-37.61643337,144.9134234,"Dry","Clear"
"T20190009452","19/5/19",08:34:00,"Collision with vehicle","Sunday","Day",2,2,"Cross intersection",3,60,"BRIMBANK","METROPOLITAN NORTH WEST REGION",-37.69691666,144.7658687,"Dry","Clear"
"T20190009453","20/5/19",11:00:00,"Collision with vehicle","Monday","Day",2,2,"T intersection",3,999,"GLEN EIRA","METROPOLITAN SOUTH EAST REGION",-37.9042028,145.0424863,"Wet","Clear"
"T20190009454","20/5/19",11:08:00,"Collision with vehicle","Monday","Day",3,3,"Cross intersection",2,100,"SURF COAST","SOUTH WESTERN REGION",-38.28839116,144.0596645,"Dry","Clear"
"T20190009454","20/5/19",11:08:00,"Collision with vehicle","Monday","Day",3,3,"Cross intersection",2,100,"SURF COAST","SOUTH WESTERN REGION",-38.28839116,144.0596645,"Wet","Clear"
"T20190009461","15/5/19",19:10:00,"Collision with vehicle","Wednesday","Unknown",2,2,"Not at intersection",3,999,"MELBOURNE","METROPOLITAN NORTH WEST REGION",-37.80899209,144.953221,"Dry","Not known"
"T20190009462","20/5/19",14:37:00,"Collision with vehicle","Monday","Day",2,5,"Not at intersection",2,60,"BRIMBANK","METROPOLITAN NORTH WEST REGION",-37.77677326,144.827802,"Dry","Clear"
"T20190009464","20/5/19",14:27:00,"Collision with a fixed object","Monday","Day",1,2,"Not at intersection",1,60,"EAST GIPPSLAND","EASTERN REGION",-37.90030332,147.696994,"Dry","Clear"
"T20190009466","20/5/19",13:48:00,"Collision with vehicle","Monday","Day",2,2,"Not at intersection",3,80,"YARRA RANGES","METROPOLITAN SOUTH EAST REGION",-37.78276352,145.4106337,"Wet","Raining"
"T20190009470","20/5/19",18:10:00,"Collision with vehicle","Monday","Dark Street lights on",2,2,"Not at intersection",3,40,"MELBOURNE","METROPOLITAN NORTH WEST REGION",-37.81810176,144.9621163,"Dry","Clear"
"T20190009471","20/5/19",17:44:00,"Struck Pedestrian","Monday","Dusk/Dawn",1,2,"T intersection",2,60,"MORNINGTON PENINSULA","METROPOLITAN SOUTH EAST REGION",-38.24321184,145.0460113,"Dry","Clear"
"T20190009472","15/5/19",06:30:00,"Vehicle overturned (no collision)","Wednesday","Dusk/Dawn",1,1,"Not at intersection",3,50,"STONNINGTON","METROPOLITAN SOUTH EAST REGION",-37.84434683,144.9904851,"Wet","Not known"
"T20190009472","15/5/19",06:30:00,"Vehicle overturned (no collision)","Wednesday","Dusk/Dawn",1,1,"Not at intersection",3,50,"STONNINGTON","METROPOLITAN SOUTH EAST REGION",-37.84434683,144.9904851,"Muddy","Not known"
"T20190009473","20/5/19",17:21:00,"Collision with vehicle","Monday","Dusk/Dawn",4,4,"Not at intersection",3,70,"GEELONG","SOUTH WESTERN REGION",-38.14182235,144.2989485,"Dry","Clear"
"T20190009476","20/5/19",18:00:00,"Collision with vehicle","Monday","Dark Street lights on",3,3,"T intersection",3,70,"WHITEHORSE","METROPOLITAN SOUTH EAST REGION",-37.83547882,145.179563,"Dry","Clear"
"T20190009479","20/5/19",15:45:00,"Collision with vehicle","Monday","Day",3,3,"Not at intersection",3,80,"YARRA RANGES","METROPOLITAN SOUTH EAST REGION",-37.95129699,145.3390714,"Dry","Clear"
"T20190009481","20/5/19",18:00:00,"Collision with a fixed object","Monday","Dark Street lights on",1,4,"Cross intersection",3,80,"CASEY","METROPOLITAN SOUTH EAST REGION",-38.02895268,145.3279922,"Dry","Clear"
"T20190009482","20/5/19",10:42:00,"Collision with vehicle","Monday","Day",2,3,"Not at intersection",1,110,"MILDURA","WESTERN REGION",-34.51592024,142.2075566,"Dry","Clear"
"T20190009486","20/5/19",15:23:00,"Struck Pedestrian","Monday","Day",1,2,"Not at intersection",2,50,"HUME","METROPOLITAN NORTH WEST REGION",-37.68256439,144.9641682,"Dry","Clear"
"T20190009489","21/5/19",00:30:00,"Collision with a fixed object","Tuesday","Dark Street lights on",1,1,"Not at intersection",3,60,"WYNDHAM","METROPOLITAN NORTH WEST REGION",-37.88926879,144.6221067,"Dry","Clear"
"T20190009494","7/5/19",08:00:00,"Collision with vehicle","Tuesday","Unknown",2,2,"T intersection",3,999,"BENDIGO","NORTHERN REGION",-36.76044028,144.2971354,"Unknown","Not known"
"T20190009495","18/5/19",14:35:00,"Collision with a fixed object","Saturday","Day",1,1,"Not at intersection",3,50,"MORNINGTON PENINSULA","METROPOLITAN SOUTH EAST REGION",-38.2103859,145.0530517,"Dry","Clear"
"T20190009501","21/5/19",09:00:00,"Collision with vehicle","Tuesday","Day",2,3,"Cross intersection",3,60,"CASEY","METROPOLITAN SOUTH EAST REGION",-38.08312945,145.283203,"Dry","Clear"
"T20190009502","20/5/19",09:10:00,"Collision with vehicle","Monday","Day",2,2,"Multiple intersection",3,60,"MELBOURNE","METROPOLITAN NORTH WEST REGION",-37.83621774,144.9755378,"Unknown","Not known"
"T20190009504","21/5/19",06:20:00,"Collision with vehicle","Tuesday","Dark Street lights on",3,3,"Not at intersection",3,80,"MANNINGHAM","METROPOLITAN SOUTH EAST REGION",-37.80411715,145.202186,"Dry","Clear"
"T20190009507","21/5/19",11:00:00,"Collision with vehicle","Tuesday","Day",2,2,"Not at intersection",3,80,"MORNINGTON PENINSULA","METROPOLITAN SOUTH EAST REGION",-38.31356159,145.0847734,"Dry","Clear"
"T20190009508","21/5/19",09:28:00,"Collision with vehicle","Tuesday","Day",2,3,"T intersection",3,60,"BRIMBANK","METROPOLITAN NORTH WEST REGION",-37.7563926,144.8090865,"Dry","Clear"
"T20190009509","20/5/19",16:00:00,"Struck Pedestrian","Monday","Day",1,2,"Not at intersection",2,100,"ALPINE","NORTH EASTERN REGION",-36.5006458,147.0449452,"Dry","Clear"
"T20190009510","21/5/19",10:30:00,"Collision with vehicle","Tuesday","Day",2,2,"Cross intersection",2,60,"DANDENONG","METROPOLITAN SOUTH EAST REGION",-37.93759983,145.1924952,"Dry","Clear"
"T20190009512","15/5/19",07:20:00,"Collision with vehicle","Wednesday","Day",2,2,"Cross intersection",3,70,"NILLUMBIK","METROPOLITAN NORTH WEST REGION",-37.68872716,145.1138721,"Dry","Not known"
"T20190009516","20/5/19",14:30:00,"Struck Pedestrian","Monday","Unknown",1,2,"T intersection",3,40,"YARRA","METROPOLITAN NORTH WEST REGION",-37.81933175,145.0066097,"Unknown","Clear"
"T20190009518","21/5/19",12:10:00,"Collision with vehicle","Tuesday","Day",2,3,"Cross intersection",2,70,"MONASH","METROPOLITAN SOUTH EAST REGION",-37.89671685,145.1031649,"Dry","Clear"
"T20190009520","14/5/19",17:20:00,"Collision with vehicle","Tuesday","Dusk/Dawn",2,2,"T intersection",2,30,"PORT PHILLIP","METROPOLITAN NORTH WEST REGION",-37.86851325,144.9915038,"Dry","Not known"
"T20190009521","20/5/19",18:25:00,"Collision with vehicle","Monday","Dark Street lights on",4,4,"Not at intersection",2,100,"MONASH","METROPOLITAN SOUTH EAST REGION",-37.8980379,145.1491728,"Dry","Clear"
"T20190009524","21/5/19",10:13:00,"Collision with vehicle","Tuesday","Day",2,2,"T intersection",3,60,"WYNDHAM","METROPOLITAN NORTH WEST REGION",-37.90529189,144.6565608,"Dry","Clear"
"T20190009526","20/5/19",18:25:00,"Collision with vehicle","Monday","Dark Street lights on",2,2,"Not at intersection",3,60,"MONASH","METROPOLITAN SOUTH EAST REGION",-37.87153371,145.1426712,"Wet","Not known"