"ACCIDENT_NO","ACCIDENTDATE","ACCIDENTTIME","Accident Type Desc","Day Week Description","Light Condition Desc","NO_OF_VEHICLES","NO_PERSONS","Road Geometry Desc","SEVERITY","SPEED_ZONE","LGA_NAME","REGION_NAME","Lat","Long","Surface Cond Desc","Atmosph Cond Desc"
"T20190009528","21/5/19",09:23:00,"Fall from or in moving vehicle","Tuesday","Day",2,3,"T intersection",3,40,"GEELONG","SOUTH WESTERN REGION",-38.14461047,144.3568789,"Dry","Clear"
"T20190009529","19/5/19",13:57:00,"Collision with vehicle","Sunday","Day",2,3,"Not at intersection",3,50,"YARRA RANGES","METROPOLITAN SOUTH EAST REGION",-37.90251313,145.3454457,"Dry","Clear"
"T20190009531","21/5/19",13:00:00,"Collision with vehicle","Tuesday","Day",2,2,"Not at intersection",2,80,"DANDENONG","METROPOLITAN SOUTH EAST REGION",-37.93676688,145.1406,"Dry","Clear"
"T20190009533","9/5/19",13:30:00,"Collision with vehicle","Thursday","Day",2,2,"Multiple intersection",3,999,"DANDENONG","METROPOLITAN SOUTH EAST REGION",-37.99255281,145.1922001,"Dry","Clear"
"T20190009535","21/5/19",16:10:00,"Collision with vehicle","Tuesday","Day",2,2,"Not at intersection",3,50,"KINGSTON","METROPOLITAN SOUTH EAST REGION",-38.01918957,145.1002273,"Dry","Clear"
"T20190009537","21/5/19",13:30:00,"Collision with a fixed object","Tuesday","Day",1,1,"T intersection",2,50,"GEELONG","SOUTH WESTERN REGION",-38.15405916,144.5789469,"Dry","Clear"
"T20190009544","21/5/19",18:00:00,"Collision with vehicle","Tuesday","Dark Street lights on",2,2,"T intersection",3,60,"HUME","METROPOLITAN NORTH WEST REGION",-37.63222184,144.9220227,"Dry","Clear"
"T20190009545","21/5/19",18:11:00,"Collision with vehicle","Tuesday","Dark Street lights on",3,3,"Not at intersection",3,80,"MOONEE VALLEY","METROPOLITAN NORTH WEST REGION",-37.73350713,144.8838013,"Dry","Clear"
"T20190009546","10/5/19",08:56:00,"Collision with a fixed object","Friday","Day",1,1,"Not at intersection",3,80,"YARRA RANGES","METROPOLITAN SOUTH EAST REGION",-37.80701535,145.4045875,"Dry","Not known"
"T20190009549","21/5/19",18:50:00,"Collision with vehicle","Tuesday","Dark Street lights on",2,5,"T intersection",3,60,"WELLINGTON","EASTERN REGION",-38.104694,147.082396,"Dry","Clear"
"T20190009550","21/5/19",20:40:00,"Collision with a fixed object","Tuesday","Dark No street lights",1,1,"T intersection",2,80,"MORNINGTON PENINSULA","METROPOLITAN SOUTH EAST REGION",-38.28030171,145.1130031,"Dry","Clear"
"T20190009551","21/5/19",19:38:00,"Struck Pedestrian","Tuesday","Dark Street lights on",1,2,"Not at intersection",3,60,"HUME","METROPOLITAN NORTH WEST REGION",-37.6657817,144.9424457,"Dry","Clear"
"T20190009554","21/5/19",22:38:00,"Collision with a fixed object","Tuesday","Dark Street lights on",1,1,"Not at intersection",3,80,"BRIMBANK","METROPOLITAN NORTH WEST REGION",-37.70865697,144.8856641,"Dry","Clear"
"T20190009555","21/5/19",22:24:00,"Collision with vehicle","Tuesday","Dark Street lights on",2,2,"Cross intersection",3,60,"MARIBYRNONG","METROPOLITAN NORTH WEST REGION",-37.81578762,144.8829014,"Dry","Clear"
"T20190009557","22/5/19",01:00:00,"Collision with a fixed object","Wednesday","Dark Street lights on",1,1,"Not at intersection",2,60,"MELBOURNE","METROPOLITAN NORTH WEST REGION",-37.8018726,144.9309014,"Dry","Clear"
"T20190009558","22/5/19",01:39:00,"Collision with vehicle","Wednesday","Dark Street lights on",2,3,"T intersection",2,80,"HUME","METROPOLITAN NORTH WEST REGION",-37.66246746,144.9224342,"Dry","Clear"
"T20190009559","16/5/19",13:20:00,"Collision with vehicle","Thursday","Day",2,2,"Not at intersection",3,60,"WHITEHORSE","METROPOLITAN SOUTH EAST REGION",-37.81168138,145.1401118,"Unknown","Not known"
"T20190009560","22/5/19",05:00:00,"Collision with a fixed object","Wednesday","Dark Street lights on",2,2,"Not at intersection",3,60,"DAREBIN","METROPOLITAN NORTH WEST REGION",-37.72465678,145.0015185,"Dry","Clear"
"T20190009561","22/5/19",06:55:00,"Collision with vehicle","Wednesday","Dusk/Dawn",2,2,"T intersection",2,80,"KINGSTON","METROPOLITAN SOUTH EAST REGION",-37.99273554,145.106773,"Dry","Clear"
"T20190009563","22/5/19",07:01:00,"Collision with vehicle","Wednesday","Day",2,3,"Not at intersection",3,60,"CARDINIA","METROPOLITAN SOUTH EAST REGION",-38.06065924,145.4969856,"Dry","Clear"
"T20190009565","22/5/19",06:45:00,"Collision with vehicle","Wednesday","Day",4,4,"Not at intersection",3,60,"BRIMBANK","METROPOLITAN NORTH WEST REGION",-37.8112293,144.7877361,"Dry","Clear"
"T20190009566","22/5/19",07:45:00,"Collision with vehicle","Wednesday","Day",2,2,"Cross intersection",3,50,"MOONEE VALLEY","METROPOLITAN NORTH WEST REGION",-37.77303987,144.9061019,"Dry","Clear"
"T20190009568","22/5/19",06:25:00,"Struck Pedestrian","Wednesday","Dark No street lights",1,2,"Cross intersection",3,40,"BOROONDARA","METROPOLITAN SOUTH EAST REGION",-37.86233014,145.0705364,"Dry","Clear"
"T20190009570","22/5/19",08:13:00,"Collision with vehicle","Wednesday","Day",2,2,"Not at intersection",2,40,"STONNINGTON","METROPOLITAN SOUTH EAST REGION",-37.85925433,145.0501945,"Dry","Clear"
"T20190009574","22/5/19",06:43:00,"Collision with vehicle","Wednesday","Dark Street lights on",3,3,"Not at intersection",2,100,"BRIMBANK","METROPOLITAN NORTH WEST REGION",-37.81153826,144.8081198,"Dry","Clear"
"T20190009575","22/5/19",06:39:00,"Collision with vehicle","Wednesday","Dark Street lights on",2,2,"Not at intersection",3,100,"WHITEHORSE","METROPOLITAN SOUTH EAST REGION",-37.79789103,145.1359161,"Dry","Clear"
"T20190009576","21/5/19",19:00:00,"Collision with vehicle","Tuesday","Dark Street lights on",2,2,"T intersection",2,70,"BRIMBANK","METROPOLITAN NORTH WEST REGION",-37.74054929,144.8244059,"Dry","Clear"
"T20190009577","22/5/19",09:45:00,"Collision with vehicle","Wednesday","Day",2,2,"Not at intersection",3,80,"MELTON","METROPOLITAN NORTH WEST REGION",-37.787255,144.6986684,"Dry","Clear"
"T20190009578","22/5/19",08:00:00,"Collision with vehicle","Wednesday","Day",2,2,"Cross intersection",2,100,"INDIGO","NORTH EASTERN REGION",-36.08122808,146.3078463,"Dry","Clear"
"T20190009579","21/5/19",17:30:00,"Collision with vehicle","Tuesday","Dark Street lights unknown",2,2,"Cross intersection",3,50,"DAREBIN","METROPOLITAN NORTH WEST REGION",-37.78074329,144.9939588,"Dry","Clear"
"T20190009583","22/5/19",11:39:00,"Collision with a fixed object","Wednesday","Day",1,1,"Not at intersection",2,40,"GLEN EIRA","METROPOLITAN SOUTH EAST REGION",-37.9317978,145.0784627,"Dry","Clear"
"T20190009586","22/5/19",08:50:00,"Struck Pedestrian","Wednesday","Unknown",1,3,"Not at intersection",3,60,"PORT PHILLIP","METROPOLITAN NORTH WEST REGION",-37.87211832,144.9895183,"Dry","Not known"
"T20190009587","21/5/19",17:43:00,"Collision with vehicle","Tuesday","Dusk/Dawn",2,2,"T intersection",2,80,"GEELONG","SOUTH WESTERN REGION",-38.17426842,144.4580992,"Dry","Clear"
"T20190009590","21/5/19",19:32:00,"Vehicle overturned (no collision)","Tuesday","Dark No street lights",1,2,"Not at intersection",2,100,"CAMPASPE","NORTHERN REGION",-36.37144593,144.3806472,"Dry","Clear"
"T20190009593","22/5/19",13:12:00,"Struck Pedestrian","Wednesday","Day",1,2,"Not at intersection",2,40,"MORELAND","METROPOLITAN NORTH WEST REGION",-37.70612468,144.9161061,"Dry","Clear"
"T20190009594","22/5/19",11:20:00,"Collision with vehicle","Wednesday","Day",2,3,"Cross intersection",2,70,"GLEN EIRA","METROPOLITAN SOUTH EAST REGION",-37.86287853,145.0194325,"Dry","Clear"
"T20190009597","22/5/19",14:20:00,"Collision with a fixed object","Wednesday","Day",1,1,"Not at intersection",2,80,"COLAC OTWAY","SOUTH WESTERN REGION",-38.31110462,143.663165,"Dry","Clear"
"T20190009600","22/5/19",15:40:00,"No collision and no object struck","Wednesday","Day",1,1,"Cross intersection",3,50,"LATROBE","EASTERN REGION",-38.20602559,146.5297208,"Dry","Clear"
"T20190009602","22/5/19",09:02:00,"Struck Pedestrian","Wednesday","Day",1,2,"Not at intersection",3,999,"MONASH","METROPOLITAN SOUTH EAST REGION",-37.90511954,145.1616772,"Dry","Clear"
"T20190009604","17/5/19",17:12:00,"Struck Pedestrian","Friday","Dusk/Dawn",1,2,"T intersection",3,60,"PORT PHILLIP","METROPOLITAN NORTH WEST REGION",-37.85528717,144.9723341,"Dry","Clear"
"T20190009605","22/5/19",13:45:00,"Struck Pedestrian","Wednesday","Day",1,2,"Not at intersection",3,50,"DANDENONG","METROPOLITAN SOUTH EAST REGION",-37.98584493,145.2068347,"Dry","Clear"
"T20190009606","22/5/19",10:55:00,"Collision with vehicle","Wednesday","Day",3,4,"T intersection",3,60,"BAYSIDE","METROPOLITAN SOUTH EAST REGION",-37.96424975,145.0371617,"Dry","Clear"
"T20190009608","22/5/19",16:17:00,"Struck Pedestrian","Wednesday","Day",1,2,"T intersection",2,50,"MELBOURNE","METROPOLITAN NORTH WEST REGION",-37.81808162,144.9536946,"Dry","Clear"
"T20190009610","22/5/19",14:55:00,"Collision with a fixed object","Wednesday","Day",1,3,"Not at intersection",2,100,"SOUTH GIPPSLAND","EASTERN REGION",-38.66437453,146.3614579,"Dry","Clear"
"T20190009611","22/5/19",18:00:00,"Collision with vehicle","Wednesday","Dark Street lights on",3,3,"T intersection",2,40,"BOROONDARA","METROPOLITAN SOUTH EAST REGION",-37.83279715,145.0564232,"Dry","Clear"
"T20190009612","6/5/19",08:30:00,"Collision with vehicle","Monday","Day",2,2,"T intersection",3,50,"MELBOURNE","METROPOLITAN NORTH WEST REGION",-37.79463789,144.9318974,"Dry","Clear"
"T20190009613","22/5/19",17:55:00,"Collision with vehicle","Wednesday","Dark Street lights on",2,2,"T intersection",2,60,"PORT PHILLIP","METROPOLITAN NORTH WEST REGION",-37.85842575,144.9808329,"Dry","Clear"
"T20190009615","22/5/19",16:45:00,"Collision with vehicle","Wednesday","Dusk/Dawn",2,2,"T intersection",2,80,"CARDINIA","METROPOLITAN SOUTH EAST REGION",-38.05377394,145.3790006,"Dry","Clear"
"T20190009618","22/5/19",17:30:00,"Collision with vehicle","Wednesday","Dusk/Dawn",3,3,"Not at intersection",3,100,"BRIMBANK","METROPOLITAN NORTH WEST REGION",-37.67418276,144.7681619,"Dry","Clear"
"T20190009619","22/5/19",18:00:00,"Collision with vehicle","Wednesday","Dark Street lights on",4,6,"Not at intersection",2,100,"BRIMBANK","METROPOLITAN NORTH WEST REGION",-37.72246019,144.8668759,"Dry","Clear"
"T20190009620","22/5/19",16:20:00,"Collision with vehicle","Wednesday","Day",3,3,"Not at intersection",3,100,"MELTON","METROPOLITAN NORTH WEST REGION",-37.7623581,144.739831,"Dry","Clear"
"T20190009623","22/5/19",16:00:00,"Collision with vehicle","Wednesday","Dusk/Dawn",2,6,"T intersection",3,50,"HOBSONS BAY","METROPOLITAN NORTH WEST REGION",-37.84445112,144.8794858,"Dry","Clear"
"T20190009625","22/5/19",18:14:00,"Struck Pedestrian","Wednesday","Dark Street lights on",1,2,"Not at intersection",3,60,"MOONEE VALLEY","METROPOLITAN NORTH WEST REGION",-37.73807027,144.8942711,"Dry","Clear"
"T20190009626","22/5/19",21:30:00,"Collision with vehicle","Wednesday","Dark Street lights on",2,2,"Not at intersection",2,70,"WHITTLESEA","METROPOLITAN NORTH WEST REGION",-37.69404739,145.0040719,"Dry","Clear"
"T20190009627","22/5/19",17:30:00,"Collision with vehicle","Wednesday","Dusk/Dawn",2,2,"T intersection",3,60,"GLEN EIRA","METROPOLITAN SOUTH EAST REGION",-37.922736,145.0715776,"Dry","Clear"
"T20190009629","22/5/19",20:45:00,"Collision with vehicle","Wednesday","Dark Street lights on",2,2,"Not at intersection",3,60,"CASEY","METROPOLITAN SOUTH EAST REGION",-38.07890825,145.2494003,"Dry","Clear"
"T20190009635","23/5/19",01:45:00,"Collision with a fixed object","Thursday","Dark No street lights",1,2,"Not at intersection",2,100,"MITCHELL","NORTHERN REGION",-37.09554464,145.1404058,"Dry","Fog"
"T20190009636","22/5/19",12:45:00,"Collision with vehicle","Wednesday","Day",2,1,"Not at intersection",2,50,"GEELONG","SOUTH WESTERN REGION",-38.27891784,144.6083313,"Dry","Clear"
"T20190009638","23/5/19",06:50:00,"Collision with vehicle","Thursday","Dusk/Dawn",2,2,"Not at intersection",3,60,"FRANKSTON","METROPOLITAN SOUTH EAST REGION",-38.13135373,145.1361943,"Dry","Clear"
"T20190009639","23/5/19",07:30:00,"Struck Pedestrian","Thursday","Day",1,2,"Not at intersection",2,60,"MELBOURNE","METROPOLITAN NORTH WEST REGION",-37.78172978,144.9158306,"Dry","Clear"
"T20190009642","23/5/19",07:51:00,"Collision with vehicle","Thursday","Day",2,3,"T intersection",3,60,"KINGSTON","METROPOLITAN SOUTH EAST REGION",-38.04828754,145.1225107,"Dry","Clear"
"T20190009644","22/5/19",15:30:00,"Struck Pedestrian","Wednesday","Day",1,2,"T intersection",3,999,"STONNINGTON","METROPOLITAN SOUTH EAST REGION",-37.84985024,145.0428529,"Unknown","Not known"
"T20190009646","23/5/19",09:45:00,"Collision with vehicle","Thursday","Day",2,8,"Cross intersection",2,60,"COLAC OTWAY","SOUTH WESTERN REGION",-38.35941441,143.5727189,"Dry","Clear"
"T20190009648","23/5/19",08:24:00,"Collision with vehicle","Thursday","Day",8,8,"Not at intersection",3,100,"BRIMBANK","METROPOLITAN NORTH WEST REGION",-37.74658797,144.838853,"Dry","Not known"
"T20190009650","23/5/19",09:50:00,"Collision with vehicle","Thursday","Day",2,2,"T intersection",3,60,"MELBOURNE","METROPOLITAN NORTH WEST REGION",-37.82177888,144.9657927,"Dry","Clear"
"T20190009651","23/5/19",06:20:00,"Collision with vehicle","Thursday","Dark Street lights unknown",2,2,"Not at intersection",3,60,"MORELAND","METROPOLITAN NORTH WEST REGION",-37.7754742,144.9469792,"Dry","Clear"
"T20190009652","23/5/19",10:00:00,"Struck Pedestrian","Thursday","Day",1,2,"T intersection",2,50,"BOROONDARA","METROPOLITAN SOUTH EAST REGION",-37.8255634,145.0940341,"Dry","Clear"
"T20190009653","23/5/19",10:47:00,"Collision with vehicle","Thursday","Day",2,2,"T intersection",3,60,"BRIMBANK","METROPOLITAN NORTH WEST REGION",-37.77212274,144.7744968,"Dry","Clear"
"T20190009654","12/4/19",16:48:00,"Struck Pedestrian","Friday","Day",1,2,"Cross intersection",3,50,"BOROONDARA","METROPOLITAN SOUTH EAST REGION",-37.81882397,145.0360599,"Dry","Clear"
"T20190009655","18/3/19",16:45:00,"Collision with vehicle","Monday","Day",2,2,"Not at intersection",3,999,"BANYULE","METROPOLITAN NORTH WEST REGION",-37.71205221,145.1309375,"Unknown","Clear"
"T20190009657","23/5/19",09:00:00,"Collision with vehicle","Thursday","Day",2,3,"Not at intersection",3,100,"GLENELG","SOUTH WESTERN REGION",-38.30626072,141.5961345,"Dry","Fog"
"T20190009662","19/5/19",17:50:00,"Vehicle overturned (no collision)","Sunday","Dark No street lights",1,2,"Not at intersection",3,100,"MOYNE","SOUTH WESTERN REGION",-38.44373114,142.7231249,"Dry","Clear"
"T20190009663","19/5/19",15:19:00,"Collision with vehicle","Sunday","Day",2,3,"Cross intersection",2,60,"CASEY","METROPOLITAN SOUTH EAST REGION",-38.11257812,145.2796608,"Dry","Clear"
"T20190009664","23/5/19",11:45:00,"Collision with vehicle","Thursday","Day",2,2,"Cross intersection",3,50,"BRIMBANK","METROPOLITAN NORTH WEST REGION",-37.78834267,144.8094949,"Dry","Clear"
"T20190009665","23/5/19",09:30:00,"Collision with vehicle","Thursday","Day",2,2,"T intersection",2,60,"BENDIGO","NORTHERN REGION",-36.73191223,144.2864984,"Dry","Clear"
"T20190009666","22/5/19",18:00:00,"Struck animal","Wednesday","Dark No street lights",1,1,"Not at intersection",2,80,"MURRINDINDI","NORTH EASTERN REGION",-37.54135498,145.367667,"Dry","Fog"
"T20190009669","23/5/19",14:34:00,"Collision with vehicle","Thursday","Day",2,2,"Multiple intersection",3,60,"BAW BAW","EASTERN REGION",-38.1698997,145.9319674,"Dry","Clear"
"T20190009670","23/5/19",09:20:00,"Collision with vehicle","Thursday","Day",2,4,"Not at intersection",2,60,"MAROONDAH","METROPOLITAN SOUTH EAST REGION",-37.7966962,145.2927139,"Dry","Clear"
"T20190009672","21/5/19",08:30:00,"Collision with vehicle","Tuesday","Day",2,2,"T intersection",2,100,"WELLINGTON","EASTERN REGION",-38.58249608,146.4825695,"Dry","Clear"
"T20190009674","23/5/19",12:25:00,"Collision with vehicle","Thursday","Unknown",2,2,"Not at intersection",3,60,"BOROONDARA","METROPOLITAN SOUTH EAST REGION",-37.86199766,145.0935401,"Dry","Clear"
"T20190009675","23/5/19",15:35:00,"Struck Pedestrian","Thursday","Day",1,2,"Not at intersection",3,50,"WYNDHAM","METROPOLITAN NORTH WEST REGION",-37.85333437,144.7267543,"Dry","Clear"
"T20190009677","23/5/19",14:35:00,"Collision with a fixed object","Thursday","Day",1,2,"T intersection",3,50,"CASEY","METROPOLITAN SOUTH EAST REGION",-38.05392218,145.2566683,"Dry","Clear"
"T20190009678","23/5/19",15:45:00,"Collision with vehicle","Thursday","Day",2,3,"Not at intersection",2,60,"DANDENONG","METROPOLITAN SOUTH EAST REGION",-37.99121405,145.2086417,"Dry","Clear"
"T20190009679","21/5/19",16:45:00,"Collision with vehicle","Tuesday","Day",2,2,"Cross intersection",3,70,"MAROONDAH","METROPOLITAN SOUTH EAST REGION",-37.83236914,145.2694125,"Dry","Clear"
"T20190009681","23/5/19",14:05:00,"Collision with vehicle","Thursday","Day",2,1,"Not at intersection",3,50,"FRANKSTON","METROPOLITAN SOUTH EAST REGION",-38.13552162,145.1630883,"Dry","Clear"
"T20190009683","23/5/19",14:00:00,"No collision and no object struck","Thursday","Day",1,1,"Not at intersection",3,60,"HUME","METROPOLITAN NORTH WEST REGION",-37.67855286,144.928659,"Dry","Clear"
"T20190009684","23/5/19",15:45:00,"Collision with vehicle","Thursday","Day",2,3,"T intersection",3,60,"DAREBIN","METROPOLITAN NORTH WEST REGION",-37.69634281,145.0111846,"Dry","Clear"
"T20190009685","23/5/19",15:48:00,"Struck Pedestrian","Thursday","Day",1,2,"Not at intersection",3,40,"HUME","METROPOLITAN NORTH WEST REGION",-37.58183343,144.9060634,"Dry","Not known"
"T20190009687","23/5/19",14:50:00,"Collision with vehicle","Thursday","Day",3,3,"Not at intersection",3,80,"KINGSTON","METROPOLITAN SOUTH EAST REGION",-37.99082549,145.1441866,"Dry","Clear"
"T20190009688","23/5/19",17:22:00,"Collision with vehicle","Thursday","Day",5,6,"Not at intersection",2,80,"BRIMBANK","METROPOLITAN NORTH WEST REGION",-37.72009611,144.8399011,"Dry","Clear"
"T20190009691","23/5/19",17:00:00,"Collision with a fixed object","Thursday","Dark No street lights",1,1,"Not at intersection",2,100,"ALPINE","NORTH EASTERN REGION",-36.55238963,146.7058526,"Dry","Clear"
"T20190009692","16/5/19",16:30:00,"Collision with vehicle","Thursday","Unknown",3,3,"Not at intersection",3,60,"HOBSONS BAY","METROPOLITAN NORTH WEST REGION",-37.87348158,144.7862493,"Unknown","Not known"
"T20190009698","23/5/19",20:40:00,"Collision with vehicle","Thursday","Dark Street lights on",3,7,"Cross intersection",2,60,"BALLARAT","WESTERN REGION",-37.54252518,143.8499605,"Dry","Clear"
"T20190009699","23/5/19",15:36:00,"Collision with vehicle","Thursday","Day",2,2,"T intersection",2,80,"WHITEHORSE","METROPOLITAN SOUTH EAST REGION",-37.85403078,145.162983,"Dry","Clear"
"T20190009701","23/5/19",21:00:00,"Collision with vehicle","Thursday","Dark Street lights on",2,1,"Not at intersection",2,60,"BENDIGO","NORTHERN REGION",-36.79651234,144.2357901,"Dry","Clear"
"T20190009702","23/5/19",15:30:00,"Collision with vehicle","Thursday","Day",2,2,"T intersection",3,40,"MELBOURNE","METROPOLITAN NORTH WEST REGION",-37.79496021,144.9709418,"Dry","Clear"
"T20190009706","24/5/19",00:01:00,"Collision with a fixed object","Friday","Dark Street lights on",1,1,"Not at intersection",1,80,"CARDINIA","METROPOLITAN SOUTH EAST REGION",-38.20603674,145.491646,"Dry","Clear"
"T20190009708","23/5/19",09:50:00,"Collision with vehicle","Thursday","Day",2,3,"Cross intersection",3,50,"BRIMBANK","METROPOLITAN NORTH WEST REGION",-37.78746311,144.8378886,"Dry","Clear"
"T20190009709","23/5/19",14:00:00,"Collision with a fixed object","Thursday","Day",1,2,"Cross intersection",3,60,"MONASH","METROPOLITAN SOUTH EAST REGION",-37.92178773,145.1863091,"Dry","Clear"
"T20190009711","24/5/19",06:00:00,"Collision with vehicle","Friday","Dark Street lights on",2,2,"T intersection",2,60,"BRIMBANK","METROPOLITAN NORTH WEST REGION",-37.7072466,144.8858897,"Dry","Clear"
"T20190009713","24/5/19",07:05:00,"Collision with vehicle","Friday","Dark Street lights on",2,2,"T intersection",2,40,"STONNINGTON","METROPOLITAN SOUTH EAST REGION",-37.84163228,144.99519,"Dry","Clear"
"T20190009714","24/5/19",07:20:00,"Collision with vehicle","Friday","Dusk/Dawn",2,2,"Not at intersection",3,60,"MONASH","METROPOLITAN SOUTH EAST REGION",-37.91561935,145.1340526,"Dry","Clear"
"T20190009716","24/5/19",09:08:00,"Collision with vehicle","Friday","Day",2,4,"Not at intersection",2,80,"SURF COAST","SOUTH WESTERN REGION",-38.24981935,144.3437456,"Wet","Raining"
"T20190009718","24/5/19",10:10:00,"Collision with vehicle","Friday","Day",2,3,"T intersection",3,60,"STONNINGTON","METROPOLITAN SOUTH EAST REGION",-37.85957351,145.0409413,"Wet","Raining"
"T20190009719","23/5/19",09:15:00,"Collision with vehicle","Thursday","Day",2,2,"T intersection",3,999,"MORELAND","METROPOLITAN NORTH WEST REGION",-37.71626711,144.9336145,"Unknown","Clear"
"T20190009723","24/5/19",10:56:00,"Collision with vehicle","Friday","Day",2,3,"Cross intersection",2,50,"MILDURA","WESTERN REGION",-34.18979622,142.1612197,"Dry","Clear"
"T20190009724","6/5/19",08:15:00,"Collision with vehicle","Monday","Day",3,3,"Not at intersection",3,999,"MOONEE VALLEY","METROPOLITAN NORTH WEST REGION",-37.74733049,144.9191319,"Unknown","Not known"
"T20190009727","27/4/19",17:47:00,"Collision with vehicle","Saturday","Unknown",2,2,"Cross intersection",3,80,"DANDENONG","METROPOLITAN SOUTH EAST REGION",-37.98243941,145.1461652,"Unknown","Not known"
"T20190009728","24/5/19",09:30:00,"Struck Pedestrian","Friday","Day",1,2,"T intersection",3,40,"YARRA","METROPOLITAN NORTH WEST REGION",-37.81120484,145.0070926,"Wet","Raining"
"T20190009731","24/5/19",10:20:00,"Struck Pedestrian","Friday","Day",1,2,"Not at intersection",3,50,"HOBSONS BAY","METROPOLITAN NORTH WEST REGION",-37.86906638,144.8372856,"Dry","Clear"
"T20190009732","24/5/19",12:55:00,"Collision with vehicle","Friday","Day",2,4,"Cross intersection",2,50,"COLAC OTWAY","SOUTH WESTERN REGION",-38.33963239,143.5897142,"Dry","Clear"
"T20190009733","24/5/19",13:50:00,"Collision with vehicle","Friday","Day",2,2,"T intersection",3,60,"MONASH","METROPOLITAN SOUTH EAST REGION",-37.87556488,145.1477529,"Dry","Clear"
"T20190009735","24/5/19",14:35:00,"Collision with vehicle","Friday","Day",2,3,"Cross intersection",2,70,"PORT PHILLIP","METROPOLITAN NORTH WEST REGION",-37.85917445,145.0013338,"Dry","Clear"
"T20190009736","23/5/19",16:30:00,"Collision with vehicle","Thursday","Day",2,2,"Cross intersection",2,50,"COLAC OTWAY","SOUTH WESTERN REGION",-38.33599147,143.5922053,"Dry","Clear"
"T20190009737","16/5/19",17:40:00,"Collision with vehicle","Thursday","Dusk/Dawn",2,2,"Cross intersection",3,60,"BOROONDARA","METROPOLITAN SOUTH EAST REGION",-37.82900906,145.0643993,"Dry","Clear"
"T20190009738","24/5/19",15:23:00,"Struck Pedestrian","Friday","Day",1,2,"Not at intersection",2,50,"WHITTLESEA","METROPOLITAN NORTH WEST REGION",-37.66858284,145.060264,"Dry","Clear"
"T20190009739","24/5/19",14:40:00,"Collision with a fixed object","Friday","Day",1,1,"Not at intersection",3,100,"EAST GIPPSLAND","EASTERN REGION",-37.83659495,148.0030218,"Dry","Clear"
"T20190009740","17/5/19",09:00:00,"Collision with vehicle","Friday","Unknown",2,2,"Cross intersection",2,999,"WHITEHORSE","METROPOLITAN SOUTH EAST REGION",-37.81206099,145.1203096,"Unknown","Not known"
"T20190009742","23/5/19",11:55:00,"Collision with vehicle","Thursday","Day",2,2,"Cross intersection",3,60,"MELBOURNE","METROPOLITAN NORTH WEST REGION",-37.78958532,144.9590043,"Unknown","Clear"
"T20190009743","19/5/19",12:45:00,"No collision and no object struck","Sunday","Day",1,1,"T intersection",2,40,"SHEPPARTON","NORTH EASTERN REGION",-36.44011209,145.2291819,"Dry","Clear"
"T20190009744","24/5/19",09:06:00,"Collision with vehicle","Friday","Day",2,3,"T intersection",3,70,"HUME","METROPOLITAN NORTH WEST REGION",-37.66171945,144.9232777,"Dry","Clear"
"T20190009745","24/5/19",10:40:00,"Vehicle overturned (no collision)","Friday","Day",1,1,"Not at intersection",3,100,"WHITTLESEA","METROPOLITAN NORTH WEST REGION",-37.4569314,145.074349,"Wet","Raining"
"T20190009746","24/5/19",13:15:00,"Collision with vehicle","Friday","Day",2,2,"Multiple intersection",3,60,"PORT PHILLIP","METROPOLITAN NORTH WEST REGION",-37.83431351,144.9647221,"Dry","Clear"
"T20190009747","24/5/19",18:33:00,"Collision with vehicle","Friday","Dark Street lights on",2,2,"T intersection",2,50,"WHITTLESEA","METROPOLITAN NORTH WEST REGION",-37.58772245,145.1253958,"Dry","Clear"
"T20190009748","24/5/19",16:28:00,"Struck Pedestrian","Friday","Day",1,2,"Cross intersection",2,60,"BRIMBANK","METROPOLITAN NORTH WEST REGION",-37.76890074,144.8302375,"Dry","Clear"
"T20190009750","24/5/19",17:50:00,"Collision with vehicle","Friday","Dark Street lights on",2,2,"Not at intersection",2,60,"BOROONDARA","METROPOLITAN SOUTH EAST REGION",-37.82169762,145.0263533,"Dry","Clear"
"T20190009753","24/5/19",17:48:00,"Collision with vehicle","Friday","Dark Street lights on",3,5,"Not at intersection",2,70,"MORELAND","METROPOLITAN NORTH WEST REGION",-37.71104964,144.9617439,"Dry","Clear"
"T20190009754","24/5/19",19:24:00,"Collision with vehicle","Friday","Dark Street lights on",2,5,"Cross intersection",3,60,"DAREBIN","METROPOLITAN NORTH WEST REGION",-37.71935725,145.0212746,"Dry","Clear"
"T20190009758","24/5/19",20:03:00,"Collision with a fixed object","Friday","Dark No street lights",2,3,"Not at intersection",3,40,"WHITTLESEA","METROPOLITAN NORTH WEST REGION",-37.60784486,145.0247319,"Dry","Clear"
"T20190009758","24/5/19",20:03:00,"Collision with a fixed object","Friday","Dark No street lights",2,3,"Not at intersection",3,40,"WHITTLESEA","METROPOLITAN NORTH WEST REGION",-37.60784486,145.0247319,"Dry","Dust"
"T20190009758","24/5/19",20:03:00,"Collision with a fixed object","Friday","Dark No street lights",2,3,"Not at intersection",3,40,"WHITTLESEA","METROPOLITAN NORTH WEST REGION",-37.60784486,145.0247319,"Dry","Strong winds"