"ACCIDENT_NO","ACCIDENTDATE","ACCIDENTTIME","Accident Type Desc","Day Week Description","Light Condition Desc","NO_OF_VEHICLES","NO_PERSONS","Road Geometry Desc","SEVERITY","SPEED_ZONE","LGA_NAME","REGION_NAME","Lat","Long","Surface Cond Desc","Atmosph Cond Desc"
"T20190009759","24/5/19",20:21:00,"Struck Pedestrian","Friday","Dark Street lights on",1,2,"Cross intersection",2,50,"PORT PHILLIP","METROPOLITAN NORTH WEST REGION",-37.84593654,144.9549576,"Dry","Clear"
"T20190009761","24/5/19",19:05:00,"Collision with vehicle","Friday","Dark Street lights on",2,3,"Cross intersection",2,50,"DANDENONG","METROPOLITAN SOUTH EAST REGION",-37.94024685,145.1496369,"Dry","Clear"
"T20190009767","21/5/19",17:20:00,"Collision with vehicle","Tuesday","Unknown",2,2,"Cross intersection",3,999,"MELBOURNE","METROPOLITAN NORTH WEST REGION",-37.81687563,144.9900946,"Unknown","Not known"
"T20190009768","24/5/19",21:40:00,"Collision with a fixed object","Friday","Dark Street lights on",2,3,"Not at intersection",3,80,"KNOX","METROPOLITAN SOUTH EAST REGION",-37.89329519,145.3075823,"Dry","Clear"
"T20190009769","23/5/19",09:15:00,"Collision with vehicle","Thursday","Day",2,2,"Not at intersection",3,888,"MELBOURNE","METROPOLITAN NORTH WEST REGION",-37.79413757,144.9484529,"Unknown","Clear"
"T20190009770","25/5/19",02:15:00,"Collision with vehicle","Saturday","Dark Street lights on",2,3,"Cross intersection",3,60,"WODONGA","NORTH EASTERN REGION",-36.13658213,146.9084765,"Wet","Clear"
"T20190009771","24/5/19",21:40:00,"Collision with vehicle","Friday","Dark Street lights on",2,2,"Cross intersection",2,40,"GEELONG","SOUTH WESTERN REGION",-38.14861116,144.3573052,"Wet","Clear"
"T20190009772","25/5/19",00:40:00,"Collision with vehicle","Saturday","Dark No street lights",2,3,"Not at intersection",2,100,"WHITTLESEA","METROPOLITAN NORTH WEST REGION",-37.549227,145.0319499,"Dry","Clear"
"T20190009773","24/5/19",22:15:00,"Collision with a fixed object","Friday","Dark Street lights on",2,1,"Cross intersection",3,60,"GEELONG","SOUTH WESTERN REGION",-38.13209812,144.3499273,"Wet","Clear"
"T20190009776","25/5/19",07:00:00,"Collision with vehicle","Saturday","Dusk/Dawn",2,2,"T intersection",2,60,"MONASH","METROPOLITAN SOUTH EAST REGION",-37.88440366,145.1247897,"Dry","Clear"
"T20190009781","25/2/19",07:00:00,"Collision with vehicle","Monday","Day",2,2,"Cross intersection",3,50,"HUME","METROPOLITAN NORTH WEST REGION",-37.68420762,144.9275345,"Dry","Clear"
"T20190009782","22/5/19",09:45:00,"Collision with vehicle","Wednesday","Day",2,2,"Cross intersection",3,80,"FRANKSTON","METROPOLITAN SOUTH EAST REGION",-38.14664407,145.1358103,"Dry","Clear"
"T20190009785","25/5/19",09:40:00,"Struck Pedestrian","Saturday","Day",1,2,"Not at intersection",2,40,"MONASH","METROPOLITAN SOUTH EAST REGION",-37.92622172,145.119525,"Dry","Clear"
"T20190009787","25/5/19",09:00:00,"Collision with a fixed object","Saturday","Day",1,3,"Not at intersection",1,50,"KINGSTON","METROPOLITAN SOUTH EAST REGION",-37.97606867,145.0736864,"Dry","Clear"
"T20190009789","25/5/19",11:30:00,"Struck Pedestrian","Saturday","Day",1,2,"Cross intersection",3,60,"MONASH","METROPOLITAN SOUTH EAST REGION",-37.88251443,145.1089962,"Dry","Clear"
"T20190009792","25/5/19",12:00:00,"Collision with vehicle","Saturday","Day",2,2,"Not at intersection",3,777,"MELBOURNE","METROPOLITAN NORTH WEST REGION",-37.78958532,144.9590043,"Dry","Not known"
"T20190009794","25/5/19",09:20:00,"Collision with vehicle","Saturday","Day",2,2,"Cross intersection",2,100,"SURF COAST","SOUTH WESTERN REGION",-38.28628112,144.3251896,"Dry","Clear"
"T20190009798","25/5/19",13:57:00,"Collision with vehicle","Saturday","Day",2,2,"T intersection",2,60,"KINGSTON","METROPOLITAN SOUTH EAST REGION",-37.99422827,145.0690696,"Dry","Clear"
"T20190009802","25/5/19",10:00:00,"Collision with a fixed object","Saturday","Day",1,1,"Not at intersection",3,50,"DAREBIN","METROPOLITAN NORTH WEST REGION",-37.73316057,145.0286613,"Dry","Clear"
"T20190009803","25/5/19",13:50:00,"Collision with vehicle","Saturday","Day",2,4,"Cross intersection",2,80,"CASEY","METROPOLITAN SOUTH EAST REGION",-38.13349784,145.324265,"Dry","Clear"
"T20190009805","25/5/19",15:30:00,"Collision with a fixed object","Saturday","Day",1,1,"Cross intersection",2,80,"WYNDHAM","METROPOLITAN NORTH WEST REGION",-37.95308501,144.6971492,"Dry","Clear"
"T20190009806","24/5/19",13:31:00,"Collision with vehicle","Friday","Day",2,2,"Not at intersection",3,60,"MAROONDAH","METROPOLITAN SOUTH EAST REGION",-37.83156852,145.2692497,"Wet","Clear"
"T20190009808","25/5/19",15:19:00,"Collision with vehicle","Saturday","Day",2,3,"Cross intersection",2,100,"SURF COAST","SOUTH WESTERN REGION",-38.30064577,144.3224103,"Dry","Clear"
"T20190009817","25/5/19",18:50:00,"Struck Pedestrian","Saturday","Dark Street lights on",1,3,"Cross intersection",2,60,"WHITEHORSE","METROPOLITAN SOUTH EAST REGION",-37.80914446,145.1405585,"Wet","Raining"
"T20190009819","25/5/19",18:15:00,"Struck Pedestrian","Saturday","Dark Street lights on",1,2,"T intersection",3,60,"MANNINGHAM","METROPOLITAN SOUTH EAST REGION",-37.7886041,145.1236056,"Wet","Clear"
"T20190009821","25/5/19",19:00:00,"Collision with vehicle","Saturday","Dark Street lights on",2,3,"Cross intersection",3,60,"MARIBYRNONG","METROPOLITAN NORTH WEST REGION",-37.78684586,144.8643319,"Wet","Raining"
"T20190009822","25/5/19",19:25:00,"Collision with a fixed object","Saturday","Dark Street lights on",1,1,"T intersection",2,60,"GEELONG","SOUTH WESTERN REGION",-38.0828822,144.3488024,"Wet","Raining"
"T20190009823","25/5/19",21:15:00,"Struck Pedestrian","Saturday","Dark Street lights on",1,2,"Cross intersection",3,60,"MELBOURNE","METROPOLITAN NORTH WEST REGION",-37.80729439,144.9688464,"Wet","Raining"
"T20190009824","25/5/19",13:45:00,"Collision with vehicle","Saturday","Day",2,2,"Not at intersection",3,40,"MORELAND","METROPOLITAN NORTH WEST REGION",-37.76919433,144.9617578,"Unknown","Not known"
"T20190009834","26/5/19",04:00:00,"Collision with a fixed object","Sunday","Dark No street lights",1,1,"Not at intersection",3,80,"GEELONG","SOUTH WESTERN REGION",-38.1725372,144.5355702,"Dry","Clear"
"T20190009836","26/5/19",04:00:00,"Collision with a fixed object","Sunday","Dark No street lights",1,4,"Not at intersection",3,100,"NORTHERN GRAMPIANS","WESTERN REGION",-37.14781871,142.471221,"Wet","Raining"
"T20190009840","24/5/19",16:30:00,"Collision with a fixed object","Friday","Day",1,1,"Not at intersection",2,100,"CARDINIA","METROPOLITAN SOUTH EAST REGION",-38.18192909,145.5925148,"Dry","Strong winds"
"T20190009841","26/5/19",09:45:00,"Collision with vehicle","Sunday","Day",2,2,"Not at intersection",2,40,"BAYSIDE","METROPOLITAN SOUTH EAST REGION",-37.94046008,145.0019548,"Dry","Clear"
"T20190009842","22/5/19",10:30:00,"Struck Pedestrian","Wednesday","Day",1,2,"Not at intersection",3,999,"BOROONDARA","METROPOLITAN SOUTH EAST REGION",-37.79821001,145.0522536,"Dry","Clear"
"T20190009844","26/5/19",10:15:00,"Collision with vehicle","Sunday","Day",2,2,"Unknown",3,40,"MELBOURNE","METROPOLITAN NORTH WEST REGION",-37.78958532,144.9590043,"Dry","Not known"
"T20190009847","24/5/19",13:30:00,"No collision and no object struck","Friday","Day",1,1,"Unknown",3,999,"MOORABOOL","WESTERN REGION",-37.50248425,144.3165684,"Wet","Clear"
"T20190009848","26/5/19",12:00:00,"Collision with vehicle","Sunday","Day",2,3,"T intersection",2,80,"CASEY","METROPOLITAN SOUTH EAST REGION",-38.05643923,145.2437229,"Dry","Clear"
"T20190009851","25/5/19",19:20:00,"Struck Pedestrian","Saturday","Dark Street lights on",1,2,"Cross intersection",3,40,"MORELAND","METROPOLITAN NORTH WEST REGION",-37.76885629,144.9618157,"Wet","Raining"
"T20190009851","25/5/19",19:20:00,"Struck Pedestrian","Saturday","Dark Street lights on",1,2,"Cross intersection",3,40,"MORELAND","METROPOLITAN NORTH WEST REGION",-37.76885629,144.9618157,"Wet","Strong winds"
"T20190009852","26/5/19",11:20:00,"Collision with vehicle","Sunday","Day",2,3,"Not at intersection",2,60,"STONNINGTON","METROPOLITAN SOUTH EAST REGION",-37.87568357,145.045794,"Dry","Clear"
"T20190009853","26/5/19",09:32:00,"Collision with vehicle","Sunday","Day",2,2,"T intersection",2,50,"BOROONDARA","METROPOLITAN SOUTH EAST REGION",-37.85568527,145.0759004,"Dry","Clear"
"T20190009855","26/5/19",13:49:00,"Collision with vehicle","Sunday","Day",3,3,"Cross intersection",2,60,"CASEY","METROPOLITAN SOUTH EAST REGION",-38.0426011,145.3364832,"Dry","Clear"
"T20190009857","26/5/19",09:30:00,"Collision with vehicle","Sunday","Day",2,1,"Not at intersection",3,30,"MELBOURNE","METROPOLITAN NORTH WEST REGION",-37.78958532,144.9590043,"Dry","Clear"
"T20190009859","26/5/19",14:15:00,"Struck Pedestrian","Sunday","Day",1,4,"Not at intersection",3,40,"MORNINGTON PENINSULA","METROPOLITAN SOUTH EAST REGION",-38.24762061,145.1057383,"Wet","Clear"
"T20190009860","27/4/19",10:10:00,"Collision with vehicle","Saturday","Day",2,3,"Not at intersection",3,50,"WYNDHAM","METROPOLITAN NORTH WEST REGION",-37.87456845,144.7178944,"Unknown","Not known"
"T20190009861","26/5/19",07:00:00,"Collision with a fixed object","Sunday","Dark Street lights on",1,1,"Not at intersection",3,80,"DANDENONG","METROPOLITAN SOUTH EAST REGION",-37.96199394,145.22663,"Wet","Raining"
"T20190009862","26/5/19",14:00:00,"Collision with a fixed object","Sunday","Day",1,1,"Not at intersection",3,80,"TOWONG","NORTH EASTERN REGION",-36.17635397,147.3386938,"Dry","Clear"
"T20190009863","26/5/19",08:00:00,"Collision with vehicle","Sunday","Day",2,2,"Cross intersection",3,50,"WARRNAMBOOL","SOUTH WESTERN REGION",-38.3805539,142.4768106,"Unknown","Not known"
"T20190009865","22/5/19",07:00:00,"Struck Pedestrian","Wednesday","Dusk/Dawn",1,2,"Cross intersection",3,60,"GEELONG","SOUTH WESTERN REGION",-38.13066115,144.3383073,"Dry","Clear"
"T20190009866","26/5/19",16:15:00,"Collision with vehicle","Sunday","Day",2,4,"Cross intersection",3,100,"COLAC OTWAY","SOUTH WESTERN REGION",-38.41084578,143.4439043,"Dry","Clear"
"T20190009867","26/5/19",16:54:00,"Collision with vehicle","Sunday","Day",3,7,"Not at intersection",3,60,"MORELAND","METROPOLITAN NORTH WEST REGION",-37.70407748,144.9562204,"Dry","Clear"
"T20190009870","26/5/19",17:53:00,"Collision with vehicle","Sunday","Dark Street lights on",3,3,"Not at intersection",2,60,"GEELONG","SOUTH WESTERN REGION",-38.02306226,144.4124541,"Dry","Clear"
"T20190009871","26/5/19",16:30:00,"No collision and no object struck","Sunday","Day",1,1,"Not at intersection",3,50,"HUME","METROPOLITAN NORTH WEST REGION",-37.67997695,144.8717614,"Dry","Clear"
"T20190009874","26/5/19",18:45:00,"Collision with a fixed object","Sunday","Dark No street lights",1,1,"Not at intersection",3,100,"GOLDEN PLAINS","SOUTH WESTERN REGION",-37.80604426,143.9161028,"Wet","Raining"
"T20190009875","26/5/19",19:16:00,"Collision with vehicle","Sunday","Dark Street lights on",2,2,"T intersection",3,999,"BRIMBANK","METROPOLITAN NORTH WEST REGION",-37.7450596,144.7996154,"Dry","Clear"
"T20190009876","26/5/19",20:00:00,"Collision with vehicle","Sunday","Dark Street lights on",2,3,"Cross intersection",3,80,"HUME","METROPOLITAN NORTH WEST REGION",-37.64287845,144.9467151,"Dry","Clear"
"T20190009877","26/5/19",13:15:00,"Collision with a fixed object","Sunday","Day",1,1,"Cross intersection",2,100,"BENDIGO","NORTHERN REGION",-36.82055003,144.2589282,"Dry","Clear"
"T20190009878","26/5/19",16:40:00,"Collision with vehicle","Sunday","Day",2,4,"Cross intersection",2,60,"MANNINGHAM","METROPOLITAN SOUTH EAST REGION",-37.78841444,145.1042412,"Dry","Clear"
"T20190009880","26/5/19",21:17:00,"Struck Pedestrian","Sunday","Dark Street lights on",1,3,"Not at intersection",3,40,"MONASH","METROPOLITAN SOUTH EAST REGION",-37.926817,145.1194126,"Wet","Raining"
"T20190009881","26/5/19",21:00:00,"Collision with vehicle","Sunday","Dark No street lights",2,2,"Not at intersection",3,110,"MELTON","METROPOLITAN NORTH WEST REGION",-37.69175613,144.5772018,"Wet","Raining"
"T20190009882","26/5/19",17:38:00,"Struck Pedestrian","Sunday","Dusk/Dawn",1,2,"Not at intersection",3,80,"BRIMBANK","METROPOLITAN NORTH WEST REGION",-37.77398307,144.8036133,"Dry","Clear"
"T20190009883","26/5/19",19:30:00,"Collision with vehicle","Sunday","Unknown",2,2,"Not at intersection",3,999,"MELBOURNE","METROPOLITAN NORTH WEST REGION",-37.80160675,144.9667797,"Unknown","Not known"
"T20190009884","26/5/19",22:01:00,"Collision with vehicle","Sunday","Dark Street lights on",2,2,"Not at intersection",2,40,"STONNINGTON","METROPOLITAN SOUTH EAST REGION",-37.84466057,144.9945782,"Wet","Raining"
"T20190009890","27/5/19",04:00:00,"Collision with a fixed object","Monday","Dark No street lights",1,1,"Not at intersection",2,999,"YARRA RANGES","METROPOLITAN SOUTH EAST REGION",-37.73418549,145.2829638,"Wet","Raining"
"T20190009891","27/5/19",04:30:00,"Collision with a fixed object","Monday","Dark No street lights",1,1,"Not at intersection",3,100,"BAW BAW","EASTERN REGION",-38.20630687,145.9702517,"Wet","Clear"
"T20190009893","27/5/19",07:20:00,"Struck Pedestrian","Monday","Dusk/Dawn",1,2,"T intersection",3,50,"MONASH","METROPOLITAN SOUTH EAST REGION",-37.91945986,145.1648383,"Dry","Clear"
"T20190009895","27/5/19",05:50:00,"Collision with vehicle","Monday","Dark No street lights",2,2,"Not at intersection",2,100,"MOYNE","SOUTH WESTERN REGION",-38.25683562,142.6484575,"Wet","Raining"
"T20190009897","27/5/19",08:00:00,"Collision with vehicle","Monday","Day",2,4,"Not at intersection",3,50,"GEELONG","SOUTH WESTERN REGION",-38.14442047,144.3531764,"Wet","Raining"
"T20190009897","27/5/19",08:00:00,"Collision with vehicle","Monday","Day",2,4,"Not at intersection",3,50,"GEELONG","SOUTH WESTERN REGION",-38.14442047,144.3531764,"Icy","Raining"
"T20190009901","27/5/19",08:40:00,"Vehicle overturned (no collision)","Monday","Day",3,3,"Not at intersection",2,40,"STONNINGTON","METROPOLITAN SOUTH EAST REGION",-37.8471639,144.9963249,"Wet","Raining"
"T20190009903","19/4/19",14:50:00,"Collision with vehicle","Friday","Unknown",3,3,"Not at intersection",3,999,"WELLINGTON","EASTERN REGION",-37.97169043,147.0778007,"Unknown","Not known"
"T20190009904","27/5/19",10:05:00,"Collision with vehicle","Monday","Day",2,4,"T intersection",2,50,"WHITTLESEA","METROPOLITAN NORTH WEST REGION",-37.67356971,145.0587999,"Dry","Clear"
"T20190009905","27/5/19",09:55:00,"Vehicle overturned (no collision)","Monday","Day",1,2,"T intersection",3,60,"MELBOURNE","METROPOLITAN NORTH WEST REGION",-37.81517458,144.9774164,"Wet","Raining"
"T20190009908","27/5/19",10:24:00,"Collision with vehicle","Monday","Day",2,2,"T intersection",2,60,"YARRA","METROPOLITAN NORTH WEST REGION",-37.80074263,145.0021695,"Wet","Raining"
"T20190009909","24/5/19",10:15:00,"Struck Pedestrian","Friday","Day",1,2,"Not at intersection",2,60,"BAW BAW","EASTERN REGION",-38.21072971,146.1520508,"Dry","Clear"
"T20190009916","27/5/19",11:45:00,"Collision with vehicle","Monday","Day",2,2,"Cross intersection",2,60,"DAREBIN","METROPOLITAN NORTH WEST REGION",-37.72905927,145.0255665,"Dry","Clear"
"T20190009922","27/5/19",12:40:00,"No collision and no object struck","Monday","Day",1,1,"Not at intersection",3,80,"CASEY","METROPOLITAN SOUTH EAST REGION",-38.12705132,145.3255337,"Wet","Raining"
"T20190009922","27/5/19",12:40:00,"No collision and no object struck","Monday","Day",1,1,"Not at intersection",3,80,"CASEY","METROPOLITAN SOUTH EAST REGION",-38.12705132,145.3255337,"Wet","Strong winds"
"T20190009927","18/5/19",15:15:00,"Collision with vehicle","Saturday","Day",2,2,"Not at intersection",3,100,"HUME","METROPOLITAN NORTH WEST REGION",-37.51820011,144.7616623,"Dry","Clear"
"T20190009928","27/5/19",09:30:00,"Collision with a fixed object","Monday","Day",1,2,"Not at intersection",2,100,"BASS COAST","EASTERN REGION",-38.5335815,145.4533712,"Wet","Raining"
"T20190009931","27/5/19",13:30:00,"Struck Pedestrian","Monday","Day",1,2,"Cross intersection",3,60,"YARRA RANGES","METROPOLITAN SOUTH EAST REGION",-37.81626186,145.4584121,"Dry","Not known"
"T20190009932","15/4/19",13:00:00,"Collision with vehicle","Monday","Day",2,2,"T intersection",3,40,"BOROONDARA","METROPOLITAN SOUTH EAST REGION",-37.86324238,145.0781897,"Dry","Clear"
"T20190009933","27/5/19",15:05:00,"Collision with a fixed object","Monday","Day",1,1,"Not at intersection",3,60,"YARRA RANGES","METROPOLITAN SOUTH EAST REGION",-37.91863888,145.331457,"Wet","Raining"
"T20190009934","27/5/19",13:17:00,"Collision with vehicle","Monday","Day",2,3,"Not at intersection",3,40,"MELTON","METROPOLITAN NORTH WEST REGION",-37.76312627,144.7562335,"Dry","Clear"
"T20190009935","27/5/19",13:07:00,"Collision with vehicle","Monday","Day",2,2,"Not at intersection",2,50,"BRIMBANK","METROPOLITAN NORTH WEST REGION",-37.75288394,144.8133916,"Dry","Raining"
"T20190009938","27/5/19",17:40:00,"Collision with vehicle","Monday","Dusk/Dawn",2,2,"Cross intersection",3,40,"MILDURA","WESTERN REGION",-34.18478395,142.1587677,"Dry","Clear"
"T20190009939","27/5/19",16:55:00,"Collision with vehicle","Monday","Day",2,3,"Cross intersection",2,100,"MACEDON RANGES","NORTHERN REGION",-37.28534084,144.7368018,"Wet","Raining"
"T20190009940","27/5/19",17:00:00,"Collision with vehicle","Monday","Dusk/Dawn",2,2,"Cross intersection",3,60,"MOONEE VALLEY","METROPOLITAN NORTH WEST REGION",-37.74686904,144.9096962,"Wet","Clear"
"T20190009941","27/5/19",17:15:00,"Collision with vehicle","Monday","Dark Street lights on",2,2,"Not at intersection",3,100,"CASEY","METROPOLITAN SOUTH EAST REGION",-37.98494675,145.2483578,"Wet","Raining"
"T20190009942","27/5/19",15:15:00,"Collision with vehicle","Monday","Day",2,2,"Not at intersection",3,80,"MOONEE VALLEY","METROPOLITAN NORTH WEST REGION",-37.72728602,144.8908953,"Dry","Clear"
"T20190009943","27/5/19",13:40:00,"Collision with vehicle","Monday","Day",3,3,"T intersection",3,60,"MONASH","METROPOLITAN SOUTH EAST REGION",-37.93662809,145.1927108,"Dry","Clear"
"T20190009944","27/5/19",17:30:00,"Struck Pedestrian","Monday","Dark Street lights on",1,2,"Cross intersection",2,60,"MOONEE VALLEY","METROPOLITAN NORTH WEST REGION",-37.78265837,144.9222085,"Wet","Clear"
"T20190009947","27/5/19",19:15:00,"Collision with vehicle","Monday","Dark Street lights on",2,2,"Not at intersection",2,70,"CAMPASPE","NORTHERN REGION",-36.14045139,144.7321901,"Dry","Clear"
"T20190009948","27/5/19",17:55:00,"Collision with vehicle","Monday","Dark Street lights on",2,2,"T intersection",3,999,"CASEY","METROPOLITAN SOUTH EAST REGION",-38.10993758,145.2532806,"Dry","Clear"
"T20190009950","27/5/19",13:20:00,"No collision and no object struck","Monday","Day",1,1,"Cross intersection",3,40,"MOONEE VALLEY","METROPOLITAN NORTH WEST REGION",-37.7109146,144.889199,"Dry","Clear"
"T20190009951","27/5/19",17:30:00,"Struck Pedestrian","Monday","Dark Street lights unknown",1,2,"Cross intersection",2,50,"BENDIGO","NORTHERN REGION",-36.7634152,144.2827475,"Wet","Raining"
"T20190009952","26/5/19",23:45:00,"Collision with vehicle","Sunday","Dark Street lights on",2,4,"Cross intersection",3,60,"MANNINGHAM","METROPOLITAN SOUTH EAST REGION",-37.77040932,145.099256,"Wet","Raining"
"T20190009952","26/5/19",23:45:00,"Collision with vehicle","Sunday","Dark Street lights on",2,4,"Cross intersection",3,60,"MANNINGHAM","METROPOLITAN SOUTH EAST REGION",-37.77040932,145.099256,"Wet","Strong winds"
"T20190009954","27/5/19",22:43:00,"Collision with vehicle","Monday","Dark Street lights on",2,4,"Multiple intersection",2,60,"BOROONDARA","METROPOLITAN SOUTH EAST REGION",-37.77913869,145.0820893,"Wet","Raining"
"T20190009955","27/5/19",22:45:00,"Collision with a fixed object","Monday","Dark Street lights on",1,2,"T intersection",2,50,"MORELAND","METROPOLITAN NORTH WEST REGION",-37.69605385,144.9708914,"Dry","Clear"
"T20190009957","27/5/19",21:45:00,"Collision with a fixed object","Monday","Dark Street lights on",1,2,"Not at intersection",2,60,"WHITTLESEA","METROPOLITAN NORTH WEST REGION",-37.66769959,145.0161865,"Dry","Clear"
"T20190009959","27/5/19",21:15:00,"Collision with vehicle","Monday","Dark Street lights on",2,2,"T intersection",3,60,"MARIBYRNONG","METROPOLITAN NORTH WEST REGION",-37.77573438,144.8855655,"Dry","Clear"
"T20190009964","20/5/19",08:55:00,"Collision with vehicle","Monday","Day",3,3,"Not at intersection",3,40,"YARRA","METROPOLITAN NORTH WEST REGION",-37.82182755,144.9986093,"Dry","Not known"
"T20190009966","27/5/19",20:40:00,"Collision with a fixed object","Monday","Dark Street lights on",1,3,"Not at intersection",1,60,"MILDURA","WESTERN REGION",-34.30597746,142.195877,"Dry","Clear"
"T20190009967","27/5/19",23:15:00,"Collision with vehicle","Monday","Dark Street lights on",2,3,"T intersection",1,80,"MORNINGTON PENINSULA","METROPOLITAN SOUTH EAST REGION",-38.17916401,145.0962392,"Wet","Clear"
"T20190009970","27/5/19",19:35:00,"Struck Pedestrian","Monday","Dusk/Dawn",1,2,"Not at intersection",1,80,"BRIMBANK","METROPOLITAN NORTH WEST REGION",-37.77381159,144.803189,"Dry","Clear"
"T20190009974","27/5/19",13:55:00,"Collision with vehicle","Monday","Day",2,2,"T intersection",3,60,"SHEPPARTON","NORTH EASTERN REGION",-36.38613466,145.4243722,"Dry","Clear"
"T20190009978","20/5/19",14:40:00,"Collision with vehicle","Monday","Day",3,3,"Not at intersection",3,80,"BRIMBANK","METROPOLITAN NORTH WEST REGION",-37.74777196,144.8369949,"Dry","Clear"
"T20190009981","28/5/19",05:30:00,"Collision with a fixed object","Tuesday","Day",1,3,"Not at intersection",2,999,"MITCHELL","NORTHERN REGION",-37.01767422,145.3113324,"Dry","Clear"
"T20190009983","21/5/19",14:20:00,"No collision and no object struck","Tuesday","Day",2,2,"Not at intersection",2,60,"GEELONG","SOUTH WESTERN REGION",-38.10561874,144.3443959,"Dry","Clear"
"T20190009985","28/5/19",08:25:00,"No collision and no object struck","Tuesday","Day",1,1,"Not at intersection",3,100,"CORANGAMITE","SOUTH WESTERN REGION",-38.59261713,142.9159414,"Wet","Raining"
"T20190009986","28/5/19",06:37:00,"Collision with vehicle","Tuesday","Dark Street lights on",2,2,"T intersection",2,80,"DANDENONG","METROPOLITAN SOUTH EAST REGION",-38.02871319,145.2125346,"Dry","Clear"
"T20190009987","28/5/19",08:57:00,"Fall from or in moving vehicle","Tuesday","Day",1,1,"Cross intersection",3,60,"BAYSIDE","METROPOLITAN SOUTH EAST REGION",-37.93187068,145.0257275,"Dry","Clear"
"T20190009988","9/5/19",18:24:00,"Collision with vehicle","Thursday","Dark Street lights on",2,4,"T intersection",3,80,"DANDENONG","METROPOLITAN SOUTH EAST REGION",-37.95357355,145.1795467,"Dry","Clear"
"T20190009989","28/5/19",11:27:00,"Collision with a fixed object","Tuesday","Day",1,1,"Not at intersection",3,100,"CAMPASPE","NORTHERN REGION",-36.19800752,144.9280579,"Wet","Raining"
"T20190009992","24/5/19",17:00:00,"Collision with vehicle","Friday","Dusk/Dawn",2,2,"Not at intersection",3,60,"BRIMBANK","METROPOLITAN NORTH WEST REGION",-37.77003305,144.8300267,"Dry","Clear"
"T20190009994","23/5/19",08:00:00,"Collision with vehicle","Thursday","Day",3,3,"Cross intersection",3,60,"MARIBYRNONG","METROPOLITAN NORTH WEST REGION",-37.80325902,144.8923933,"Dry","Clear"
"T20190009997","28/5/19",12:55:00,"Collision with a fixed object","Tuesday","Day",2,3,"Not at intersection",2,60,"SHEPPARTON","NORTH EASTERN REGION",-36.38427127,145.3544576,"Wet","Raining"
"T20190009999","28/5/19",12:11:00,"Vehicle overturned (no collision)","Tuesday","Day",1,1,"Cross intersection",3,40,"YARRA","METROPOLITAN NORTH WEST REGION",-37.80543484,144.9967092,"Wet","Raining"
"T20190010002","28/5/19",13:25:00,"Collision with vehicle","Tuesday","Day",2,2,"Not at intersection",2,100,"WYNDHAM","METROPOLITAN NORTH WEST REGION",-37.82761583,144.8171202,"Dry","Clear"
"T20190010006","11/4/19",13:02:00,"Collision with vehicle","Thursday","Day",2,1,"T intersection",3,50,"BAYSIDE","METROPOLITAN SOUTH EAST REGION",-37.89298686,144.993942,"Dry","Clear"
"T20190010008","28/5/19",15:30:00,"Struck Pedestrian","Tuesday","Day",1,2,"Not at intersection",3,40,"BALLARAT","WESTERN REGION",-37.59294223,143.8429751,"Wet","Clear"
"T20190010009","28/5/19",14:15:00,"Collision with vehicle","Tuesday","Day",2,3,"Not at intersection",2,80,"MONASH","METROPOLITAN SOUTH EAST REGION",-37.91479474,145.1282315,"Dry","Clear"
"T20190010010","9/5/19",09:10:00,"Collision with vehicle","Thursday","Day",2,2,"Not at intersection",3,60,"MARIBYRNONG","METROPOLITAN NORTH WEST REGION",-37.80384642,144.8963607,"Dry","Not known"
"T20190010011","28/5/19",15:28:00,"Collision with vehicle","Tuesday","Day",2,5,"Cross intersection",3,60,"HORSHAM","WESTERN REGION",-36.71040226,142.1962536,"Dry","Clear"
"T20190010015","28/5/19",17:35:00,"No collision and no object struck","Tuesday","Dark Street lights on",2,2,"Cross intersection",2,40,"MOONEE VALLEY","METROPOLITAN NORTH WEST REGION",-37.7347999,144.9240129,"Wet","Raining"
"T20190010016","28/5/19",16:05:00,"No collision and no object struck","Tuesday","Day",1,1,"T intersection",2,60,"CASEY","METROPOLITAN SOUTH EAST REGION",-37.96784414,145.3169993,"Wet","Raining"
"T20190010019","28/5/19",17:40:00,"Collision with vehicle","Tuesday","Dark Street lights on",2,2,"Not at intersection",3,50,"CASEY","METROPOLITAN SOUTH EAST REGION",-38.08695145,145.2870261,"Wet","Raining"
"T20190010020","28/5/19",17:30:00,"Collision with vehicle","Tuesday","Dark Street lights on",3,2,"T intersection",2,50,"DANDENONG","METROPOLITAN SOUTH EAST REGION",-37.95549724,145.1986481,"Wet","Clear"
"T20190010021","8/2/19",17:30:00,"Collision with vehicle","Friday","Unknown",2,2,"Cross intersection",3,50,"MELBOURNE","METROPOLITAN NORTH WEST REGION",-37.79899609,144.9702263,"Unknown","Not known"
"T20190010023","28/5/19",19:00:00,"Collision with vehicle","Tuesday","Dark Street lights on",4,4,"Cross intersection",3,80,"BANYULE","METROPOLITAN NORTH WEST REGION",-37.73766597,145.1342615,"Wet","Raining"