"ACCIDENT_NO","ACCIDENTDATE","ACCIDENTTIME","Accident Type Desc","Day Week Description","Light Condition Desc","NO_OF_VEHICLES","NO_PERSONS","Road Geometry Desc","SEVERITY","SPEED_ZONE","LGA_NAME","REGION_NAME","Lat","Long","Surface Cond Desc","Atmosph Cond Desc"
"T20190010024","28/5/19",18:55:00,"Collision with a fixed object","Tuesday","Dark No street lights",1,1,"Not at intersection",3,100,"GOLDEN PLAINS","SOUTH WESTERN REGION",-37.80404547,143.7619878,"Dry","Clear"
"T20190010025","28/5/19",20:09:00,"Collision with vehicle","Tuesday","Dark Street lights on",2,4,"Not at intersection",2,80,"MONASH","METROPOLITAN SOUTH EAST REGION",-37.91309433,145.1250985,"Dry","Clear"
"T20190010028","28/5/19",17:49:00,"Collision with vehicle","Tuesday","Dark No street lights",2,2,"T intersection",3,40,"SOUTH GIPPSLAND","EASTERN REGION",-38.49141846,145.9298653,"Wet","Raining"
"T20190010029","28/5/19",20:25:00,"Collision with vehicle","Tuesday","Dark Street lights on",3,5,"Not at intersection",2,100,"WHITTLESEA","METROPOLITAN NORTH WEST REGION",-37.690121,144.9778138,"Wet","Raining"
"T20190010031","28/5/19",13:55:00,"Struck Pedestrian","Tuesday","Day",1,2,"Not at intersection",3,50,"WHITEHORSE","METROPOLITAN SOUTH EAST REGION",-37.81150125,145.1945183,"Unknown","Not known"
"T20190010032","28/5/19",22:30:00,"Collision with vehicle","Tuesday","Dark Street lights unknown",2,2,"Cross intersection",2,60,"DANDENONG","METROPOLITAN SOUTH EAST REGION",-37.96170236,145.1691024,"Dry","Clear"
"T20190010032","28/5/19",22:30:00,"Collision with vehicle","Tuesday","Dark Street lights unknown",2,2,"Cross intersection",2,60,"DANDENONG","METROPOLITAN SOUTH EAST REGION",-37.96170236,145.1691024,"Dry","Strong winds"
"T20190010033","28/5/19",22:52:00,"Collision with vehicle","Tuesday","Dark Street lights on",2,3,"Cross intersection",3,50,"MILDURA","WESTERN REGION",-34.19258899,142.1539419,"Wet","Clear"
"T20190010034","27/5/19",15:55:00,"Collision with vehicle","Monday","Day",2,2,"T intersection",3,60,"HOBSONS BAY","METROPOLITAN NORTH WEST REGION",-37.84435498,144.7834643,"Dry","Raining"
"T20190010035","24/5/19",20:56:00,"Collision with a fixed object","Friday","Dark Street lights on",1,1,"Cross intersection",2,60,"MELBOURNE","METROPOLITAN NORTH WEST REGION",-37.79254974,144.9582861,"Dry","Clear"
"T20190010036","28/5/19",18:05:00,"Collision with vehicle","Tuesday","Dark Street lights on",2,2,"Not at intersection",2,80,"HUME","METROPOLITAN NORTH WEST REGION",-37.69379559,144.9129591,"Wet","Clear"
"T20190010041","29/5/19",04:40:00,"Collision with vehicle","Wednesday","Dark Street lights on",2,2,"Not at intersection",3,60,"MOONEE VALLEY","METROPOLITAN NORTH WEST REGION",-37.76784293,144.9296503,"Wet","Raining"
"T20190010042","27/5/19",21:29:00,"collision with some other object","Monday","Dark No street lights",4,4,"Not at intersection",3,110,"LATROBE","EASTERN REGION",-38.2054921,146.3022312,"Wet","Raining"
"T20190010042","27/5/19",21:29:00,"collision with some other object","Monday","Dark No street lights",4,4,"Not at intersection",3,110,"LATROBE","EASTERN REGION",-38.2054921,146.3022312,"Wet","Strong winds"
"T20190010043","29/5/19",08:30:00,"Collision with vehicle","Wednesday","Day",2,2,"T intersection",2,50,"MELBOURNE","METROPOLITAN NORTH WEST REGION",-37.7946316,144.9318422,"Dry","Clear"
"T20190010044","29/5/19",06:15:00,"Collision with vehicle","Wednesday","Dark Street lights on",2,2,"Not at intersection",3,100,"FRANKSTON","METROPOLITAN SOUTH EAST REGION",-38.09702537,145.1542974,"Dry","Clear"
"T20190010045","29/5/19",06:05:00,"Collision with vehicle","Wednesday","Dark Street lights on",2,2,"Cross intersection",2,80,"DANDENONG","METROPOLITAN SOUTH EAST REGION",-38.03447911,145.234642,"Wet","Raining"
"T20190010046","29/5/19",07:48:00,"Collision with vehicle","Wednesday","Day",2,2,"Cross intersection",2,60,"PORT PHILLIP","METROPOLITAN NORTH WEST REGION",-37.87417611,144.9798717,"Dry","Clear"
"T20190010049","14/5/19",11:10:00,"Collision with vehicle","Tuesday","Day",2,2,"Cross intersection",3,60,"BANYULE","METROPOLITAN NORTH WEST REGION",-37.75663787,145.0696135,"Dry","Clear"
"T20190010051","29/5/19",07:51:00,"Collision with vehicle","Wednesday","Day",2,2,"Not at intersection",2,60,"DANDENONG","METROPOLITAN SOUTH EAST REGION",-37.93813539,145.1893625,"Dry","Clear"
"T20190010055","8/5/19",15:45:00,"Collision with vehicle","Wednesday","Day",2,2,"Not at intersection",3,100,"GEELONG","SOUTH WESTERN REGION",-38.17772585,144.4876493,"Dry","Clear"
"T20190010056","27/5/19",16:20:00,"Collision with vehicle","Monday","Day",2,2,"T intersection",3,888,"WYNDHAM","METROPOLITAN NORTH WEST REGION",-37.8501636,144.7031291,"Unknown","Not known"
"T20190010058","29/5/19",11:00:00,"Collision with vehicle","Wednesday","Day",2,2,"Cross intersection",3,60,"MELBOURNE","METROPOLITAN NORTH WEST REGION",-37.81095643,144.9478235,"Wet","Clear"
"T20190010059","29/5/19",07:10:00,"Collision with a fixed object","Wednesday","Dusk/Dawn",1,1,"Not at intersection",2,70,"BENDIGO","NORTHERN REGION",-37.01522416,144.5420277,"Wet","Not known"
"T20190010061","29/5/19",12:30:00,"Collision with vehicle","Wednesday","Day",3,3,"Cross intersection",2,60,"GLEN EIRA","METROPOLITAN SOUTH EAST REGION",-37.88497424,145.0151565,"Dry","Clear"
"T20190010064","25/5/19",11:00:00,"Collision with vehicle","Saturday","Day",2,3,"Not at intersection",2,999,"WHITEHORSE","METROPOLITAN SOUTH EAST REGION",-37.81579134,145.1057959,"Unknown","Not known"
"T20190010065","23/5/19",19:00:00,"Collision with a fixed object","Thursday","Dusk/Dawn",1,1,"Not at intersection",3,80,"BAW BAW","EASTERN REGION",-38.07658767,145.9450101,"Dry","Clear"
"T20190010066","29/5/19",11:45:00,"Collision with vehicle","Wednesday","Day",3,3,"T intersection",2,100,"MORNINGTON PENINSULA","METROPOLITAN SOUTH EAST REGION",-38.41263564,144.8874511,"Dry","Clear"
"T20190010068","29/5/19",11:34:00,"Collision with vehicle","Wednesday","Day",3,3,"Not at intersection",2,80,"FRANKSTON","METROPOLITAN SOUTH EAST REGION",-38.15522464,145.1662077,"Dry","Clear"
"T20190010069","29/5/19",12:48:00,"Collision with vehicle","Wednesday","Day",2,2,"Y intersection",3,60,"CARDINIA","METROPOLITAN SOUTH EAST REGION",-37.92934105,145.4274898,"Dry","Clear"
"T20190010070","29/5/19",11:20:00,"Collision with a fixed object","Wednesday","Day",1,1,"Not at intersection",3,80,"SOUTH GIPPSLAND","EASTERN REGION",-38.42516429,145.7448913,"Wet","Raining"
"T20190010070","29/5/19",11:20:00,"Collision with a fixed object","Wednesday","Day",1,1,"Not at intersection",3,80,"SOUTH GIPPSLAND","EASTERN REGION",-38.42516429,145.7448913,"Wet","Strong winds"
"T20190010071","29/5/19",12:15:00,"Collision with vehicle","Wednesday","Day",2,3,"Cross intersection",2,80,"MORNINGTON PENINSULA","METROPOLITAN SOUTH EAST REGION",-38.37399314,145.0786736,"Wet","Raining"
"T20190010072","29/5/19",16:15:00,"Collision with vehicle","Wednesday","Day",2,5,"Not at intersection",3,50,"HUME","METROPOLITAN NORTH WEST REGION",-37.59261089,144.924856,"Dry","Clear"
"T20190010074","29/5/19",13:45:00,"Collision with vehicle","Wednesday","Day",2,2,"Cross intersection",2,60,"STONNINGTON","METROPOLITAN SOUTH EAST REGION",-37.85938916,145.0513248,"Dry","Clear"
"T20190010076","29/5/19",13:30:00,"Collision with vehicle","Wednesday","Day",2,2,"Not at intersection",3,999,"DAREBIN","METROPOLITAN NORTH WEST REGION",-37.74985354,145.0107143,"Dry","Clear"
"T20190010079","29/5/19",10:59:00,"Collision with vehicle","Wednesday","Day",2,2,"Not at intersection",3,60,"HUME","METROPOLITAN NORTH WEST REGION",-37.66711648,144.9532194,"Dry","Not known"
"T20190010081","29/5/19",15:00:00,"Collision with vehicle","Wednesday","Day",3,3,"Cross intersection",3,60,"WHITTLESEA","METROPOLITAN NORTH WEST REGION",-37.69752603,145.0559526,"Wet","Raining"
"T20190010084","29/5/19",15:45:00,"Collision with vehicle","Wednesday","Day",2,2,"T intersection",2,50,"STONNINGTON","METROPOLITAN SOUTH EAST REGION",-37.83751952,145.0114194,"Wet","Raining"
"T20190010086","19/5/19",17:45:00,"Collision with vehicle","Sunday","Unknown",2,2,"Cross intersection",3,60,"MOONEE VALLEY","METROPOLITAN NORTH WEST REGION",-37.7513387,144.9237307,"Unknown","Clear"
"T20190010088","29/5/19",17:24:00,"Collision with vehicle","Wednesday","Dark Street lights on",2,2,"T intersection",2,60,"BENDIGO","NORTHERN REGION",-36.75733175,144.2480867,"Wet","Raining"
"T20190010089","29/5/19",18:00:00,"Collision with vehicle","Wednesday","Dark No street lights",2,3,"Not at intersection",2,40,"MOORABOOL","WESTERN REGION",-37.69064875,144.4122598,"Muddy","Clear"
"T20190010090","29/5/19",17:45:00,"Collision with vehicle","Wednesday","Dark Street lights on",3,3,"T intersection",3,60,"WHITTLESEA","METROPOLITAN NORTH WEST REGION",-37.60194563,145.1072531,"Wet","Clear"
"T20190010091","29/5/19",16:46:00,"Collision with vehicle","Wednesday","Day",2,2,"Not at intersection",3,100,"SHEPPARTON","NORTH EASTERN REGION",-36.33122837,145.717567,"Dry","Clear"
"T20190010093","29/5/19",16:09:00,"Collision with vehicle","Wednesday","Day",2,2,"T intersection",3,60,"WODONGA","NORTH EASTERN REGION",-36.14495071,146.8669279,"Wet","Raining"
"T20190010095","29/5/19",16:42:00,"Collision with a fixed object","Wednesday","Dusk/Dawn",1,1,"Not at intersection",3,40,"NILLUMBIK","METROPOLITAN NORTH WEST REGION",-37.61354607,145.1368686,"Wet","Raining"
"T20190010096","29/5/19",19:15:00,"Collision with vehicle","Wednesday","Dark Street lights on",2,2,"T intersection",3,50,"BENDIGO","NORTHERN REGION",-36.74837292,144.2596957,"Dry","Clear"
"T20190010103","29/5/19",16:38:00,"Collision with a fixed object","Wednesday","Day",1,1,"Not at intersection",1,70,"MONASH","METROPOLITAN SOUTH EAST REGION",-37.90530293,145.1127294,"Wet","Raining"
"T20190010103","29/5/19",16:38:00,"Collision with a fixed object","Wednesday","Day",1,1,"Not at intersection",1,70,"MONASH","METROPOLITAN SOUTH EAST REGION",-37.90530293,145.1127294,"Icy","Raining"
"T20190010104","29/5/19",14:55:00,"Struck Pedestrian","Wednesday","Day",2,4,"Cross intersection",3,60,"MARIBYRNONG","METROPOLITAN NORTH WEST REGION",-37.81437537,144.8971767,"Wet","Clear"
"T20190010105","29/5/19",19:23:00,"Collision with vehicle","Wednesday","Dark Street lights on",2,2,"Not at intersection",2,50,"WHITTLESEA","METROPOLITAN NORTH WEST REGION",-37.68163369,145.0262173,"Wet","Raining"
"T20190010106","29/5/19",18:00:00,"Collision with a fixed object","Wednesday","Dark Street lights on",1,1,"T intersection",3,40,"MAROONDAH","METROPOLITAN SOUTH EAST REGION",-37.79531891,145.2469645,"Wet","Raining"
"T20190010108","27/5/19",18:00:00,"Collision with vehicle","Monday","Dark No street lights",2,2,"Not at intersection",3,100,"BAW BAW","EASTERN REGION",-38.12160362,145.7621874,"Wet","Raining"
"T20190010110","29/5/19",23:17:00,"Collision with vehicle","Wednesday","Dark Street lights on",2,2,"Cross intersection",2,80,"HUME","METROPOLITAN NORTH WEST REGION",-37.59720981,144.9429385,"Wet","Clear"
"T20190010111","29/5/19",21:22:00,"Struck Pedestrian","Wednesday","Dark Street lights on",1,2,"Cross intersection",2,999,"GLEN EIRA","METROPOLITAN SOUTH EAST REGION",-37.86874259,145.018327,"Wet","Raining"
"T20190010113","30/5/19",06:10:00,"Collision with vehicle","Thursday","Dark Street lights on",2,2,"Cross intersection",3,80,"KNOX","METROPOLITAN SOUTH EAST REGION",-37.92257377,145.2821468,"Wet","Clear"
"T20190010115","29/5/19",14:33:00,"Collision with a fixed object","Wednesday","Day",1,1,"Not at intersection",2,100,"PYRENEES","WESTERN REGION",-37.54525475,143.3693579,"Icy","Raining"
"T20190010115","29/5/19",14:33:00,"Collision with a fixed object","Wednesday","Day",1,1,"Not at intersection",2,100,"PYRENEES","WESTERN REGION",-37.54525475,143.3693579,"Icy","Snowing"
"T20190010115","29/5/19",14:33:00,"Collision with a fixed object","Wednesday","Day",1,1,"Not at intersection",2,100,"PYRENEES","WESTERN REGION",-37.54525475,143.3693579,"Icy","Strong winds"
"T20190010116","23/5/19",11:00:00,"No collision and no object struck","Thursday","Day",1,1,"Not at intersection",3,50,"BANYULE","METROPOLITAN NORTH WEST REGION",-37.71222181,145.1116998,"Unknown","Not known"
"T20190010117","28/5/19",18:51:00,"Vehicle overturned (no collision)","Tuesday","Dark Street lights on",2,2,"Not at intersection",2,40,"YARRA","METROPOLITAN NORTH WEST REGION",-37.80678213,144.9770373,"Wet","Raining"
"T20190010118","29/5/19",15:50:00,"Collision with vehicle","Wednesday","Day",2,3,"Cross intersection",3,40,"MELBOURNE","METROPOLITAN NORTH WEST REGION",-37.81835683,144.9566289,"Wet","Raining"
"T20190010119","28/5/19",16:40:00,"Collision with vehicle","Tuesday","Day",3,3,"Not at intersection",2,60,"MAROONDAH","METROPOLITAN SOUTH EAST REGION",-37.82563515,145.287596,"Wet","Clear"
"T20190010120","15/3/19",08:35:00,"Collision with vehicle","Friday","Day",4,4,"T intersection",3,60,"BOROONDARA","METROPOLITAN SOUTH EAST REGION",-37.81353116,145.0268718,"Dry","Not known"
"T20190010123","30/5/19",09:00:00,"Collision with vehicle","Thursday","Day",2,3,"Cross intersection",3,50,"PORT PHILLIP","METROPOLITAN NORTH WEST REGION",-37.85962847,144.9731192,"Dry","Raining"
"T20190010129","30/5/19",12:30:00,"Collision with vehicle","Thursday","Day",2,3,"T intersection",2,80,"MORNINGTON PENINSULA","METROPOLITAN SOUTH EAST REGION",-38.22839909,145.0461155,"Dry","Clear"
"T20190010131","28/5/19",12:30:00,"Struck Pedestrian","Tuesday","Day",1,3,"Not at intersection",3,50,"KINGSTON","METROPOLITAN SOUTH EAST REGION",-37.95731224,145.0564807,"Dry","Clear"
"T20190010133","29/4/19",13:00:00,"Collision with a fixed object","Monday","Day",1,1,"Dead end",3,50,"WYNDHAM","METROPOLITAN NORTH WEST REGION",-37.87276975,144.6352585,"Dry","Clear"
"T20190010134","25/5/19",22:00:00,"Collision with vehicle","Saturday","Dark Street lights on",2,2,"Not at intersection",3,70,"GEELONG","SOUTH WESTERN REGION",-38.21087539,144.3395888,"Dry","Clear"
"T20190010135","30/5/19",09:00:00,"Collision with vehicle","Thursday","Day",2,2,"Cross intersection",3,60,"BULOKE","NORTHERN REGION",-35.50418765,142.8495616,"Dry","Clear"
"T20190010137","30/5/19",07:45:00,"Collision with vehicle","Thursday","Day",2,3,"Cross intersection",2,80,"GLEN EIRA","METROPOLITAN SOUTH EAST REGION",-37.93858105,145.079699,"Wet","Raining"
"T20190010139","29/5/19",14:30:00,"Collision with vehicle","Wednesday","Day",2,2,"T intersection",3,60,"GLEN EIRA","METROPOLITAN SOUTH EAST REGION",-37.91592997,145.0746656,"Wet","Raining"
"T20190010144","30/5/19",14:20:00,"Collision with vehicle","Thursday","Day",2,3,"T intersection",3,60,"GLEN EIRA","METROPOLITAN SOUTH EAST REGION",-37.88664799,145.0411135,"Dry","Clear"
"T20190010145","29/5/19",12:21:00,"Collision with vehicle","Wednesday","Day",2,2,"T intersection",2,80,"DANDENONG","METROPOLITAN SOUTH EAST REGION",-38.03921151,145.2104566,"Dry","Clear"
"T20190010146","11/4/19",08:30:00,"Collision with vehicle","Thursday","Day",3,3,"Multiple intersection",3,60,"PORT PHILLIP","METROPOLITAN NORTH WEST REGION",-37.83126505,144.9444403,"Dry","Clear"
"T20190010147","30/5/19",15:44:00,"Collision with vehicle","Thursday","Day",2,4,"Cross intersection",3,60,"CASEY","METROPOLITAN SOUTH EAST REGION",-38.03132741,145.3061921,"Wet","Raining"
"T20190010149","30/5/19",17:01:00,"Collision with vehicle","Thursday","Day",2,2,"T intersection",2,80,"MONASH","METROPOLITAN SOUTH EAST REGION",-37.92545195,145.1572283,"Wet","Raining"
"T20190010150","30/5/19",17:23:00,"Collision with a fixed object","Thursday","Dark No street lights",1,1,"Not at intersection",3,100,"MORNINGTON PENINSULA","METROPOLITAN SOUTH EAST REGION",-38.34185643,144.9551133,"Wet","Raining"
"T20190010151","30/5/19",17:55:00,"Struck Pedestrian","Thursday","Dark Street lights on",1,3,"Not at intersection",3,777,"WODONGA","NORTH EASTERN REGION",-36.12790238,146.8660284,"Dry","Clear"
"T20190010152","30/5/19",17:35:00,"Collision with vehicle","Thursday","Dark Street lights on",3,3,"T intersection",2,50,"GEELONG","SOUTH WESTERN REGION",-38.18330623,144.3890679,"Dry","Clear"
"T20190010155","30/5/19",15:30:00,"Collision with vehicle","Thursday","Day",2,1,"Not at intersection",3,60,"YARRA RANGES","METROPOLITAN SOUTH EAST REGION",-37.7878176,145.3105098,"Dry","Raining"
"T20190010158","29/5/19",19:20:00,"Vehicle overturned (no collision)","Wednesday","Dark Street lights off",1,1,"Multiple intersection",2,60,"WHITEHORSE","METROPOLITAN SOUTH EAST REGION",-37.79888347,145.142179,"Wet","Raining"
"T20190010159","8/5/19",18:45:00,"Collision with vehicle","Wednesday","Dusk/Dawn",2,3,"Cross intersection",3,60,"MELBOURNE","METROPOLITAN NORTH WEST REGION",-37.80093369,144.9566435,"Unknown","Clear"
"T20190010160","30/5/19",16:14:00,"Collision with vehicle","Thursday","Day",2,2,"Not at intersection",2,80,"COLAC OTWAY","SOUTH WESTERN REGION",-38.02388499,143.6338345,"Dry","Not known"
"T20190010161","30/5/19",18:30:00,"Struck Pedestrian","Thursday","Dark Street lights on",1,2,"Cross intersection",3,70,"MONASH","METROPOLITAN SOUTH EAST REGION",-37.90388536,145.1637416,"Wet","Raining"
"T20190010162","30/5/19",19:15:00,"Collision with vehicle","Thursday","Dark Street lights on",3,2,"Not at intersection",2,999,"BRIMBANK","METROPOLITAN NORTH WEST REGION",-37.78604905,144.7887449,"Dry","Clear"
"T20190010163","30/5/19",15:36:00,"Collision with vehicle","Thursday","Day",2,3,"T intersection",3,999,"KINGSTON","METROPOLITAN SOUTH EAST REGION",-37.97146966,145.1051399,"Wet","Raining"
"T20190010166","30/5/19",22:00:00,"Collision with a fixed object","Thursday","Dark Street lights on",1,6,"Not at intersection",3,80,"MONASH","METROPOLITAN SOUTH EAST REGION",-37.9181976,145.1548686,"Wet","Raining"
"T20190010175","30/5/19",07:00:00,"Collision with vehicle","Thursday","Day",2,2,"Y intersection",3,60,"MACEDON RANGES","NORTHERN REGION",-37.24247296,144.4384524,"Icy","Not known"
"T20190010176","31/5/19",08:55:00,"Collision with a fixed object","Friday","Day",1,1,"Not at intersection",2,100,"MANNINGHAM","METROPOLITAN SOUTH EAST REGION",-37.79622505,145.1189036,"Wet","Raining"
"T20190010177","12/1/19",20:00:00,"No collision and no object struck","Saturday","Dusk/Dawn",1,1,"Not at intersection",2,100,"BAW BAW","EASTERN REGION",-38.22394075,146.0667593,"Dry","Clear"
"T20190010179","31/5/19",09:00:00,"Collision with vehicle","Friday","Day",2,2,"Cross intersection",3,60,"LATROBE","EASTERN REGION",-38.18709749,146.2845433,"Wet","Clear"
"T20190010180","31/5/19",08:00:00,"Collision with a fixed object","Friday","Day",1,1,"T intersection",2,60,"BANYULE","METROPOLITAN NORTH WEST REGION",-37.73556395,145.0598575,"Wet","Raining"
"T20190010181","31/5/19",09:00:00,"collision with some other object","Friday","Day",1,1,"Not at intersection",3,100,"HUME","METROPOLITAN NORTH WEST REGION",-37.52925675,144.9474576,"Wet","Raining"
"T20190010182","31/5/19",08:15:00,"Collision with vehicle","Friday","Day",2,3,"Cross intersection",3,80,"KNOX","METROPOLITAN SOUTH EAST REGION",-37.85150295,145.2398874,"Wet","Raining"
"T20190010185","31/5/19",09:40:00,"Collision with vehicle","Friday","Day",2,3,"Cross intersection",2,60,"SOUTH GIPPSLAND","EASTERN REGION",-38.57687226,146.0198145,"Wet","Clear"
"T20190010186","31/5/19",10:45:00,"Collision with vehicle","Friday","Day",2,2,"T intersection",3,60,"MORELAND","METROPOLITAN NORTH WEST REGION",-37.7323898,144.964657,"Wet","Raining"
"T20190010188","31/5/19",07:30:00,"Collision with vehicle","Friday","Day",2,2,"Cross intersection",2,50,"MORELAND","METROPOLITAN NORTH WEST REGION",-37.773223,144.9766825,"Wet","Raining"
"T20190010189","12/5/19",14:00:00,"Collision with a fixed object","Sunday","Day",1,1,"Not at intersection",3,100,"ALPINE","NORTH EASTERN REGION",-37.04222588,146.9630917,"Dry","Clear"
"T20190010190","31/5/19",09:00:00,"Struck Pedestrian","Friday","Day",1,2,"Cross intersection",3,50,"MORELAND","METROPOLITAN NORTH WEST REGION",-37.74586124,144.9384666,"Wet","Not known"
"T20190010191","31/5/19",09:15:00,"Struck Pedestrian","Friday","Day",1,2,"Not at intersection",2,60,"BOROONDARA","METROPOLITAN SOUTH EAST REGION",-37.79965266,145.0533312,"Wet","Clear"
"T20190010193","31/5/19",10:30:00,"Collision with vehicle","Friday","Day",4,5,"T intersection",2,80,"CASEY","METROPOLITAN SOUTH EAST REGION",-38.05369981,145.3015106,"Wet","Raining"
"T20190010197","31/5/19",10:09:00,"Collision with vehicle","Friday","Day",2,4,"Not at intersection",3,100,"MANNINGHAM","METROPOLITAN SOUTH EAST REGION",-37.79498101,145.1139803,"Wet","Raining"
"T20190010201","31/5/19",08:36:00,"Collision with vehicle","Friday","Day",4,5,"Not at intersection",2,90,"MORNINGTON PENINSULA","METROPOLITAN SOUTH EAST REGION",-38.35483344,145.1534495,"Wet","Raining"
"T20190010202","31/5/19",11:35:00,"No collision and no object struck","Friday","Day",2,3,"Not at intersection",2,50,"MAROONDAH","METROPOLITAN SOUTH EAST REGION",-37.79645089,145.2573575,"Wet","Clear"
"T20190010205","30/5/19",16:28:00,"Collision with vehicle","Thursday","Dusk/Dawn",2,2,"Not at intersection",2,80,"GLEN EIRA","METROPOLITAN SOUTH EAST REGION",-37.89397155,145.0037981,"Dry","Clear"
"T20190010208","31/5/19",14:20:00,"Vehicle overturned (no collision)","Friday","Day",2,1,"T intersection",3,50,"MOONEE VALLEY","METROPOLITAN NORTH WEST REGION",-37.73979716,144.8985904,"Wet","Clear"
"T20190010209","31/5/19",13:51:00,"Collision with vehicle","Friday","Day",2,2,"Cross intersection",2,80,"DANDENONG","METROPOLITAN SOUTH EAST REGION",-37.96296276,145.2247805,"Dry","Clear"
"T20190010210","31/5/19",13:35:00,"Collision with a fixed object","Friday","Day",1,2,"Not at intersection",3,60,"YARRA RANGES","METROPOLITAN SOUTH EAST REGION",-37.64778564,145.3516233,"Wet","Raining"
"T20190010212","31/5/19",12:43:00,"Collision with a fixed object","Friday","Day",1,3,"Not at intersection",2,80,"YARRA RANGES","METROPOLITAN SOUTH EAST REGION",-37.84524383,145.5244875,"Wet","Not known"
"T20190010213","31/5/19",13:30:00,"Collision with vehicle","Friday","Day",2,3,"Not at intersection",2,100,"MILDURA","WESTERN REGION",-34.1819029,142.0585677,"Dry","Clear"
"T20190010214","31/5/19",07:45:00,"Collision with vehicle","Friday","Day",2,2,"Cross intersection",2,40,"MORELAND","METROPOLITAN NORTH WEST REGION",-37.77724226,144.9708485,"Wet","Raining"
"T20190010218","30/5/19",17:00:00,"Struck Pedestrian","Thursday","Dusk/Dawn",1,2,"Not at intersection",3,40,"MELBOURNE","METROPOLITAN NORTH WEST REGION",-37.80052634,144.9634992,"Dry","Not known"
"T20190010219","31/5/19",15:15:00,"Collision with vehicle","Friday","Day",2,3,"Cross intersection",2,50,"BENDIGO","NORTHERN REGION",-36.76088544,144.2754631,"Dry","Clear"
"T20190010223","31/5/19",16:30:00,"Collision with vehicle","Friday","Day",2,2,"Cross intersection",2,50,"MARIBYRNONG","METROPOLITAN NORTH WEST REGION",-37.78529401,144.8611905,"Wet","Raining"
"T20190010225","31/5/19",17:15:00,"Collision with vehicle","Friday","Dark Street lights on",2,2,"Not at intersection",3,888,"FRANKSTON","METROPOLITAN SOUTH EAST REGION",-38.13119137,145.1357924,"Wet","Raining"
"T20190010227","31/5/19",15:40:00,"Collision with a fixed object","Friday","Day",1,1,"Not at intersection",2,50,"CASEY","METROPOLITAN SOUTH EAST REGION",-38.08089367,145.278416,"Wet","Clear"
"T20190010228","31/5/19",19:27:00,"Collision with a fixed object","Friday","Dark Street lights on",1,1,"T intersection",3,50,"BALLARAT","WESTERN REGION",-37.56011383,143.8611098,"Dry","Clear"
"T20190010230","31/5/19",19:30:00,"Struck Pedestrian","Friday","Dark Street lights on",1,2,"Unknown",3,40,"MELBOURNE","METROPOLITAN NORTH WEST REGION",-37.8267821,144.9591131,"Dry","Clear"
"T20190010231","31/5/19",20:00:00,"Collision with a fixed object","Friday","Dark Street lights on",1,1,"T intersection",2,60,"HUME","METROPOLITAN NORTH WEST REGION",-37.59788341,144.9314627,"Wet","Raining"
"T20190010233","31/5/19",17:20:00,"Struck Pedestrian","Friday","Dusk/Dawn",1,2,"T intersection",3,60,"MELBOURNE","METROPOLITAN NORTH WEST REGION",-37.79527618,144.9753381,"Unknown","Clear"
"T20190010234","11/5/19",12:30:00,"No collision and no object struck","Saturday","Day",1,1,"Cross intersection",3,888,"YARRA RANGES","METROPOLITAN SOUTH EAST REGION",-37.81760759,145.6959725,"Wet","Clear"
"T20190010235","31/5/19",18:28:00,"Collision with vehicle","Friday","Dark Street lights on",3,6,"T intersection",3,60,"WYNDHAM","METROPOLITAN NORTH WEST REGION",-37.89987243,144.6128514,"Wet","Raining"
"T20190010241","31/5/19",17:49:00,"Collision with vehicle","Friday","Day",2,2,"Cross intersection",3,60,"DAREBIN","METROPOLITAN NORTH WEST REGION",-37.76279963,144.9925601,"Dry","Clear"
"T20190010242","31/5/19",21:59:00,"Collision with a fixed object","Friday","Dark Street lights on",1,1,"T intersection",1,50,"GEELONG","SOUTH WESTERN REGION",-38.06203849,144.3708229,"Wet","Clear"
"T20190010243","1/6/19",00:10:00,"Collision with a fixed object","Saturday","Dark No street lights",1,1,"Not at intersection",2,80,"GEELONG","SOUTH WESTERN REGION",-38.20696426,144.358578,"Wet","Raining"
"T20190010243","1/6/19",00:10:00,"Collision with a fixed object","Saturday","Dark No street lights",1,1,"Not at intersection",2,80,"GEELONG","SOUTH WESTERN REGION",-38.20696426,144.358578,"Muddy","Raining"
"T20190010246","1/6/19",02:14:00,"Struck Pedestrian","Saturday","Dark Street lights on",1,2,"Not at intersection",2,60,"DANDENONG","METROPOLITAN SOUTH EAST REGION",-37.98551973,145.21996,"Wet","Clear"
"T20190010248","1/6/19",05:49:00,"Struck Pedestrian","Saturday","Dark Street lights on",1,2,"Not at intersection",2,60,"MOONEE VALLEY","METROPOLITAN NORTH WEST REGION",-37.75601094,144.9075401,"Dry","Clear"
"T20190010250","1/6/19",08:30:00,"Collision with vehicle","Saturday","Day",2,4,"T intersection",3,60,"WODONGA","NORTH EASTERN REGION",-36.13780946,146.8712042,"Dry","Clear"