"ACCIDENT_NO","ACCIDENTDATE","ACCIDENTTIME","Accident Type Desc","Day Week Description","Light Condition Desc","NO_OF_VEHICLES","NO_PERSONS","Road Geometry Desc","SEVERITY","SPEED_ZONE","LGA_NAME","REGION_NAME","Lat","Long","Surface Cond Desc","Atmosph Cond Desc"
"T20190010251","31/5/19",22:10:00,"collision with some other object","Friday","Dark No street lights",1,1,"Not at intersection",3,100,"ALPINE","NORTH EASTERN REGION",-36.43105982,146.9168668,"Wet","Fog"
"T20190010255","1/6/19",09:15:00,"Collision with vehicle","Saturday","Day",2,2,"Cross intersection",2,60,"GEELONG","SOUTH WESTERN REGION",-38.19274001,144.3149721,"Dry","Clear"
"T20190010256","19/5/19",11:45:00,"Collision with a fixed object","Sunday","Day",1,1,"Not at intersection",2,60,"CORANGAMITE","SOUTH WESTERN REGION",-37.9530524,143.33136,"Muddy","Clear"
"T20190010258","1/6/19",09:20:00,"Collision with a fixed object","Saturday","Day",1,2,"Not at intersection",2,60,"NILLUMBIK","METROPOLITAN NORTH WEST REGION",-37.59314257,145.280798,"Wet","Clear"
"T20190010267","1/6/19",12:45:00,"Collision with vehicle","Saturday","Day",2,5,"Not at intersection",2,70,"BANYULE","METROPOLITAN NORTH WEST REGION",-37.72912993,145.1003038,"Dry","Clear"
"T20190010268","1/6/19",12:49:00,"Collision with vehicle","Saturday","Day",2,2,"Cross intersection",2,50,"PORT PHILLIP","METROPOLITAN NORTH WEST REGION",-37.858931,144.9743019,"Dry","Clear"
"T20190010269","1/6/19",13:50:00,"Collision with vehicle","Saturday","Day",2,3,"Not at intersection",2,50,"WELLINGTON","EASTERN REGION",-37.96793258,146.9860727,"Dry","Clear"
"T20190010270","1/6/19",13:22:00,"Collision with vehicle","Saturday","Day",2,3,"Not at intersection",2,60,"BALLARAT","WESTERN REGION",-37.53358544,143.8493694,"Dry","Clear"
"T20190010271","1/6/19",14:00:00,"Collision with vehicle","Saturday","Day",2,5,"Not at intersection",3,40,"MELBOURNE","METROPOLITAN NORTH WEST REGION",-37.81536216,144.958063,"Dry","Clear"
"T20190010274","1/6/19",11:17:00,"Collision with vehicle","Saturday","Day",2,2,"T intersection",2,60,"DANDENONG","METROPOLITAN SOUTH EAST REGION",-37.94435998,145.1919544,"Dry","Clear"
"T20190010276","1/6/19",12:45:00,"Collision with vehicle","Saturday","Day",3,1,"Not at intersection",3,60,"MOONEE VALLEY","METROPOLITAN NORTH WEST REGION",-37.78184255,144.9223444,"Dry","Clear"
"T20190010277","1/6/19",09:13:00,"Collision with vehicle","Saturday","Day",3,3,"Cross intersection",3,60,"MORNINGTON PENINSULA","METROPOLITAN SOUTH EAST REGION",-38.37347139,144.9084801,"Dry","Clear"
"T20190010282","1/6/19",17:10:00,"Collision with vehicle","Saturday","Dusk/Dawn",2,2,"Cross intersection",3,50,"SURF COAST","SOUTH WESTERN REGION",-38.33047976,144.3229658,"Dry","Clear"
"T20190010283","29/5/19",05:40:00,"Collision with vehicle","Wednesday","Dark No street lights",2,3,"Not at intersection",2,100,"BRIMBANK","METROPOLITAN NORTH WEST REGION",-37.80053969,144.7990189,"Dry","Clear"
"T20190010286","1/6/19",16:35:00,"Collision with vehicle","Saturday","Day",2,6,"T intersection",2,60,"MELTON","METROPOLITAN NORTH WEST REGION",-37.68441624,144.5666479,"Dry","Clear"
"T20190010288","1/6/19",17:45:00,"Collision with vehicle","Saturday","Dark Street lights on",2,4,"Not at intersection",3,100,"WHITEHORSE","METROPOLITAN SOUTH EAST REGION",-37.80031004,145.1517307,"Dry","Clear"
"T20190010290","1/6/19",17:05:00,"Collision with vehicle","Saturday","Day",2,2,"Not at intersection",2,100,"GOLDEN PLAINS","SOUTH WESTERN REGION",-37.93011303,143.8134119,"Dry","Clear"
"T20190010294","31/5/19",14:53:00,"Collision with vehicle","Friday","Day",2,2,"T intersection",3,60,"DANDENONG","METROPOLITAN SOUTH EAST REGION",-37.9918486,145.21563,"Dry","Clear"
"T20190010298","14/5/19",17:50:00,"Collision with vehicle","Tuesday","Dusk/Dawn",2,2,"T intersection",3,60,"HUME","METROPOLITAN NORTH WEST REGION",-37.68960715,144.9606689,"Dry","Clear"
"T20190010299","1/6/19",21:00:00,"Collision with a fixed object","Saturday","Dark No street lights",1,1,"Not at intersection",3,60,"YARRA RANGES","METROPOLITAN SOUTH EAST REGION",-37.67675332,145.5243945,"Dry","Clear"
"T20190010300","1/6/19",19:03:00,"Collision with a fixed object","Saturday","Dark No street lights",1,2,"Not at intersection",3,80,"YARRA RANGES","METROPOLITAN SOUTH EAST REGION",-37.60408936,145.6280284,"Dry","Clear"
"T20190010303","1/6/19",17:00:00,"No collision and no object struck","Saturday","Dusk/Dawn",2,2,"Not at intersection",3,999,NA,NA,NA,NA,"Unknown","Clear"
"T20190010305","1/6/19",18:40:00,"Struck animal","Saturday","Dark No street lights",1,1,"Not at intersection",3,80,"WHITTLESEA","METROPOLITAN NORTH WEST REGION",-37.48588205,145.2257699,"Dry","Clear"
"T20190010308","1/6/19",19:30:00,"Struck Pedestrian","Saturday","Dark Street lights on",1,2,"Not at intersection",1,70,"MONASH","METROPOLITAN SOUTH EAST REGION",-37.89965247,145.1295958,"Dry","Clear"
"T20190010309","1/6/19",23:06:00,"Collision with a fixed object","Saturday","Dark Street lights on",1,1,"Not at intersection",2,60,"MOUNT ALEXANDER","NORTHERN REGION",-37.05930886,144.2178888,"Dry","Clear"
"T20190010312","1/6/19",14:00:00,"Collision with vehicle","Saturday","Day",2,3,"T intersection",2,60,"BOROONDARA","METROPOLITAN SOUTH EAST REGION",-37.79986221,145.0550074,"Dry","Clear"
"T20190010313","1/6/19",10:40:00,"Struck Pedestrian","Saturday","Day",1,2,"Cross intersection",3,40,"PORT PHILLIP","METROPOLITAN NORTH WEST REGION",-37.83300876,144.9605741,"Dry","Not known"
"T20190010318","2/6/19",10:00:00,"Collision with vehicle","Sunday","Day",2,3,"Not at intersection",3,100,"CASEY","METROPOLITAN SOUTH EAST REGION",-38.01322966,145.2501194,"Dry","Clear"
"T20190010322","2/6/19",11:15:00,"Collision with vehicle","Sunday","Day",2,4,"T intersection",2,60,"WHITEHORSE","METROPOLITAN SOUTH EAST REGION",-37.81943942,145.1145467,"Dry","Clear"
"T20190010323","2/6/19",10:00:00,"Collision with vehicle","Sunday","Day",4,2,"Not at intersection",3,60,"BOROONDARA","METROPOLITAN SOUTH EAST REGION",-37.8550309,145.0948061,"Dry","Clear"
"T20190010324","2/6/19",10:30:00,"Vehicle overturned (no collision)","Sunday","Day",1,1,"Not at intersection",2,100,"NILLUMBIK","METROPOLITAN NORTH WEST REGION",-37.63030873,145.3360703,"Wet","Clear"
"T20190010325","2/6/19",06:40:00,"Struck Pedestrian","Sunday","Dark No street lights",1,2,"T intersection",1,100,"LODDON","NORTHERN REGION",-36.42874891,143.6306315,"Dry","Clear"
"T20190010327","2/6/19",13:00:00,"Collision with vehicle","Sunday","Day",2,2,"Not at intersection",3,40,"MELBOURNE","METROPOLITAN NORTH WEST REGION",-37.81343899,144.9413218,"Dry","Clear"
"T20190010331","1/6/19",20:25:00,"Collision with vehicle","Saturday","Dark Street lights on",3,3,"Cross intersection",3,50,"KINGSTON","METROPOLITAN SOUTH EAST REGION",-37.93517279,145.1286463,"Dry","Clear"
"T20190010333","2/6/19",10:30:00,"Other accident","Sunday","Day",1,1,"Not at intersection",2,80,"YARRA RANGES","METROPOLITAN SOUTH EAST REGION",-37.61938378,145.6005877,"Dry","Clear"
"T20190010334","31/5/19",19:26:00,"Collision with vehicle","Friday","Dark Street lights on",3,5,"Not at intersection",3,80,"MELBOURNE","METROPOLITAN NORTH WEST REGION",-37.82807003,144.9561855,"Wet","Clear"
"T20190010336","17/5/19",19:00:00,"Collision with vehicle","Friday","Day",2,2,"T intersection",3,60,"GLEN EIRA","METROPOLITAN SOUTH EAST REGION",-37.88744994,145.0669361,"Dry","Clear"
"T20190010338","1/6/19",18:43:00,"Collision with vehicle","Saturday","Dark Street lights on",2,3,"Cross intersection",3,60,"MILDURA","WESTERN REGION",-34.18691294,142.168394,"Dry","Clear"
"T20190010339","31/5/19",18:40:00,"Collision with vehicle","Friday","Dark Street lights on",2,2,"T intersection",3,50,"BAYSIDE","METROPOLITAN SOUTH EAST REGION",-37.93938412,145.0010984,"Wet","Raining"
"T20190010340","2/6/19",15:22:00,"Struck Pedestrian","Sunday","Day",1,2,"Not at intersection",2,50,"HOBSONS BAY","METROPOLITAN NORTH WEST REGION",-37.8382581,144.8647568,"Dry","Clear"
"T20190010347","2/6/19",16:55:00,"Collision with vehicle","Sunday","Dusk/Dawn",2,4,"Cross intersection",2,60,"MELBOURNE","METROPOLITAN NORTH WEST REGION",-37.80924477,144.9729709,"Wet","Not known"
"T20190010348","2/6/19",17:50:00,"Collision with vehicle","Sunday","Dusk/Dawn",2,2,"Not at intersection",3,80,"MANNINGHAM","METROPOLITAN SOUTH EAST REGION",-37.7932197,145.1083538,"Wet","Raining"
"T20190010350","2/6/19",17:00:00,"Collision with vehicle","Sunday","Dark Street lights on",2,2,"Cross intersection",3,60,"DAREBIN","METROPOLITAN NORTH WEST REGION",-37.76265636,145.0126008,"Wet","Clear"
"T20190010351","2/6/19",17:30:00,"Collision with vehicle","Sunday","Dark Street lights on",2,1,"Cross intersection",3,50,"BRIMBANK","METROPOLITAN NORTH WEST REGION",-37.78932554,144.7602415,"Wet","Raining"
"T20190010352","2/6/19",18:20:00,"Collision with vehicle","Sunday","Dark Street lights on",2,2,"Cross intersection",2,60,"MELBOURNE","METROPOLITAN NORTH WEST REGION",-37.80769766,144.9161688,"Wet","Clear"
"T20190010353","2/6/19",16:15:00,"Collision with a fixed object","Sunday","Day",1,2,"Cross intersection",3,80,"EAST GIPPSLAND","EASTERN REGION",-37.89824415,147.6599437,"Dry","Clear"
"T20190010354","2/6/19",15:00:00,"Struck Pedestrian","Sunday","Day",2,2,"Not at intersection",2,60,"STONNINGTON","METROPOLITAN SOUTH EAST REGION",-37.83471041,144.9961462,"Wet","Raining"
"T20190010355","2/6/19",01:20:00,"Collision with vehicle","Sunday","Dark Street lights unknown",2,3,"Not at intersection",3,40,"MELBOURNE","METROPOLITAN NORTH WEST REGION",-37.81183255,144.9620523,"Unknown","Not known"
"T20190010356","2/6/19",19:40:00,"Collision with vehicle","Sunday","Dark Street lights on",2,2,"Cross intersection",3,80,"CASEY","METROPOLITAN SOUTH EAST REGION",-38.0034564,145.2512235,"Wet","Clear"
"T20190010357","2/6/19",19:35:00,"Collision with a fixed object","Sunday","Dark No street lights",1,1,"Not at intersection",2,80,"MACEDON RANGES","NORTHERN REGION",-37.4144161,144.610434,"Wet","Raining"
"T20190010359","2/6/19",17:00:00,"Collision with vehicle","Sunday","Dark No street lights",2,2,"Not at intersection",3,60,"NILLUMBIK","METROPOLITAN NORTH WEST REGION",-37.71549799,145.2050784,"Wet","Raining"
"T20190010362","2/6/19",22:00:00,"Collision with a fixed object","Sunday","Dark No street lights",1,1,"Not at intersection",3,100,"MOIRA","NORTH EASTERN REGION",-36.05935434,145.3317573,"Wet","Raining"
"T20190010363","17/5/19",08:45:00,"No collision and no object struck","Friday","Day",2,2,"T intersection",3,999,"MORELAND","METROPOLITAN NORTH WEST REGION",-37.76879454,144.9613099,"Dry","Clear"
"T20190010365","2/6/19",23:45:00,"Collision with vehicle","Sunday","Dark No street lights",2,3,"Not at intersection",2,60,"WYNDHAM","METROPOLITAN NORTH WEST REGION",-37.91351755,144.6761793,"Wet","Raining"
"T20190010366","12/4/19",09:30:00,"Collision with a fixed object","Friday","Day",1,1,"Not at intersection",3,999,"WELLINGTON","EASTERN REGION",-38.19634521,147.1305154,"Unknown","Clear"
"T20190010371","2/6/19",15:00:00,"Vehicle overturned (no collision)","Sunday","Day",1,2,"T intersection",2,50,"BRIMBANK","METROPOLITAN NORTH WEST REGION",-37.79547689,144.8337679,"Dry","Clear"
"T20190010372","2/6/19",03:19:00,"Collision with vehicle","Sunday","Dark Street lights on",2,2,"Cross intersection",2,80,"DANDENONG","METROPOLITAN SOUTH EAST REGION",-38.00404025,145.217453,"Dry","Clear"
"T20190010374","31/5/19",13:13:00,"Collision with vehicle","Friday","Day",2,2,"Cross intersection",3,70,"KNOX","METROPOLITAN SOUTH EAST REGION",-37.8483566,145.2864346,"Wet","Raining"
"T20190010378","2/6/19",12:42:00,"Collision with vehicle","Sunday","Day",2,3,"Not at intersection",3,60,"WHITEHORSE","METROPOLITAN SOUTH EAST REGION",-37.82184244,145.1231097,"Dry","Clear"
"T20190010380","3/6/19",08:05:00,"Collision with vehicle","Monday","Day",2,2,"Cross intersection",2,80,"CASEY","METROPOLITAN SOUTH EAST REGION",-38.01387344,145.3092108,"Wet","Raining"
"T20190010381","31/5/19",09:30:00,"Collision with vehicle","Friday","Day",2,2,"Cross intersection",3,50,"BOROONDARA","METROPOLITAN SOUTH EAST REGION",-37.80424328,145.1013256,"Wet","Raining"
"T20190010382","2/6/19",00:23:00,"Collision with vehicle","Sunday","Dark Street lights on",2,5,"T intersection",2,60,"PORT PHILLIP","METROPOLITAN NORTH WEST REGION",-37.84464897,144.9762155,"Wet","Clear"
"T20190010386","3/6/19",10:30:00,"Collision with vehicle","Monday","Day",2,2,"Cross intersection",3,60,"BOROONDARA","METROPOLITAN SOUTH EAST REGION",-37.8297587,145.0708654,"Wet","Clear"
"T20190010387","3/6/19",10:59:00,"Collision with vehicle","Monday","Day",2,2,"Cross intersection",3,60,"LATROBE","EASTERN REGION",-38.23991067,146.4191647,"Wet","Raining"
"T20190010388","10/5/19",14:40:00,"Collision with vehicle","Friday","Day",3,3,"Not at intersection",3,40,"BOROONDARA","METROPOLITAN SOUTH EAST REGION",-37.86364016,145.0814652,"Wet","Raining"
"T20190010391","3/6/19",11:28:00,"Collision with vehicle","Monday","Day",2,1,"Not at intersection",3,60,"MOONEE VALLEY","METROPOLITAN NORTH WEST REGION",-37.77207675,144.9193405,"Wet","Raining"
"T20190010393","3/6/19",09:10:00,"Collision with vehicle","Monday","Day",2,2,"T intersection",2,60,"DANDENONG","METROPOLITAN SOUTH EAST REGION",-37.94523872,145.1535167,"Wet","Raining"
"T20190010396","3/6/19",08:59:00,"Collision with vehicle","Monday","Day",5,5,"Not at intersection",2,100,"MONASH","METROPOLITAN SOUTH EAST REGION",-37.91094251,145.1631536,"Wet","Raining"
"T20190010397","3/6/19",08:31:00,"Collision with vehicle","Monday","Day",4,4,"Not at intersection",2,60,"KINGSTON","METROPOLITAN SOUTH EAST REGION",-37.95345531,145.0579137,"Wet","Raining"
"T20190010400","3/6/19",11:30:00,"Collision with a fixed object","Monday","Day",1,3,"Not at intersection",3,999,"HUME","METROPOLITAN NORTH WEST REGION",-37.66028865,144.9254209,"Wet","Raining"
"T20190010401","3/6/19",11:00:00,"Collision with vehicle","Monday","Day",2,4,"T intersection",3,70,"BRIMBANK","METROPOLITAN NORTH WEST REGION",-37.77827245,144.840476,"Wet","Raining"
"T20190010405","3/6/19",11:00:00,"Collision with vehicle","Monday","Day",2,2,"T intersection",3,60,"BALLARAT","WESTERN REGION",-37.58531733,143.8395963,"Dry","Clear"
"T20190010408","3/6/19",16:55:00,"Struck Pedestrian","Monday","Dusk/Dawn",1,2,"Not at intersection",2,50,"BENALLA","NORTH EASTERN REGION",-36.55600021,145.994394,"Dry","Clear"
"T20190010412","31/5/19",17:45:00,"Struck animal","Friday","Dark No street lights",1,1,"T intersection",3,60,"CARDINIA","METROPOLITAN SOUTH EAST REGION",-38.04106597,145.5045122,"Wet","Raining"
"T20190010413","3/6/19",18:34:00,"Collision with vehicle","Monday","Dark Street lights on",2,2,"T intersection",3,60,"MAROONDAH","METROPOLITAN SOUTH EAST REGION",-37.79404421,145.2373851,"Wet","Raining"
"T20190010414","3/6/19",18:23:00,"Struck Pedestrian","Monday","Dark Street lights on",1,2,"Not at intersection",3,80,"MONASH","METROPOLITAN SOUTH EAST REGION",-37.90569293,145.1610044,"Wet","Raining"
"T20190010415","3/6/19",16:41:00,"Collision with vehicle","Monday","Dusk/Dawn",2,2,"Not at intersection",2,60,"GEELONG","SOUTH WESTERN REGION",-38.02009383,144.4013029,"Wet","Not known"
"T20190010416","3/6/19",18:27:00,"Collision with vehicle","Monday","Dark Street lights on",4,4,"T intersection",3,60,"MONASH","METROPOLITAN SOUTH EAST REGION",-37.86600038,145.130839,"Wet","Not known"
"T20190010417","29/5/19",17:57:00,"Collision with vehicle","Wednesday","Dark Street lights on",2,2,"T intersection",3,70,"BRIMBANK","METROPOLITAN NORTH WEST REGION",-37.74429952,144.7791481,"Dry","Not known"
"T20190010421","3/6/19",17:28:00,"Collision with vehicle","Monday","Dusk/Dawn",2,3,"Cross intersection",3,70,"DAREBIN","METROPOLITAN NORTH WEST REGION",-37.76277458,144.9923441,"Wet","Raining"
"T20190010422","3/6/19",20:00:00,"Collision with vehicle","Monday","Dark Street lights on",5,6,"T intersection",3,80,"DANDENONG","METROPOLITAN SOUTH EAST REGION",-37.99277204,145.2161616,"Wet","Raining"
"T20190010424","3/6/19",17:30:00,"Collision with vehicle","Monday","Dusk/Dawn",3,3,"Not at intersection",3,60,"MAROONDAH","METROPOLITAN SOUTH EAST REGION",-37.82358904,145.2273176,"Wet","Raining"
"T20190010426","3/6/19",17:20:00,"Struck Pedestrian","Monday","Dusk/Dawn",1,2,"Cross intersection",3,999,"MELBOURNE","METROPOLITAN NORTH WEST REGION",-37.85021929,144.9806426,"Dry","Clear"
"T20190010427","3/6/19",20:30:00,"Collision with vehicle","Monday","Dark Street lights on",2,6,"Cross intersection",2,70,"HUME","METROPOLITAN NORTH WEST REGION",-37.66375137,144.9221732,"Wet","Clear"
"T20190010429","3/6/19",20:58:00,"Collision with a fixed object","Monday","Dark No street lights",1,1,"Not at intersection",3,80,"GEELONG","SOUTH WESTERN REGION",-38.1582688,144.3912708,"Wet","Raining"
"T20190010431","3/6/19",16:00:00,"Collision with a fixed object","Monday","Day",1,2,"Not at intersection",2,100,"GOLDEN PLAINS","SOUTH WESTERN REGION",-38.03069679,144.2424211,"Wet","Clear"
"T20190010432","3/6/19",06:07:00,"Collision with vehicle","Monday","Dark Street lights on",2,2,"Cross intersection",2,60,"PORT PHILLIP","METROPOLITAN NORTH WEST REGION",-37.83279253,144.9242952,"Wet","Clear"
"T20190010433","3/6/19",14:30:00,"Collision with vehicle","Monday","Day",2,2,"Cross intersection",3,999,"HUME","METROPOLITAN NORTH WEST REGION",-37.64844662,144.9210273,"Wet","Raining"
"T20190010436","3/6/19",23:58:00,"Collision with a fixed object","Monday","Dark Street lights unknown",1,1,"Not at intersection",2,60,"SOUTH GIPPSLAND","EASTERN REGION",-38.33798392,145.6715997,"Dry","Clear"
"T20190010438","4/6/19",01:58:00,"Vehicle overturned (no collision)","Tuesday","Dark No street lights",1,1,"Not at intersection",3,100,"SOUTHERN GRAMPIANS","SOUTH WESTERN REGION",-37.59749148,141.5336868,"Wet","Clear"
"T20190010440","3/6/19",23:38:00,"Collision with a fixed object","Monday","Dark No street lights",1,1,"Not at intersection",2,60,"CASEY","METROPOLITAN SOUTH EAST REGION",-37.95829692,145.2614425,"Wet","Raining"
"T20190010443","2/6/19",01:15:00,"Collision with vehicle","Sunday","Dark Street lights on",3,1,"Not at intersection",3,50,"BAYSIDE","METROPOLITAN SOUTH EAST REGION",-37.95424218,145.0126578,"Dry","Clear"
"T20190010446","4/6/19",06:40:00,"Struck Pedestrian","Tuesday","Dark Street lights on",1,2,"T intersection",2,60,"DANDENONG","METROPOLITAN SOUTH EAST REGION",-37.97032644,145.2173011,"Wet","Clear"
"T20190010448","4/6/19",06:15:00,"collision with some other object","Tuesday","Dark No street lights",1,2,"Not at intersection",3,100,"EAST GIPPSLAND","EASTERN REGION",-37.64504567,148.1085121,"Wet","Raining"
"T20190010450","4/6/19",07:00:00,"Collision with vehicle","Tuesday","Dusk/Dawn",3,3,"T intersection",3,999,"DANDENONG","METROPOLITAN SOUTH EAST REGION",-38.03160576,145.1833238,"Wet","Raining"
"T20190010452","4/6/19",09:32:00,"Collision with vehicle","Tuesday","Day",2,3,"T intersection",2,80,"MONASH","METROPOLITAN SOUTH EAST REGION",-37.91727011,145.1470981,"Wet","Clear"
"T20190010454","4/6/19",11:11:00,"No collision and no object struck","Tuesday","Day",1,1,"Not at intersection",2,50,"HUME","METROPOLITAN NORTH WEST REGION",-37.66410951,144.9380707,"Dry","Clear"
"T20190010460","3/6/19",13:17:00,"Vehicle overturned (no collision)","Monday","Day",1,1,"Not at intersection",3,999,"YARRA","METROPOLITAN NORTH WEST REGION",-37.81991837,145.012268,"Wet","Raining"
"T20190010463","4/6/19",09:05:00,"Collision with vehicle","Tuesday","Day",3,3,"Not at intersection",3,100,"CASEY","METROPOLITAN SOUTH EAST REGION",-37.98760581,145.2505802,"Wet","Clear"
"T20190010464","4/6/19",09:30:00,"Collision with vehicle","Tuesday","Day",2,2,"Not at intersection",2,50,"GEELONG","SOUTH WESTERN REGION",-38.16657566,144.3403645,"Dry","Clear"
"T20190010466","29/5/19",09:45:00,"Collision with vehicle","Wednesday","Day",2,3,"Cross intersection",3,100,"STRATHBOGIE","NORTH EASTERN REGION",-36.85710939,145.5288492,"Dry","Clear"
"T20190010469","4/6/19",08:00:00,"Collision with vehicle","Tuesday","Day",2,2,"Cross intersection",3,60,"MELTON","METROPOLITAN NORTH WEST REGION",-37.8050188,144.6959414,"Wet","Clear"
"T20190010475","4/6/19",16:25:00,"Collision with vehicle","Tuesday","Day",2,2,"Multiple intersection",2,60,"MELBOURNE","METROPOLITAN NORTH WEST REGION",-37.77820705,144.9601572,"Dry","Clear"
"T20190010476","4/6/19",16:30:00,"Struck Pedestrian","Tuesday","Day",1,2,"Not at intersection",3,50,"HUME","METROPOLITAN NORTH WEST REGION",-37.64954608,144.9217782,"Dry","Clear"
"T20190010478","4/6/19",17:03:00,"Vehicle overturned (no collision)","Tuesday","Dusk/Dawn",1,1,"T intersection",2,60,"YARRA RANGES","METROPOLITAN SOUTH EAST REGION",-37.78596532,145.3819286,"Dry","Clear"
"T20190010480","27/5/19",15:15:00,"Collision with vehicle","Monday","Unknown",2,2,"Not at intersection",3,60,"BOROONDARA","METROPOLITAN SOUTH EAST REGION",-37.8251732,145.0907796,"Unknown","Not known"
"T20190010481","4/6/19",15:15:00,"Collision with vehicle","Tuesday","Day",4,9,"Not at intersection",2,100,"SOUTH GIPPSLAND","EASTERN REGION",-38.27225896,145.7831973,"Dry","Clear"
"T20190010483","4/6/19",16:30:00,"Collision with vehicle","Tuesday","Dusk/Dawn",3,4,"Not at intersection",3,40,"GLEN EIRA","METROPOLITAN SOUTH EAST REGION",-37.8940103,145.0657108,"Dry","Clear"
"T20190010486","4/6/19",18:00:00,"Collision with vehicle","Tuesday","Dark Street lights on",2,2,"Not at intersection",3,100,"BRIMBANK","METROPOLITAN NORTH WEST REGION",-37.74771933,144.8370799,"Dry","Clear"
"T20190010488","4/6/19",08:25:00,"Collision with vehicle","Tuesday","Day",2,5,"T intersection",3,80,"BALLARAT","WESTERN REGION",-37.56666477,143.7828171,"Wet","Not known"
"T20190010489","4/6/19",18:00:00,"Struck Pedestrian","Tuesday","Dark Street lights on",1,2,"Cross intersection",2,50,"DAREBIN","METROPOLITAN NORTH WEST REGION",-37.70721669,144.990129,"Dry","Clear"
"T20190010490","4/6/19",15:30:00,"Collision with vehicle","Tuesday","Day",2,3,"Not at intersection",3,60,"MONASH","METROPOLITAN SOUTH EAST REGION",-37.8956082,145.0877112,"Dry","Clear"
"T20190010496","4/6/19",17:32:00,"Collision with vehicle","Tuesday","Dusk/Dawn",2,2,"T intersection",2,60,"MONASH","METROPOLITAN SOUTH EAST REGION",-37.85744098,145.1136686,"Dry","Clear"
"T20190010497","4/6/19",15:35:00,"Collision with vehicle","Tuesday","Day",2,5,"T intersection",3,70,"WYNDHAM","METROPOLITAN NORTH WEST REGION",-37.84792856,144.6832888,"Dry","Clear"
"T20190010498","4/6/19",21:00:00,"Collision with a fixed object","Tuesday","Dark Street lights on",1,2,"Not at intersection",3,60,"GEELONG","SOUTH WESTERN REGION",-38.12676944,144.3395806,"Wet","Clear"
"T20190010499","4/6/19",19:25:00,"Collision with vehicle","Tuesday","Dark Street lights off",2,2,"Not at intersection",3,60,"GEELONG","SOUTH WESTERN REGION",-38.15761035,144.31187,"Wet","Raining"
"T20190010501","4/6/19",18:04:00,"Collision with vehicle","Tuesday","Dark Street lights on",3,3,"Not at intersection",2,60,"HUME","METROPOLITAN NORTH WEST REGION",-37.59688067,144.9222395,"Dry","Clear"
"T20190010502","4/6/19",20:43:00,"Collision with vehicle","Tuesday","Dark Street lights on",2,2,"T intersection",3,80,"HUME","METROPOLITAN NORTH WEST REGION",-37.65831756,144.9535064,"Wet","Clear"
"T20190010503","5/6/19",00:50:00,"Collision with a fixed object","Wednesday","Dark Street lights on",1,1,"Not at intersection",3,100,"CARDINIA","METROPOLITAN SOUTH EAST REGION",-38.06320693,145.4344987,"Dry","Clear"
"T20190010505","5/6/19",00:10:00,"Collision with a fixed object","Wednesday","Dark Street lights on",1,1,"Not at intersection",2,60,"MORNINGTON PENINSULA","METROPOLITAN SOUTH EAST REGION",-38.37760719,144.9083386,"Dry","Clear"
"T20190010509","5/6/19",06:45:00,"Collision with vehicle","Wednesday","Dark Street lights on",3,3,"Not at intersection",2,100,"DANDENONG","METROPOLITAN SOUTH EAST REGION",-37.95955794,145.2246323,"Dry","Clear"
"T20190010510","31/5/19",19:00:00,"No collision and no object struck","Friday","Dark Street lights on",1,1,"Not at intersection",3,60,"STONNINGTON","METROPOLITAN SOUTH EAST REGION",-37.84828807,145.0046201,"Dry","Not known"
"T20190010513","4/6/19",15:30:00,"Collision with a fixed object","Tuesday","Day",1,2,"Not at intersection",2,100,"PYRENEES","WESTERN REGION",-37.49348755,143.2333929,"Dry","Clear"
"T20190010520","5/6/19",09:37:00,"Collision with vehicle","Wednesday","Day",3,5,"Cross intersection",3,50,"YARRA RANGES","METROPOLITAN SOUTH EAST REGION",-37.88488926,145.3692397,"Wet","Clear"
"T20190010523","5/6/19",12:00:00,"Struck Pedestrian","Wednesday","Day",1,2,"T intersection",3,50,"WANGARATTA","NORTH EASTERN REGION",-36.37119019,146.3148465,"Dry","Clear"
"T20190010526","5/6/19",08:45:00,"Collision with vehicle","Wednesday","Day",4,4,"Not at intersection",3,100,"STONNINGTON","METROPOLITAN SOUTH EAST REGION",-37.86027101,145.0594906,"Dry","Clear"
"T20190010529","18/5/19",08:30:00,"Vehicle overturned (no collision)","Saturday","Day",1,1,"T intersection",3,888,"BAW BAW","EASTERN REGION",-38.0040287,146.0593346,"Unknown","Not known"
"T20190010530","5/6/19",08:27:00,"Collision with vehicle","Wednesday","Day",2,3,"Unknown",3,80,"MELBOURNE","METROPOLITAN NORTH WEST REGION",-37.82668486,144.9472495,"Dry","Clear"
"T20190010531","22/5/19",20:00:00,"No collision and no object struck","Wednesday","Dark Street lights on",1,1,"Cross intersection",2,60,"BENDIGO","NORTHERN REGION",-36.73394586,144.2784469,"Unknown","Clear"
"T20190010532","4/6/19",21:30:00,"Struck Pedestrian","Tuesday","Dark Street lights on",1,2,"Cross intersection",3,999,"MELBOURNE","METROPOLITAN NORTH WEST REGION",-37.82341295,144.9607653,"Dry","Clear"
"T20190010533","5/6/19",07:15:00,"Collision with a fixed object","Wednesday","Day",1,1,"T intersection",2,40,"MITCHELL","NORTHERN REGION",-37.21207692,145.0415652,"Dry","Clear"