"ACCIDENT_NO","ACCIDENTDATE","ACCIDENTTIME","Accident Type Desc","Day Week Description","Light Condition Desc","NO_OF_VEHICLES","NO_PERSONS","Road Geometry Desc","SEVERITY","SPEED_ZONE","LGA_NAME","REGION_NAME","Lat","Long","Surface Cond Desc","Atmosph Cond Desc"
"T20190010535","5/6/19",13:30:00,"Collision with vehicle","Wednesday","Day",2,4,"Not at intersection",2,60,"SHEPPARTON","NORTH EASTERN REGION",-36.3836673,145.4077714,"Dry","Clear"
"T20190010536","5/6/19",11:05:00,"Collision with vehicle","Wednesday","Day",2,3,"T intersection",2,60,"BRIMBANK","METROPOLITAN NORTH WEST REGION",-37.79591635,144.8302937,"Dry","Clear"
"T20190010539","2/6/19",14:55:00,"Collision with a fixed object","Sunday","Day",1,1,"Not at intersection",3,100,"GANNAWARRA","NORTHERN REGION",-35.87910187,144.3318878,"Dry","Clear"
"T20190010541","5/6/19",14:15:00,"Collision with a fixed object","Wednesday","Day",2,2,"Multiple intersection",2,60,"MORELAND","METROPOLITAN NORTH WEST REGION",-37.77403143,144.9372726,"Dry","Clear"
"T20190010542","3/6/19",11:19:00,"Collision with vehicle","Monday","Day",2,2,"Not at intersection",3,100,"BRIMBANK","METROPOLITAN NORTH WEST REGION",-37.74074856,144.8490879,"Wet","Raining"
"T20190010543","5/6/19",14:30:00,"Struck Pedestrian","Wednesday","Day",1,2,"T intersection",3,40,"MELBOURNE","METROPOLITAN NORTH WEST REGION",-37.82144061,144.9638292,"Dry","Clear"
"T20190010550","3/6/19",18:20:00,"Collision with vehicle","Monday","Dark Street lights on",2,2,"Cross intersection",3,60,"KINGSTON","METROPOLITAN SOUTH EAST REGION",-38.03855681,145.1090296,"Wet","Raining"
"T20190010551","5/6/19",15:50:00,"Collision with vehicle","Wednesday","Day",2,2,"Not at intersection",3,50,"WYNDHAM","METROPOLITAN NORTH WEST REGION",-37.87696869,144.6726684,"Dry","Clear"
"T20190010552","5/6/19",16:55:00,"Struck Pedestrian","Wednesday","Dusk/Dawn",1,2,"T intersection",2,50,"BANYULE","METROPOLITAN NORTH WEST REGION",-37.74426193,145.0719118,"Dry","Clear"
"T20190010558","5/6/19",17:37:00,"Collision with vehicle","Wednesday","Dark Street lights on",2,3,"Cross intersection",3,60,"BANYULE","METROPOLITAN NORTH WEST REGION",-37.70285488,145.1008536,"Dry","Clear"
"T20190010561","4/6/19",17:40:00,"collision with some other object","Tuesday","Dusk/Dawn",1,1,"Not at intersection",3,999,"WYNDHAM","METROPOLITAN NORTH WEST REGION",-37.82917789,144.7985481,"Unknown","Not known"
"T20190010562","5/6/19",18:35:00,"Collision with a fixed object","Wednesday","Dark No street lights",1,1,"Not at intersection",2,100,"MACEDON RANGES","NORTHERN REGION",-37.5098417,144.616709,"Dry","Clear"
"T20190010564","31/5/19",07:30:00,"Collision with vehicle","Friday","Dusk/Dawn",2,2,"T intersection",3,60,"NILLUMBIK","METROPOLITAN NORTH WEST REGION",-37.69872099,145.1512315,"Wet","Raining"
"T20190010564","31/5/19",07:30:00,"Collision with vehicle","Friday","Dusk/Dawn",2,2,"T intersection",3,60,"NILLUMBIK","METROPOLITAN NORTH WEST REGION",-37.69872099,145.1512315,"Wet","Fog"
"T20190010569","5/6/19",19:50:00,"Collision with vehicle","Wednesday","Dark Street lights on",2,2,"Cross intersection",3,999,"GEELONG","SOUTH WESTERN REGION",-38.14078283,144.3482861,"Unknown","Not known"
"T20190010572","5/6/19",21:00:00,"Collision with vehicle","Wednesday","Dark Street lights on",2,2,"T intersection",3,60,"HOBSONS BAY","METROPOLITAN NORTH WEST REGION",-37.8188695,144.849601,"Dry","Clear"
"T20190010573","5/6/19",19:20:00,"Collision with vehicle","Wednesday","Dark Street lights on",2,2,"Not at intersection",3,999,"DAREBIN","METROPOLITAN NORTH WEST REGION",-37.75611693,144.9936789,"Dry","Clear"
"T20190010574","5/6/19",15:33:00,"Collision with vehicle","Wednesday","Day",2,2,"Multiple intersection",3,60,"MELBOURNE","METROPOLITAN NORTH WEST REGION",-37.80471094,144.9353049,"Dry","Clear"
"T20190010575","5/6/19",21:50:00,"Collision with vehicle","Wednesday","Dark Street lights on",4,1,"Not at intersection",3,50,"GEELONG","SOUTH WESTERN REGION",-38.20848401,144.2993296,"Dry","Clear"
"T20190010577","5/6/19",00:57:00,"Collision with a fixed object","Wednesday","Dark No street lights",1,1,"Not at intersection",3,110,"MITCHELL","NORTHERN REGION",-37.21713345,145.0652388,"Dry","Clear"
"T20190010584","6/6/19",05:15:00,"Collision with vehicle","Thursday","Dark Street lights on",2,2,"Cross intersection",2,80,"FRANKSTON","METROPOLITAN SOUTH EAST REGION",-38.15751287,145.1349606,"Wet","Raining"
"T20190010585","27/1/19",10:44:00,"Collision with vehicle","Sunday","Day",2,2,"Not at intersection",3,100,"HUME","METROPOLITAN NORTH WEST REGION",-37.69083092,144.9709893,"Dry","Clear"
"T20190010590","6/6/19",08:20:00,"Collision with vehicle","Thursday","Day",2,2,"Cross intersection",3,60,"WANGARATTA","NORTH EASTERN REGION",-36.3766298,146.3077842,"Dry","Clear"
"T20190010591","6/6/19",09:40:00,"Collision with vehicle","Thursday","Day",2,2,"Not at intersection",3,60,"MAROONDAH","METROPOLITAN SOUTH EAST REGION",-37.80868638,145.2273132,"Wet","Clear"
"T20190010595","6/6/19",10:08:00,"Collision with vehicle","Thursday","Day",2,2,"T intersection",2,60,"SHEPPARTON","NORTH EASTERN REGION",-36.38257978,145.4105904,"Dry","Clear"
"T20190010596","6/6/19",09:20:00,"Collision with vehicle","Thursday","Day",2,2,"Not at intersection",3,40,"YARRA","METROPOLITAN NORTH WEST REGION",-37.79908344,144.9873774,"Dry","Clear"
"T20190010597","2/5/19",15:00:00,"Collision with vehicle","Thursday","Day",3,3,"Not at intersection",3,60,"DAREBIN","METROPOLITAN NORTH WEST REGION",-37.71519987,145.0078661,"Unknown","Clear"
"T20190010598","6/6/19",10:13:00,"Collision with a fixed object","Thursday","Day",1,1,"Not at intersection",3,999,"YARRA RANGES","METROPOLITAN SOUTH EAST REGION",-37.82662664,145.4376696,"Wet","Raining"
"T20190010601","6/6/19",09:50:00,"Collision with vehicle","Thursday","Day",3,3,"Not at intersection",2,80,"HOBSONS BAY","METROPOLITAN NORTH WEST REGION",-37.8254731,144.880009,"Dry","Clear"
"T20190010602","6/6/19",09:27:00,"Collision with vehicle","Thursday","Day",2,2,"T intersection",3,60,"YARRA","METROPOLITAN NORTH WEST REGION",-37.780739,144.9702997,"Dry","Clear"
"T20190010607","6/6/19",12:25:00,"Collision with vehicle","Thursday","Day",2,2,"T intersection",3,60,"MAROONDAH","METROPOLITAN SOUTH EAST REGION",-37.78291709,145.2685552,"Wet","Clear"
"T20190010608","6/6/19",13:57:00,"Struck Pedestrian","Thursday","Day",1,2,"Cross intersection",2,40,"CARDINIA","METROPOLITAN SOUTH EAST REGION",-38.07769084,145.4818235,"Dry","Clear"
"T20190010609","6/6/19",14:45:00,"Collision with a fixed object","Thursday","Day",1,1,"Not at intersection",2,100,"CAMPASPE","NORTHERN REGION",-36.10684998,144.8591,"Dry","Clear"
"T20190010610","18/5/19",21:30:00,"Struck Pedestrian","Saturday","Dark Street lights on",1,2,"Not at intersection",3,888,"BRIMBANK","METROPOLITAN NORTH WEST REGION",-37.71960286,144.8362979,"Dry","Not known"
"T20190010611","29/5/19",10:15:00,"Vehicle overturned (no collision)","Wednesday","Day",2,2,"Not at intersection",3,60,"HOBSONS BAY","METROPOLITAN NORTH WEST REGION",-37.81851085,144.8496795,"Wet","Raining"
"T20190010614","6/6/19",16:17:00,"Collision with vehicle","Thursday","Day",2,2,"Cross intersection",3,60,"BALLARAT","WESTERN REGION",-37.561255,143.8503945,"Wet","Clear"
"T20190010615","19/4/19",10:30:00,"Collision with vehicle","Friday","Day",2,3,"Cross intersection",3,50,"NORTHERN GRAMPIANS","WESTERN REGION",-37.06417353,142.7650483,"Unknown","Not known"
"T20190010617","6/6/19",14:15:00,"Collision with vehicle","Thursday","Day",2,1,"Not at intersection",2,50,"HORSHAM","WESTERN REGION",-36.71149191,142.1895416,"Dry","Clear"
"T20190010620","6/6/19",18:25:00,"Collision with vehicle","Thursday","Dark Street lights on",2,2,"Not at intersection",2,50,"MELBOURNE","METROPOLITAN NORTH WEST REGION",-37.82796987,144.9577098,"Dry","Clear"
"T20190010624","6/6/19",14:34:00,"Collision with vehicle","Thursday","Day",2,2,"T intersection",3,60,"BRIMBANK","METROPOLITAN NORTH WEST REGION",-37.7449522,144.8059105,"Dry","Clear"
"T20190010627","6/6/19",17:58:00,"Struck Pedestrian","Thursday","Dark No street lights",1,2,"Cross intersection",2,50,"MORELAND","METROPOLITAN NORTH WEST REGION",-37.73940025,144.9658792,"Dry","Clear"
"T20190010631","6/6/19",19:55:00,"Collision with a fixed object","Thursday","Dark No street lights",1,2,"Not at intersection",3,80,"GOLDEN PLAINS","SOUTH WESTERN REGION",-37.62186583,143.6757602,"Wet","Raining"
"T20190010632","6/6/19",17:30:00,"Collision with vehicle","Thursday","Dark Street lights unknown",2,2,"Not at intersection",2,999,"GLEN EIRA","METROPOLITAN SOUTH EAST REGION",-37.92826944,145.0634653,"Dry","Clear"
"T20190010633","6/6/19",17:30:00,"Collision with vehicle","Thursday","Dark Street lights on",2,2,"T intersection",3,60,"BANYULE","METROPOLITAN NORTH WEST REGION",-37.75341658,145.0522819,"Dry","Clear"
"T20190010634","6/6/19",19:00:00,"Collision with vehicle","Thursday","Dark Street lights on",2,2,"Not at intersection",3,80,"WHITTLESEA","METROPOLITAN NORTH WEST REGION",-37.68649356,145.0017618,"Dry","Clear"
"T20190010635","6/6/19",16:45:00,"Collision with vehicle","Thursday","Dusk/Dawn",2,2,"Not at intersection",1,60,"CASEY","METROPOLITAN SOUTH EAST REGION",-38.02188053,145.2700948,"Dry","Clear"
"T20190010639","6/6/19",18:00:00,"Collision with vehicle","Thursday","Dark Street lights on",3,5,"Cross intersection",3,80,"CASEY","METROPOLITAN SOUTH EAST REGION",-37.97269847,145.2383203,"Dry","Clear"
"T20190010640","6/6/19",22:10:00,"Collision with vehicle","Thursday","Dark Street lights on",2,3,"Cross intersection",2,60,"CASEY","METROPOLITAN SOUTH EAST REGION",-38.11303495,145.2827853,"Dry","Clear"
"T20190010641","6/6/19",02:40:00,"Collision with vehicle","Thursday","Dark Street lights on",2,1,"Not at intersection",2,70,"DAREBIN","METROPOLITAN NORTH WEST REGION",-37.69475222,145.0094628,"Dry","Clear"
"T20190010644","7/6/19",03:15:00,"Collision with vehicle","Friday","Dark Street lights on",3,3,"Not at intersection",3,60,"MOONEE VALLEY","METROPOLITAN NORTH WEST REGION",-37.78551374,144.9387433,"Dry","Clear"
"T20190010646","6/3/19",18:00:00,"Struck Pedestrian","Wednesday","Unknown",1,2,"Unknown",3,60,NA,NA,NA,NA,"Unknown","Not known"
"T20190010647","6/6/19",16:55:00,"Collision with vehicle","Thursday","Dusk/Dawn",2,4,"T intersection",2,70,"MAROONDAH","METROPOLITAN SOUTH EAST REGION",-37.81888097,145.2690907,"Dry","Clear"
"T20190010648","7/6/19",06:55:00,"Vehicle overturned (no collision)","Friday","Dusk/Dawn",2,2,"Multiple intersection",3,60,"BENDIGO","NORTHERN REGION",-36.76912353,144.2920962,"Dry","Clear"
"T20190010649","6/6/19",07:00:00,"Collision with vehicle","Thursday","Dusk/Dawn",2,3,"T intersection",3,60,"WANGARATTA","NORTH EASTERN REGION",-36.33617076,146.2960936,"Dry","Clear"
"T20190010650","20/5/19",07:00:00,"Collision with vehicle","Monday","Dark Street lights on",2,2,"T intersection",3,999,"BANYULE","METROPOLITAN NORTH WEST REGION",-37.73158116,145.0791473,"Dry","Clear"
"T20190010651","6/6/19",21:39:00,"Collision with vehicle","Thursday","Dark Street lights on",2,2,"Cross intersection",3,60,"BOROONDARA","METROPOLITAN SOUTH EAST REGION",-37.83600707,145.0621638,"Dry","Clear"
"T20190010652","7/6/19",08:07:00,"Collision with vehicle","Friday","Day",2,2,"T intersection",3,60,"BAYSIDE","METROPOLITAN SOUTH EAST REGION",-37.95678648,145.046529,"Dry","Clear"
"T20190010653","11/5/19",20:30:00,"Struck Pedestrian","Saturday","Dark Street lights on",1,2,"Not at intersection",3,50,"MONASH","METROPOLITAN SOUTH EAST REGION",-37.93629742,145.1987118,"Unknown","Not known"
"T20190010655","6/6/19",17:50:00,"Collision with vehicle","Thursday","Dark Street lights on",3,3,"Not at intersection",2,100,"DANDENONG","METROPOLITAN SOUTH EAST REGION",-38.03637138,145.1886417,"Dry","Clear"
"T20190010660","7/6/19",06:40:00,"Collision with vehicle","Friday","Dark No street lights",3,3,"Not at intersection",2,100,"MONASH","METROPOLITAN SOUTH EAST REGION",-37.93565643,145.1925746,"Dry","Clear"
"T20190010661","7/6/19",10:45:00,"Collision with vehicle","Friday","Day",2,2,"Not at intersection",3,50,"MILDURA","WESTERN REGION",-34.16792884,142.0623089,"Dry","Clear"
"T20190010663","7/6/19",11:15:00,"Struck Pedestrian","Friday","Day",1,3,"Cross intersection",3,60,"WHITTLESEA","METROPOLITAN NORTH WEST REGION",-37.5989642,145.0819703,"Dry","Clear"
"T20190010664","7/6/19",11:07:00,"Collision with vehicle","Friday","Day",2,2,"Cross intersection",2,60,"MELBOURNE","METROPOLITAN NORTH WEST REGION",-37.81646802,144.9790478,"Dry","Clear"
"T20190010666","31/5/19",18:00:00,"Collision with vehicle","Friday","Day",2,2,"Not at intersection",3,100,"DANDENONG","METROPOLITAN SOUTH EAST REGION",-37.96083642,145.2272457,"Dry","Not known"
"T20190010669","7/6/19",12:45:00,"Collision with vehicle","Friday","Day",2,2,"Cross intersection",2,80,"BENDIGO","NORTHERN REGION",-36.70891394,144.2155136,"Dry","Clear"
"T20190010670","30/5/19",04:45:00,"Collision with vehicle","Thursday","Dark Street lights unknown",2,2,"T intersection",3,100,"MACEDON RANGES","NORTHERN REGION",-37.28627002,144.4463546,"Wet","Raining"
"T20190010674","7/6/19",12:45:00,"Collision with vehicle","Friday","Day",3,4,"T intersection",3,30,"CASEY","METROPOLITAN SOUTH EAST REGION",-38.01910282,145.3077733,"Dry","Clear"
"T20190010676","7/6/19",15:35:00,"Collision with vehicle","Friday","Day",2,2,"Cross intersection",2,70,"FRANKSTON","METROPOLITAN SOUTH EAST REGION",-38.14664407,145.1358103,"Dry","Clear"
"T20190010677","7/6/19",12:11:00,"Collision with vehicle","Friday","Day",2,2,"Cross intersection",1,60,"BENDIGO","NORTHERN REGION",-36.78261182,144.2652659,"Dry","Clear"
"T20190010679","7/6/19",15:22:00,"Collision with vehicle","Friday","Day",7,9,"Not at intersection",2,80,"HUME","METROPOLITAN NORTH WEST REGION",-37.59393552,144.9425391,"Dry","Clear"
"T20190010681","7/6/19",15:40:00,"Collision with a fixed object","Friday","Day",1,1,"Not at intersection",2,100,"DANDENONG","METROPOLITAN SOUTH EAST REGION",-37.94272134,145.2031639,"Dry","Clear"
"T20190010686","7/6/19",18:00:00,"Collision with vehicle","Friday","Dark Street lights on",2,2,"T intersection",2,60,"GEELONG","SOUTH WESTERN REGION",-38.08624135,144.3438334,"Dry","Clear"
"T20190010687","7/6/19",16:15:00,"Collision with vehicle","Friday","Day",3,3,"Not at intersection",3,60,"KINGSTON","METROPOLITAN SOUTH EAST REGION",-38.03770466,145.1085258,"Dry","Clear"
"T20190010689","7/6/19",17:55:00,"Collision with vehicle","Friday","Dark No street lights",3,8,"Not at intersection",3,80,"BENDIGO","NORTHERN REGION",-36.78940886,144.334501,"Dry","Clear"
"T20190010690","7/6/19",16:30:00,"Struck Pedestrian","Friday","Day",1,3,"Not at intersection",2,50,"MOIRA","NORTH EASTERN REGION",-35.92100673,145.6471397,"Dry","Clear"
"T20190010691","7/6/19",06:30:00,"Struck Pedestrian","Friday","Dark Street lights on",1,3,"Cross intersection",3,40,"MELBOURNE","METROPOLITAN NORTH WEST REGION",-37.80923867,144.9523651,"Dry","Clear"
"T20190010695","7/6/19",15:30:00,"Struck Pedestrian","Friday","Day",1,2,"T intersection",3,40,"DAREBIN","METROPOLITAN NORTH WEST REGION",-37.7360871,145.0282478,"Dry","Clear"
"T20190010698","7/6/19",15:00:00,"Collision with vehicle","Friday","Day",2,6,"Cross intersection",2,60,"BENDIGO","NORTHERN REGION",-36.72078969,144.3042645,"Dry","Clear"
"T20190010699","7/6/19",15:45:00,"Collision with vehicle","Friday","Day",2,2,"Cross intersection",2,60,"PORT PHILLIP","METROPOLITAN NORTH WEST REGION",-37.83338525,144.9679408,"Dry","Clear"
"T20190010700","7/6/19",20:15:00,"Collision with vehicle","Friday","Dark Street lights on",2,2,"Cross intersection",3,60,"GEELONG","SOUTH WESTERN REGION",-38.19678815,144.3525571,"Dry","Clear"
"T20190010701","7/6/19",15:30:00,"Collision with vehicle","Friday","Day",2,4,"T intersection",3,60,"WHITTLESEA","METROPOLITAN NORTH WEST REGION",-37.68021253,145.0298575,"Dry","Clear"
"T20190010702","7/6/19",17:48:00,"Collision with vehicle","Friday","Dark No street lights",2,4,"Not at intersection",3,100,"LATROBE","EASTERN REGION",-38.31672932,146.2625934,"Dry","Clear"
"T20190010703","7/6/19",16:20:00,"Collision with vehicle","Friday","Day",2,2,"T intersection",3,60,"BOROONDARA","METROPOLITAN SOUTH EAST REGION",-37.82427284,145.0832662,"Dry","Clear"
"T20190010705","7/6/19",21:45:00,"Collision with a fixed object","Friday","Dark No street lights",1,1,"Not at intersection",2,50,"BENDIGO","NORTHERN REGION",-36.73108678,144.2688006,"Dry","Clear"
"T20190010708","8/6/19",00:09:00,"Collision with vehicle","Saturday","Dark Street lights on",2,2,"Not at intersection",2,50,"HUME","METROPOLITAN NORTH WEST REGION",-37.65394406,144.9157652,"Dry","Clear"
"T20190010711","7/6/19",16:52:00,"Struck Pedestrian","Friday","Dusk/Dawn",1,3,"Cross intersection",2,60,"MORELAND","METROPOLITAN NORTH WEST REGION",-37.73150992,144.9385005,"Dry","Not known"
"T20190010714","6/6/19",08:45:00,"Collision with vehicle","Thursday","Day",2,2,"Cross intersection",2,60,"MELBOURNE","METROPOLITAN NORTH WEST REGION",-37.82663687,144.9576367,"Dry","Not known"
"T20190010715","7/6/19",22:38:00,"Collision with vehicle","Friday","Dark Street lights on",2,3,"Not at intersection",2,60,"MAROONDAH","METROPOLITAN SOUTH EAST REGION",-37.81333584,145.2339593,"Dry","Clear"
"T20190010719","8/6/19",04:30:00,"Collision with a fixed object","Saturday","Dark Street lights on",1,1,"Cross intersection",2,60,"WHITEHORSE","METROPOLITAN SOUTH EAST REGION",-37.83600321,145.1953911,"Dry","Clear"
"T20190010720","7/6/19",11:40:00,"Collision with vehicle","Friday","Day",2,3,"Not at intersection",3,60,"YARRA RANGES","METROPOLITAN SOUTH EAST REGION",-37.7952015,145.3136596,"Dry","Not known"
"T20190010725","8/6/19",11:00:00,"Collision with vehicle","Saturday","Day",2,3,"Cross intersection",3,60,"EAST GIPPSLAND","EASTERN REGION",-37.82877977,147.619408,"Dry","Clear"
"T20190010726","8/6/19",12:10:00,"Collision with vehicle","Saturday","Day",2,2,"Cross intersection",2,60,"MONASH","METROPOLITAN SOUTH EAST REGION",-37.88251443,145.1089962,"Dry","Clear"
"T20190010729","7/6/19",12:30:00,"Collision with a fixed object","Friday","Day",1,1,"Not at intersection",2,100,"WELLINGTON","EASTERN REGION",-37.92610684,146.9940889,"Dry","Clear"
"T20190010730","8/6/19",09:30:00,"Collision with vehicle","Saturday","Day",3,1,"Not at intersection",2,60,"MORELAND","METROPOLITAN NORTH WEST REGION",-37.72183091,144.9511,"Dry","Clear"
"T20190010731","5/6/19",07:45:00,"Collision with vehicle","Wednesday","Day",2,2,"T intersection",3,50,"WHITTLESEA","METROPOLITAN NORTH WEST REGION",-37.62046472,145.0236016,"Dry","Clear"
"T20190010732","7/6/19",20:30:00,"Collision with vehicle","Friday","Dark Street lights on",2,1,"Not at intersection",3,50,"WYNDHAM","METROPOLITAN NORTH WEST REGION",-37.84210033,144.6579476,"Dry","Clear"
"T20190010741","8/6/19",14:00:00,"Vehicle overturned (no collision)","Saturday","Day",1,2,"Not at intersection",2,100,"SHEPPARTON","NORTH EASTERN REGION",-36.48711583,145.5318065,"Dry","Clear"
"T20190010744","30/5/19",23:20:00,"Struck Pedestrian","Thursday","Dark Street lights on",1,2,"Cross intersection",3,40,"MORELAND","METROPOLITAN NORTH WEST REGION",-37.77156954,144.9614351,"Wet","Raining"
"T20190010745","8/6/19",15:55:00,"Collision with a fixed object","Saturday","Day",2,2,"T intersection",2,80,"HUME","METROPOLITAN NORTH WEST REGION",-37.59691048,144.7587673,"Dry","Clear"
"T20190010746","8/6/19",14:45:00,"Struck Pedestrian","Saturday","Day",1,2,"Not at intersection",3,50,"SURF COAST","SOUTH WESTERN REGION",-38.53836144,143.9752377,"Dry","Clear"
"T20190010747","8/6/19",15:25:00,"Collision with vehicle","Saturday","Day",4,10,"Not at intersection",3,70,"WYNDHAM","METROPOLITAN NORTH WEST REGION",-37.88428297,144.6627551,"Dry","Clear"
"T20190010748","8/6/19",15:47:00,"Collision with vehicle","Saturday","Day",2,2,"Multiple intersection",3,60,"DAREBIN","METROPOLITAN NORTH WEST REGION",-37.7182107,145.02115,"Dry","Clear"
"T20190010751","8/6/19",19:05:00,"Struck Pedestrian","Saturday","Dark Street lights unknown",1,2,"Not at intersection",3,50,"DAREBIN","METROPOLITAN NORTH WEST REGION",-37.7188856,145.0275941,"Dry","Clear"
"T20190010752","8/6/19",13:55:00,"Collision with vehicle","Saturday","Day",2,3,"Cross intersection",3,50,"KNOX","METROPOLITAN SOUTH EAST REGION",-37.86619738,145.2761189,"Dry","Clear"
"T20190010753","8/6/19",13:55:00,"Collision with vehicle","Saturday","Day",2,5,"Not at intersection",3,100,"MOUNT ALEXANDER","NORTHERN REGION",-37.01702798,144.2712446,"Dry","Clear"
"T20190010754","8/6/19",17:42:00,"Collision with vehicle","Saturday","Dark Street lights on",2,3,"T intersection",2,80,"MOORABOOL","WESTERN REGION",-37.68146944,144.5063787,"Dry","Clear"
"T20190010755","8/6/19",18:31:00,"Collision with vehicle","Saturday","Dark Street lights on",2,3,"Not at intersection",3,60,"MORELAND","METROPOLITAN NORTH WEST REGION",-37.75991254,144.9743127,"Dry","Clear"
"T20190010756","8/6/19",15:40:00,"Struck Pedestrian","Saturday","Day",1,2,"Cross intersection",3,50,"FRANKSTON","METROPOLITAN SOUTH EAST REGION",-38.14428188,145.1208058,"Wet","Raining"
"T20190010760","8/6/19",22:30:00,"Struck Pedestrian","Saturday","Dark Street lights on",1,1,"Not at intersection",3,60,"STONNINGTON","METROPOLITAN SOUTH EAST REGION",-37.84673074,144.9931007,"Dry","Clear"
"T20190010762","8/6/19",16:25:00,"Collision with vehicle","Saturday","Day",2,3,"Cross intersection",2,50,"GEELONG","SOUTH WESTERN REGION",-38.112358,144.3341947,"Dry","Clear"
"T20190010763","8/6/19",21:35:00,"Fall from or in moving vehicle","Saturday","Dark No street lights",1,2,"Not at intersection",2,50,"CASEY","METROPOLITAN SOUTH EAST REGION",-38.17387089,145.2610148,"Dry","Clear"
"T20190010764","8/6/19",19:35:00,"No collision and no object struck","Saturday","Dark No street lights",1,1,"Not at intersection",1,100,"BASS COAST","EASTERN REGION",-38.30763165,145.5289177,"Dry","Clear"
"T20190010768","8/6/19",23:20:00,"Struck Pedestrian","Saturday","Dark No street lights",1,2,"Not at intersection",1,100,"ALPINE","NORTH EASTERN REGION",-36.49388105,146.8281202,"Dry","Fog"
"T20190010769","9/6/19",03:50:00,"Struck animal","Sunday","Dark No street lights",2,5,"T intersection",3,100,"WELLINGTON","EASTERN REGION",-38.15895431,146.7313796,"Dry","Clear"
"T20190010770","7/6/19",15:10:00,"Collision with vehicle","Friday","Day",2,2,"Not at intersection",3,70,"DANDENONG","METROPOLITAN SOUTH EAST REGION",-38.03514715,145.2401417,"Dry","Clear"
"T20190010775","8/6/19",16:45:00,"Vehicle overturned (no collision)","Saturday","Day",1,2,"Not at intersection",3,60,"HUME","METROPOLITAN NORTH WEST REGION",-37.60202004,144.9436197,"Wet","Clear"
"T20190010776","9/6/19",08:49:00,"Collision with vehicle","Sunday","Day",3,3,"Not at intersection",2,70,"YARRA RANGES","METROPOLITAN SOUTH EAST REGION",-37.77530816,145.4633479,"Dry","Clear"
"T20190010778","9/6/19",06:40:00,"No collision and no object struck","Sunday","Dark No street lights",1,1,"Not at intersection",2,100,"GOLDEN PLAINS","SOUTH WESTERN REGION",-37.62246293,143.7940365,"Dry","Clear"
"T20190010779","6/6/19",15:38:00,"Collision with vehicle","Thursday","Day",2,2,"Not at intersection",3,40,"CARDINIA","METROPOLITAN SOUTH EAST REGION",-38.18290644,145.4792143,"Dry","Clear"
"T20190010780","9/6/19",09:30:00,"Collision with vehicle","Sunday","Day",2,2,"Cross intersection",3,80,"CASEY","METROPOLITAN SOUTH EAST REGION",-38.13382918,145.2283959,"Dry","Clear"
"T20190010785","9/6/19",12:20:00,"Vehicle overturned (no collision)","Sunday","Day",1,1,"Not at intersection",2,80,"MACEDON RANGES","NORTHERN REGION",-37.38361754,144.4952795,"Dry","Clear"
"T20190010790","9/6/19",12:56:00,"Struck Pedestrian","Sunday","Day",1,2,"Cross intersection",2,80,"CASEY","METROPOLITAN SOUTH EAST REGION",-38.00625477,145.2733448,"Dry","Clear"
"T20190010791","20/5/19",16:00:00,"Collision with vehicle","Monday","Day",2,2,"Not at intersection",3,999,"KINGSTON","METROPOLITAN SOUTH EAST REGION",-37.953436,145.0634251,"Unknown","Clear"
"T20190010793","9/6/19",14:55:00,"No collision and no object struck","Sunday","Day",2,1,"Not at intersection",3,40,"YARRA","METROPOLITAN NORTH WEST REGION",-37.80613439,144.9808327,"Dry","Clear"
"T20190010794","9/6/19",11:30:00,"Collision with a fixed object","Sunday","Day",1,1,"Not at intersection",2,100,"MOYNE","SOUTH WESTERN REGION",-38.21761288,142.1928344,"Dry","Clear"
"T20190010802","9/6/19",14:29:00,"Collision with a fixed object","Sunday","Day",1,1,"T intersection",3,80,"NILLUMBIK","METROPOLITAN NORTH WEST REGION",-37.70728775,145.2246878,"Dry","Clear"
"T20190010803","9/6/19",14:50:00,"Vehicle overturned (no collision)","Sunday","Day",1,2,"Not at intersection",2,888,"MITCHELL","NORTHERN REGION",-37.33720854,145.1963767,"Wet","Clear"
"T20190010803","9/6/19",14:50:00,"Vehicle overturned (no collision)","Sunday","Day",1,2,"Not at intersection",2,888,"MITCHELL","NORTHERN REGION",-37.33720854,145.1963767,"Muddy","Clear"
"T20190010805","9/6/19",17:23:00,"Collision with vehicle","Sunday","Dark Street lights on",2,3,"T intersection",2,60,"WHITEHORSE","METROPOLITAN SOUTH EAST REGION",-37.82950028,145.1285076,"Dry","Clear"
"T20190010806","9/6/19",16:40:00,"Collision with vehicle","Sunday","Day",3,8,"T intersection",2,80,"WHITTLESEA","METROPOLITAN NORTH WEST REGION",-37.5926352,145.1019526,"Dry","Clear"
"T20190010808","9/6/19",17:15:00,"Collision with vehicle","Sunday","Dusk/Dawn",2,5,"Not at intersection",2,100,"BAW BAW","EASTERN REGION",-38.30506115,146.0475518,"Dry","Clear"
"T20190010812","9/6/19",16:15:00,"Collision with a fixed object","Sunday","Day",1,2,"Not at intersection",3,50,"KNOX","METROPOLITAN SOUTH EAST REGION",-37.87632256,145.2522924,"Dry","Clear"