"ACCIDENT_NO","ACCIDENTDATE","ACCIDENTTIME","Accident Type Desc","Day Week Description","Light Condition Desc","NO_OF_VEHICLES","NO_PERSONS","Road Geometry Desc","SEVERITY","SPEED_ZONE","LGA_NAME","REGION_NAME","Lat","Long","Surface Cond Desc","Atmosph Cond Desc"
"T20190010813","9/6/19",19:50:00,"Collision with vehicle","Sunday","Dark Street lights on",3,5,"Not at intersection",3,70,"BRIMBANK","METROPOLITAN NORTH WEST REGION",-37.74504607,144.7790186,"Dry","Clear"
"T20190010814","9/6/19",11:00:00,"Collision with vehicle","Sunday","Unknown",2,2,"Not at intersection",3,999,"BRIMBANK","METROPOLITAN NORTH WEST REGION",-37.70063001,144.7958143,"Wet","Raining"
"T20190010816","10/6/19",00:59:00,"Collision with a fixed object","Monday","Dark Street lights on",1,1,"Not at intersection",3,60,"KNOX","METROPOLITAN SOUTH EAST REGION",-37.8792001,145.2846624,"Wet","Raining"
"T20190010817","9/6/19",23:50:00,"Struck Pedestrian","Sunday","Dark Street lights on",1,2,"Cross intersection",2,50,"YARRA","METROPOLITAN NORTH WEST REGION",-37.79674615,144.9787363,"Wet","Clear"
"T20190010818","16/5/19",12:00:00,"Struck Pedestrian","Thursday","Day",1,2,"Not at intersection",3,50,"HUME","METROPOLITAN NORTH WEST REGION",-37.60305938,144.9438041,"Dry","Clear"
"T20190010820","9/6/19",14:55:00,"Vehicle overturned (no collision)","Sunday","Day",1,1,"Not at intersection",3,100,"CAMPASPE","NORTHERN REGION",-35.97163619,144.50289,"Muddy","Clear"
"T20190010821","9/6/19",12:50:00,"Collision with a fixed object","Sunday","Day",1,2,"Not at intersection",3,100,"MURRINDINDI","NORTH EASTERN REGION",-37.24747026,145.179159,"Dry","Clear"
"T20190010822","8/6/19",13:40:00,"Collision with vehicle","Saturday","Day",2,2,"Not at intersection",2,60,"MAROONDAH","METROPOLITAN SOUTH EAST REGION",-37.79755913,145.2535322,"Dry","Clear"
"T20190010823","9/6/19",13:40:00,"Collision with a fixed object","Sunday","Day",1,4,"Cross intersection",3,80,"CASEY","METROPOLITAN SOUTH EAST REGION",-38.05043401,145.2576064,"Dry","Clear"
"T20190010825","4/5/19",18:45:00,"Collision with vehicle","Saturday","Dark Street lights unknown",2,3,"Not at intersection",3,80,"KINGSTON","METROPOLITAN SOUTH EAST REGION",-37.99021095,145.0810956,"Dry","Not known"
"T20190010826","9/6/19",21:35:00,"Collision with a fixed object","Sunday","Dark No street lights",1,1,"T intersection",2,80,"MURRINDINDI","NORTH EASTERN REGION",-37.37408421,145.2801027,"Wet","Raining"
"T20190010831","9/6/19",13:37:00,"Vehicle overturned (no collision)","Sunday","Day",1,1,"Not at intersection",2,888,"LODDON","NORTHERN REGION",-36.31974584,143.6947759,"Dry","Clear"
"T20190010832","10/6/19",01:00:00,"Collision with a fixed object","Monday","Dark Street lights on",1,1,"Cross intersection",2,60,"BALLARAT","WESTERN REGION",-37.55004552,143.8501467,"Wet","Raining"
"T20190010836","9/6/19",21:30:00,"Collision with a fixed object","Sunday","Dark No street lights",1,1,"Not at intersection",3,100,"MOYNE","SOUTH WESTERN REGION",-38.39160201,142.8041936,"Wet","Not known"
"T20190010836","9/6/19",21:30:00,"Collision with a fixed object","Sunday","Dark No street lights",1,1,"Not at intersection",3,100,"MOYNE","SOUTH WESTERN REGION",-38.39160201,142.8041936,"Snowy","Not known"
"T20190010837","5/6/19",08:10:00,"Collision with vehicle","Wednesday","Day",3,3,"T intersection",3,70,"CAMPASPE","NORTHERN REGION",-36.14052314,144.7611882,"Dry","Clear"
"T20190010842","10/6/19",12:05:00,"Collision with vehicle","Monday","Day",3,6,"Cross intersection",2,80,"DANDENONG","METROPOLITAN SOUTH EAST REGION",-38.00316256,145.2079252,"Dry","Clear"
"T20190010843","10/6/19",12:13:00,"Collision with vehicle","Monday","Day",5,5,"Not at intersection",3,100,"MONASH","METROPOLITAN SOUTH EAST REGION",-37.88530818,145.0987538,"Dry","Clear"
"T20190010846","10/6/19",12:00:00,"Collision with vehicle","Monday","Day",2,4,"T intersection",3,100,"CARDINIA","METROPOLITAN SOUTH EAST REGION",-37.97144809,145.5468494,"Wet","Clear"
"T20190010849","10/6/19",10:40:00,"Struck Pedestrian","Monday","Day",1,2,"T intersection",3,60,"MORNINGTON PENINSULA","METROPOLITAN SOUTH EAST REGION",-38.19893698,145.0939604,"Wet","Clear"
"T20190010850","10/6/19",12:50:00,"Collision with vehicle","Monday","Day",2,1,"Not at intersection",3,60,"MONASH","METROPOLITAN SOUTH EAST REGION",-37.88687242,145.1467453,"Dry","Clear"
"T20190010854","31/5/19",17:58:00,"Collision with vehicle","Friday","Dusk/Dawn",2,2,"Not at intersection",3,40,"MELBOURNE","METROPOLITAN NORTH WEST REGION",-37.81448282,144.9604636,"Unknown","Not known"
"T20190010855","10/6/19",13:21:00,"Vehicle overturned (no collision)","Monday","Day",1,2,"Not at intersection",3,100,"WANGARATTA","NORTH EASTERN REGION",-36.44137684,146.3614224,"Wet","Clear"
"T20190010856","10/6/19",12:30:00,"Collision with vehicle","Monday","Day",2,8,"Not at intersection",2,80,"YARRA RANGES","METROPOLITAN SOUTH EAST REGION",-37.87522447,145.7924251,"Wet","Clear"
"T20190010859","10/6/19",14:15:00,"Collision with vehicle","Monday","Day",2,3,"Not at intersection",3,60,"SURF COAST","SOUTH WESTERN REGION",-38.43287591,144.1339946,"Dry","Clear"
"T20190010861","10/6/19",16:58:00,"Collision with vehicle","Monday","Day",3,3,"Cross intersection",2,80,"MONASH","METROPOLITAN SOUTH EAST REGION",-37.90388536,145.1637416,"Dry","Clear"
"T20190010863","10/6/19",15:33:00,"Collision with vehicle","Monday","Day",3,3,"Not at intersection",2,60,"WHITTLESEA","METROPOLITAN NORTH WEST REGION",-37.595636,145.0334257,"Dry","Clear"
"T20190010864","9/6/19",20:47:00,"Struck Pedestrian","Sunday","Dark Street lights on",1,2,"Not at intersection",3,40,"DAREBIN","METROPOLITAN NORTH WEST REGION",-37.74305856,145.0032178,"Wet","Not known"
"T20190010867","10/6/19",17:00:00,"Collision with vehicle","Monday","Day",2,4,"Cross intersection",3,80,"YARRA RANGES","METROPOLITAN SOUTH EAST REGION",-37.76033591,145.3282516,"Dry","Clear"
"T20190010868","10/6/19",16:41:00,"Collision with vehicle","Monday","Dusk/Dawn",2,2,"T intersection",3,80,"LATROBE","EASTERN REGION",-38.22071507,146.4716393,"Dry","Clear"
"T20190010869","11/6/19",00:48:00,"Collision with a fixed object","Tuesday","Dark Street lights on",1,1,"Not at intersection",2,50,"GEELONG","SOUTH WESTERN REGION",-38.19052068,144.7108574,"Wet","Raining"
"T20190010870","11/6/19",00:10:00,"Collision with a fixed object","Tuesday","Dark No street lights",1,4,"Not at intersection",2,100,"MONASH","METROPOLITAN SOUTH EAST REGION",-37.91472562,145.1681084,"Dry","Clear"
"T20190010871","30/5/19",10:30:00,"Struck Pedestrian","Thursday","Day",1,2,"Not at intersection",3,40,"CENTRAL GOLDFIELDS","WESTERN REGION",-37.04611206,143.7387502,"Dry","Clear"
"T20190010872","11/6/19",05:30:00,"Collision with vehicle","Tuesday","Dark Street lights on",3,1,"Not at intersection",3,50,"MORELAND","METROPOLITAN NORTH WEST REGION",-37.70950572,144.9133536,"Dry","Clear"
"T20190010873","11/6/19",07:09:00,"Collision with a fixed object","Tuesday","Dusk/Dawn",1,1,"Not at intersection",2,999,"WODONGA","NORTH EASTERN REGION",-36.11341118,147.0216134,"Wet","Fog"
"T20190010874","11/6/19",08:35:00,"Collision with vehicle","Tuesday","Day",3,4,"T intersection",3,80,"MAROONDAH","METROPOLITAN SOUTH EAST REGION",-37.79557405,145.2573604,"Dry","Clear"
"T20190010877","11/6/19",07:35:00,"Struck Pedestrian","Tuesday","Day",1,2,"Not at intersection",2,50,"CASEY","METROPOLITAN SOUTH EAST REGION",-37.99469489,145.2330269,"Dry","Clear"
"T20190010879","11/6/19",08:06:00,"Collision with vehicle","Tuesday","Day",2,4,"Not at intersection",2,80,"NILLUMBIK","METROPOLITAN NORTH WEST REGION",-37.68975828,145.1123924,"Dry","Clear"
"T20190010881","11/6/19",08:55:00,"Struck Pedestrian","Tuesday","Day",1,2,"T intersection",2,50,"GLEN EIRA","METROPOLITAN SOUTH EAST REGION",-37.89385685,145.0768921,"Dry","Clear"
"T20190010882","11/6/19",07:53:00,"Collision with a fixed object","Tuesday","Day",1,1,"Not at intersection",3,110,"MACEDON RANGES","NORTHERN REGION",-37.33698444,144.5519624,"Dry","Clear"
"T20190010883","6/6/19",01:00:00,"Collision with vehicle","Thursday","Dark Street lights on",2,2,"Cross intersection",3,60,"MOONEE VALLEY","METROPOLITAN NORTH WEST REGION",-37.75797103,144.9069276,"Wet","Clear"
"T20190010885","11/6/19",08:40:00,"Collision with vehicle","Tuesday","Unknown",2,3,"Not at intersection",2,60,"HUME","METROPOLITAN NORTH WEST REGION",-37.63916398,144.9173261,"Dry","Not known"
"T20190010888","11/6/19",12:30:00,"Collision with vehicle","Tuesday","Day",2,2,"T intersection",3,60,"MILDURA","WESTERN REGION",-34.1877154,142.1552181,"Dry","Clear"
"T20190010889","6/6/19",15:55:00,"Struck Pedestrian","Thursday","Day",1,2,"Not at intersection",3,60,"KINGSTON","METROPOLITAN SOUTH EAST REGION",-37.98846441,145.0687744,"Dry","Clear"
"T20190010890","11/6/19",08:25:00,"Collision with vehicle","Tuesday","Day",2,2,"Cross intersection",2,80,"HUME","METROPOLITAN NORTH WEST REGION",-37.64448594,144.957487,"Dry","Clear"
"T20190010891","8/6/19",18:00:00,"Vehicle overturned (no collision)","Saturday","Dark Street lights on",1,1,"Not at intersection",3,50,"SURF COAST","SOUTH WESTERN REGION",-38.32907382,144.3167673,"Dry","Clear"
"T20190010892","11/6/19",11:00:00,"Collision with vehicle","Tuesday","Day",2,2,"T intersection",3,50,"DANDENONG","METROPOLITAN SOUTH EAST REGION",-37.93397435,145.1632822,"Dry","Clear"
"T20190010894","10/6/19",15:00:00,"No collision and no object struck","Monday","Day",1,1,"Not at intersection",3,999,"BAW BAW","EASTERN REGION",-38.00666556,146.019747,"Wet","Raining"
"T20190010895","11/6/19",12:12:00,"Collision with vehicle","Tuesday","Day",2,3,"T intersection",2,100,"MANSFIELD","NORTH EASTERN REGION",-37.02798734,145.9313478,"Dry","Clear"
"T20190010898","11/6/19",13:20:00,"Collision with vehicle","Tuesday","Day",3,3,"T intersection",2,60,"DAREBIN","METROPOLITAN NORTH WEST REGION",-37.7212899,145.0030901,"Dry","Clear"
"T20190010902","11/6/19",15:45:00,"Collision with vehicle","Tuesday","Day",2,2,"T intersection",3,60,"GLEN EIRA","METROPOLITAN SOUTH EAST REGION",-37.87166204,145.0350562,"Dry","Clear"
"T20190010903","4/6/19",10:45:00,"No collision and no object struck","Tuesday","Day",1,1,"Not at intersection",3,40,"MURRINDINDI","NORTH EASTERN REGION",-37.44178036,145.3180031,"Wet","Raining"
"T20190010903","4/6/19",10:45:00,"No collision and no object struck","Tuesday","Day",1,1,"Not at intersection",3,40,"MURRINDINDI","NORTH EASTERN REGION",-37.44178036,145.3180031,"Muddy","Raining"
"T20190010904","11/6/19",15:56:00,"Vehicle overturned (no collision)","Tuesday","Day",1,1,"Not at intersection",2,60,"MITCHELL","NORTHERN REGION",-37.29440376,144.9651905,"Dry","Clear"
"T20190010907","11/6/19",15:47:00,"Collision with vehicle","Tuesday","Day",2,1,"Not at intersection",3,60,"MITCHELL","NORTHERN REGION",-37.03123316,145.1473894,"Dry","Clear"
"T20190010908","11/6/19",16:10:00,"Struck Pedestrian","Tuesday","Day",1,2,"Not at intersection",3,40,"BANYULE","METROPOLITAN NORTH WEST REGION",-37.74852697,145.0415585,"Dry","Clear"
"T20190010909","11/6/19",16:25:00,"Collision with a fixed object","Tuesday","Day",1,1,"Not at intersection",2,100,"BOROONDARA","METROPOLITAN SOUTH EAST REGION",-37.79041516,145.0426719,"Dry","Clear"
"T20190010910","8/6/19",16:30:00,"Collision with vehicle","Saturday","Unknown",2,2,"Cross intersection",2,999,"BRIMBANK","METROPOLITAN NORTH WEST REGION",-37.78867163,144.811592,"Unknown","Not known"
"T20190010912","11/6/19",16:10:00,"Collision with vehicle","Tuesday","Day",2,2,"Not at intersection",3,100,"CASEY","METROPOLITAN SOUTH EAST REGION",-38.0375023,145.3299269,"Dry","Clear"
"T20190010913","11/6/19",18:30:00,"Collision with vehicle","Tuesday","Dark No street lights",3,3,"Not at intersection",3,60,"GEELONG","SOUTH WESTERN REGION",-38.19280025,144.3592367,"Dry","Clear"
"T20190010916","11/6/19",19:20:00,"Collision with a fixed object","Tuesday","Dark No street lights",1,1,"Not at intersection",2,100,"BENALLA","NORTH EASTERN REGION",-36.51686188,146.0328612,"Dry","Clear"
"T20190010917","11/6/19",19:40:00,"Collision with vehicle","Tuesday","Dark Street lights on",2,5,"Not at intersection",2,60,"MELBOURNE","METROPOLITAN NORTH WEST REGION",-37.82121509,144.9670888,"Dry","Clear"
"T20190010920","11/6/19",12:00:00,"Collision with vehicle","Tuesday","Day",2,2,"Cross intersection",3,60,"MARIBYRNONG","METROPOLITAN NORTH WEST REGION",-37.79121397,144.8896029,"Dry","Clear"
"T20190010923","11/6/19",04:19:00,"Collision with a fixed object","Tuesday","Dark No street lights",1,1,"Not at intersection",2,100,"SHEPPARTON","NORTH EASTERN REGION",-36.35072842,145.7799017,"Dry","Fog"
"T20190010924","12/6/19",03:20:00,"No collision and no object struck","Wednesday","Dark Street lights on",1,1,"Cross intersection",3,60,"HUME","METROPOLITAN NORTH WEST REGION",-37.63679104,144.9325937,"Dry","Clear"
"T20190010924","12/6/19",03:20:00,"No collision and no object struck","Wednesday","Dark Street lights on",1,1,"Cross intersection",3,60,"HUME","METROPOLITAN NORTH WEST REGION",-37.63679104,144.9325937,"Dry","Strong winds"
"T20190010925","12/6/19",04:29:00,"Collision with vehicle","Wednesday","Dark Street lights on",2,3,"Cross intersection",3,40,"MELBOURNE","METROPOLITAN NORTH WEST REGION",-37.81326853,144.9627082,"Dry","Clear"
"T20190010930","11/6/19",13:50:00,"Collision with vehicle","Tuesday","Day",2,2,"T intersection",2,60,"YARRA RANGES","METROPOLITAN SOUTH EAST REGION",-37.78000354,145.5303566,"Dry","Clear"
"T20190010933","12/6/19",07:20:00,"Collision with a fixed object","Wednesday","Day",1,1,"Not at intersection",3,60,"MANNINGHAM","METROPOLITAN SOUTH EAST REGION",-37.77249318,145.2020768,"Dry","Clear"
"T20190010934","12/6/19",07:52:00,"Collision with vehicle","Wednesday","Day",2,2,"Not at intersection",3,80,"BRIMBANK","METROPOLITAN NORTH WEST REGION",-37.81520118,144.8080531,"Wet","Raining"
"T20190010941","12/6/19",08:55:00,"Collision with vehicle","Wednesday","Day",2,2,"Cross intersection",3,60,"MORELAND","METROPOLITAN NORTH WEST REGION",-37.75214524,144.9360689,"Wet","Not known"
"T20190010942","12/6/19",08:43:00,"Collision with vehicle","Wednesday","Day",2,2,"Cross intersection",2,40,"YARRA","METROPOLITAN NORTH WEST REGION",-37.78566593,144.9818113,"Wet","Raining"
"T20190010943","12/6/19",09:48:00,"Collision with vehicle","Wednesday","Day",2,2,"T intersection",2,80,"WHITEHORSE","METROPOLITAN SOUTH EAST REGION",-37.8429057,145.1711764,"Wet","Clear"
"T20190010945","12/6/19",09:26:00,"Collision with vehicle","Wednesday","Day",4,4,"Not at intersection",3,60,"PORT PHILLIP","METROPOLITAN NORTH WEST REGION",-37.85930797,145.0013098,"Wet","Raining"
"T20190010946","12/6/19",07:35:00,"Collision with vehicle","Wednesday","Day",2,3,"Not at intersection",3,100,"WHITTLESEA","METROPOLITAN NORTH WEST REGION",-37.67307664,144.9828197,"Wet","Raining"
"T20190010949","9/6/19",10:35:00,"Collision with vehicle","Sunday","Day",2,3,"Not at intersection",3,80,"KNOX","METROPOLITAN SOUTH EAST REGION",-37.86909809,145.2352637,"Dry","Clear"
"T20190010952","12/6/19",09:01:00,"Collision with vehicle","Wednesday","Day",3,3,"Not at intersection",2,90,"YARRA RANGES","METROPOLITAN SOUTH EAST REGION",-37.77618917,145.4834003,"Wet","Raining"
"T20190010953","6/6/19",15:25:00,"Struck Pedestrian","Thursday","Day",1,2,"Cross intersection",2,80,"CASEY","METROPOLITAN SOUTH EAST REGION",-38.0824905,145.2790314,"Dry","Clear"
"T20190010954","12/6/19",12:30:00,"Collision with vehicle","Wednesday","Day",2,5,"Cross intersection",3,80,"WHITEHORSE","METROPOLITAN SOUTH EAST REGION",-37.8542367,145.1629471,"Wet","Raining"
"T20190010955","12/6/19",06:15:00,"Struck Pedestrian","Wednesday","Dark No street lights",1,2,"Not at intersection",2,100,"WELLINGTON","EASTERN REGION",-37.94939376,146.9883044,"Dry","Not known"
"T20190010958","12/6/19",14:20:00,"Collision with vehicle","Wednesday","Day",3,3,"T intersection",2,60,"BANYULE","METROPOLITAN NORTH WEST REGION",-37.740516,145.0739239,"Wet","Raining"
"T20190010959","12/6/19",10:45:00,"Collision with vehicle","Wednesday","Day",2,2,"T intersection",2,60,"GEELONG","SOUTH WESTERN REGION",-38.0750296,144.3659263,"Wet","Raining"
"T20190010960","12/6/19",14:35:00,"Collision with vehicle","Wednesday","Day",2,2,"Cross intersection",3,60,"SOUTH GIPPSLAND","EASTERN REGION",-38.47530509,145.947731,"Wet","Raining"
"T20190010961","12/6/19",15:00:00,"Collision with vehicle","Wednesday","Day",2,2,"T intersection",2,80,"DANDENONG","METROPOLITAN SOUTH EAST REGION",-38.00585397,145.2279043,"Wet","Raining"
"T20190010964","11/6/19",01:20:00,"No collision and no object struck","Tuesday","Dark No street lights",1,3,"Not at intersection",3,100,"MOYNE","SOUTH WESTERN REGION",-38.0459196,142.0114997,"Unknown","Not known"
"T20190010966","12/6/19",17:24:00,"Collision with vehicle","Wednesday","Dark Street lights on",2,3,"T intersection",2,80,"BRIMBANK","METROPOLITAN NORTH WEST REGION",-37.70052993,144.7963523,"Wet","Raining"
"T20190010969","12/6/19",17:50:00,"Collision with vehicle","Wednesday","Dark Street lights on",2,2,"Cross intersection",3,50,"WHITTLESEA","METROPOLITAN NORTH WEST REGION",-37.65049949,145.0810711,"Wet","Not known"
"T20190010973","12/6/19",17:19:00,"Collision with vehicle","Wednesday","Dark Street lights on",2,4,"Cross intersection",2,50,"CASEY","METROPOLITAN SOUTH EAST REGION",-38.10797182,145.2831407,"Wet","Clear"
"T20190010975","12/6/19",20:27:00,"Struck Pedestrian","Wednesday","Dark Street lights on",1,2,"Not at intersection",3,60,"FRANKSTON","METROPOLITAN SOUTH EAST REGION",-38.12124493,145.1352581,"Wet","Raining"
"T20190010978","12/6/19",19:30:00,"Collision with vehicle","Wednesday","Dark No street lights",2,2,"T intersection",2,60,"MELTON","METROPOLITAN NORTH WEST REGION",-37.74312966,144.734202,"Dry","Clear"
"T20190010979","12/6/19",19:37:00,"Collision with vehicle","Wednesday","Dark Street lights on",4,2,"Not at intersection",3,50,"YARRA","METROPOLITAN NORTH WEST REGION",-37.8111639,144.9934166,"Wet","Raining"
"T20190010980","12/6/19",19:29:00,"Collision with vehicle","Wednesday","Dark Street lights on",3,3,"Cross intersection",2,60,"MONASH","METROPOLITAN SOUTH EAST REGION",-37.87621294,145.1101799,"Wet","Raining"
"T20190010981","12/6/19",21:20:00,"No collision and no object struck","Wednesday","Dark Street lights on",1,1,"T intersection",3,60,"BOROONDARA","METROPOLITAN SOUTH EAST REGION",-37.83019288,145.0465755,"Wet","Raining"
"T20190010982","12/6/19",18:26:00,"Collision with vehicle","Wednesday","Dark Street lights on",2,3,"T intersection",2,70,"HUME","METROPOLITAN NORTH WEST REGION",-37.67071066,144.9555243,"Wet","Not known"
"T20190010983","11/6/19",04:15:00,"Collision with a fixed object","Tuesday","Dark No street lights",1,1,"Not at intersection",3,888,"WELLINGTON","EASTERN REGION",-38.29030011,147.1765155,"Dry","Clear"
"T20190010984","12/6/19",15:00:00,"Vehicle overturned (no collision)","Wednesday","Day",1,1,"Cross intersection",3,70,"MONASH","METROPOLITAN SOUTH EAST REGION",-37.87438743,145.1668072,"Wet","Raining"
"T20190010985","12/6/19",22:15:00,"Collision with a fixed object","Wednesday","Dark Street lights on",1,1,"Not at intersection",2,50,"MORNINGTON PENINSULA","METROPOLITAN SOUTH EAST REGION",-38.22567128,145.0380062,"Wet","Raining"
"T20190010986","12/6/19",06:15:00,"Collision with vehicle","Wednesday","Dusk/Dawn",2,2,"T intersection",2,80,"MARIBYRNONG","METROPOLITAN NORTH WEST REGION",-37.81334872,144.8614867,"Dry","Clear"
"T20190010988","12/6/19",23:00:00,"Collision with vehicle","Wednesday","Dark Street lights on",2,2,"Not at intersection",3,40,"MELBOURNE","METROPOLITAN NORTH WEST REGION",-37.81600013,144.9667695,"Wet","Not known"
"T20190010992","12/6/19",22:31:00,"collision with some other object","Wednesday","Dark No street lights",1,1,"Not at intersection",2,100,"SHEPPARTON","NORTH EASTERN REGION",-36.44447217,145.3298775,"Wet","Clear"
"T20190010993","30/4/19",16:15:00,"Collision with vehicle","Tuesday","Day",2,2,"Not at intersection",2,60,"BANYULE","METROPOLITAN NORTH WEST REGION",-37.75983412,145.0699032,"Dry","Clear"
"T20190010994","13/6/19",07:15:00,"Struck animal","Thursday","Dusk/Dawn",1,1,"Not at intersection",2,100,"MITCHELL","NORTHERN REGION",-37.02949506,145.0754875,"Wet","Fog"
"T20190010995","13/6/19",07:33:00,"Collision with vehicle","Thursday","Day",2,2,"Cross intersection",2,60,"MORELAND","METROPOLITAN NORTH WEST REGION",-37.7325149,144.9495505,"Wet","Clear"
"T20190010996","13/6/19",06:50:00,"Collision with vehicle","Thursday","Dark Street lights on",2,2,"T intersection",2,50,"MONASH","METROPOLITAN SOUTH EAST REGION",-37.88899275,145.0943634,"Wet","Clear"
"T20190010998","9/6/19",11:00:00,"Collision with vehicle","Sunday","Day",2,3,"Not at intersection",3,60,"STONNINGTON","METROPOLITAN SOUTH EAST REGION",-37.83474759,144.9963097,"Dry","Clear"
"T20190010999","13/6/19",08:37:00,"Collision with vehicle","Thursday","Day",3,4,"Not at intersection",3,110,"HUME","METROPOLITAN NORTH WEST REGION",-37.53921569,144.6431077,"Wet","Clear"
"T20190011000","12/6/19",15:15:00,"Struck Pedestrian","Wednesday","Day",1,2,"Not at intersection",3,50,"MOORABOOL","WESTERN REGION",-37.68553955,144.4303926,"Dry","Clear"
"T20190011003","12/6/19",14:30:00,"Collision with vehicle","Wednesday","Day",2,3,"Not at intersection",3,100,"WODONGA","NORTH EASTERN REGION",-36.05115941,146.7433438,"Muddy","Clear"
"T20190011007","13/6/19",09:30:00,"Collision with a fixed object","Thursday","Day",1,1,"Not at intersection",2,60,"BENALLA","NORTH EASTERN REGION",-36.55605271,145.9704323,"Dry","Clear"
"T20190011009","13/6/19",09:35:00,"Collision with vehicle","Thursday","Day",4,3,"Not at intersection",3,100,"BRIMBANK","METROPOLITAN NORTH WEST REGION",-37.81267044,144.8083139,"Dry","Clear"
"T20190011010","13/6/19",10:15:00,"Collision with vehicle","Thursday","Day",2,2,"T intersection",2,60,"CAMPASPE","NORTHERN REGION",-36.59030476,144.7997555,"Dry","Clear"
"T20190011012","12/4/19",07:50:00,"Collision with vehicle","Friday","Unknown",2,2,"Not at intersection",3,60,"MORELAND","METROPOLITAN NORTH WEST REGION",-37.75471322,144.9579594,"Unknown","Clear"
"T20190011014","12/6/19",14:15:00,"Collision with vehicle","Wednesday","Day",2,2,"T intersection",2,60,"WELLINGTON","EASTERN REGION",-37.97928625,146.7905915,"Dry","Clear"
"T20190011016","13/6/19",10:45:00,"No collision and no object struck","Thursday","Day",1,1,"T intersection",3,50,"FRANKSTON","METROPOLITAN SOUTH EAST REGION",-38.10974534,145.1888315,"Dry","Clear"
"T20190011019","4/6/19",16:40:00,"Vehicle overturned (no collision)","Tuesday","Day",1,1,"Not at intersection",3,60,"BENDIGO","NORTHERN REGION",-36.75565628,144.2636618,"Unknown","Not known"
"T20190011025","13/6/19",08:30:00,"Collision with a fixed object","Thursday","Day",1,2,"Cross intersection",2,100,"SHEPPARTON","NORTH EASTERN REGION",-36.62670283,145.168327,"Wet","Fog"
"T20190011027","13/6/19",13:51:00,"Collision with vehicle","Thursday","Day",2,1,"T intersection",3,50,"HOBSONS BAY","METROPOLITAN NORTH WEST REGION",-37.84445112,144.8794858,"Dry","Clear"
"T20190011029","13/6/19",12:10:00,"Collision with vehicle","Thursday","Day",2,3,"T intersection",3,60,"CASEY","METROPOLITAN SOUTH EAST REGION",-38.06231241,145.3568003,"Dry","Clear"
"T20190011031","6/6/19",18:15:00,"No collision and no object struck","Thursday","Dark Street lights on",1,1,"Not at intersection",3,50,"YARRA","METROPOLITAN NORTH WEST REGION",-37.78227185,144.9847334,"Wet","Raining"
"T20190011037","8/6/19",12:00:00,"Vehicle overturned (no collision)","Saturday","Day",1,1,"Not at intersection",3,999,"MOIRA","NORTH EASTERN REGION",-35.9789913,144.9262324,"Wet","Not known"
"T20190011039","13/6/19",16:49:00,"Collision with vehicle","Thursday","Dusk/Dawn",3,3,"Cross intersection",2,80,"CASEY","METROPOLITAN SOUTH EAST REGION",-38.02834788,145.3220158,"Dry","Clear"
"T20190011040","13/6/19",15:30:00,"Collision with vehicle","Thursday","Day",2,2,"Not at intersection",3,60,"DANDENONG","METROPOLITAN SOUTH EAST REGION",-38.03457034,145.2108019,"Dry","Clear"
"T20190011042","13/6/19",17:15:00,"No collision and no object struck","Thursday","Dark Street lights on",2,2,"T intersection",2,70,"CASEY","METROPOLITAN SOUTH EAST REGION",-38.04082755,145.3622373,"Dry","Clear"
"T20190011043","13/6/19",17:35:00,"Collision with vehicle","Thursday","Dark No street lights",2,2,"Cross intersection",3,80,"BENDIGO","NORTHERN REGION",-36.7422264,144.2041565,"Wet","Clear"
"T20190011045","13/6/19",17:41:00,"Collision with vehicle","Thursday","Dark Street lights unknown",2,6,"T intersection",3,60,"GEELONG","SOUTH WESTERN REGION",-38.15902917,144.3399642,"Wet","Raining"
"T20190011046","13/6/19",17:30:00,"Collision with vehicle","Thursday","Dark Street lights on",2,2,"Not at intersection",3,60,"FRANKSTON","METROPOLITAN SOUTH EAST REGION",-38.15331057,145.1327172,"Wet","Raining"
"T20190011047","13/6/19",18:00:00,"Collision with vehicle","Thursday","Dark Street lights on",3,6,"Cross intersection",2,60,"BALLARAT","WESTERN REGION",-37.58617768,143.8337592,"Wet","Raining"
"T20190011048","13/6/19",17:40:00,"Collision with vehicle","Thursday","Dark Street lights on",2,2,"T intersection",3,60,"MARIBYRNONG","METROPOLITAN NORTH WEST REGION",-37.7704749,144.8864547,"Dry","Clear"
"T20190011049","11/6/19",11:45:00,"Collision with vehicle","Tuesday","Day",2,2,"Not at intersection",3,60,"PORT PHILLIP","METROPOLITAN NORTH WEST REGION",-37.84505661,144.9609765,"Dry","Not known"
"T20190011050","13/6/19",18:13:00,"Collision with vehicle","Thursday","Dark Street lights on",2,2,"T intersection",3,60,"DAREBIN","METROPOLITAN NORTH WEST REGION",-37.73643326,144.989018,"Dry","Clear"
"T20190011051","13/6/19",18:11:00,"Collision with vehicle","Thursday","Dark Street lights on",2,2,"T intersection",3,60,"MONASH","METROPOLITAN SOUTH EAST REGION",-37.91362951,145.1878411,"Wet","Raining"