"ACCIDENT_NO","ACCIDENTDATE","ACCIDENTTIME","Accident Type Desc","Day Week Description","Light Condition Desc","NO_OF_VEHICLES","NO_PERSONS","Road Geometry Desc","SEVERITY","SPEED_ZONE","LGA_NAME","REGION_NAME","Lat","Long","Surface Cond Desc","Atmosph Cond Desc"
"T20190011052","18/5/19",05:30:00,"Collision with vehicle","Saturday","Dark Street lights on",3,3,"Not at intersection",2,60,"WYNDHAM","METROPOLITAN NORTH WEST REGION",-37.92200333,144.6936792,"Dry","Fog"
"T20190011054","13/6/19",12:35:00,"Collision with vehicle","Thursday","Day",2,2,"Cross intersection",3,60,"YARRA RANGES","METROPOLITAN SOUTH EAST REGION",-37.8143038,145.3523672,"Dry","Clear"
"T20190011058","13/6/19",19:05:00,"Struck Pedestrian","Thursday","Dark Street lights on",1,2,"Cross intersection",2,60,"BAYSIDE","METROPOLITAN SOUTH EAST REGION",-37.93461249,145.0165767,"Wet","Raining"
"T20190011061","13/6/19",22:30:00,"Struck Pedestrian","Thursday","Dark Street lights on",1,2,"Cross intersection",2,60,"BOROONDARA","METROPOLITAN SOUTH EAST REGION",-37.86600789,145.0927745,"Wet","Not known"
"T20190011062","13/6/19",13:30:00,"Collision with a fixed object","Thursday","Day",1,1,"Not at intersection",1,100,"CAMPASPE","NORTHERN REGION",-36.59675536,144.8333945,"Dry","Clear"
"T20190011063","13/6/19",19:05:00,"Struck Pedestrian","Thursday","Dark Street lights on",1,3,"Not at intersection",3,40,"MELBOURNE","METROPOLITAN NORTH WEST REGION",-37.79873107,144.9678003,"Dry","Clear"
"T20190011064","13/6/19",20:00:00,"Collision with vehicle","Thursday","Day",2,2,"Cross intersection",3,60,"WYNDHAM","METROPOLITAN NORTH WEST REGION",-37.83203408,144.6728745,"Dry","Clear"
"T20190011066","14/6/19",02:00:00,"Collision with a fixed object","Friday","Dark Street lights on",1,2,"T intersection",2,100,"CARDINIA","METROPOLITAN SOUTH EAST REGION",-38.06766708,145.5592204,"Wet","Clear"
"T20190011068","9/6/19",10:11:00,"collision with some other object","Sunday","Day",1,1,"Not at intersection",2,60,"CARDINIA","METROPOLITAN SOUTH EAST REGION",-38.00749045,145.5139518,"Dry","Clear"
"T20190011070","7/6/19",13:00:00,"Collision with a fixed object","Friday","Day",1,1,"Not at intersection",2,50,"HEPBURN","WESTERN REGION",-37.28535522,144.2286373,"Dry","Clear"
"T20190011073","14/6/19",04:30:00,"Collision with a fixed object","Friday","Dark No street lights",1,2,"Not at intersection",2,80,"MOUNT ALEXANDER","NORTHERN REGION",-36.98641034,144.0694516,"Wet","Fog"
"T20190011078","14/6/19",09:15:00,"Struck Pedestrian","Friday","Day",1,2,"Cross intersection",3,60,"STONNINGTON","METROPOLITAN SOUTH EAST REGION",-37.85309147,145.0024392,"Dry","Clear"
"T20190011080","12/6/19",17:00:00,"Collision with a fixed object","Wednesday","Dusk/Dawn",1,2,"Not at intersection",2,60,"SHEPPARTON","NORTH EASTERN REGION",-36.372919,145.4196585,"Wet","Raining"
"T20190011081","12/6/19",09:20:00,"Collision with vehicle","Wednesday","Day",2,2,"Cross intersection",3,80,"GLEN EIRA","METROPOLITAN SOUTH EAST REGION",-37.93681758,145.0800335,"Wet","Raining"
"T20190011082","12/6/19",08:45:00,"Collision with vehicle","Wednesday","Day",2,2,"Not at intersection",3,999,"MELTON","METROPOLITAN NORTH WEST REGION",-37.68563731,144.5491097,"Unknown","Not known"
"T20190011083","14/6/19",09:45:00,"No collision and no object struck","Friday","Day",1,1,"Cross intersection",3,50,"MACEDON RANGES","NORTHERN REGION",-37.24556028,144.451347,"Wet","Raining"
"T20190011090","12/6/19",19:11:00,"Struck Pedestrian","Wednesday","Dark Street lights on",1,2,"Cross intersection",2,70,"GEELONG","SOUTH WESTERN REGION",-38.15460793,144.351431,"Wet","Raining"
"T20190011093","14/6/19",14:30:00,"Collision with vehicle","Friday","Day",2,2,"T intersection",3,50,"BOROONDARA","METROPOLITAN SOUTH EAST REGION",-37.80905953,145.0795896,"Dry","Clear"
"T20190011100","14/6/19",14:38:00,"Collision with vehicle","Friday","Day",2,2,"T intersection",2,50,"CASEY","METROPOLITAN SOUTH EAST REGION",-38.05482721,145.2606045,"Wet","Raining"
"T20190011102","14/6/19",15:50:00,"Vehicle overturned (no collision)","Friday","Day",1,1,"Cross intersection",2,60,"BENDIGO","NORTHERN REGION",-36.75259657,144.2836991,"Wet","Clear"
"T20190011104","14/6/19",15:00:00,"Collision with a fixed object","Friday","Day",1,2,"Not at intersection",2,50,"SHEPPARTON","NORTH EASTERN REGION",-36.38871326,145.3597012,"Dry","Clear"
"T20190011106","14/6/19",17:52:00,"Collision with vehicle","Friday","Dark Street lights on",2,2,"Cross intersection",3,60,"BOROONDARA","METROPOLITAN SOUTH EAST REGION",-37.79938104,145.0506131,"Wet","Raining"
"T20190011108","14/6/19",16:00:00,"No collision and no object struck","Friday","Day",1,1,"Not at intersection",2,100,"WELLINGTON","EASTERN REGION",-38.2441105,146.8361981,"Dry","Clear"
"T20190011111","14/6/19",16:29:00,"Collision with vehicle","Friday","Dusk/Dawn",2,4,"T intersection",3,80,"CORANGAMITE","SOUTH WESTERN REGION",-38.61522259,142.9175587,"Wet","Strong winds"
"T20190011112","14/6/19",17:05:00,"Collision with vehicle","Friday","Dusk/Dawn",2,2,"Not at intersection",3,100,"FRANKSTON","METROPOLITAN SOUTH EAST REGION",-38.09863153,145.2352061,"Dry","Clear"
"T20190011117","14/6/19",18:20:00,"Struck Pedestrian","Friday","Dark Street lights on",1,4,"Not at intersection",3,60,"BOROONDARA","METROPOLITAN SOUTH EAST REGION",-37.86444994,145.0881557,"Wet","Raining"
"T20190011118","14/6/19",17:35:00,"Struck Pedestrian","Friday","Dark Street lights on",1,2,"T intersection",3,80,"MONASH","METROPOLITAN SOUTH EAST REGION",-37.903729,145.1637986,"Dry","Clear"
"T20190011120","14/6/19",16:45:00,"Collision with vehicle","Friday","Dusk/Dawn",2,3,"T intersection",2,100,"MACEDON RANGES","NORTHERN REGION",-37.43340753,144.7465246,"Wet","Raining"
"T20190011121","4/6/19",17:15:00,"Struck Pedestrian","Tuesday","Dusk/Dawn",1,2,"Not at intersection",2,50,"MAROONDAH","METROPOLITAN SOUTH EAST REGION",-37.80763064,145.2595002,"Dry","Clear"
"T20190011122","14/6/19",17:35:00,"Collision with vehicle","Friday","Dusk/Dawn",3,4,"Not at intersection",3,60,"HOBSONS BAY","METROPOLITAN NORTH WEST REGION",-37.86298877,144.8169848,"Wet","Raining"
"T20190011128","14/6/19",17:30:00,"Collision with vehicle","Friday","Dark No street lights",2,2,"Not at intersection",2,100,"GEELONG","SOUTH WESTERN REGION",-38.2574271,144.6021233,"Wet","Raining"
"T20190011129","14/6/19",18:05:00,"Collision with vehicle","Friday","Dark Street lights on",2,2,"T intersection",2,60,"KINGSTON","METROPOLITAN SOUTH EAST REGION",-37.94724826,145.0590979,"Wet","Raining"
"T20190011131","14/6/19",19:00:00,"Collision with vehicle","Friday","Dark Street lights on",3,1,"Not at intersection",2,60,"MONASH","METROPOLITAN SOUTH EAST REGION",-37.92484841,145.100978,"Dry","Clear"
"T20190011136","15/6/19",01:15:00,"Collision with a fixed object","Saturday","Dark Street lights on",1,1,"T intersection",3,90,"MORNINGTON PENINSULA","METROPOLITAN SOUTH EAST REGION",-38.43131986,144.9725815,"Wet","Raining"
"T20190011141","15/6/19",08:00:00,"Collision with vehicle","Saturday","Day",2,6,"Cross intersection",3,50,"BANYULE","METROPOLITAN NORTH WEST REGION",-37.7031684,145.0898273,"Dry","Clear"
"T20190011146","15/6/19",09:33:00,"Collision with vehicle","Saturday","Day",2,2,"Not at intersection",2,80,"FRANKSTON","METROPOLITAN SOUTH EAST REGION",-38.10473324,145.1684641,"Wet","Clear"
"T20190011148","15/6/19",08:05:00,"Collision with vehicle","Saturday","Day",2,1,"Not at intersection",2,50,"COLAC OTWAY","SOUTH WESTERN REGION",-38.75555191,143.6691959,"Dry","Clear"
"T20190011149","15/6/19",09:25:00,"Collision with a fixed object","Saturday","Day",1,1,"T intersection",3,80,"CASEY","METROPOLITAN SOUTH EAST REGION",-38.00500481,145.2640648,"Dry","Clear"
"T20190011153","15/6/19",12:44:00,"Collision with vehicle","Saturday","Day",2,3,"T intersection",3,70,"MAROONDAH","METROPOLITAN SOUTH EAST REGION",-37.82976911,145.2689329,"Dry","Clear"
"T20190011154","8/6/19",17:29:00,"Collision with vehicle","Saturday","Dark Street lights on",2,2,"Cross intersection",3,50,"NILLUMBIK","METROPOLITAN NORTH WEST REGION",-37.67423724,145.1590609,"Dry","Clear"
"T20190011155","15/6/19",13:50:00,"Struck Pedestrian","Saturday","Day",1,3,"T intersection",2,60,"WHITTLESEA","METROPOLITAN NORTH WEST REGION",-37.67426103,145.0310325,"Dry","Clear"
"T20190011157","14/6/19",17:07:00,"Struck Pedestrian","Friday","Dark Street lights on",1,2,"Cross intersection",3,60,"FRANKSTON","METROPOLITAN SOUTH EAST REGION",-38.14295402,145.121234,"Wet","Raining"
"T20190011157","14/6/19",17:07:00,"Struck Pedestrian","Friday","Dark Street lights on",1,2,"Cross intersection",3,60,"FRANKSTON","METROPOLITAN SOUTH EAST REGION",-38.14295402,145.121234,"Wet","Strong winds"
"T20190011158","15/6/19",14:11:00,"Collision with vehicle","Saturday","Day",2,2,"Cross intersection",2,60,"MORNINGTON PENINSULA","METROPOLITAN SOUTH EAST REGION",-38.25502347,145.0311464,"Dry","Clear"
"T20190011159","15/6/19",11:50:00,"Collision with a fixed object","Saturday","Day",1,2,"Cross intersection",3,50,"WHITTLESEA","METROPOLITAN NORTH WEST REGION",-37.67480198,145.0544016,"Dry","Clear"
"T20190011161","15/6/19",08:57:00,"Collision with vehicle","Saturday","Day",2,1,"Not at intersection",3,50,"HUME","METROPOLITAN NORTH WEST REGION",-37.67203602,144.9688235,"Dry","Clear"
"T20190011165","15/6/19",15:36:00,"Collision with vehicle","Saturday","Unknown",2,2,"Multiple intersection",3,999,"MELBOURNE","METROPOLITAN NORTH WEST REGION",-37.79543263,144.9388715,"Dry","Clear"
"T20190011167","15/6/19",15:30:00,"Collision with vehicle","Saturday","Day",2,3,"Multiple intersection",3,100,"WHITEHORSE","METROPOLITAN SOUTH EAST REGION",-37.80068556,145.1547734,"Dry","Clear"
"T20190011168","15/6/19",16:40:00,"Collision with vehicle","Saturday","Day",2,2,"Not at intersection",3,80,"WHITEHORSE","METROPOLITAN SOUTH EAST REGION",-37.85277055,145.1521257,"Dry","Clear"
"T20190011169","13/6/19",17:00:00,"Collision with vehicle","Thursday","Unknown",2,2,"Cross intersection",3,999,"MONASH","METROPOLITAN SOUTH EAST REGION",-37.86285882,145.1075631,"Unknown","Not known"
"T20190011170","15/6/19",17:40:00,"Struck Pedestrian","Saturday","Dark Street lights on",1,2,"Unknown",3,50,"WHITEHORSE","METROPOLITAN SOUTH EAST REGION",-37.8318789,145.1483893,"Dry","Clear"
"T20190011174","15/6/19",15:39:00,"Struck Pedestrian","Saturday","Day",1,3,"Not at intersection",2,40,"MONASH","METROPOLITAN SOUTH EAST REGION",-37.92775634,145.1178747,"Dry","Clear"
"T20190011179","13/6/19",20:30:00,"Struck Pedestrian","Thursday","Dark Street lights on",1,3,"Cross intersection",3,60,"GLEN EIRA","METROPOLITAN SOUTH EAST REGION",-37.87065817,145.0086104,"Wet","Raining"
"T20190011180","14/6/19",17:40:00,"Struck Pedestrian","Friday","Dark Street lights on",1,2,"Cross intersection",2,60,"GLEN EIRA","METROPOLITAN SOUTH EAST REGION",-37.87264572,145.0245669,"Wet","Not known"
"T20190011183","15/6/19",12:45:00,"Struck Pedestrian","Saturday","Day",1,2,"Not at intersection",3,888,"BALLARAT","WESTERN REGION",-37.54518486,143.8451865,"Dry","Clear"
"T20190011185","16/6/19",00:00:00,"Struck Pedestrian","Sunday","Dark Street lights on",1,6,"Not at intersection",1,50,"MURRINDINDI","NORTH EASTERN REGION",-37.1943943,145.7011095,"Wet","Fog"
"T20190011186","15/6/19",07:26:00,"Collision with vehicle","Saturday","Dusk/Dawn",2,3,"Not at intersection",3,40,"MORELAND","METROPOLITAN NORTH WEST REGION",-37.75565027,144.9640823,"Dry","Clear"
"T20190011187","16/6/19",06:15:00,"Struck Pedestrian","Sunday","Dusk/Dawn",2,1,"Not at intersection",2,50,"KNOX","METROPOLITAN SOUTH EAST REGION",-37.87772707,145.228413,"Dry","Clear"
"T20190011188","15/6/19",08:30:00,"Collision with a fixed object","Saturday","Day",3,3,"Cross intersection",3,60,"GEELONG","SOUTH WESTERN REGION",-38.17093367,144.3190375,"Dry","Clear"
"T20190011191","14/6/19",16:10:00,"Collision with vehicle","Friday","Day",2,2,"T intersection",3,60,"MAROONDAH","METROPOLITAN SOUTH EAST REGION",-37.78853764,145.3014387,"Dry","Clear"
"T20190011192","16/6/19",07:30:00,"Collision with a fixed object","Sunday","Day",1,1,"Not at intersection",3,100,"BAW BAW","EASTERN REGION",-38.09106404,146.1571705,"Dry","Clear"
"T20190011193","16/6/19",06:15:00,"Collision with vehicle","Sunday","Day",2,2,"Cross intersection",3,999,"MORELAND","METROPOLITAN NORTH WEST REGION",-37.76210626,144.9442552,"Dry","Clear"
"T20190011195","16/6/19",11:10:00,"Collision with vehicle","Sunday","Day",2,3,"Cross intersection",3,50,"BENDIGO","NORTHERN REGION",-36.76495937,144.3029611,"Dry","Clear"
"T20190011201","15/6/19",23:57:00,"Collision with a fixed object","Saturday","Dark No street lights",1,1,"Not at intersection",3,100,"EAST GIPPSLAND","EASTERN REGION",-37.72135162,148.4837278,"Dry","Clear"
"T20190011202","16/6/19",10:22:00,"Collision with a fixed object","Sunday","Day",1,2,"Not at intersection",3,50,"COLAC OTWAY","SOUTH WESTERN REGION",-38.33364322,143.5911398,"Wet","Clear"
"T20190011203","14/6/19",17:30:00,"No collision and no object struck","Friday","Dark Street lights on",2,2,"Not at intersection",3,40,"MELBOURNE","METROPOLITAN NORTH WEST REGION",-37.83400549,144.9814465,"Wet","Clear"
"T20190011205","16/6/19",11:10:00,"Collision with vehicle","Sunday","Day",2,2,"Cross intersection",3,60,"DANDENONG","METROPOLITAN SOUTH EAST REGION",-37.98862218,145.218049,"Dry","Clear"
"T20190011209","16/6/19",14:42:00,"Collision with vehicle","Sunday","Day",3,3,"Not at intersection",3,80,"MOONEE VALLEY","METROPOLITAN NORTH WEST REGION",-37.72741046,144.8909838,"Dry","Clear"
"T20190011210","16/6/19",14:00:00,"Collision with vehicle","Sunday","Day",2,4,"Cross intersection",3,60,"MELBOURNE","METROPOLITAN NORTH WEST REGION",-37.82518967,144.9569711,"Dry","Clear"
"T20190011213","16/6/19",13:38:00,"Collision with a fixed object","Sunday","Day",1,1,"Not at intersection",2,100,"CAMPASPE","NORTHERN REGION",-36.19904713,144.4522771,"Dry","Clear"
"T20190011215","16/6/19",15:55:00,"Vehicle overturned (no collision)","Sunday","Day",1,1,"T intersection",2,60,"STONNINGTON","METROPOLITAN SOUTH EAST REGION",-37.84251348,145.0209293,"Wet","Raining"
"T20190011216","16/6/19",17:40:00,"Collision with vehicle","Sunday","Dark Street lights on",2,2,"Not at intersection",2,60,"WHITEHORSE","METROPOLITAN SOUTH EAST REGION",-37.84279689,145.1550139,"Wet","Not known"
"T20190011217","16/6/19",16:30:00,"No collision and no object struck","Sunday","Day",5,12,"Cross intersection",2,80,"CASEY","METROPOLITAN SOUTH EAST REGION",-38.05992905,145.3384486,"Dry","Clear"
"T20190011218","16/6/19",17:10:00,"Collision with vehicle","Sunday","Dark No street lights",2,2,"Cross intersection",2,999,"CASEY","METROPOLITAN SOUTH EAST REGION",-38.10937206,145.2523993,"Dry","Clear"
"T20190011220","16/6/19",17:37:00,"Collision with a fixed object","Sunday","Dusk/Dawn",1,1,"Not at intersection",2,50,"KNOX","METROPOLITAN SOUTH EAST REGION",-37.90852955,145.2476683,"Dry","Clear"
"T20190011221","16/6/19",17:42:00,"Collision with vehicle","Sunday","Dark Street lights on",3,2,"Not at intersection",3,50,"HOBSONS BAY","METROPOLITAN NORTH WEST REGION",-37.83251603,144.8743899,"Dry","Clear"
"T20190011223","16/6/19",16:22:00,"Collision with vehicle","Sunday","Day",2,5,"Cross intersection",1,80,"WYNDHAM","METROPOLITAN NORTH WEST REGION",-37.8009462,144.6594554,"Dry","Clear"
"T20190011224","16/6/19",21:45:00,"Collision with vehicle","Sunday","Dark Street lights on",2,2,"T intersection",2,60,"HUME","METROPOLITAN NORTH WEST REGION",-37.59653465,144.9376852,"Wet","Clear"
"T20190011225","1/2/19",23:30:00,"Collision with vehicle","Friday","Dark No street lights",2,2,"Not at intersection",3,100,"CARDINIA","METROPOLITAN SOUTH EAST REGION",-38.07228141,145.6629514,"Wet","Raining"
"T20190011226","16/6/19",21:47:00,"Collision with vehicle","Sunday","Dark Street lights on",2,1,"Not at intersection",2,50,"MONASH","METROPOLITAN SOUTH EAST REGION",-37.87929733,145.1128205,"Dry","Clear"
"T20190011232","16/6/19",21:16:00,"Collision with vehicle","Sunday","Dark Street lights on",3,5,"Cross intersection",2,60,"WYNDHAM","METROPOLITAN NORTH WEST REGION",-37.83943729,144.7470827,"Dry","Clear"
"T20190011233","16/6/19",20:00:00,"Collision with vehicle","Sunday","Dark Street lights on",2,5,"Cross intersection",2,60,"MARIBYRNONG","METROPOLITAN NORTH WEST REGION",-37.80325902,144.8923933,"Dry","Clear"
"T20190011237","17/6/19",05:44:00,"Collision with vehicle","Monday","Dark No street lights",2,2,"Not at intersection",2,110,"MITCHELL","NORTHERN REGION",-37.5000297,144.9551612,"Wet","Clear"
"T20190011238","17/6/19",06:03:00,"Collision with vehicle","Monday","Dusk/Dawn",2,3,"Cross intersection",2,80,"MOONEE VALLEY","METROPOLITAN NORTH WEST REGION",-37.71111477,144.888784,"Dry","Clear"
"T20190011240","17/6/19",07:09:00,"Collision with vehicle","Monday","Dark Street lights on",2,2,"Cross intersection",2,80,"GEELONG","SOUTH WESTERN REGION",-38.2418695,144.5726069,"Dry","Clear"
"T20190011243","17/6/19",07:55:00,"Collision with vehicle","Monday","Day",2,3,"Not at intersection",3,80,"MOUNT ALEXANDER","NORTHERN REGION",-37.01077832,144.2454394,"Wet","Fog"
"T20190011246","17/6/19",10:25:00,"Collision with vehicle","Monday","Day",2,3,"T intersection",2,110,"STRATHBOGIE","NORTH EASTERN REGION",-36.91451551,145.2262921,"Dry","Clear"
"T20190011248","17/6/19",12:15:00,"Struck Pedestrian","Monday","Day",1,2,"Not at intersection",3,50,"CENTRAL GOLDFIELDS","WESTERN REGION",-37.04773866,143.7363933,"Dry","Clear"
"T20190011252","17/6/19",08:50:00,"Collision with vehicle","Monday","Day",2,3,"Cross intersection",3,50,"NORTHERN GRAMPIANS","WESTERN REGION",-36.6167175,143.2582856,"Dry","Fog"
"T20190011253","17/6/19",08:54:00,"Collision with a fixed object","Monday","Day",1,3,"Not at intersection",2,80,"MELTON","METROPOLITAN NORTH WEST REGION",-37.70079016,144.6863059,"Dry","Clear"
"T20190011254","17/6/19",13:06:00,"Collision with vehicle","Monday","Day",4,1,"Not at intersection",3,80,"BALLARAT","WESTERN REGION",-37.57060515,143.8101587,"Dry","Clear"
"T20190011255","17/6/19",10:20:00,"Collision with vehicle","Monday","Day",2,2,"Cross intersection",3,100,"SURF COAST","SOUTH WESTERN REGION",-38.23302867,144.2050207,"Dry","Clear"
"T20190011256","12/6/19",14:30:00,"No collision and no object struck","Wednesday","Day",1,1,"Not at intersection",3,100,"SURF COAST","SOUTH WESTERN REGION",-38.21256916,144.2128395,"Unknown","Not known"
"T20190011258","17/6/19",10:49:00,"Collision with vehicle","Monday","Day",2,3,"Not at intersection",3,60,"MAROONDAH","METROPOLITAN SOUTH EAST REGION",-37.81398634,145.2218376,"Dry","Clear"
"T20190011259","17/6/19",08:30:00,"Collision with vehicle","Monday","Day",2,3,"Cross intersection",2,50,"DAREBIN","METROPOLITAN NORTH WEST REGION",-37.71115489,145.0199187,"Dry","Clear"
"T20190011260","17/6/19",12:30:00,"Collision with vehicle","Monday","Day",2,2,"Not at intersection",2,999,"BAYSIDE","METROPOLITAN SOUTH EAST REGION",-37.9741084,145.0353381,"Dry","Clear"
"T20190011261","7/6/19",10:00:00,"Collision with vehicle","Friday","Day",2,2,"T intersection",3,50,"MORNINGTON PENINSULA","METROPOLITAN SOUTH EAST REGION",-38.36908779,144.7901644,"Unknown","Not known"
"T20190011263","17/6/19",11:20:00,"Collision with vehicle","Monday","Day",2,2,"Not at intersection",3,60,"WHITTLESEA","METROPOLITAN NORTH WEST REGION",-37.6514513,145.0189198,"Dry","Clear"
"T20190011265","17/6/19",08:33:00,"Collision with vehicle","Monday","Day",3,3,"Not at intersection",3,60,"MELBOURNE","METROPOLITAN NORTH WEST REGION",-37.82717206,144.963051,"Dry","Clear"
"T20190011267","17/6/19",14:15:00,"Collision with a fixed object","Monday","Day",1,1,"Not at intersection",2,80,"SOUTH GIPPSLAND","EASTERN REGION",-38.55866571,145.9500167,"Dry","Clear"
"T20190011269","17/6/19",10:44:00,"Struck Pedestrian","Monday","Day",1,2,"Unknown",2,777,"HUME","METROPOLITAN NORTH WEST REGION",-37.68090514,144.91801,"Dry","Clear"
"T20190011271","17/6/19",15:12:00,"Struck Pedestrian","Monday","Day",1,2,"T intersection",2,60,"DANDENONG","METROPOLITAN SOUTH EAST REGION",-37.97417109,145.1857332,"Dry","Clear"
"T20190011272","16/6/19",15:00:00,"Collision with vehicle","Sunday","Day",2,5,"Not at intersection",3,60,"MONASH","METROPOLITAN SOUTH EAST REGION",-37.91200131,145.0848157,"Dry","Clear"
"T20190011273","17/6/19",15:31:00,"Collision with a fixed object","Monday","Day",1,1,"Not at intersection",1,50,"MONASH","METROPOLITAN SOUTH EAST REGION",-37.90233126,145.14964,"Dry","Clear"
"T20190011274","17/6/19",16:06:00,"Struck Pedestrian","Monday","Day",1,3,"T intersection",2,50,"SHEPPARTON","NORTH EASTERN REGION",-36.3724142,145.4091301,"Dry","Clear"
"T20190011278","17/6/19",18:26:00,"Collision with vehicle","Monday","Dark No street lights",2,2,"Not at intersection",2,100,"FRANKSTON","METROPOLITAN SOUTH EAST REGION",-38.1740735,145.2207656,"Dry","Clear"
"T20190011279","17/6/19",17:15:00,"Collision with vehicle","Monday","Dark Street lights on",2,1,"Not at intersection",3,50,"MORELAND","METROPOLITAN NORTH WEST REGION",-37.72931499,144.9783582,"Dry","Not known"
"T20190011281","17/6/19",17:30:00,"Collision with vehicle","Monday","Dusk/Dawn",2,2,"Not at intersection",3,60,"HUME","METROPOLITAN NORTH WEST REGION",-37.59822482,144.9346835,"Dry","Not known"
"T20190011283","17/6/19",18:50:00,"Collision with vehicle","Monday","Dark Street lights on",2,2,"Cross intersection",3,60,"NILLUMBIK","METROPOLITAN NORTH WEST REGION",-37.71846615,145.1416725,"Dry","Clear"
"T20190011284","17/6/19",16:26:00,"Collision with vehicle","Monday","Day",2,2,"Not at intersection",3,80,"BAW BAW","EASTERN REGION",-38.09979139,145.9116653,"Dry","Clear"
"T20190011286","17/6/19",15:15:00,"Collision with a fixed object","Monday","Day",1,1,"Not at intersection",3,100,"BENALLA","NORTH EASTERN REGION",-36.83154043,146.0083726,"Dry","Clear"
"T20190011287","24/4/19",19:00:00,"Collision with a fixed object","Wednesday","Dark No street lights",2,4,"Not at intersection",3,100,"EAST GIPPSLAND","EASTERN REGION",-37.82661702,147.8942758,"Wet","Raining"
"T20190011289","17/6/19",18:19:00,"Collision with vehicle","Monday","Dark Street lights on",2,2,"Not at intersection",3,100,"MOONEE VALLEY","METROPOLITAN NORTH WEST REGION",-37.73478639,144.926464,"Dry","Clear"
"T20190011290","17/6/19",21:00:00,"Collision with a fixed object","Monday","Dark No street lights",1,1,"Not at intersection",2,80,"BENDIGO","NORTHERN REGION",-36.6312802,144.4082445,"Dry","Fog"
"T20190011291","17/6/19",17:38:00,"Collision with vehicle","Monday","Dark Street lights on",3,3,"Not at intersection",3,60,"WHITEHORSE","METROPOLITAN SOUTH EAST REGION",-37.83270845,145.1555634,"Dry","Clear"
"T20190011292","17/6/19",19:40:00,"Collision with vehicle","Monday","Dark No street lights",2,2,"Not at intersection",1,40,"MONASH","METROPOLITAN SOUTH EAST REGION",-37.90487003,145.1554174,"Dry","Clear"
"T20190011293","11/6/19",07:45:00,"Collision with vehicle","Tuesday","Day",2,2,"Not at intersection",3,50,"EAST GIPPSLAND","EASTERN REGION",-37.9129516,147.7119718,"Dry","Not known"
"T20190011295","18/6/19",01:07:00,"Struck Pedestrian","Tuesday","Dark No street lights",1,2,"Not at intersection",2,777,"BANYULE","METROPOLITAN NORTH WEST REGION",-37.71225567,145.1333722,"Dry","Clear"
"T20190011297","13/6/19",10:00:00,"Struck Pedestrian","Thursday","Day",1,2,"Not at intersection",3,40,"SHEPPARTON","NORTH EASTERN REGION",-36.37940789,145.4024436,"Dry","Clear"
"T20190011302","18/6/19",06:50:00,"Collision with vehicle","Tuesday","Dusk/Dawn",2,2,"Cross intersection",2,70,"MELBOURNE","METROPOLITAN NORTH WEST REGION",-37.80769766,144.9161688,"Dry","Clear"
"T20190011306","18/6/19",09:25:00,"Collision with vehicle","Tuesday","Day",2,2,"Not at intersection",2,80,"MONASH","METROPOLITAN SOUTH EAST REGION",-37.91049192,145.1601768,"Wet","Not known"
"T20190011308","13/6/19",16:12:00,"Collision with vehicle","Thursday","Day",2,2,"Cross intersection",3,50,"WYNDHAM","METROPOLITAN NORTH WEST REGION",-37.83958366,144.6757441,"Dry","Clear"
"T20190011309","16/6/19",11:35:00,"Collision with vehicle","Sunday","Day",2,2,"Not at intersection",3,40,"STONNINGTON","METROPOLITAN SOUTH EAST REGION",-37.84923972,145.011983,"Dry","Clear"
"T20190011310","12/6/19",00:30:00,"Collision with vehicle","Wednesday","Dark Street lights on",2,2,"Not at intersection",2,80,"BRIMBANK","METROPOLITAN NORTH WEST REGION",-37.77157312,144.786295,"Dry","Clear"
"T20190011313","18/6/19",11:00:00,"Collision with vehicle","Tuesday","Day",2,2,"T intersection",3,60,"MONASH","METROPOLITAN SOUTH EAST REGION",-37.89315578,145.1069538,"Wet","Raining"
"T20190011315","17/6/19",13:50:00,"Collision with vehicle","Monday","Day",2,3,"T intersection",3,80,"NILLUMBIK","METROPOLITAN NORTH WEST REGION",-37.69387765,145.0932876,"Dry","Clear"
"T20190011317","17/6/19",08:58:00,"Collision with vehicle","Monday","Day",2,2,"T intersection",2,60,"BRIMBANK","METROPOLITAN NORTH WEST REGION",-37.79131676,144.8183651,"Dry","Clear"
"T20190011319","18/6/19",11:50:00,"Collision with vehicle","Tuesday","Day",2,2,"T intersection",2,100,"BASS COAST","EASTERN REGION",-38.47882532,145.4701485,"Dry","Clear"
"T20190011320","12/6/19",15:35:00,"Collision with vehicle","Wednesday","Day",2,2,"Cross intersection",3,999,"YARRA","METROPOLITAN NORTH WEST REGION",-37.79001708,144.9742259,"Unknown","Not known"
"T20190011321","18/6/19",12:29:00,"Collision with vehicle","Tuesday","Day",2,2,"Not at intersection",3,50,"CASEY","METROPOLITAN SOUTH EAST REGION",-38.00810157,145.2603144,"Wet","Clear"
"T20190011322","18/6/19",09:01:00,"Collision with vehicle","Tuesday","Day",2,2,"Cross intersection",3,50,"COLAC OTWAY","SOUTH WESTERN REGION",-38.34146789,143.5810811,"Dry","Clear"
"T20190011323","18/6/19",12:50:00,"collision with some other object","Tuesday","Day",2,1,"Not at intersection",3,50,"CASEY","METROPOLITAN SOUTH EAST REGION",-38.07849922,145.3445359,"Dry","Clear"