"ACCIDENT_NO","ACCIDENTDATE","ACCIDENTTIME","Accident Type Desc","Day Week Description","Light Condition Desc","NO_OF_VEHICLES","NO_PERSONS","Road Geometry Desc","SEVERITY","SPEED_ZONE","LGA_NAME","REGION_NAME","Lat","Long","Surface Cond Desc","Atmosph Cond Desc"
"T20190011324","18/6/19",09:00:00,"Collision with vehicle","Tuesday","Day",2,2,"Not at intersection",2,100,"CASEY","METROPOLITAN SOUTH EAST REGION",-37.98161217,145.2448727,"Dry","Clear"
"T20190011325","18/6/19",13:25:00,"Collision with vehicle","Tuesday","Day",2,2,"T intersection",3,70,"MORNINGTON PENINSULA","METROPOLITAN SOUTH EAST REGION",-38.24052742,145.0365287,"Wet","Raining"
"T20190011326","18/6/19",12:45:00,"Collision with vehicle","Tuesday","Day",2,2,"Not at intersection",3,60,"GEELONG","SOUTH WESTERN REGION",-38.06782157,144.3687897,"Wet","Clear"
"T20190011330","18/6/19",14:28:00,"Collision with vehicle","Tuesday","Day",2,4,"Cross intersection",3,50,"MORELAND","METROPOLITAN NORTH WEST REGION",-37.72059812,144.9306239,"Wet","Clear"
"T20190011331","18/6/19",16:15:00,"Collision with vehicle","Tuesday","Day",2,5,"Cross intersection",2,60,"SHEPPARTON","NORTH EASTERN REGION",-36.38639726,145.4072322,"Wet","Raining"
"T20190011332","18/6/19",01:05:00,"Collision with vehicle","Tuesday","Dark Street lights on",2,3,"Not at intersection",3,60,"PORT PHILLIP","METROPOLITAN NORTH WEST REGION",-37.84063931,144.974763,"Dry","Clear"
"T20190011337","18/6/19",17:45:00,"Collision with vehicle","Tuesday","Dark No street lights",2,2,"Not at intersection",3,60,"DANDENONG","METROPOLITAN SOUTH EAST REGION",-37.98629284,145.2267995,"Wet","Raining"
"T20190011341","18/6/19",16:45:00,"Collision with a fixed object","Tuesday","Day",1,1,"Not at intersection",2,100,"HORSHAM","WESTERN REGION",-36.62431286,142.1318967,"Dry","Clear"
"T20190011342","18/6/19",17:50:00,"Collision with a fixed object","Tuesday","Dark Street lights on",1,1,"Not at intersection",2,80,"KNOX","METROPOLITAN SOUTH EAST REGION",-37.94648463,145.2291683,"Wet","Raining"
"T20190011343","15/6/19",16:30:00,"Collision with vehicle","Saturday","Dusk/Dawn",2,2,"Not at intersection",3,999,"MONASH","METROPOLITAN SOUTH EAST REGION",-37.91365034,145.1353433,"Unknown","Not known"
"T20190011344","18/6/19",17:04:00,"Collision with vehicle","Tuesday","Dark Street lights on",2,2,"Not at intersection",2,70,"STONNINGTON","METROPOLITAN SOUTH EAST REGION",-37.85571843,144.9846915,"Wet","Raining"
"T20190011345","27/5/19",14:00:00,"Collision with vehicle","Monday","Day",2,2,"T intersection",2,80,"LATROBE","EASTERN REGION",-38.18978645,146.5658998,"Wet","Raining"
"T20190011346","18/6/19",14:30:00,"Collision with vehicle","Tuesday","Day",2,2,"T intersection",2,60,"PORT PHILLIP","METROPOLITAN NORTH WEST REGION",-37.88343137,144.9967041,"Dry","Clear"
"T20190011348","18/6/19",18:08:00,"Struck animal","Tuesday","Dark Street lights on",3,4,"Not at intersection",3,60,"DAREBIN","METROPOLITAN NORTH WEST REGION",-37.72317426,145.0017594,"Wet","Not known"
"T20190011350","18/6/19",18:15:00,"Vehicle overturned (no collision)","Tuesday","Dark No street lights",1,1,"Not at intersection",2,100,"CARDINIA","METROPOLITAN SOUTH EAST REGION",-37.94645206,145.5272886,"Wet","Raining"
"T20190011353","18/6/19",17:30:00,"Collision with vehicle","Tuesday","Dark Street lights on",2,3,"Not at intersection",2,40,"GEELONG","SOUTH WESTERN REGION",-38.01693761,144.4723744,"Dry","Not known"
"T20190011355","18/6/19",19:14:00,"Collision with vehicle","Tuesday","Dark Street lights on",2,2,"T intersection",2,60,"KINGSTON","METROPOLITAN SOUTH EAST REGION",-38.05847072,145.118895,"Wet","Raining"
"T20190011358","18/6/19",13:59:00,"Collision with vehicle","Tuesday","Day",2,2,"Cross intersection",3,80,"WYNDHAM","METROPOLITAN NORTH WEST REGION",-37.81538776,144.6568537,"Wet","Clear"
"T20190011359","18/6/19",18:25:00,"Collision with vehicle","Tuesday","Dark Street lights on",2,3,"Not at intersection",2,50,"MARIBYRNONG","METROPOLITAN NORTH WEST REGION",-37.80022704,144.8938883,"Wet","Clear"
"T20190011360","18/6/19",18:10:00,"Collision with vehicle","Tuesday","Dark Street lights on",2,1,"Not at intersection",2,60,"WYNDHAM","METROPOLITAN NORTH WEST REGION",-37.8347518,144.7973442,"Wet","Clear"
"T20190011368","5/6/19",13:50:00,"Collision with vehicle","Wednesday","Day",2,2,"Not at intersection",3,50,"WARRNAMBOOL","SOUTH WESTERN REGION",-38.38184395,142.4796853,"Dry","Clear"
"T20190011370","18/6/19",21:00:00,"Collision with a fixed object","Tuesday","Dark No street lights",1,4,"Not at intersection",2,60,"YARRA RANGES","METROPOLITAN SOUTH EAST REGION",-37.92066352,145.3553957,"Wet","Raining"
"T20190011372","18/6/19",23:15:00,"Collision with a fixed object","Tuesday","Dark No street lights",1,3,"Not at intersection",2,100,"WANGARATTA","NORTH EASTERN REGION",-36.418744,146.2628976,"Wet","Clear"
"T20190011375","19/6/19",05:05:00,"Collision with a fixed object","Wednesday","Dark Street lights on",1,2,"Not at intersection",2,60,"MONASH","METROPOLITAN SOUTH EAST REGION",-37.89036575,145.1772623,"Wet","Raining"
"T20190011376","24/5/19",19:15:00,"Collision with vehicle","Friday","Dark Street lights on",2,3,"Not at intersection",2,60,"DAREBIN","METROPOLITAN NORTH WEST REGION",-37.74097374,145.0323774,"Wet","Not known"
"T20190011379","19/6/19",06:15:00,"Struck Pedestrian","Wednesday","Dark Street lights on",1,2,"Cross intersection",3,50,"BAYSIDE","METROPOLITAN SOUTH EAST REGION",-37.94738437,145.0304289,"Wet","Raining"
"T20190011380","19/6/19",07:35:00,"Collision with a fixed object","Wednesday","Day",1,1,"T intersection",2,50,"WHITTLESEA","METROPOLITAN NORTH WEST REGION",-37.67385909,144.9949534,"Wet","Clear"
"T20190011382","19/6/19",06:37:00,"Collision with vehicle","Wednesday","Dark No street lights",2,2,"Not at intersection",3,60,"CARDINIA","METROPOLITAN SOUTH EAST REGION",-38.00652176,145.4058846,"Wet","Raining"
"T20190011383","19/6/19",08:45:00,"Collision with a fixed object","Wednesday","Day",1,1,"Not at intersection",2,100,"MANSFIELD","NORTH EASTERN REGION",-37.16063502,146.0993907,"Wet","Fog"
"T20190011385","19/6/19",06:55:00,"Collision with vehicle","Wednesday","Dusk/Dawn",2,2,"Not at intersection",3,80,"MONASH","METROPOLITAN SOUTH EAST REGION",-37.92437841,145.1428625,"Wet","Clear"
"T20190011386","18/6/19",13:10:00,"Collision with vehicle","Tuesday","Day",2,3,"T intersection",2,100,"LATROBE","EASTERN REGION",-38.11925647,146.575586,"Wet","Raining"
"T20190011392","17/6/19",13:50:00,"Collision with vehicle","Monday","Day",2,2,"Not at intersection",3,999,"YARRA","METROPOLITAN NORTH WEST REGION",-37.81787009,144.9993009,"Dry","Clear"
"T20190011394","19/6/19",09:35:00,"Collision with vehicle","Wednesday","Day",2,2,"T intersection",2,80,"SHEPPARTON","NORTH EASTERN REGION",-36.43979629,145.4289747,"Dry","Clear"
"T20190011395","19/6/19",07:30:00,"Collision with vehicle","Wednesday","Dusk/Dawn",2,3,"Cross intersection",3,80,"CASEY","METROPOLITAN SOUTH EAST REGION",-38.05991227,145.3382239,"Dry","Clear"
"T20190011398","19/6/19",10:25:00,"Collision with vehicle","Wednesday","Day",3,2,"Not at intersection",3,80,"MOONEE VALLEY","METROPOLITAN NORTH WEST REGION",-37.73374555,144.8849817,"Dry","Clear"
"T20190011402","19/6/19",13:00:00,"Collision with a fixed object","Wednesday","Day",1,1,"Not at intersection",2,100,"GLENELG","SOUTH WESTERN REGION",-38.34904609,141.5024504,"Dry","Clear"
"T20190011403","15/6/19",13:40:00,"No collision and no object struck","Saturday","Day",1,1,"Not at intersection",2,100,"MOYNE","SOUTH WESTERN REGION",-38.17201412,142.5206356,"Dry","Clear"
"T20190011404","19/6/19",12:50:00,"Collision with vehicle","Wednesday","Day",2,5,"T intersection",3,80,"HUME","METROPOLITAN NORTH WEST REGION",-37.65179639,144.9303838,"Wet","Clear"
"T20190011405","18/6/19",06:48:00,"Collision with vehicle","Tuesday","Dark Street lights unknown",2,2,"Not at intersection",3,100,"HOBSONS BAY","METROPOLITAN NORTH WEST REGION",-37.83980205,144.7957715,"Wet","Clear"
"T20190011407","19/6/19",14:30:00,"Collision with vehicle","Wednesday","Day",2,3,"Cross intersection",2,100,"GOLDEN PLAINS","SOUTH WESTERN REGION",-37.76337752,143.5046091,"Dry","Clear"
"T20190011409","19/6/19",16:30:00,"Collision with vehicle","Wednesday","Dusk/Dawn",2,2,"Not at intersection",3,60,"MOONEE VALLEY","METROPOLITAN NORTH WEST REGION",-37.76476308,144.9253062,"Wet","Raining"
"T20190011410","19/6/19",15:55:00,"Collision with vehicle","Wednesday","Day",2,2,"Not at intersection",2,60,"FRANKSTON","METROPOLITAN SOUTH EAST REGION",-38.10977621,145.1954334,"Dry","Clear"
"T20190011412","19/6/19",16:54:00,"Collision with vehicle","Wednesday","Day",2,2,"T intersection",2,60,"BRIMBANK","METROPOLITAN NORTH WEST REGION",-37.77522471,144.8290576,"Dry","Clear"
"T20190011417","19/6/19",18:04:00,"Collision with vehicle","Wednesday","Dark Street lights on",3,7,"Not at intersection",2,80,"BAYSIDE","METROPOLITAN SOUTH EAST REGION",-37.88877739,145.0008416,"Wet","Clear"
"T20190011418","19/6/19",19:45:00,"Struck Pedestrian","Wednesday","Dark Street lights on",1,2,"Not at intersection",2,60,"MOONEE VALLEY","METROPOLITAN NORTH WEST REGION",-37.78891713,144.937612,"Dry","Clear"
"T20190011421","19/6/19",17:40:00,"Struck Pedestrian","Wednesday","Dark Street lights on",1,2,"Cross intersection",3,60,"WYNDHAM","METROPOLITAN NORTH WEST REGION",-37.89344216,144.7287732,"Wet","Raining"
"T20190011422","19/6/19",15:00:00,"Vehicle overturned (no collision)","Wednesday","Day",1,1,"Not at intersection",2,100,"SOUTH GIPPSLAND","EASTERN REGION",-38.85985246,145.9876236,"Wet","Clear"
"T20190011423","19/6/19",20:00:00,"Collision with a fixed object","Wednesday","Dark No street lights",1,4,"Not at intersection",3,60,"LATROBE","EASTERN REGION",-38.18575257,146.4938869,"Wet","Raining"
"T20190011425","19/6/19",20:42:00,"Struck Pedestrian","Wednesday","Dark Street lights on",1,3,"Cross intersection",2,60,"DAREBIN","METROPOLITAN NORTH WEST REGION",-37.74100627,145.0308542,"Wet","Clear"
"T20190011432","20/6/19",06:50:00,"Struck Pedestrian","Thursday","Dark Street lights unknown",1,2,"Cross intersection",2,50,"BALLARAT","WESTERN REGION",-37.56197399,143.8703376,"Wet","Raining"
"T20190011433","20/6/19",06:00:00,"Collision with vehicle","Thursday","Dark Street lights on",2,2,"T intersection",3,60,"MARIBYRNONG","METROPOLITAN NORTH WEST REGION",-37.79478603,144.9043453,"Wet","Not known"
"T20190011436","20/6/19",06:50:00,"Struck Pedestrian","Thursday","Dark Street lights unknown",1,3,"T intersection",3,60,"MANNINGHAM","METROPOLITAN SOUTH EAST REGION",-37.77187955,145.1156447,"Wet","Raining"
"T20190011439","19/6/19",13:52:00,"Collision with vehicle","Wednesday","Day",3,3,"Not at intersection",3,60,"GEELONG","SOUTH WESTERN REGION",-38.13206651,144.3496813,"Dry","Clear"
"T20190011440","20/6/19",08:25:00,"Struck Pedestrian","Thursday","Day",1,2,"Not at intersection",2,60,"WHITEHORSE","METROPOLITAN SOUTH EAST REGION",-37.82828804,145.1219184,"Wet","Raining"
"T20190011442","20/6/19",07:40:00,"Collision with vehicle","Thursday","Day",2,4,"Cross intersection",2,60,"DANDENONG","METROPOLITAN SOUTH EAST REGION",-38.07763405,145.239196,"Wet","Raining"
"T20190011443","20/6/19",08:28:00,"Collision with a fixed object","Thursday","Day",1,1,"Not at intersection",3,110,"HUME","METROPOLITAN NORTH WEST REGION",-37.54151362,144.6475251,"Wet","Raining"
"T20190011444","20/6/19",09:10:00,"Collision with vehicle","Thursday","Day",2,2,"Not at intersection",2,60,"MELBOURNE","METROPOLITAN NORTH WEST REGION",-37.80431191,144.9341391,"Wet","Raining"
"T20190011446","19/6/19",15:50:00,"Collision with vehicle","Wednesday","Day",3,3,"Not at intersection",3,80,"FRANKSTON","METROPOLITAN SOUTH EAST REGION",-38.15442964,145.1629927,"Dry","Clear"
"T20190011450","23/5/19",12:40:00,"Collision with vehicle","Thursday","Day",2,3,"Not at intersection",3,70,"KINGSTON","METROPOLITAN SOUTH EAST REGION",-37.94924919,145.0775885,"Dry","Clear"
"T20190011451","20/6/19",07:35:00,"Collision with vehicle","Thursday","Dusk/Dawn",2,2,"Not at intersection",2,80,"BRIMBANK","METROPOLITAN NORTH WEST REGION",-37.72578182,144.8499714,"Wet","Clear"
"T20190011453","5/4/19",10:30:00,"Collision with vehicle","Friday","Day",2,2,"T intersection",2,80,"KINGSTON","METROPOLITAN SOUTH EAST REGION",-37.98259352,145.0741132,"Dry","Clear"
"T20190011454","20/5/19",10:30:00,"Vehicle overturned (no collision)","Monday","Day",1,1,"T intersection",3,999,"WYNDHAM","METROPOLITAN NORTH WEST REGION",-37.87305417,144.6929846,"Wet","Clear"
"T20190011455","20/6/19",08:55:00,"Vehicle overturned (no collision)","Thursday","Day",1,1,"Not at intersection",2,100,"MOIRA","NORTH EASTERN REGION",-35.94019,145.5316173,"Dry","Fog"
"T20190011458","19/6/19",17:56:00,"Struck Pedestrian","Wednesday","Dark Street lights on",1,2,"Cross intersection",2,60,"FRANKSTON","METROPOLITAN SOUTH EAST REGION",-38.14420749,145.1206306,"Dry","Clear"
"T20190011463","20/6/19",11:54:00,"Collision with vehicle","Thursday","Day",2,2,"Cross intersection",3,50,"BAYSIDE","METROPOLITAN SOUTH EAST REGION",-37.95240425,145.0244795,"Wet","Clear"
"T20190011465","20/6/19",09:00:00,"Struck Pedestrian","Thursday","Day",1,3,"Not at intersection",2,40,"CASEY","METROPOLITAN SOUTH EAST REGION",-37.97927159,145.2452916,"Wet","Raining"
"T20190011466","20/6/19",07:30:00,"Struck Pedestrian","Thursday","Day",1,2,"Cross intersection",2,40,"STONNINGTON","METROPOLITAN SOUTH EAST REGION",-37.8473823,144.997921,"Wet","Raining"
"T20190011469","20/6/19",12:00:00,"Collision with a fixed object","Thursday","Day",1,1,"Not at intersection",2,100,"MOIRA","NORTH EASTERN REGION",-36.05378915,145.2449215,"Dry","Clear"
"T20190011471","20/6/19",13:30:00,"Collision with vehicle","Thursday","Day",2,2,"Not at intersection",2,80,"BALLARAT","WESTERN REGION",-37.5341196,143.7678052,"Dry","Clear"
"T20190011473","20/6/19",17:00:00,"Collision with vehicle","Thursday","Day",7,7,"Cross intersection",3,70,"GEELONG","SOUTH WESTERN REGION",-38.18193591,144.3476655,"Wet","Raining"
"T20190011474","20/6/19",16:10:00,"Collision with vehicle","Thursday","Day",4,7,"Not at intersection",3,80,"FRANKSTON","METROPOLITAN SOUTH EAST REGION",-38.10624539,145.1663335,"Wet","Clear"
"T20190011480","20/6/19",15:30:00,"Collision with vehicle","Thursday","Day",2,2,"Not at intersection",3,40,"DANDENONG","METROPOLITAN SOUTH EAST REGION",-37.97740045,145.2159546,"Wet","Raining"
"T20190011482","20/6/19",17:51:00,"Collision with vehicle","Thursday","Dark Street lights on",3,3,"Not at intersection",2,60,"HUME","METROPOLITAN NORTH WEST REGION",-37.59451662,144.9100737,"Dry","Clear"
"T20190011483","20/6/19",18:00:00,"Collision with vehicle","Thursday","Dark Street lights on",2,2,"T intersection",2,60,"WHITEHORSE","METROPOLITAN SOUTH EAST REGION",-37.80102863,145.127001,"Wet","Clear"
"T20190011485","20/6/19",19:45:00,"Collision with a fixed object","Thursday","Dark Street lights on",1,1,"T intersection",3,60,"DANDENONG","METROPOLITAN SOUTH EAST REGION",-37.95984434,145.1910567,"Wet","Clear"
"T20190011487","20/6/19",20:04:00,"Struck Pedestrian","Thursday","Dark Street lights on",1,2,"T intersection",2,50,"MONASH","METROPOLITAN SOUTH EAST REGION",-37.92123379,145.1833851,"Wet","Raining"
"T20190011489","19/6/19",18:30:00,"Struck Pedestrian","Wednesday","Dark Street lights on",1,2,"Cross intersection",3,50,"MELTON","METROPOLITAN NORTH WEST REGION",-37.68320185,144.5831397,"Wet","Clear"
"T20190011492","20/6/19",20:45:00,"Struck Pedestrian","Thursday","Dark Street lights on",1,2,"T intersection",3,50,"WYNDHAM","METROPOLITAN NORTH WEST REGION",-37.89453173,144.6575256,"Wet","Clear"
"T20190011493","20/6/19",15:00:00,"Collision with vehicle","Thursday","Day",2,2,"Cross intersection",2,50,"DAREBIN","METROPOLITAN NORTH WEST REGION",-37.71115489,145.0199187,"Wet","Clear"
"T20190011494","20/6/19",17:10:00,"Struck Pedestrian","Thursday","Dusk/Dawn",1,2,"T intersection",2,40,"MELBOURNE","METROPOLITAN NORTH WEST REGION",-37.8192109,144.9613978,"Wet","Raining"
"T20190011497","20/6/19",20:55:00,"Collision with vehicle","Thursday","Dark Street lights on",2,2,"Not at intersection",2,80,"BRIMBANK","METROPOLITAN NORTH WEST REGION",-37.80062139,144.7997897,"Wet","Raining"
"T20190011498","17/6/19",14:00:00,"No collision and no object struck","Monday","Day",1,1,"Not at intersection",3,888,"BENDIGO","NORTHERN REGION",-36.6908705,144.2419142,"Dry","Clear"
"T20190011502","20/6/19",14:22:00,"Collision with vehicle","Thursday","Day",2,2,"Not at intersection",2,80,"MOORABOOL","WESTERN REGION",-37.69940239,144.4513601,"Wet","Raining"
"T20190011503","21/6/19",06:12:00,"Collision with vehicle","Friday","Dark Street lights on",2,2,"Not at intersection",2,60,"WHITEHORSE","METROPOLITAN SOUTH EAST REGION",-37.84796515,145.1330952,"Wet","Raining"
"T20190011504","20/6/19",14:10:00,"Collision with vehicle","Thursday","Day",2,2,"Cross intersection",2,60,"MORELAND","METROPOLITAN NORTH WEST REGION",-37.70754241,144.9216102,"Dry","Clear"
"T20190011505","19/6/19",18:00:00,"Collision with vehicle","Wednesday","Dark Street lights on",3,1,"Not at intersection",3,50,"FRANKSTON","METROPOLITAN SOUTH EAST REGION",-38.11302392,145.1922322,"Dry","Clear"
"T20190011507","21/6/19",06:50:00,"Struck Pedestrian","Friday","Dark Street lights on",1,2,"Cross intersection",3,60,"BOROONDARA","METROPOLITAN SOUTH EAST REGION",-37.82985706,145.0436515,"Wet","Raining"
"T20190011508","21/6/19",07:00:00,"Collision with vehicle","Friday","Dark Street lights on",2,3,"T intersection",2,70,"KNOX","METROPOLITAN SOUTH EAST REGION",-37.83777167,145.2835897,"Wet","Raining"
"T20190011509","21/6/19",08:17:00,"Collision with vehicle","Friday","Dusk/Dawn",3,3,"Not at intersection",3,80,"BANYULE","METROPOLITAN NORTH WEST REGION",-37.6998787,145.0909099,"Dry","Not known"
"T20190011510","14/6/19",17:20:00,"Collision with vehicle","Friday","Dark Street lights on",3,3,"Cross intersection",3,60,"WHITEHORSE","METROPOLITAN SOUTH EAST REGION",-37.80322468,145.1416327,"Wet","Raining"
"T20190011512","21/6/19",08:30:00,"collision with some other object","Friday","Day",1,1,"Not at intersection",3,100,"LODDON","NORTHERN REGION",-36.60848336,143.5891898,"Dry","Clear"
"T20190011514","21/6/19",09:55:00,"Struck Pedestrian","Friday","Day",1,2,"Not at intersection",3,50,"MOIRA","NORTH EASTERN REGION",-36.01174725,146.0045769,"Dry","Clear"
"T20190011515","21/6/19",07:30:00,"Collision with vehicle","Friday","Day",2,5,"Not at intersection",3,60,"NORTHERN GRAMPIANS","WESTERN REGION",-37.10684742,142.9938229,"Dry","Clear"
"T20190011516","20/6/19",22:10:00,"Collision with a fixed object","Thursday","Dark No street lights",1,1,"T intersection",3,100,"MOIRA","NORTH EASTERN REGION",-36.06636705,146.1774757,"Dry","Clear"
"T20190011518","21/6/19",11:40:00,"Struck Pedestrian","Friday","Day",1,2,"T intersection",2,80,"MONASH","METROPOLITAN SOUTH EAST REGION",-37.89853864,145.1624967,"Wet","Raining"
"T20190011520","21/6/19",12:13:00,"Collision with vehicle","Friday","Day",3,3,"Not at intersection",3,40,"YARRA","METROPOLITAN NORTH WEST REGION",-37.82602379,144.9978682,"Dry","Clear"
"T20190011521","18/6/19",13:04:00,"Struck Pedestrian","Tuesday","Day",1,2,"Y intersection",2,40,"KINGSTON","METROPOLITAN SOUTH EAST REGION",-37.94103978,145.1399331,"Dry","Clear"
"T20190011522","21/6/19",11:32:00,"Collision with vehicle","Friday","Day",2,2,"Cross intersection",3,50,"DAREBIN","METROPOLITAN NORTH WEST REGION",-37.77227965,145.024521,"Wet","Raining"
"T20190011523","21/6/19",11:30:00,"Collision with vehicle","Friday","Day",2,2,"T intersection",2,50,"MORNINGTON PENINSULA","METROPOLITAN SOUTH EAST REGION",-38.35327422,144.9140923,"Wet","Raining"
"T20190011525","21/6/19",10:45:00,"Collision with vehicle","Friday","Day",2,3,"Cross intersection",3,80,"DANDENONG","METROPOLITAN SOUTH EAST REGION",-37.93314515,145.1560118,"Wet","Raining"
"T20190011527","21/6/19",11:58:00,"Collision with vehicle","Friday","Day",3,6,"T intersection",2,60,"MOONEE VALLEY","METROPOLITAN NORTH WEST REGION",-37.73983909,144.8638536,"Dry","Clear"
"T20190011528","21/6/19",12:40:00,"Collision with vehicle","Friday","Day",2,2,"Not at intersection",3,60,"MOYNE","SOUTH WESTERN REGION",-38.15102476,142.6864157,"Wet","Clear"
"T20190011531","21/6/19",09:05:00,"Struck Pedestrian","Friday","Day",1,2,"Cross intersection",3,40,"PORT PHILLIP","METROPOLITAN NORTH WEST REGION",-37.83998225,144.9581799,"Dry","Clear"
"T20190011532","10/6/19",01:30:00,"Struck Pedestrian","Monday","Dark Street lights on",1,2,"Cross intersection",3,40,"YARRA","METROPOLITAN NORTH WEST REGION",-37.80528267,144.986298,"Dry","Not known"
"T20190011533","21/6/19",07:40:00,"Collision with vehicle","Friday","Day",2,3,"Not at intersection",3,100,"HUME","METROPOLITAN NORTH WEST REGION",-37.54056344,144.9453541,"Wet","Clear"
"T20190011535","21/6/19",12:00:00,"Collision with vehicle","Friday","Day",2,2,"Cross intersection",3,60,"WHITTLESEA","METROPOLITAN NORTH WEST REGION",-37.6473636,145.0261023,"Wet","Not known"
"T20190011539","21/6/19",09:20:00,"Vehicle overturned (no collision)","Friday","Day",1,1,"Not at intersection",2,100,"MURRINDINDI","NORTH EASTERN REGION",-37.21230282,145.2279256,"Dry","Clear"
"T20190011540","21/6/19",07:25:00,"Collision with vehicle","Friday","Dusk/Dawn",2,2,"Not at intersection",2,80,"DANDENONG","METROPOLITAN SOUTH EAST REGION",-37.95457197,145.1375718,"Wet","Not known"
"T20190011542","21/6/19",06:10:00,"Collision with a fixed object","Friday","Dark No street lights",1,1,"Not at intersection",2,100,"GLENELG","SOUTH WESTERN REGION",-37.6315294,141.458399,"Icy","Fog"
"T20190011546","18/6/19",14:00:00,"Collision with a fixed object","Tuesday","Day",1,1,"Not at intersection",2,60,"GEELONG","SOUTH WESTERN REGION",-38.23697214,144.5397074,"Wet","Raining"
"T20190011549","21/6/19",16:35:00,"Collision with vehicle","Friday","Day",2,4,"Not at intersection",3,80,"SURF COAST","SOUTH WESTERN REGION",-38.30271461,144.3409192,"Wet","Raining"
"T20190011551","21/6/19",16:50:00,"Collision with vehicle","Friday","Day",2,2,"Not at intersection",3,80,"CASEY","METROPOLITAN SOUTH EAST REGION",-38.08409447,145.277306,"Wet","Clear"
"T20190011552","21/6/19",15:47:00,"Vehicle overturned (no collision)","Friday","Day",2,2,"Not at intersection",2,60,"DAREBIN","METROPOLITAN NORTH WEST REGION",-37.73377106,145.0245017,"Dry","Clear"
"T20190011554","21/6/19",17:40:00,"Collision with vehicle","Friday","Dark Street lights on",2,2,"T intersection",3,60,"BALLARAT","WESTERN REGION",-37.60965737,143.8697524,"Wet","Clear"
"T20190011556","21/6/19",15:31:00,"Struck Pedestrian","Friday","Day",1,2,"T intersection",3,60,"KINGSTON","METROPOLITAN SOUTH EAST REGION",-37.92673245,145.1043558,"Wet","Raining"
"T20190011558","21/6/19",17:15:00,"Collision with vehicle","Friday","Dark Street lights on",2,3,"T intersection",2,60,"GEELONG","SOUTH WESTERN REGION",-38.12217881,144.3446839,"Wet","Raining"
"T20190011559","21/6/19",16:00:00,"Collision with vehicle","Friday","Day",2,2,"Cross intersection",3,50,"GLENELG","SOUTH WESTERN REGION",-38.35081843,141.6061578,"Dry","Clear"
"T20190011561","21/6/19",17:40:00,"Collision with vehicle","Friday","Dark Street lights on",3,3,"Not at intersection",3,60,"HUME","METROPOLITAN NORTH WEST REGION",-37.59754397,144.9281755,"Dry","Clear"
"T20190011566","21/6/19",18:20:00,"Collision with vehicle","Friday","Dark Street lights on",2,2,"Not at intersection",2,60,"BAYSIDE","METROPOLITAN SOUTH EAST REGION",-37.96254766,145.0117603,"Dry","Fog"
"T20190011567","21/6/19",17:20:00,"Collision with vehicle","Friday","Dusk/Dawn",2,2,"Cross intersection",3,50,"HUME","METROPOLITAN NORTH WEST REGION",-37.58201517,144.7276777,"Wet","Not known"
"T20190011570","21/6/19",18:13:00,"Collision with vehicle","Friday","Dark Street lights on",2,2,"T intersection",2,60,"YARRA","METROPOLITAN NORTH WEST REGION",-37.82723724,145.0171801,"Dry","Clear"
"T20190011572","21/6/19",18:39:00,"Collision with vehicle","Friday","Dark Street lights on",2,2,"Not at intersection",3,40,"YARRA","METROPOLITAN NORTH WEST REGION",-37.80677228,144.9829237,"Dry","Clear"
"T20190011578","21/6/19",22:00:00,"Collision with vehicle","Friday","Dark Street lights on",2,2,"Not at intersection",3,70,"MAROONDAH","METROPOLITAN SOUTH EAST REGION",-37.80293967,145.2892145,"Wet","Clear"
"T20190011579","20/6/19",19:05:00,"Collision with a fixed object","Thursday","Dark Street lights on",1,1,"T intersection",2,70,"MORNINGTON PENINSULA","METROPOLITAN SOUTH EAST REGION",-38.23456925,145.0656655,"Wet","Raining"
"T20190011582","21/6/19",22:15:00,"Collision with vehicle","Friday","Dark Street lights on",2,10,"Not at intersection",2,100,"WHITTLESEA","METROPOLITAN NORTH WEST REGION",-37.68730904,145.0371273,"Wet","Clear"
"T20190011589","25/5/19",18:00:00,"Collision with vehicle","Saturday","Dark Street lights on",2,4,"Not at intersection",3,777,"WYNDHAM","METROPOLITAN NORTH WEST REGION",-37.87068715,144.735841,"Wet","Raining"
"T20190011591","21/6/19",05:40:00,"Collision with vehicle","Friday","Dark Street lights on",2,2,"Cross intersection",2,80,"KINGSTON","METROPOLITAN SOUTH EAST REGION",-38.00083045,145.105197,"Wet","Raining"
"T20190011592","22/6/19",04:55:00,"Collision with a fixed object","Saturday","Dark Street lights on",1,1,"T intersection",3,60,"MOONEE VALLEY","METROPOLITAN NORTH WEST REGION",-37.73732773,144.8923318,"Wet","Raining"
"T20190011594","22/6/19",07:30:00,"Collision with vehicle","Saturday","Day",2,2,"Cross intersection",3,60,"WYNDHAM","METROPOLITAN NORTH WEST REGION",-37.87936433,144.7012947,"Wet","Clear"
"T20190011595","21/6/19",12:20:00,"Vehicle overturned (no collision)","Friday","Day",1,2,"Not at intersection",2,40,"YARRA","METROPOLITAN NORTH WEST REGION",-37.82692632,145.0092307,"Wet","Clear"