"ACCIDENT_NO","ACCIDENTDATE","ACCIDENTTIME","Accident Type Desc","Day Week Description","Light Condition Desc","NO_OF_VEHICLES","NO_PERSONS","Road Geometry Desc","SEVERITY","SPEED_ZONE","LGA_NAME","REGION_NAME","Lat","Long","Surface Cond Desc","Atmosph Cond Desc"
"T20190011599","22/6/19",10:00:00,"Collision with vehicle","Saturday","Day",2,2,"T intersection",2,50,"MONASH","METROPOLITAN SOUTH EAST REGION",-37.89619316,145.0821231,"Dry","Clear"
"T20190011600","22/6/19",11:00:00,"Struck Pedestrian","Saturday","Day",2,3,"T intersection",3,50,"BALLARAT","WESTERN REGION",-37.60324344,143.8190182,"Dry","Clear"
"T20190011601","25/5/19",11:00:00,"Collision with vehicle","Saturday","Day",2,4,"T intersection",3,50,"MITCHELL","NORTHERN REGION",-37.41633436,144.9788159,"Unknown","Not known"
"T20190011602","22/6/19",09:02:00,"No collision and no object struck","Saturday","Day",1,1,"Not at intersection",3,50,"HUME","METROPOLITAN NORTH WEST REGION",-37.57080581,144.6985574,"Snowy","Raining"
"T20190011602","22/6/19",09:02:00,"No collision and no object struck","Saturday","Day",1,1,"Not at intersection",3,50,"HUME","METROPOLITAN NORTH WEST REGION",-37.57080581,144.6985574,"Icy","Raining"
"T20190011603","21/6/19",16:10:00,"Collision with vehicle","Friday","Day",2,2,"Cross intersection",2,40,"PORT PHILLIP","METROPOLITAN NORTH WEST REGION",-37.84986747,144.9624621,"Dry","Clear"
"T20190011604","22/6/19",11:00:00,"Collision with vehicle","Saturday","Day",3,3,"T intersection",3,80,"MELTON","METROPOLITAN NORTH WEST REGION",-37.75879398,144.7472735,"Dry","Clear"
"T20190011605","22/6/19",12:45:00,"Vehicle overturned (no collision)","Saturday","Day",1,1,"Not at intersection",2,60,"GOLDEN PLAINS","SOUTH WESTERN REGION",-37.87822239,144.1784643,"Dry","Clear"
"T20190011606","22/6/19",12:09:00,"No collision and no object struck","Saturday","Day",2,2,"Not at intersection",2,60,"CASEY","METROPOLITAN SOUTH EAST REGION",-38.12894053,145.2491354,"Wet","Clear"
"T20190011608","22/6/19",13:15:00,"Collision with vehicle","Saturday","Day",3,3,"Not at intersection",2,70,"GLEN EIRA","METROPOLITAN SOUTH EAST REGION",-37.90217648,145.0265112,"Dry","Clear"
"T20190011611","12/6/19",15:22:00,"Struck Pedestrian","Wednesday","Day",1,2,"T intersection",3,60,"MAROONDAH","METROPOLITAN SOUTH EAST REGION",-37.82278089,145.3040423,"Wet","Raining"
"T20190011613","17/6/19",10:00:00,"Collision with vehicle","Monday","Day",2,2,"Not at intersection",3,80,"BRIMBANK","METROPOLITAN NORTH WEST REGION",-37.72663957,144.8496595,"Dry","Clear"
"T20190011615","22/6/19",15:43:00,"Collision with vehicle","Saturday","Day",2,2,"T intersection",3,999,"MARIBYRNONG","METROPOLITAN NORTH WEST REGION",-37.77988789,144.8734795,"Dry","Clear"
"T20190011621","22/6/19",16:35:00,"Collision with vehicle","Saturday","Day",2,2,"T intersection",2,60,"MONASH","METROPOLITAN SOUTH EAST REGION",-37.8840252,145.1215611,"Wet","Clear"
"T20190011622","22/6/19",17:42:00,"Collision with vehicle","Saturday","Dark Street lights on",3,5,"Not at intersection",3,80,"WHITTLESEA","METROPOLITAN NORTH WEST REGION",-37.68285601,145.0689378,"Wet","Clear"
"T20190011623","22/6/19",15:30:00,"Collision with vehicle","Saturday","Day",2,2,"Cross intersection",3,60,"BANYULE","METROPOLITAN NORTH WEST REGION",-37.70375008,145.0945168,"Wet","Clear"
"T20190011626","22/6/19",15:30:00,"Collision with a fixed object","Saturday","Day",1,1,"Not at intersection",2,80,"WYNDHAM","METROPOLITAN NORTH WEST REGION",-37.91685646,144.6904851,"Dry","Clear"
"T20190011628","22/6/19",20:00:00,"Collision with vehicle","Saturday","Dark Street lights on",2,4,"T intersection",3,80,"MELTON","METROPOLITAN NORTH WEST REGION",-37.73222209,144.5763561,"Dry","Clear"
"T20190011629","22/6/19",19:20:00,"Collision with vehicle","Saturday","Dark Street lights on",2,2,"Not at intersection",3,60,"HUME","METROPOLITAN NORTH WEST REGION",-37.5986949,144.9389099,"Dry","Clear"
"T20190011633","22/6/19",23:44:00,"Collision with vehicle","Saturday","Dark Street lights on",2,3,"Cross intersection",3,60,"MELBOURNE","METROPOLITAN NORTH WEST REGION",-37.80378502,144.9562523,"Dry","Clear"
"T20190011635","23/6/19",00:13:00,"Collision with a fixed object","Sunday","Dark Street lights on",1,1,"T intersection",2,60,"MELTON","METROPOLITAN NORTH WEST REGION",-37.67396472,144.5782437,"Dry","Clear"
"T20190011636","22/6/19",23:40:00,"Struck animal","Saturday","Dark No street lights",1,1,"Not at intersection",3,80,"CARDINIA","METROPOLITAN SOUTH EAST REGION",-38.06915568,145.6537092,"Wet","Clear"
"T20190011637","22/6/19",23:38:00,"Collision with vehicle","Saturday","Dark Street lights on",2,2,"Cross intersection",3,60,"STONNINGTON","METROPOLITAN SOUTH EAST REGION",-37.85662045,145.029287,"Dry","Clear"
"T20190011644","20/6/19",16:15:00,"Collision with vehicle","Thursday","Day",5,5,"T intersection",3,80,"DANDENONG","METROPOLITAN SOUTH EAST REGION",-38.01651903,145.2331517,"Wet","Raining"
"T20190011648","23/6/19",09:05:00,"Collision with vehicle","Sunday","Day",2,2,"Not at intersection",2,80,"BAYSIDE","METROPOLITAN SOUTH EAST REGION",-37.90014511,145.00655,"Dry","Fog"
"T20190011649","23/6/19",07:58:00,"Collision with vehicle","Sunday","Day",2,2,"T intersection",2,70,"GEELONG","SOUTH WESTERN REGION",-38.20121138,144.3413497,"Wet","Clear"
"T20190011650","23/6/19",08:15:00,"Collision with a fixed object","Sunday","Day",1,1,"Not at intersection",3,777,"MAROONDAH","METROPOLITAN SOUTH EAST REGION",-37.81212615,145.2273324,"Dry","Fog"
"T20190011655","23/6/19",11:40:00,"Collision with vehicle","Sunday","Day",3,2,"Not at intersection",3,60,"WYNDHAM","METROPOLITAN NORTH WEST REGION",-37.88298136,144.700388,"Wet","Fog"
"T20190011656","23/6/19",12:17:00,"Collision with vehicle","Sunday","Day",2,2,"Cross intersection",2,60,"MELBOURNE","METROPOLITAN NORTH WEST REGION",-37.82663687,144.9576367,"Dry","Clear"
"T20190011657","23/6/19",12:45:00,"Collision with a fixed object","Sunday","Day",1,1,"Not at intersection",3,80,"HUME","METROPOLITAN NORTH WEST REGION",-37.63409388,144.9499527,"Dry","Clear"
"T20190011658","23/6/19",11:45:00,"No collision and no object struck","Sunday","Day",1,1,"Not at intersection",3,100,"MITCHELL","NORTHERN REGION",-37.37790982,145.0802983,"Wet","Fog"
"T20190011659","23/6/19",11:30:00,"Collision with vehicle","Sunday","Day",2,5,"Not at intersection",2,60,"DAREBIN","METROPOLITAN NORTH WEST REGION",-37.76576899,145.0230725,"Dry","Clear"
"T20190011662","23/6/19",14:44:00,"Collision with vehicle","Sunday","Day",2,2,"T intersection",2,60,"KINGSTON","METROPOLITAN SOUTH EAST REGION",-37.9288537,145.08148,"Dry","Clear"
"T20190011664","20/6/19",09:45:00,"Collision with vehicle","Thursday","Day",2,4,"Cross intersection",2,80,"KNOX","METROPOLITAN SOUTH EAST REGION",-37.85531413,145.3155207,"Dry","Clear"
"T20190011665","23/6/19",13:40:00,"Collision with vehicle","Sunday","Day",2,2,"Not at intersection",3,80,"MELBOURNE","METROPOLITAN NORTH WEST REGION",-37.82544255,144.94065,"Dry","Clear"
"T20190011666","23/6/19",15:00:00,"Collision with vehicle","Sunday","Day",2,6,"Not at intersection",2,80,"WHITEHORSE","METROPOLITAN SOUTH EAST REGION",-37.81842491,145.1779813,"Dry","Clear"
"T20190011668","23/6/19",13:56:00,"Collision with vehicle","Sunday","Day",2,3,"Cross intersection",3,80,"CARDINIA","METROPOLITAN SOUTH EAST REGION",-38.07091974,145.4752006,"Dry","Clear"
"T20190011669","23/6/19",15:28:00,"Collision with vehicle","Sunday","Day",3,2,"Not at intersection",3,60,"CASEY","METROPOLITAN SOUTH EAST REGION",-38.0769635,145.3626391,"Dry","Clear"
"T20190011674","23/6/19",18:02:00,"Collision with vehicle","Sunday","Dark Street lights on",2,2,"T intersection",3,60,"WHITTLESEA","METROPOLITAN NORTH WEST REGION",-37.66625195,145.0164502,"Dry","Clear"
"T20190011675","22/6/19",16:30:00,"Collision with vehicle","Saturday","Day",2,2,"Cross intersection",3,40,"MORELAND","METROPOLITAN NORTH WEST REGION",-37.76276897,144.9497406,"Dry","Clear"
"T20190011677","22/6/19",23:42:00,"Collision with a fixed object","Saturday","Dark No street lights",2,3,"Not at intersection",3,60,"NILLUMBIK","METROPOLITAN NORTH WEST REGION",-37.63556754,145.1665556,"Wet","Fog"
"T20190011678","23/6/19",16:35:00,"Collision with vehicle","Sunday","Day",3,3,"T intersection",2,80,"DANDENONG","METROPOLITAN SOUTH EAST REGION",-37.99999465,145.2241288,"Dry","Clear"
"T20190011679","23/6/19",15:48:00,"Vehicle overturned (no collision)","Sunday","Day",1,1,"Not at intersection",3,50,"MORELAND","METROPOLITAN NORTH WEST REGION",-37.73582614,144.9706153,"Dry","Clear"
"T20190011682","23/6/19",17:19:00,"Collision with vehicle","Sunday","Dark No street lights",2,3,"T intersection",2,80,"WYNDHAM","METROPOLITAN NORTH WEST REGION",-37.92708981,144.7040561,"Wet","Fog"
"T20190011682","23/6/19",17:19:00,"Collision with vehicle","Sunday","Dark No street lights",2,3,"T intersection",2,80,"WYNDHAM","METROPOLITAN NORTH WEST REGION",-37.92708981,144.7040561,"Muddy","Fog"
"T20190011685","23/6/19",19:50:00,"Collision with vehicle","Sunday","Dark No street lights",3,4,"T intersection",2,60,"CARDINIA","METROPOLITAN SOUTH EAST REGION",-37.93077719,145.4212245,"Dry","Clear"
"T20190011686","23/6/19",15:36:00,"Collision with vehicle","Sunday","Day",4,5,"Not at intersection",3,110,"MOORABOOL","WESTERN REGION",-37.58440846,144.1505815,"Dry","Clear"
"T20190011687","23/6/19",17:01:00,"Collision with vehicle","Sunday","Dark Street lights on",2,5,"Not at intersection",2,100,"WYNDHAM","METROPOLITAN NORTH WEST REGION",-37.92483994,144.6435223,"Dry","Clear"
"T20190011688","23/6/19",18:30:00,"Collision with a fixed object","Sunday","Dark Street lights on",1,1,"Not at intersection",3,50,"YARRA RANGES","METROPOLITAN SOUTH EAST REGION",-37.78863533,145.3907959,"Dry","Fog"
"T20190011689","23/6/19",19:53:00,"Collision with vehicle","Sunday","Dark Street lights on",2,3,"Cross intersection",3,80,"YARRA RANGES","METROPOLITAN SOUTH EAST REGION",-37.75313199,145.3654972,"Dry","Clear"
"T20190011690","23/6/19",01:00:00,"Collision with a fixed object","Sunday","Dark Street lights on",1,1,"Not at intersection",2,60,"HOBSONS BAY","METROPOLITAN NORTH WEST REGION",-37.86941661,144.7608753,"Wet","Raining"
"T20190011692","23/6/19",19:35:00,"Collision with vehicle","Sunday","Dark No street lights",2,5,"Not at intersection",3,100,"BASS COAST","EASTERN REGION",-38.42387924,145.4426318,"Wet","Clear"
"T20190011698","23/6/19",23:45:00,"Collision with vehicle","Sunday","Dark Street lights on",2,2,"Not at intersection",2,50,"CASEY","METROPOLITAN SOUTH EAST REGION",-38.03630366,145.3121344,"Dry","Fog"
"T20190011700","23/6/19",07:32:00,"Collision with a fixed object","Sunday","Dusk/Dawn",1,1,"Not at intersection",3,110,"MACEDON RANGES","NORTHERN REGION",-37.18768933,144.4032692,"Icy","Fog"
"T20190011702","24/6/19",06:50:00,"Collision with vehicle","Monday","Dusk/Dawn",5,5,"Not at intersection",3,80,"HUME","METROPOLITAN NORTH WEST REGION",-37.60775457,144.9459635,"Dry","Clear"
"T20190011703","21/6/19",12:15:00,"Collision with a fixed object","Friday","Day",1,1,"Not at intersection",3,100,"MOIRA","NORTH EASTERN REGION",-36.15031055,145.5885306,"Dry","Clear"
"T20190011704","24/6/19",08:15:00,"Struck Pedestrian","Monday","Day",1,2,"Cross intersection",3,40,"PORT PHILLIP","METROPOLITAN NORTH WEST REGION",-37.86201051,144.9735943,"Dry","Clear"
"T20190011705","24/6/19",09:05:00,"Collision with vehicle","Monday","Day",2,2,"Cross intersection",2,80,"CASEY","METROPOLITAN SOUTH EAST REGION",-38.10937206,145.2523993,"Dry","Fog"
"T20190011706","24/6/19",08:45:00,"Collision with vehicle","Monday","Day",2,2,"Not at intersection",3,60,"WANGARATTA","NORTH EASTERN REGION",-36.36661607,146.3144399,"Dry","Clear"
"T20190011707","16/6/19",12:00:00,"Collision with vehicle","Sunday","Day",3,3,"T intersection",3,999,"WHITTLESEA","METROPOLITAN NORTH WEST REGION",-37.67123892,145.0365303,"Unknown","Not known"
"T20190011710","24/6/19",08:05:00,"Struck Pedestrian","Monday","Day",1,2,"Not at intersection",2,888,"MORNINGTON PENINSULA","METROPOLITAN SOUTH EAST REGION",-38.19495525,145.1586416,"Wet","Clear"
"T20190011710","24/6/19",08:05:00,"Struck Pedestrian","Monday","Day",1,2,"Not at intersection",2,888,"MORNINGTON PENINSULA","METROPOLITAN SOUTH EAST REGION",-38.19495525,145.1586416,"Muddy","Clear"
"T20190011711","24/6/19",06:40:00,"Struck Pedestrian","Monday","Dark Street lights on",1,4,"Cross intersection",3,60,"KINGSTON","METROPOLITAN SOUTH EAST REGION",-38.03855681,145.1090296,"Dry","Clear"
"T20190011714","24/6/19",11:00:00,"Collision with a fixed object","Monday","Day",1,3,"Not at intersection",2,999,"KINGSTON","METROPOLITAN SOUTH EAST REGION",-37.96603625,145.0555783,"Dry","Clear"
"T20190011716","24/6/19",12:15:00,"Collision with vehicle","Monday","Day",2,2,"Cross intersection",2,40,"MELBOURNE","METROPOLITAN NORTH WEST REGION",-37.80923867,144.9523651,"Dry","Clear"
"T20190011717","21/6/19",14:50:00,"Collision with vehicle","Friday","Day",2,3,"Not at intersection",3,60,"DANDENONG","METROPOLITAN SOUTH EAST REGION",-38.00586642,145.2060163,"Wet","Raining"
"T20190011718","24/6/19",11:00:00,"Collision with a fixed object","Monday","Day",1,1,"Not at intersection",2,100,"SHEPPARTON","NORTH EASTERN REGION",-36.33890972,145.7673214,"Dry","Clear"
"T20190011721","24/6/19",11:15:00,"Collision with vehicle","Monday","Day",2,2,"Cross intersection",3,60,"GOLDEN PLAINS","SOUTH WESTERN REGION",-37.64352927,143.685475,"Dry","Clear"
"T20190011723","24/6/19",15:03:00,"Collision with vehicle","Monday","Day",2,2,"Cross intersection",2,60,"YARRA RANGES","METROPOLITAN SOUTH EAST REGION",-37.78031795,145.428292,"Dry","Clear"
"T20190011724","24/6/19",14:58:00,"Collision with vehicle","Monday","Day",3,2,"Not at intersection",3,40,"MORELAND","METROPOLITAN NORTH WEST REGION",-37.7694897,144.9617072,"Dry","Clear"
"T20190011725","21/6/19",09:05:00,"Collision with vehicle","Friday","Day",3,4,"Not at intersection",2,80,"CASEY","METROPOLITAN SOUTH EAST REGION",-38.07910248,145.3345473,"Wet","Raining"
"T20190011729","24/6/19",15:15:00,"Struck Pedestrian","Monday","Day",1,2,"Not at intersection",2,80,"WHITTLESEA","METROPOLITAN NORTH WEST REGION",-37.62403638,145.096964,"Dry","Clear"
"T20190011732","16/5/19",07:09:00,"Collision with vehicle","Thursday","Day",2,3,"Not at intersection",3,999,"WHITTLESEA","METROPOLITAN NORTH WEST REGION",-37.68890995,144.9906867,"Dry","Clear"
"T20190011733","24/6/19",07:00:00,"Collision with vehicle","Monday","Dusk/Dawn",3,3,"Not at intersection",3,50,"MANNINGHAM","METROPOLITAN SOUTH EAST REGION",-37.75339003,145.1348954,"Dry","Clear"
"T20190011734","24/6/19",16:45:00,"Collision with vehicle","Monday","Day",2,2,"Cross intersection",3,50,"YARRA","METROPOLITAN NORTH WEST REGION",-37.78959967,144.9703579,"Dry","Clear"
"T20190011735","24/6/19",15:23:00,"Struck Pedestrian","Monday","Day",1,2,"Not at intersection",3,80,"DANDENONG","METROPOLITAN SOUTH EAST REGION",-37.99216214,145.1560851,"Dry","Clear"
"T20190011736","24/6/19",17:55:00,"Collision with vehicle","Monday","Dark Street lights on",2,2,"Cross intersection",2,60,"BOROONDARA","METROPOLITAN SOUTH EAST REGION",-37.81273597,145.0202591,"Dry","Clear"
"T20190011737","24/6/19",15:15:00,"Collision with vehicle","Monday","Day",2,2,"T intersection",3,60,"KINGSTON","METROPOLITAN SOUTH EAST REGION",-37.92733789,145.109183,"Dry","Clear"
"T20190011738","24/6/19",18:15:00,"Struck Pedestrian","Monday","Dark Street lights on",1,2,"Not at intersection",2,60,"HOBSONS BAY","METROPOLITAN NORTH WEST REGION",-37.85728018,144.8832518,"Dry","Clear"
"T20190011739","24/6/19",17:50:00,"Collision with vehicle","Monday","Dark No street lights",2,2,"Not at intersection",3,60,"KINGSTON","METROPOLITAN SOUTH EAST REGION",-37.9697178,145.0908587,"Dry","Clear"
"T20190011740","24/6/19",16:30:00,"Collision with vehicle","Monday","Day",2,3,"Cross intersection",3,60,"BOROONDARA","METROPOLITAN SOUTH EAST REGION",-37.80755279,145.0367503,"Dry","Clear"
"T20190011744","24/6/19",18:00:00,"Collision with vehicle","Monday","Dark Street lights on",5,5,"Not at intersection",3,100,"WHITEHORSE","METROPOLITAN SOUTH EAST REGION",-37.79724938,145.1303301,"Dry","Clear"
"T20190011745","24/6/19",08:15:00,"Struck Pedestrian","Monday","Unknown",1,2,"Not at intersection",3,50,"HORSHAM","WESTERN REGION",-36.72805899,142.2053013,"Dry","Clear"
"T20190011746","24/6/19",20:15:00,"Collision with vehicle","Monday","Dark No street lights",2,2,"Not at intersection",3,100,"MOORABOOL","WESTERN REGION",-37.7647655,144.0129517,"Dry","Clear"
"T20190011747","24/6/19",18:00:00,"Collision with vehicle","Monday","Dark Street lights on",2,2,"Cross intersection",3,60,"MILDURA","WESTERN REGION",-34.18384234,142.1540869,"Dry","Clear"
"T20190011757","15/6/19",13:00:00,"Collision with vehicle","Saturday","Day",2,2,"T intersection",3,60,"LATROBE","EASTERN REGION",-38.23121871,146.4319379,"Dry","Clear"
"T20190011758","25/6/19",02:17:00,"Collision with a fixed object","Tuesday","Dark Street lights on",1,2,"T intersection",2,60,"WHITEHORSE","METROPOLITAN SOUTH EAST REGION",-37.82717926,145.1081291,"Dry","Clear"
"T20190011759","24/6/19",20:40:00,"Collision with vehicle","Monday","Dark Street lights on",2,2,"Not at intersection",3,999,"CASEY","METROPOLITAN SOUTH EAST REGION",-38.11070014,145.2575069,"Dry","Clear"
"T20190011761","24/6/19",16:13:00,"Collision with vehicle","Monday","Day",2,4,"Cross intersection",3,100,"MACEDON RANGES","NORTHERN REGION",-37.27973261,144.7131389,"Dry","Clear"
"T20190011764","24/6/19",08:50:00,"Collision with vehicle","Monday","Day",2,2,"Not at intersection",2,80,"FRANKSTON","METROPOLITAN SOUTH EAST REGION",-38.10435784,145.2120214,"Wet","Fog"
"T20190011765","25/6/19",07:18:00,"Collision with vehicle","Tuesday","Day",3,3,"Not at intersection",2,100,"HUME","METROPOLITAN NORTH WEST REGION",-37.69203005,144.9521536,"Dry","Clear"
"T20190011767","25/6/19",08:25:00,"Collision with vehicle","Tuesday","Day",2,2,"Not at intersection",3,60,"GLEN EIRA","METROPOLITAN SOUTH EAST REGION",-37.88209014,145.0229011,"Dry","Clear"
"T20190011776","25/6/19",10:30:00,"Collision with vehicle","Tuesday","Day",2,2,"Multiple intersection",3,80,"KNOX","METROPOLITAN SOUTH EAST REGION",-37.92540717,145.2124257,"Dry","Clear"
"T20190011778","25/6/19",09:10:00,"Collision with vehicle","Tuesday","Day",2,2,"Cross intersection",3,40,"YARRA","METROPOLITAN NORTH WEST REGION",-37.79197659,144.9903363,"Dry","Clear"
"T20190011779","25/5/19",19:00:00,"Collision with vehicle","Saturday","Dark Street lights on",2,6,"T intersection",3,60,"MANNINGHAM","METROPOLITAN SOUTH EAST REGION",-37.77153577,145.1994746,"Dry","Clear"
"T20190011780","25/6/19",11:04:00,"Collision with vehicle","Tuesday","Day",2,3,"T intersection",2,70,"BANYULE","METROPOLITAN NORTH WEST REGION",-37.74139558,145.0405319,"Dry","Clear"
"T20190011784","25/6/19",13:07:00,"Struck Pedestrian","Tuesday","Day",1,2,"Not at intersection",3,60,"GEELONG","SOUTH WESTERN REGION",-38.06692427,144.3607202,"Dry","Clear"
"T20190011788","24/6/19",17:30:00,"No collision and no object struck","Monday","Dusk/Dawn",1,1,"Not at intersection",2,80,"CASEY","METROPOLITAN SOUTH EAST REGION",-38.06278749,145.3670938,"Dry","Not known"
"T20190011790","25/6/19",10:20:00,"Collision with vehicle","Tuesday","Day",3,3,"T intersection",2,60,"MORELAND","METROPOLITAN NORTH WEST REGION",-37.73567869,144.9801681,"Dry","Clear"
"T20190011791","25/6/19",09:17:00,"Collision with vehicle","Tuesday","Day",3,5,"Not at intersection",2,70,"MORELAND","METROPOLITAN NORTH WEST REGION",-37.69509319,144.9591575,"Dry","Clear"
"T20190011792","25/6/19",11:18:00,"Collision with vehicle","Tuesday","Day",3,4,"Not at intersection",2,80,"MORNINGTON PENINSULA","METROPOLITAN SOUTH EAST REGION",-38.21259862,145.0667131,"Dry","Clear"
"T20190011795","14/6/19",19:00:00,"Vehicle overturned (no collision)","Friday","Dark Street lights on",1,1,"Not at intersection",3,60,"STONNINGTON","METROPOLITAN SOUTH EAST REGION",-37.8529708,145.0401878,"Wet","Raining"
"T20190011797","25/6/19",10:00:00,"Collision with vehicle","Tuesday","Day",2,2,"Cross intersection",2,40,"HOBSONS BAY","METROPOLITAN NORTH WEST REGION",-37.83881069,144.850071,"Dry","Clear"
"T20190011799","24/6/19",17:30:00,"Collision with vehicle","Monday","Dusk/Dawn",2,2,"T intersection",2,80,"MONASH","METROPOLITAN SOUTH EAST REGION",-37.91727011,145.1470981,"Dry","Clear"
"T20190011800","25/6/19",15:00:00,"Collision with vehicle","Tuesday","Day",5,7,"Cross intersection",2,60,"DANDENONG","METROPOLITAN SOUTH EAST REGION",-37.98862218,145.218049,"Dry","Clear"
"T20190011801","25/6/19",15:15:00,"Collision with a fixed object","Tuesday","Day",1,1,"Not at intersection",2,100,"PYRENEES","WESTERN REGION",-37.26716278,143.5223755,"Dry","Clear"
"T20190011804","25/6/19",16:02:00,"Collision with vehicle","Tuesday","Day",2,2,"Not at intersection",2,100,"BENDIGO","NORTHERN REGION",-36.84182812,144.6040757,"Dry","Clear"
"T20190011808","25/6/19",06:30:00,"Collision with vehicle","Tuesday","Dark Street lights unknown",2,2,"Not at intersection",3,60,"KINGSTON","METROPOLITAN SOUTH EAST REGION",-37.96828298,145.0740217,"Dry","Not known"
"T20190011809","25/6/19",16:20:00,"Struck Pedestrian","Tuesday","Day",1,2,"Not at intersection",3,60,"WHITEHORSE","METROPOLITAN SOUTH EAST REGION",-37.80286409,145.1593162,"Dry","Clear"
"T20190011813","25/6/19",17:10:00,"Collision with vehicle","Tuesday","Dusk/Dawn",4,4,"Not at intersection",2,100,"WYNDHAM","METROPOLITAN NORTH WEST REGION",-37.82128519,144.8101481,"Dry","Clear"
"T20190011815","20/6/19",18:00:00,"No collision and no object struck","Thursday","Dusk/Dawn",1,1,"Not at intersection",2,100,"HOBSONS BAY","METROPOLITAN NORTH WEST REGION",-37.83407796,144.8080242,"Wet","Not known"
"T20190011816","25/6/19",15:20:00,"Struck Pedestrian","Tuesday","Day",1,2,"Not at intersection",3,60,"KINGSTON","METROPOLITAN SOUTH EAST REGION",-38.02123265,145.0984191,"Dry","Clear"
"T20190011817","25/6/19",19:38:00,"Collision with a fixed object","Tuesday","Dark No street lights",1,1,"Not at intersection",3,80,"CASEY","METROPOLITAN SOUTH EAST REGION",-38.07853618,145.2740263,"Dry","Clear"
"T20190011819","21/6/19",17:56:00,"Collision with vehicle","Friday","Dark Street lights on",2,2,"Not at intersection",3,100,"MONASH","METROPOLITAN SOUTH EAST REGION",-37.92440623,145.1789735,"Wet","Clear"
"T20190011820","25/6/19",19:20:00,"Collision with vehicle","Tuesday","Dark Street lights on",2,2,"Cross intersection",2,60,"BANYULE","METROPOLITAN NORTH WEST REGION",-37.68677281,145.1429409,"Dry","Clear"
"T20190011821","25/6/19",19:30:00,"Collision with vehicle","Tuesday","Dark Street lights on",2,3,"Cross intersection",2,60,"MELBOURNE","METROPOLITAN NORTH WEST REGION",-37.78782877,144.9405067,"Dry","Clear"
"T20190011822","25/6/19",22:10:00,"Collision with vehicle","Tuesday","Dark Street lights on",2,3,"Cross intersection",2,80,"KINGSTON","METROPOLITAN SOUTH EAST REGION",-37.95743485,145.0519221,"Dry","Clear"
"T20190011823","25/6/19",18:10:00,"Collision with vehicle","Tuesday","Dark Street lights on",2,3,"Not at intersection",2,80,"MORELAND","METROPOLITAN NORTH WEST REGION",-37.75104734,144.9349521,"Dry","Clear"
"T20190011828","25/6/19",21:25:00,"Collision with vehicle","Tuesday","Dark Street lights on",4,4,"Not at intersection",3,60,"WYNDHAM","METROPOLITAN NORTH WEST REGION",-37.86265891,144.6833981,"Dry","Clear"
"T20190011829","25/6/19",23:45:00,"Struck Pedestrian","Tuesday","Dark Street lights on",1,2,"Cross intersection",3,50,"MORELAND","METROPOLITAN NORTH WEST REGION",-37.77266124,144.9715002,"Dry","Clear"
"T20190011830","25/6/19",09:28:00,"Collision with vehicle","Tuesday","Day",3,2,"Not at intersection",2,50,"MORELAND","METROPOLITAN NORTH WEST REGION",-37.74598778,144.9748931,"Dry","Clear"
"T20190011831","11/6/19",09:30:00,"Collision with vehicle","Tuesday","Day",2,2,"Cross intersection",2,80,"FRANKSTON","METROPOLITAN SOUTH EAST REGION",-38.15068384,145.1949386,"Dry","Clear"
"T20190011832","18/5/19",00:15:00,"No collision and no object struck","Saturday","Dark Street lights on",1,1,"Cross intersection",2,60,"PORT PHILLIP","METROPOLITAN NORTH WEST REGION",-37.86716933,144.981225,"Dry","Clear"
"T20190011833","26/6/19",07:00:00,"Struck Pedestrian","Wednesday","Dusk/Dawn",1,2,"Cross intersection",3,60,"WYNDHAM","METROPOLITAN NORTH WEST REGION",-37.9031073,144.6607292,"Dry","Clear"
"T20190011835","26/6/19",06:23:00,"Collision with vehicle","Wednesday","Dark Street lights on",2,2,"Not at intersection",3,60,"BAW BAW","EASTERN REGION",-38.12703985,145.8467206,"Dry","Clear"
"T20190011838","26/6/19",08:26:00,"Collision with vehicle","Wednesday","Day",2,2,"Cross intersection",3,50,"BOROONDARA","METROPOLITAN SOUTH EAST REGION",-37.8093366,145.0195449,"Dry","Clear"
"T20190011839","26/6/19",09:05:00,"Collision with vehicle","Wednesday","Day",2,2,"Cross intersection",2,60,"MELBOURNE","METROPOLITAN NORTH WEST REGION",-37.79599929,144.9504471,"Dry","Smoke"
"T20190011840","26/6/19",09:00:00,"Collision with vehicle","Wednesday","Day",2,2,"Not at intersection",3,70,"BAYSIDE","METROPOLITAN SOUTH EAST REGION",-37.93296378,145.0333295,"Dry","Clear"
"T20190011844","26/6/19",08:30:00,"Collision with a fixed object","Wednesday","Day",1,1,"Not at intersection",3,80,"ALPINE","NORTH EASTERN REGION",-36.7289517,147.0619113,"Icy","Clear"
"T20190011846","22/6/19",13:35:00,"Collision with vehicle","Saturday","Unknown",2,3,"T intersection",2,999,"SURF COAST","SOUTH WESTERN REGION",-38.32592405,144.3168538,"Unknown","Not known"
"T20190011847","26/6/19",11:15:00,"Collision with vehicle","Wednesday","Day",2,2,"Cross intersection",3,50,"BALLARAT","WESTERN REGION",-37.58393319,143.8324196,"Dry","Clear"
"T20190011849","26/6/19",11:10:00,"Collision with vehicle","Wednesday","Day",3,3,"Not at intersection",2,50,"MACEDON RANGES","NORTHERN REGION",-37.4639667,144.6752874,"Dry","Clear"