"ACCIDENT_NO","ACCIDENTDATE","ACCIDENTTIME","Accident Type Desc","Day Week Description","Light Condition Desc","NO_OF_VEHICLES","NO_PERSONS","Road Geometry Desc","SEVERITY","SPEED_ZONE","LGA_NAME","REGION_NAME","Lat","Long","Surface Cond Desc","Atmosph Cond Desc"
"T20190011852","22/6/19",14:30:00,"Collision with vehicle","Saturday","Day",2,2,"T intersection",2,60,"MORNINGTON PENINSULA","METROPOLITAN SOUTH EAST REGION",-38.24328368,145.0299419,"Wet","Clear"
"T20190011853","26/6/19",10:30:00,"Collision with vehicle","Wednesday","Day",2,3,"T intersection",2,60,"DAREBIN","METROPOLITAN NORTH WEST REGION",-37.71673448,145.0077416,"Dry","Clear"
"T20190011854","26/6/19",12:45:00,"Collision with vehicle","Wednesday","Day",2,3,"Not at intersection",3,80,"CASEY","METROPOLITAN SOUTH EAST REGION",-38.00376337,145.2537969,"Dry","Clear"
"T20190011857","23/5/19",17:15:00,"Collision with vehicle","Thursday","Dusk/Dawn",3,3,"T intersection",3,50,"GEELONG","SOUTH WESTERN REGION",-38.15305169,144.3721079,"Dry","Clear"
"T20190011858","26/6/19",08:35:00,"Collision with vehicle","Wednesday","Day",2,3,"Multiple intersection",3,50,"BALLARAT","WESTERN REGION",-37.55566236,143.8589403,"Dry","Clear"
"T20190011859","22/6/19",13:40:00,"Collision with vehicle","Saturday","Day",2,3,"T intersection",2,50,"SURF COAST","SOUTH WESTERN REGION",-38.32577434,144.3155893,"Dry","Clear"
"T20190011861","29/4/19",08:50:00,"Struck Pedestrian","Monday","Day",1,2,"T intersection",3,50,"BALLARAT","WESTERN REGION",-37.56117434,143.8369737,"Wet","Clear"
"T20190011862","26/6/19",07:40:00,"Collision with a fixed object","Wednesday","Day",1,1,"Not at intersection",3,100,"MURRINDINDI","NORTH EASTERN REGION",-37.15041525,145.5983647,"Icy","Fog"
"T20190011864","26/6/19",12:42:00,"Collision with vehicle","Wednesday","Day",2,2,"Cross intersection",2,60,"GEELONG","SOUTH WESTERN REGION",-38.09880077,144.3548608,"Dry","Clear"
"T20190011865","26/6/19",15:15:00,"Struck Pedestrian","Wednesday","Day",1,2,"T intersection",2,30,"BENDIGO","NORTHERN REGION",-36.77161842,144.3042495,"Dry","Clear"
"T20190011866","26/6/19",09:20:00,"Collision with vehicle","Wednesday","Day",2,2,"Cross intersection",3,60,"MARIBYRNONG","METROPOLITAN NORTH WEST REGION",-37.78153709,144.8878443,"Dry","Clear"
"T20190011868","26/6/19",11:50:00,"Collision with vehicle","Wednesday","Day",3,1,"Not at intersection",3,50,"MANNINGHAM","METROPOLITAN SOUTH EAST REGION",-37.78763011,145.1594609,"Dry","Clear"
"T20190011869","24/6/19",20:30:00,"Collision with vehicle","Monday","Unknown",2,3,"T intersection",3,40,"PORT PHILLIP","METROPOLITAN NORTH WEST REGION",-37.83159415,144.9697779,"Unknown","Not known"
"T20190011871","20/6/19",15:25:00,"Collision with vehicle","Thursday","Day",3,3,"Cross intersection",3,80,"DANDENONG","METROPOLITAN SOUTH EAST REGION",-37.93140155,145.1418311,"Dry","Clear"
"T20190011875","26/6/19",14:30:00,"Struck Pedestrian","Wednesday","Day",1,2,"Cross intersection",2,60,"DAREBIN","METROPOLITAN NORTH WEST REGION",-37.74100627,145.0308542,"Dry","Clear"
"T20190011877","26/6/19",16:00:00,"Struck Pedestrian","Wednesday","Day",1,2,"T intersection",3,60,"KINGSTON","METROPOLITAN SOUTH EAST REGION",-37.93014016,145.1318547,"Dry","Clear"
"T20190011879","26/6/19",17:00:00,"Collision with vehicle","Wednesday","Dusk/Dawn",2,2,"Cross intersection",3,60,"FRANKSTON","METROPOLITAN SOUTH EAST REGION",-38.16135623,145.1290319,"Dry","Clear"
"T20190011882","26/6/19",16:00:00,"Collision with vehicle","Wednesday","Day",3,1,"T intersection",3,50,"BAYSIDE","METROPOLITAN SOUTH EAST REGION",-37.9149625,145.0037433,"Dry","Clear"
"T20190011884","26/6/19",17:28:00,"Collision with vehicle","Wednesday","Dusk/Dawn",2,3,"T intersection",2,70,"CAMPASPE","NORTHERN REGION",-36.14045471,144.733873,"Dry","Clear"
"T20190011885","26/6/19",14:00:00,"Collision with vehicle","Wednesday","Day",2,2,"T intersection",2,60,"GEELONG","SOUTH WESTERN REGION",-38.17499154,144.3390838,"Dry","Clear"
"T20190011887","26/6/19",16:42:00,"Collision with a fixed object","Wednesday","Day",1,1,"Not at intersection",2,50,"KNOX","METROPOLITAN SOUTH EAST REGION",-37.84448469,145.2712317,"Dry","Clear"
"T20190011889","26/6/19",18:05:00,"Collision with vehicle","Wednesday","Dark Street lights on",3,4,"Not at intersection",2,80,"HUME","METROPOLITAN NORTH WEST REGION",-37.69619815,144.8866066,"Dry","Clear"
"T20190011890","26/6/19",16:35:00,"Vehicle overturned (no collision)","Wednesday","Dusk/Dawn",1,1,"Y intersection",3,999,"YARRA RANGES","METROPOLITAN SOUTH EAST REGION",-37.86181734,145.4148053,"Dry","Not known"
"T20190011893","26/6/19",18:08:00,"Collision with vehicle","Wednesday","Dark Street lights on",2,2,"Not at intersection",3,80,"DANDENONG","METROPOLITAN SOUTH EAST REGION",-38.00075957,145.1865898,"Dry","Clear"
"T20190011894","26/6/19",17:00:00,"Struck Pedestrian","Wednesday","Dusk/Dawn",1,2,"Not at intersection",2,60,"MANNINGHAM","METROPOLITAN SOUTH EAST REGION",-37.75978761,145.0840138,"Dry","Clear"
"T20190011898","26/6/19",18:15:00,"Collision with vehicle","Wednesday","Dark Street lights on",2,2,"Cross intersection",3,60,"KINGSTON","METROPOLITAN SOUTH EAST REGION",-38.04734938,145.1140734,"Dry","Clear"
"T20190011899","26/6/19",16:20:00,"Collision with vehicle","Wednesday","Day",2,3,"Not at intersection",1,100,"MORNINGTON PENINSULA","METROPOLITAN SOUTH EAST REGION",-38.47318763,144.9993861,"Wet","Clear"
"T20190011900","26/6/19",18:30:00,"Collision with vehicle","Wednesday","Dark Street lights on",2,3,"Cross intersection",3,60,"GEELONG","SOUTH WESTERN REGION",-38.13209812,144.3499273,"Dry","Clear"
"T20190011902","26/6/19",19:47:00,"Struck Pedestrian","Wednesday","Dark No street lights",1,3,"Not at intersection",2,100,"BULOKE","NORTHERN REGION",-36.36629008,142.992848,"Dry","Clear"
"T20190011904","26/6/19",17:34:00,"Fall from or in moving vehicle","Wednesday","Dusk/Dawn",1,1,"Cross intersection",3,50,"DAREBIN","METROPOLITAN NORTH WEST REGION",-37.70838998,145.0035005,"Dry","Clear"
"T20190011907","26/6/19",22:33:00,"Collision with vehicle","Wednesday","Dark Street lights on",2,2,"Cross intersection",3,999,"HUME","METROPOLITAN NORTH WEST REGION",-37.69155791,144.8824378,"Dry","Not known"
"T20190011908","26/6/19",10:50:00,"Collision with vehicle","Wednesday","Day",2,4,"Cross intersection",2,60,"MANNINGHAM","METROPOLITAN SOUTH EAST REGION",-37.78739704,145.1251107,"Dry","Clear"
"T20190011912","27/6/19",03:00:00,"Collision with a fixed object","Thursday","Dark Street lights on",1,1,"Not at intersection",2,80,"MONASH","METROPOLITAN SOUTH EAST REGION",-37.9016381,145.1072379,"Dry","Clear"
"T20190011914","26/6/19",08:00:00,"No collision and no object struck","Wednesday","Day",1,1,"T intersection",1,999,"WYNDHAM","METROPOLITAN NORTH WEST REGION",-37.87047783,144.7285294,"Dry","Clear"
"T20190011915","17/6/19",19:15:00,"Collision with vehicle","Monday","Dark Street lights on",2,2,"Not at intersection",3,40,"MELBOURNE","METROPOLITAN NORTH WEST REGION",-37.8094445,144.9693393,"Unknown","Not known"
"T20190011917","27/6/19",07:10:00,"No collision and no object struck","Thursday","Day",2,2,"T intersection",2,60,"PORT PHILLIP","METROPOLITAN NORTH WEST REGION",-37.86450405,144.9849042,"Dry","Clear"
"T20190011918","27/6/19",07:36:00,"Struck Pedestrian","Thursday","Day",1,3,"Cross intersection",2,60,"WHITEHORSE","METROPOLITAN SOUTH EAST REGION",-37.81103781,145.1577019,"Dry","Clear"
"T20190011923","27/6/19",09:00:00,"Struck Pedestrian","Thursday","Day",1,2,"T intersection",3,999,"DANDENONG","METROPOLITAN SOUTH EAST REGION",-37.9703388,145.217405,"Dry","Clear"
"T20190011924","10/6/19",12:30:00,"Other accident","Monday","Unknown",1,1,"Not at intersection",3,999,"BENDIGO","NORTHERN REGION",-36.8241884,144.2502869,"Unknown","Clear"
"T20190011925","27/6/19",09:35:00,"Collision with vehicle","Thursday","Day",2,2,"T intersection",3,50,"WHITEHORSE","METROPOLITAN SOUTH EAST REGION",-37.85539646,145.190588,"Dry","Clear"
"T20190011926","27/6/19",08:40:00,"Struck Pedestrian","Thursday","Day",1,2,"Cross intersection",2,50,"BENDIGO","NORTHERN REGION",-36.76088544,144.2754631,"Dry","Clear"
"T20190011931","27/6/19",07:08:00,"Collision with vehicle","Thursday","Day",2,2,"T intersection",2,100,"BASS COAST","EASTERN REGION",-38.57436223,145.7081485,"Dry","Clear"
"T20190011934","27/6/19",09:00:00,"Collision with vehicle","Thursday","Day",2,4,"T intersection",3,80,"BASS COAST","EASTERN REGION",-38.5196764,145.3408273,"Dry","Clear"
"T20190011936","14/6/19",08:00:00,"Struck animal","Friday","Unknown",1,1,"Not at intersection",3,100,"BENDIGO","NORTHERN REGION",-36.68669917,144.2257166,"Unknown","Not known"
"T20190011937","27/6/19",09:48:00,"Collision with vehicle","Thursday","Day",2,3,"Cross intersection",2,40,"MORELAND","METROPOLITAN NORTH WEST REGION",-37.69702499,144.927745,"Dry","Clear"
"T20190011938","21/6/19",15:30:00,"Struck Pedestrian","Friday","Unknown",1,2,"Not at intersection",3,40,"HUME","METROPOLITAN NORTH WEST REGION",-37.68139294,144.917507,"Unknown","Not known"
"T20190011939","26/6/19",12:45:00,"Collision with vehicle","Wednesday","Day",2,2,"Cross intersection",2,60,"WANGARATTA","NORTH EASTERN REGION",-36.35045549,146.3107527,"Dry","Clear"
"T20190011940","27/6/19",09:30:00,"Collision with a fixed object","Thursday","Day",1,1,"Not at intersection",3,50,"MELBOURNE","METROPOLITAN NORTH WEST REGION",-37.80172809,144.9167903,"Dry","Clear"
"T20190011943","11/5/19",15:00:00,"Collision with vehicle","Saturday","Day",2,2,"Not at intersection",3,60,"HOBSONS BAY","METROPOLITAN NORTH WEST REGION",-37.87462934,144.8120333,"Dry","Clear"
"T20190011946","27/6/19",08:45:00,"Collision with a fixed object","Thursday","Day",1,1,"Not at intersection",3,100,"EAST GIPPSLAND","EASTERN REGION",-37.72137937,148.4386697,"Icy","Clear"
"T20190011947","27/6/19",10:49:00,"Collision with vehicle","Thursday","Day",3,4,"Not at intersection",3,80,"MAROONDAH","METROPOLITAN SOUTH EAST REGION",-37.81071839,145.23103,"Dry","Clear"
"T20190011951","27/6/19",09:57:00,"Collision with vehicle","Thursday","Day",2,2,"Not at intersection",3,60,"EAST GIPPSLAND","EASTERN REGION",-37.83066377,147.6404247,"Dry","Clear"
"T20190011955","27/6/19",12:30:00,"Collision with vehicle","Thursday","Day",2,5,"T intersection",3,100,"WELLINGTON","EASTERN REGION",-38.02710031,147.0133565,"Dry","Clear"
"T20190011957","27/6/19",15:30:00,"Collision with vehicle","Thursday","Day",2,2,"T intersection",3,80,"KNOX","METROPOLITAN SOUTH EAST REGION",-37.8484785,145.2301355,"Dry","Clear"
"T20190011959","27/6/19",16:00:00,"Collision with vehicle","Thursday","Day",2,2,"Multiple intersection",3,80,"MOORABOOL","WESTERN REGION",-37.6359152,144.3583017,"Dry","Not known"
"T20190011961","27/6/19",14:30:00,"Collision with a fixed object","Thursday","Day",1,2,"Not at intersection",3,80,"YARRA RANGES","METROPOLITAN SOUTH EAST REGION",-37.5620634,145.9034639,"Wet","Clear"
"T20190011962","27/6/19",17:40:00,"Collision with vehicle","Thursday","Dark Street lights on",2,2,"Cross intersection",3,80,"KNOX","METROPOLITAN SOUTH EAST REGION",-37.84802904,145.2287508,"Dry","Clear"
"T20190011963","27/6/19",16:39:00,"Collision with vehicle","Thursday","Dusk/Dawn",3,4,"Not at intersection",3,100,"DANDENONG","METROPOLITAN SOUTH EAST REGION",-37.95246381,145.2151247,"Dry","Clear"
"T20190011964","21/6/19",20:00:00,"Collision with vehicle","Friday","Dark Street lights on",2,2,"T intersection",2,70,"MORELAND","METROPOLITAN NORTH WEST REGION",-37.71074953,144.9616992,"Dry","Clear"
"T20190011965","27/6/19",14:55:00,"Struck Pedestrian","Thursday","Day",1,2,"Cross intersection",1,60,"CENTRAL GOLDFIELDS","WESTERN REGION",-37.04790768,143.7348733,"Dry","Clear"
"T20190011966","14/4/19",16:00:00,"Collision with a fixed object","Sunday","Unknown",1,1,"Not at intersection",2,999,"MOORABOOL","WESTERN REGION",-37.66752163,144.3388338,"Unknown","Not known"
"T20190011968","27/6/19",19:45:00,"Collision with vehicle","Thursday","Dark Street lights on",3,4,"Not at intersection",2,50,"MELBOURNE","METROPOLITAN NORTH WEST REGION",-37.80782848,144.9615814,"Dry","Clear"
"T20190011969","27/6/19",19:50:00,"Collision with vehicle","Thursday","Dark Street lights on",2,3,"Cross intersection",3,60,"BAYSIDE","METROPOLITAN SOUTH EAST REGION",-37.94859399,145.0406084,"Dry","Clear"
"T20190011971","27/6/19",17:20:00,"Collision with vehicle","Thursday","Day",2,2,"Not at intersection",3,60,"NILLUMBIK","METROPOLITAN NORTH WEST REGION",-37.66958628,145.1900758,"Dry","Clear"
"T20190011972","31/5/19",15:00:00,"Collision with vehicle","Friday","Day",2,4,"Not at intersection",2,60,"MORELAND","METROPOLITAN NORTH WEST REGION",-37.74183834,144.9708286,"Dry","Clear"
"T20190011974","27/6/19",19:00:00,"Collision with vehicle","Thursday","Dark Street lights on",2,2,"Cross intersection",3,50,"BANYULE","METROPOLITAN NORTH WEST REGION",-37.7428426,145.0617325,"Dry","Clear"
"T20190011976","27/6/19",16:08:00,"Collision with a fixed object","Thursday","Day",1,2,"Not at intersection",3,50,"MITCHELL","NORTHERN REGION",-37.39669822,144.9766634,"Dry","Clear"
"T20190011977","27/6/19",17:30:00,"Collision with vehicle","Thursday","Dark Street lights on",3,2,"Cross intersection",3,50,"DAREBIN","METROPOLITAN NORTH WEST REGION",-37.75850112,145.0133043,"Dry","Clear"
"T20190011980","27/6/19",18:00:00,"Struck Pedestrian","Thursday","Day",1,2,"Cross intersection",3,60,"DAREBIN","METROPOLITAN NORTH WEST REGION",-37.74100627,145.0308542,"Dry","Clear"
"T20190011981","27/6/19",23:20:00,"Collision with vehicle","Thursday","Dark Street lights on",2,2,"Cross intersection",2,60,"BOROONDARA","METROPOLITAN SOUTH EAST REGION",-37.8353036,145.055954,"Dry","Clear"
"T20190011983","27/6/19",23:00:00,"Collision with a fixed object","Thursday","Dark No street lights",1,1,"Not at intersection",2,100,"SOUTH GIPPSLAND","EASTERN REGION",-38.57721738,146.0369483,"Dry","Clear"
"T20190011984","27/6/19",23:52:00,"Vehicle overturned (no collision)","Thursday","Dark No street lights",1,2,"Not at intersection",3,100,"ALPINE","NORTH EASTERN REGION",-36.60994129,146.6825857,"Dry","Clear"
"T20190011986","28/6/19",07:30:00,"No collision and no object struck","Friday","Day",1,1,"Cross intersection",3,999,"MELBOURNE","METROPOLITAN NORTH WEST REGION",-37.8081631,144.951686,"Dry","Clear"
"T20190011987","28/6/19",04:55:00,"Collision with vehicle","Friday","Dark No street lights",2,2,"Not at intersection",2,100,"HUME","METROPOLITAN NORTH WEST REGION",-37.65781107,144.7419512,"Dry","Clear"
"T20190011988","28/6/19",07:30:00,"Collision with vehicle","Friday","Day",2,2,"Cross intersection",3,80,"DANDENONG","METROPOLITAN SOUTH EAST REGION",-37.99292708,145.1629727,"Dry","Clear"
"T20190011989","26/6/19",14:05:00,"Struck Pedestrian","Wednesday","Day",1,2,"Not at intersection",2,80,"MORNINGTON PENINSULA","METROPOLITAN SOUTH EAST REGION",-38.22339964,145.0530065,"Dry","Clear"
"T20190011990","26/6/19",15:30:00,"Collision with vehicle","Wednesday","Day",2,2,"Not at intersection",3,60,"FRANKSTON","METROPOLITAN SOUTH EAST REGION",-38.13604555,145.1288584,"Dry","Clear"
"T20190011991","25/6/19",06:27:00,"Collision with vehicle","Tuesday","Dusk/Dawn",4,4,"Not at intersection",3,60,"PORT PHILLIP","METROPOLITAN NORTH WEST REGION",-37.86120948,144.9843524,"Unknown","Not known"
"T20190011994","28/6/19",08:59:00,"Collision with vehicle","Friday","Day",2,2,"Not at intersection",3,50,"BANYULE","METROPOLITAN NORTH WEST REGION",-37.76489831,145.0694386,"Dry","Clear"
"T20190011998","28/6/19",09:55:00,"Collision with vehicle","Friday","Day",2,2,"Cross intersection",3,60,"SOUTHERN GRAMPIANS","SOUTH WESTERN REGION",-37.74329507,142.0287194,"Dry","Clear"
"T20190011999","28/6/19",09:43:00,"Collision with vehicle","Friday","Day",2,2,"T intersection",2,60,"DANDENONG","METROPOLITAN SOUTH EAST REGION",-38.03249185,145.2186192,"Dry","Clear"
"T20190012000","28/6/19",11:20:00,"Collision with vehicle","Friday","Day",2,2,"Cross intersection",2,100,"STRATHBOGIE","NORTH EASTERN REGION",-36.8174384,145.1423947,"Dry","Clear"
"T20190012001","28/6/19",06:40:00,"No collision and no object struck","Friday","Dark Street lights on",1,1,"Not at intersection",2,60,"BAYSIDE","METROPOLITAN SOUTH EAST REGION",-37.91775302,144.9875163,"Dry","Clear"
"T20190012002","28/6/19",12:48:00,"Collision with vehicle","Friday","Day",2,2,"Private property",3,888,"COLAC OTWAY","SOUTH WESTERN REGION",-38.3428706,143.5781248,"Dry","Clear"
"T20190012003","28/6/19",09:45:00,"Collision with vehicle","Friday","Day",2,2,"Cross intersection",3,60,"CASEY","METROPOLITAN SOUTH EAST REGION",-38.04764837,145.2647272,"Dry","Clear"
"T20190012004","28/6/19",12:45:00,"Collision with a fixed object","Friday","Day",1,1,"Not at intersection",3,110,"MITCHELL","NORTHERN REGION",-37.335387,145.0277064,"Dry","Clear"
"T20190012005","28/6/19",11:50:00,"Collision with a fixed object","Friday","Day",1,1,"Cross intersection",3,60,"BOROONDARA","METROPOLITAN SOUTH EAST REGION",-37.80382925,145.0970668,"Dry","Clear"
"T20190012006","28/6/19",13:30:00,"Collision with vehicle","Friday","Day",2,2,"Cross intersection",3,999,"MELBOURNE","METROPOLITAN NORTH WEST REGION",-37.78940375,144.9421661,"Dry","Clear"
"T20190012008","28/6/19",12:30:00,"Collision with vehicle","Friday","Day",4,4,"Not at intersection",3,80,"YARRA","METROPOLITAN NORTH WEST REGION",-37.83024369,144.9891832,"Dry","Clear"
"T20190012012","28/6/19",13:45:00,"Collision with vehicle","Friday","Day",2,5,"Cross intersection",2,40,"GEELONG","SOUTH WESTERN REGION",-38.14861116,144.3573052,"Dry","Clear"
"T20190012014","25/6/19",06:15:00,"Collision with vehicle","Tuesday","Dark No street lights",2,1,"Not at intersection",2,999,"WYNDHAM","METROPOLITAN NORTH WEST REGION",-37.83801975,144.7866737,"Dry","Clear"
"T20190012020","28/6/19",16:00:00,"Collision with vehicle","Friday","Day",4,4,"Not at intersection",2,70,"GEELONG","SOUTH WESTERN REGION",-38.11162109,144.3538049,"Dry","Clear"
"T20190012021","28/6/19",16:20:00,"No collision and no object struck","Friday","Day",1,1,"Not at intersection",2,80,"BRIMBANK","METROPOLITAN NORTH WEST REGION",-37.68807379,144.785967,"Dry","Clear"
"T20190012023","28/6/19",16:05:00,"Collision with vehicle","Friday","Day",2,2,"T intersection",3,60,"WHITEHORSE","METROPOLITAN SOUTH EAST REGION",-37.83797233,145.1105904,"Dry","Clear"
"T20190012025","28/6/19",12:00:00,"Struck Pedestrian","Friday","Day",1,2,"Cross intersection",1,50,"MELBOURNE","METROPOLITAN NORTH WEST REGION",-37.80589205,144.9561105,"Dry","Clear"
"T20190012026","28/6/19",08:30:00,"No collision and no object struck","Friday","Day",2,2,"Not at intersection",3,60,"HEPBURN","WESTERN REGION",-37.26639754,144.1526728,"Wet","Clear"
"T20190012028","28/6/19",01:45:00,"Fall from or in moving vehicle","Friday","Dark Street lights on",1,5,"Not at intersection",2,50,"STONNINGTON","METROPOLITAN SOUTH EAST REGION",-37.8548404,144.9928033,"Dry","Not known"
"T20190012029","27/6/19",08:15:00,"Struck Pedestrian","Thursday","Day",1,2,"Not at intersection",2,60,"MACEDON RANGES","NORTHERN REGION",-37.24348046,144.4543139,"Dry","Clear"
"T20190012030","28/6/19",16:45:00,"Struck Pedestrian","Friday","Day",1,2,"Not at intersection",3,60,"DAREBIN","METROPOLITAN NORTH WEST REGION",-37.74450269,144.9970575,"Dry","Clear"
"T20190012032","28/6/19",17:47:00,"Collision with vehicle","Friday","Dark Street lights on",3,5,"Cross intersection",2,60,"STONNINGTON","METROPOLITAN SOUTH EAST REGION",-37.86007437,145.0570723,"Dry","Clear"
"T20190012033","27/6/19",19:59:00,"Collision with vehicle","Thursday","Dark Street lights on",2,2,"Not at intersection",3,40,"PORT PHILLIP","METROPOLITAN NORTH WEST REGION",-37.86575958,144.98148,"Dry","Clear"
"T20190012034","28/6/19",17:15:00,"Collision with vehicle","Friday","Day",3,3,"Not at intersection",3,60,"GEELONG","SOUTH WESTERN REGION",-38.22438014,144.3706195,"Dry","Clear"
"T20190012035","30/4/19",16:00:00,"Collision with vehicle","Tuesday","Day",2,2,"Not at intersection",3,999,"KINGSTON","METROPOLITAN SOUTH EAST REGION",-37.93257938,145.0994984,"Dry","Clear"
"T20190012036","28/6/19",14:30:00,"Struck Pedestrian","Friday","Day",1,2,"Not at intersection",3,60,"WHITEHORSE","METROPOLITAN SOUTH EAST REGION",-37.81097339,145.1571341,"Dry","Clear"
"T20190012038","28/6/19",19:15:00,"Struck animal","Friday","Dark No street lights",1,2,"Not at intersection",3,100,"MITCHELL","NORTHERN REGION",-37.29097579,144.906059,"Wet","Raining"
"T20190012043","28/6/19",19:20:00,"Collision with vehicle","Friday","Dark Street lights on",2,2,"T intersection",3,60,"BRIMBANK","METROPOLITAN NORTH WEST REGION",-37.72874184,144.8077389,"Dry","Clear"
"T20190012044","28/6/19",15:45:00,"Collision with vehicle","Friday","Day",2,2,"Y intersection",3,80,"KNOX","METROPOLITAN SOUTH EAST REGION",-37.92502584,145.2854358,"Dry","Clear"
"T20190012047","28/6/19",22:12:00,"Collision with vehicle","Friday","Dark Street lights off",2,3,"Not at intersection",3,60,"BOROONDARA","METROPOLITAN SOUTH EAST REGION",-37.79521058,145.0310449,"Dry","Clear"
"T20190012048","28/6/19",14:50:00,"Collision with vehicle","Friday","Day",2,5,"Cross intersection",2,50,"MONASH","METROPOLITAN SOUTH EAST REGION",-37.93499046,145.1716142,"Dry","Clear"
"T20190012049","28/6/19",21:30:00,"Collision with vehicle","Friday","Dark Street lights on",2,2,"Not at intersection",3,50,"WHITEHORSE","METROPOLITAN SOUTH EAST REGION",-37.82941602,145.1627577,"Wet","Clear"
"T20190012051","28/6/19",17:09:00,"Collision with vehicle","Friday","Dark No street lights",2,1,"Cross intersection",3,80,"GEELONG","SOUTH WESTERN REGION",-38.22332768,144.3701707,"Dry","Clear"
"T20190012055","29/6/19",01:41:00,"Collision with a fixed object","Saturday","Dark Street lights on",1,2,"Not at intersection",2,80,"MONASH","METROPOLITAN SOUTH EAST REGION",-37.90859201,145.1176036,"Dry","Clear"
"T20190012056","28/6/19",23:35:00,"Collision with vehicle","Friday","Dark Street lights on",3,4,"Not at intersection",2,60,"HUME","METROPOLITAN NORTH WEST REGION",-37.60637543,144.9113583,"Dry","Clear"
"T20190012057","29/6/19",03:00:00,"Collision with a fixed object","Saturday","Dark Street lights on",1,1,"Not at intersection",2,60,"STRATHBOGIE","NORTH EASTERN REGION",-36.75676198,145.5695138,"Wet","Raining"
"T20190012059","29/6/19",06:28:00,"Collision with vehicle","Saturday","Dark Street lights on",2,3,"T intersection",2,80,"DANDENONG","METROPOLITAN SOUTH EAST REGION",-38.00609862,145.2280207,"Wet","Raining"
"T20190012061","29/6/19",08:35:00,"Collision with vehicle","Saturday","Day",2,2,"Not at intersection",2,999,"HOBSONS BAY","METROPOLITAN NORTH WEST REGION",-37.8282035,144.8180439,"Wet","Clear"
"T20190012062","28/6/19",15:00:00,"Collision with vehicle","Friday","Day",2,2,"Not at intersection",3,100,"MONASH","METROPOLITAN SOUTH EAST REGION",-37.92089901,145.1747768,"Dry","Clear"
"T20190012063","29/6/19",06:35:00,"Collision with vehicle","Saturday","Dark No street lights",2,2,"Not at intersection",3,110,"MITCHELL","NORTHERN REGION",-37.00280777,145.1157067,"Wet","Raining"
"T20190012064","29/6/19",11:30:00,"Collision with vehicle","Saturday","Day",2,2,"Cross intersection",2,80,"MONASH","METROPOLITAN SOUTH EAST REGION",-37.9144568,145.1274039,"Dry","Clear"
"T20190012066","29/6/19",08:41:00,"Collision with vehicle","Saturday","Day",2,2,"Cross intersection",3,60,"WHITEHORSE","METROPOLITAN SOUTH EAST REGION",-37.85063231,145.0992205,"Dry","Clear"
"T20190012067","27/6/19",10:30:00,"Collision with vehicle","Thursday","Day",2,2,"Cross intersection",3,60,"MARIBYRNONG","METROPOLITAN NORTH WEST REGION",-37.79585318,144.9041365,"Dry","Clear"
"T20190012068","29/6/19",07:12:00,"Collision with vehicle","Saturday","Dusk/Dawn",2,3,"Cross intersection",3,60,"WHITEHORSE","METROPOLITAN SOUTH EAST REGION",-37.81682746,145.1150414,"Wet","Clear"
"T20190012071","29/6/19",11:30:00,"Collision with a fixed object","Saturday","Day",1,1,"Not at intersection",3,50,"BRIMBANK","METROPOLITAN NORTH WEST REGION",-37.79012093,144.8177479,"Wet","Raining"
"T20190012072","29/6/19",10:10:00,"Collision with vehicle","Saturday","Day",2,3,"T intersection",3,60,"CARDINIA","METROPOLITAN SOUTH EAST REGION",-38.08214713,145.488125,"Dry","Clear"
"T20190012073","21/6/19",16:45:00,"Collision with vehicle","Friday","Day",2,2,"Not at intersection",3,999,"YARRA","METROPOLITAN NORTH WEST REGION",-37.83333736,144.9966625,"Unknown","Not known"
"T20190012076","24/6/19",16:10:00,"Collision with vehicle","Monday","Day",2,4,"Cross intersection",2,40,"STONNINGTON","METROPOLITAN SOUTH EAST REGION",-37.85662045,145.029287,"Dry","Clear"
"T20190012080","26/6/19",08:30:00,"Struck Pedestrian","Wednesday","Day",1,1,"Not at intersection",3,40,"MORNINGTON PENINSULA","METROPOLITAN SOUTH EAST REGION",-38.36740265,144.8870339,"Dry","Clear"
"T20190012081","28/6/19",14:15:00,"Struck Pedestrian","Friday","Day",1,2,"Private property",3,999,"PORT PHILLIP","METROPOLITAN NORTH WEST REGION",-37.86526708,144.9905161,"Dry","Clear"
"T20190012082","29/6/19",14:00:00,"Collision with vehicle","Saturday","Day",2,4,"Not at intersection",3,100,"MONASH","METROPOLITAN SOUTH EAST REGION",-37.88593447,145.1026115,"Wet","Raining"
"T20190012082","29/6/19",14:00:00,"Collision with vehicle","Saturday","Day",2,4,"Not at intersection",3,100,"MONASH","METROPOLITAN SOUTH EAST REGION",-37.88593447,145.1026115,"Wet","Strong winds"
"T20190012083","28/5/19",16:50:00,"No collision and no object struck","Tuesday","Day",1,1,"Cross intersection",3,60,"DANDENONG","METROPOLITAN SOUTH EAST REGION",-37.99141334,145.2102042,"Wet","Raining"
"T20190012084","29/6/19",14:40:00,"Collision with a fixed object","Saturday","Day",1,1,"Not at intersection",3,60,"BALLARAT","WESTERN REGION",-37.57613721,143.8508116,"Wet","Raining"