"ACCIDENT_NO","ACCIDENTDATE","ACCIDENTTIME","Accident Type Desc","Day Week Description","Light Condition Desc","NO_OF_VEHICLES","NO_PERSONS","Road Geometry Desc","SEVERITY","SPEED_ZONE","LGA_NAME","REGION_NAME","Lat","Long","Surface Cond Desc","Atmosph Cond Desc"
"T20190012087","29/6/19",17:45:00,"Collision with vehicle","Saturday","Dark Street lights on",2,2,"Not at intersection",2,999,"PORT PHILLIP","METROPOLITAN NORTH WEST REGION",-37.87587872,144.9957616,"Wet","Clear"
"T20190012090","29/6/19",14:05:00,"Collision with a fixed object","Saturday","Day",1,8,"Not at intersection",2,80,"COLAC OTWAY","SOUTH WESTERN REGION",-38.77618129,143.5225018,"Wet","Raining"
"T20190012092","29/6/19",18:40:00,"Collision with vehicle","Saturday","Dark Street lights on",2,3,"Cross intersection",3,60,"LATROBE","EASTERN REGION",-38.17990445,146.2947703,"Wet","Raining"
"T20190012095","29/6/19",08:18:00,"Collision with vehicle","Saturday","Day",2,2,"Cross intersection",2,50,"GEELONG","SOUTH WESTERN REGION",-38.17617084,144.3488007,"Dry","Clear"
"T20190012097","26/6/19",17:00:00,"Struck animal","Wednesday","Dusk/Dawn",1,1,"Not at intersection",3,100,"YARRA RANGES","METROPOLITAN SOUTH EAST REGION",-37.85905757,145.5873933,"Dry","Clear"
"T20190012098","29/6/19",01:20:00,"Collision with a fixed object","Saturday","Dark No street lights",1,2,"Not at intersection",1,110,"BULOKE","NORTHERN REGION",-35.36321993,142.7650182,"Wet","Raining"
"T20190012099","29/6/19",19:00:00,"Struck Pedestrian","Saturday","Dark Street lights on",1,2,"Not at intersection",2,40,"GEELONG","SOUTH WESTERN REGION",-38.15287303,144.3610109,"Wet","Raining"
"T20190012101","29/6/19",17:00:00,"Collision with a fixed object","Saturday","Dusk/Dawn",1,1,"Not at intersection",3,100,"BENDIGO","NORTHERN REGION",-36.6788653,144.369553,"Wet","Raining"
"T20190012101","29/6/19",17:00:00,"Collision with a fixed object","Saturday","Dusk/Dawn",1,1,"Not at intersection",3,100,"BENDIGO","NORTHERN REGION",-36.6788653,144.369553,"Wet","Strong winds"
"T20190012103","29/6/19",16:30:00,"Collision with vehicle","Saturday","Dusk/Dawn",2,2,"Not at intersection",3,70,"GLEN EIRA","METROPOLITAN SOUTH EAST REGION",-37.90128981,145.019082,"Wet","Raining"
"T20190012103","29/6/19",16:30:00,"Collision with vehicle","Saturday","Dusk/Dawn",2,2,"Not at intersection",3,70,"GLEN EIRA","METROPOLITAN SOUTH EAST REGION",-37.90128981,145.019082,"Wet","Strong winds"
"T20190012104","29/6/19",17:17:00,"Collision with a fixed object","Saturday","Dark Street lights on",1,2,"Not at intersection",2,50,"HOBSONS BAY","METROPOLITAN NORTH WEST REGION",-37.84676068,144.8517885,"Wet","Clear"
"T20190012106","29/6/19",17:25:00,"Struck Pedestrian","Saturday","Dark Street lights on",1,2,"Not at intersection",2,50,"MORNINGTON PENINSULA","METROPOLITAN SOUTH EAST REGION",-38.37104398,144.8318943,"Wet","Raining"
"T20190012107","29/6/19",19:22:00,"No collision and no object struck","Saturday","Dark Street lights on",1,1,"Cross intersection",3,60,"STONNINGTON","METROPOLITAN SOUTH EAST REGION",-37.84293996,145.0244133,"Wet","Raining"
"T20190012109","29/6/19",22:31:00,"Collision with a fixed object","Saturday","Dark No street lights",1,1,"Not at intersection",3,80,"GEELONG","SOUTH WESTERN REGION",-38.24131201,144.5020918,"Wet","Clear"
"T20190012110","29/6/19",22:00:00,"Collision with vehicle","Saturday","Dark No street lights",7,16,"Not at intersection",2,100,"MONASH","METROPOLITAN SOUTH EAST REGION",-37.92898137,145.1847034,"Wet","Clear"
"T20190012114","30/6/19",00:46:00,"Struck Pedestrian","Sunday","Dark Street lights on",1,2,"Not at intersection",3,999,"MELBOURNE","METROPOLITAN NORTH WEST REGION",-37.82446112,144.9566332,"Dry","Clear"
"T20190012115","29/6/19",22:27:00,"Struck Pedestrian","Saturday","Dark Street lights on",1,2,"Multiple intersection",3,70,"STONNINGTON","METROPOLITAN SOUTH EAST REGION",-37.87812657,145.0476349,"Dry","Clear"
"T20190012117","30/6/19",04:40:00,"Collision with vehicle","Sunday","Dark Street lights on",2,2,"Cross intersection",3,60,"HUME","METROPOLITAN NORTH WEST REGION",-37.686122,144.9267355,"Dry","Not known"
"T20190012118","29/6/19",07:40:00,"Collision with a fixed object","Saturday","Dark No street lights",1,3,"Not at intersection",3,100,"CENTRAL GOLDFIELDS","WESTERN REGION",-37.07140894,143.5902011,"Wet","Clear"
"T20190012119","4/2/19",20:35:00,"Collision with vehicle","Monday","Dark Street lights on",2,2,"Not at intersection",3,40,"BAYSIDE","METROPOLITAN SOUTH EAST REGION",-37.91106051,144.9852926,"Unknown","Not known"
"T20190012120","26/6/19",15:00:00,"Collision with vehicle","Wednesday","Day",2,2,"Cross intersection",2,60,"WYNDHAM","METROPOLITAN NORTH WEST REGION",-37.90455859,144.6555017,"Dry","Clear"
"T20190012122","30/6/19",09:36:00,"Collision with a fixed object","Sunday","Day",2,4,"Cross intersection",3,60,"MACEDON RANGES","NORTHERN REGION",-37.48775222,144.5895743,"Dry","Clear"
"T20190012124","30/6/19",05:55:00,"Collision with a fixed object","Sunday","Dark Street lights on",1,2,"Cross intersection",1,60,"BENDIGO","NORTHERN REGION",-36.75405913,144.286249,"Dry","Clear"
"T20190012126","29/6/19",14:45:00,"Collision with vehicle","Saturday","Unknown",2,2,"Cross intersection",3,50,"YARRA","METROPOLITAN NORTH WEST REGION",-37.81428578,145.0061444,"Wet","Raining"
"T20190012130","29/6/19",11:10:00,"Collision with vehicle","Saturday","Day",2,4,"Cross intersection",3,60,"BOROONDARA","METROPOLITAN SOUTH EAST REGION",-37.80175553,145.0623363,"Dry","Clear"
"T20190012131","17/5/19",08:55:00,"Collision with vehicle","Friday","Day",2,2,"Not at intersection",3,777,"PORT PHILLIP","METROPOLITAN NORTH WEST REGION",-37.87886446,144.9816844,"Dry","Not known"
"T20190012133","30/6/19",12:47:00,"Struck Pedestrian","Sunday","Day",1,2,"Cross intersection",3,60,"WHITEHORSE","METROPOLITAN SOUTH EAST REGION",-37.81735027,145.119416,"Dry","Clear"
"T20190012134","30/6/19",12:50:00,"Collision with vehicle","Sunday","Day",2,3,"T intersection",2,70,"YARRA RANGES","METROPOLITAN SOUTH EAST REGION",-37.74275761,145.3378581,"Dry","Clear"
"T20190012135","30/6/19",12:29:00,"Struck Pedestrian","Sunday","Day",1,2,"Not at intersection",3,40,"MELBOURNE","METROPOLITAN NORTH WEST REGION",-37.81400225,144.9678113,"Dry","Clear"
"T20190012136","30/6/19",12:20:00,"Collision with vehicle","Sunday","Day",2,2,"Cross intersection",3,60,"YARRA","METROPOLITAN NORTH WEST REGION",-37.82618422,145.0024422,"Dry","Clear"
"T20190012141","29/6/19",18:00:00,"Struck Pedestrian","Saturday","Dark Street lights on",1,3,"Cross intersection",3,60,"KINGSTON","METROPOLITAN SOUTH EAST REGION",-38.05594154,145.118029,"Wet","Clear"
"T20190012142","30/6/19",12:15:00,"Collision with a fixed object","Sunday","Day",1,1,"Not at intersection",3,60,"DAREBIN","METROPOLITAN NORTH WEST REGION",-37.7088131,145.0129025,"Dry","Clear"
"T20190012143","30/6/19",12:42:00,"Collision with vehicle","Sunday","Day",2,4,"Cross intersection",3,100,"BASS COAST","EASTERN REGION",-38.43305256,145.4975191,"Dry","Clear"
"T20190012146","30/6/19",11:30:00,"Collision with vehicle","Sunday","Day",4,4,"Not at intersection",3,50,"WHITTLESEA","METROPOLITAN NORTH WEST REGION",-37.67730125,145.0134844,"Dry","Clear"
"T20190012148","30/6/19",12:45:00,"Collision with a fixed object","Sunday","Day",1,3,"Not at intersection",2,100,"COLAC OTWAY","SOUTH WESTERN REGION",-38.63963168,143.478819,"Wet","Raining"
"T20190012150","29/6/19",20:45:00,"Collision with vehicle","Saturday","Dark Street lights on",2,1,"Not at intersection",3,60,"MAROONDAH","METROPOLITAN SOUTH EAST REGION",-37.79128647,145.3062488,"Dry","Clear"
"T20190012155","30/6/19",15:20:00,"Collision with vehicle","Sunday","Day",2,2,"T intersection",3,80,"MURRINDINDI","NORTH EASTERN REGION",-37.32064895,145.2881053,"Dry","Clear"
"T20190012156","30/6/19",16:15:00,"Collision with vehicle","Sunday","Day",2,5,"T intersection",3,60,"KINGSTON","METROPOLITAN SOUTH EAST REGION",-37.92723609,145.0817974,"Dry","Clear"
"T20190012157","30/6/19",14:45:00,"Collision with a fixed object","Sunday","Day",1,3,"Not at intersection",3,100,"BAW BAW","EASTERN REGION",-37.84810958,146.3733408,"Wet","Clear"
"T20190012164","30/6/19",18:00:00,"Collision with vehicle","Sunday","Dark Street lights on",2,2,"Cross intersection",3,40,"YARRA","METROPOLITAN NORTH WEST REGION",-37.82668407,145.0070593,"Dry","Clear"
"T20190012165","30/6/19",17:55:00,"Collision with vehicle","Sunday","Dark Street lights on",4,4,"Not at intersection",3,100,"BRIMBANK","METROPOLITAN NORTH WEST REGION",-37.73576255,144.8527826,"Dry","Clear"
"T20190012169","29/6/19",11:00:00,"collision with some other object","Saturday","Day",1,1,"Not at intersection",3,999,"MURRINDINDI","NORTH EASTERN REGION",-37.35476596,145.5662909,"Wet","Raining"
"T20190012172","30/6/19",19:40:00,"Collision with vehicle","Sunday","Dark Street lights on",2,4,"Cross intersection",3,70,"CASEY","METROPOLITAN SOUTH EAST REGION",-38.01450374,145.3242168,"Dry","Clear"
"T20190012173","30/6/19",19:40:00,"Struck animal","Sunday","Dark No street lights",1,1,"Not at intersection",3,100,"BAW BAW","EASTERN REGION",-38.04164793,145.7655999,"Dry","Clear"
"T20190012175","30/6/19",19:30:00,"Collision with a fixed object","Sunday","Dark Street lights on",1,1,"Not at intersection",3,80,"CASEY","METROPOLITAN SOUTH EAST REGION",-38.02725107,145.2594845,"Dry","Clear"
"T20190012176","30/6/19",23:58:00,"Collision with a fixed object","Sunday","Dark Street lights on",1,1,"Not at intersection",3,60,"WHITTLESEA","METROPOLITAN NORTH WEST REGION",-37.67799689,145.0304144,"Dry","Clear"
"T20190012177","28/6/19",17:15:00,"Collision with vehicle","Friday","Dark Street lights on",2,3,"T intersection",2,80,"CASEY","METROPOLITAN SOUTH EAST REGION",-38.01138869,145.3097152,"Dry","Clear"
"T20190012180","1/7/19",00:31:00,"Collision with a fixed object","Monday","Dark Street lights on",1,1,"Y intersection",2,60,"BAYSIDE","METROPOLITAN SOUTH EAST REGION",-37.94406387,145.0012148,"Dry","Clear"
"T20190012181","1/7/19",05:54:00,"Collision with vehicle","Monday","Dark Street lights on",2,2,"Not at intersection",3,60,"MILDURA","WESTERN REGION",-34.20581024,142.1574851,"Dry","Clear"
"T20190012182","1/7/19",00:18:00,"Collision with vehicle","Monday","Dark No street lights",2,2,"Not at intersection",1,60,"MELTON","METROPOLITAN NORTH WEST REGION",-37.73963766,144.7488726,"Dry","Clear"
"T20190012187","1/7/19",08:00:00,"Collision with vehicle","Monday","Day",2,2,"T intersection",3,60,"BENDIGO","NORTHERN REGION",-36.7329087,144.2836485,"Dry","Clear"
"T20190012190","12/6/19",17:30:00,"Collision with vehicle","Wednesday","Dusk/Dawn",2,2,"Cross intersection",3,100,"HUME","METROPOLITAN NORTH WEST REGION",-37.64335423,144.9514671,"Wet","Raining"
"T20190012190","12/6/19",17:30:00,"Collision with vehicle","Wednesday","Dusk/Dawn",2,2,"Cross intersection",3,100,"HUME","METROPOLITAN NORTH WEST REGION",-37.64335423,144.9514671,"Wet","Fog"
"T20190012191","1/7/19",09:40:00,"Collision with vehicle","Monday","Day",2,2,"Cross intersection",3,40,"MORELAND","METROPOLITAN NORTH WEST REGION",-37.74779054,144.9654664,"Dry","Clear"
"T20190012199","1/7/19",10:55:00,"Collision with vehicle","Monday","Day",2,3,"Not at intersection",3,110,"MITCHELL","NORTHERN REGION",-37.12387216,145.090226,"Dry","Clear"
"T20190012200","18/4/19",18:00:00,"Struck Pedestrian","Thursday","Unknown",1,2,"Multiple intersection",3,50,"GEELONG","SOUTH WESTERN REGION",-38.13955801,144.353684,"Unknown","Not known"
"T20190012204","1/7/19",11:26:00,"Struck Pedestrian","Monday","Day",1,4,"Not at intersection",3,777,"PORT PHILLIP","METROPOLITAN NORTH WEST REGION",-37.84159355,144.9533471,"Dry","Clear"
"T20190012207","26/6/19",17:15:00,"Struck animal","Wednesday","Dusk/Dawn",1,2,"Not at intersection",2,100,"WHITTLESEA","METROPOLITAN NORTH WEST REGION",-37.44794668,145.0272602,"Unknown","Not known"
"T20190012209","1/7/19",11:20:00,"Struck Pedestrian","Monday","Day",1,2,"Cross intersection",3,50,"BANYULE","METROPOLITAN NORTH WEST REGION",-37.71243098,145.0823513,"Dry","Clear"
"T20190012210","16/5/19",08:50:00,"Collision with vehicle","Thursday","Day",2,2,"T intersection",3,50,"DAREBIN","METROPOLITAN NORTH WEST REGION",-37.73699255,144.9941739,"Dry","Clear"
"T20190012211","1/7/19",11:44:00,"Collision with vehicle","Monday","Day",2,2,"Not at intersection",3,100,"HUME","METROPOLITAN NORTH WEST REGION",-37.69188987,144.9590244,"Dry","Clear"
"T20190012212","1/7/19",12:45:00,"Collision with vehicle","Monday","Day",2,2,"Not at intersection",3,80,"MONASH","METROPOLITAN SOUTH EAST REGION",-37.86860504,145.16798,"Dry","Clear"
"T20190012213","1/7/19",08:10:00,"Collision with vehicle","Monday","Day",2,2,"Not at intersection",3,100,"HOBSONS BAY","METROPOLITAN NORTH WEST REGION",-37.86755218,144.7718347,"Dry","Not known"
"T20190012214","1/7/19",14:00:00,"Collision with vehicle","Monday","Day",3,3,"Not at intersection",3,100,"WHITTLESEA","METROPOLITAN NORTH WEST REGION",-37.68357389,144.9852015,"Dry","Clear"
"T20190012215","1/7/19",11:50:00,"Collision with vehicle","Monday","Day",2,2,"Not at intersection",3,60,"HUME","METROPOLITAN NORTH WEST REGION",-37.68978656,144.915932,"Dry","Strong winds"
"T20190012217","1/7/19",15:40:00,"Collision with a fixed object","Monday","Day",1,1,"Not at intersection",3,50,"MONASH","METROPOLITAN SOUTH EAST REGION",-37.89327615,145.1443895,"Dry","Clear"
"T20190012219","1/7/19",13:45:00,"Collision with vehicle","Monday","Day",2,3,"Not at intersection",3,80,"HUME","METROPOLITAN NORTH WEST REGION",-37.65609358,144.9279184,"Dry","Clear"
"T20190012223","1/7/19",10:30:00,"Collision with vehicle","Monday","Day",2,2,"T intersection",3,60,"BASS COAST","EASTERN REGION",-38.49809453,145.273229,"Dry","Clear"
"T20190012224","1/7/19",15:46:00,"Collision with vehicle","Monday","Day",2,2,"Not at intersection",3,100,"MONASH","METROPOLITAN SOUTH EAST REGION",-37.92309921,145.1773741,"Dry","Clear"
"T20190012225","1/7/19",15:42:00,"Collision with vehicle","Monday","Day",2,2,"Cross intersection",3,100,"MOYNE","SOUTH WESTERN REGION",-38.31570059,142.4004074,"Dry","Clear"
"T20190012226","1/7/19",16:00:00,"Collision with a fixed object","Monday","Day",1,1,"Multiple intersection",3,50,"MORNINGTON PENINSULA","METROPOLITAN SOUTH EAST REGION",-38.37297195,144.8866754,"Dry","Clear"
"T20190012229","1/7/19",17:45:00,"Collision with vehicle","Monday","Dark Street lights on",2,3,"T intersection",3,80,"DANDENONG","METROPOLITAN SOUTH EAST REGION",-38.0024116,145.2410812,"Dry","Clear"
"T20190012230","1/7/19",17:38:00,"Collision with vehicle","Monday","Dark Street lights on",3,3,"Not at intersection",3,100,"HUME","METROPOLITAN NORTH WEST REGION",-37.68191214,144.8719616,"Dry","Clear"
"T20190012231","1/7/19",17:00:00,"Collision with vehicle","Monday","Dark Street lights on",3,3,"Not at intersection",3,999,"BRIMBANK","METROPOLITAN NORTH WEST REGION",-37.77901387,144.7734395,"Dry","Clear"
"T20190012232","1/7/19",14:20:00,"Collision with vehicle","Monday","Day",3,3,"Not at intersection",3,80,"KINGSTON","METROPOLITAN SOUTH EAST REGION",-38.00500172,145.1044132,"Dry","Clear"
"T20190012233","1/7/19",18:46:00,"Collision with vehicle","Monday","Dark Street lights on",2,2,"Cross intersection",3,60,"GLEN EIRA","METROPOLITAN SOUTH EAST REGION",-37.88002593,145.0232954,"Dry","Not known"
"T20190012235","1/7/19",18:00:00,"Collision with a fixed object","Monday","Dark Street lights on",1,1,"T intersection",3,50,"YARRA RANGES","METROPOLITAN SOUTH EAST REGION",-37.77136777,145.3207178,"Dry","Clear"
"T20190012238","1/7/19",16:30:00,"Collision with a fixed object","Monday","Day",1,1,"Not at intersection",3,60,"MORELAND","METROPOLITAN NORTH WEST REGION",-37.76872465,144.9430394,"Dry","Clear"
"T20190012240","1/7/19",16:37:00,"Collision with vehicle","Monday","Day",2,2,"Not at intersection",3,60,"BOROONDARA","METROPOLITAN SOUTH EAST REGION",-37.82965329,145.0419794,"Dry","Clear"
"T20190012241","1/7/19",08:45:00,"Collision with vehicle","Monday","Day",2,2,"Not at intersection",3,60,"BALLARAT","WESTERN REGION",-37.53510002,143.8493879,"Dry","Clear"
"T20190012242","1/7/19",14:45:00,"Collision with vehicle","Monday","Day",2,3,"Not at intersection",2,100,"GOLDEN PLAINS","SOUTH WESTERN REGION",-38.12576135,144.240455,"Dry","Clear"
"T20190012245","1/7/19",11:50:00,"Struck Pedestrian","Monday","Day",1,2,"Not at intersection",3,60,"MOONEE VALLEY","METROPOLITAN NORTH WEST REGION",-37.78353291,144.9359192,"Dry","Clear"
"T20190012246","2/7/19",07:15:00,"Collision with vehicle","Tuesday","Dusk/Dawn",3,4,"Not at intersection",2,70,"MONASH","METROPOLITAN SOUTH EAST REGION",-37.92690139,145.1567264,"Dry","Clear"
"T20190012247","2/7/19",08:36:00,"Collision with vehicle","Tuesday","Day",2,2,"T intersection",3,60,"WHITTLESEA","METROPOLITAN NORTH WEST REGION",-37.68128416,144.9988301,"Wet","Not known"
"T20190012248","1/7/19",21:55:00,"Collision with a fixed object","Monday","Dark Street lights on",1,1,"Not at intersection",3,80,"CASEY","METROPOLITAN SOUTH EAST REGION",-38.15940987,145.3188391,"Dry","Clear"
"T20190012253","6/5/19",08:45:00,"Collision with vehicle","Monday","Day",2,2,"Cross intersection",3,999,"MONASH","METROPOLITAN SOUTH EAST REGION",-37.89491938,145.1300373,"Dry","Clear"
"T20190012255","2/7/19",07:30:00,"Collision with vehicle","Tuesday","Day",2,2,"Not at intersection",3,80,"LATROBE","EASTERN REGION",-38.23951828,146.4195925,"Dry","Clear"
"T20190012259","2/7/19",06:50:00,"Collision with a fixed object","Tuesday","Dusk/Dawn",1,1,"Not at intersection",3,60,"BALLARAT","WESTERN REGION",-37.55615246,143.8557942,"Dry","Not known"
"T20190012260","2/7/19",12:30:00,"Collision with vehicle","Tuesday","Day",2,2,"Cross intersection",3,80,"YARRA RANGES","METROPOLITAN SOUTH EAST REGION",-37.81008063,145.3426941,"Dry","Clear"
"T20190012262","2/7/19",09:40:00,"Collision with vehicle","Tuesday","Day",2,2,"Cross intersection",3,80,"CASEY","METROPOLITAN SOUTH EAST REGION",-38.20179748,145.2255604,"Dry","Clear"
"T20190012264","2/7/19",06:10:00,"Collision with a fixed object","Tuesday","Dark Street lights on",1,1,"Not at intersection",3,60,"MARIBYRNONG","METROPOLITAN NORTH WEST REGION",-37.82026528,144.8821318,"Dry","Clear"
"T20190012267","2/7/19",13:30:00,"Collision with vehicle","Tuesday","Day",2,3,"Not at intersection",3,40,"MELBOURNE","METROPOLITAN NORTH WEST REGION",-37.81245855,144.9623382,"Dry","Clear"
"T20190012268","2/7/19",13:20:00,"Collision with vehicle","Tuesday","Day",2,2,"T intersection",3,100,"WELLINGTON","EASTERN REGION",-38.02710031,147.0133565,"Dry","Clear"
"T20190012270","28/6/19",15:50:00,"Collision with vehicle","Friday","Day",2,2,"Cross intersection",3,40,"CARDINIA","METROPOLITAN SOUTH EAST REGION",-38.21160028,145.469259,"Dry","Clear"
"T20190012271","2/7/19",14:40:00,"Collision with vehicle","Tuesday","Day",4,4,"Not at intersection",2,60,"DAREBIN","METROPOLITAN NORTH WEST REGION",-37.76529557,145.0204188,"Dry","Clear"
"T20190012272","2/7/19",11:46:00,"Collision with a fixed object","Tuesday","Day",1,1,"Not at intersection",3,100,"MACEDON RANGES","NORTHERN REGION",-37.29206102,144.4233106,"Dry","Clear"
"T20190012273","2/7/19",05:59:00,"Collision with a fixed object","Tuesday","Dark Street lights on",1,1,"Not at intersection",2,60,"WHITTLESEA","METROPOLITAN NORTH WEST REGION",-37.67879115,145.0301085,"Dry","Clear"
"T20190012275","27/6/19",01:30:00,"Collision with a fixed object","Thursday","Dark Street lights on",1,1,"Not at intersection",3,60,"MORELAND","METROPOLITAN NORTH WEST REGION",-37.72971766,144.9808618,"Dry","Clear"
"T20190012276","21/6/19",08:25:00,"Collision with vehicle","Friday","Day",2,2,"Not at intersection",3,60,"MELBOURNE","METROPOLITAN NORTH WEST REGION",-37.79278239,144.9698097,"Dry","Clear"
"T20190012278","2/7/19",15:20:00,"Struck Pedestrian","Tuesday","Day",1,2,"Not at intersection",3,50,"FRANKSTON","METROPOLITAN SOUTH EAST REGION",-38.1084706,145.1458549,"Dry","Clear"
"T20190012279","7/6/19",16:30:00,"Collision with vehicle","Friday","Day",2,2,"Cross intersection",3,60,"MORELAND","METROPOLITAN NORTH WEST REGION",-37.75489117,144.9755175,"Unknown","Not known"
"T20190012281","2/7/19",15:20:00,"Collision with vehicle","Tuesday","Day",3,8,"Cross intersection",3,50,"BALLARAT","WESTERN REGION",-37.59277129,143.8396661,"Dry","Clear"
"T20190012282","2/7/19",14:00:00,"Collision with vehicle","Tuesday","Day",2,2,"T intersection",3,80,"FRANKSTON","METROPOLITAN SOUTH EAST REGION",-38.16339764,145.1366607,"Dry","Clear"
"T20190012283","2/7/19",18:00:00,"Struck Pedestrian","Tuesday","Dark Street lights on",1,2,"T intersection",3,70,"FRANKSTON","METROPOLITAN SOUTH EAST REGION",-38.11717233,145.1940343,"Dry","Clear"
"T20190012284","28/6/19",15:40:00,"Collision with vehicle","Friday","Day",2,2,"T intersection",3,60,"GEELONG","SOUTH WESTERN REGION",-38.16991285,144.3136178,"Dry","Clear"
"T20190012287","27/6/19",16:05:00,"Collision with vehicle","Thursday","Day",2,2,"Not at intersection",3,999,"HUME","METROPOLITAN NORTH WEST REGION",-37.68462052,144.9163183,"Dry","Clear"
"T20190012288","2/7/19",13:05:00,"Collision with a fixed object","Tuesday","Day",1,2,"Not at intersection",3,60,"GEELONG","SOUTH WESTERN REGION",-38.2038836,144.3006721,"Dry","Clear"
"T20190012289","2/7/19",17:45:00,"Collision with vehicle","Tuesday","Dusk/Dawn",2,2,"T intersection",3,999,"YARRA","METROPOLITAN NORTH WEST REGION",-37.80762323,144.996363,"Dry","Clear"
"T20190012290","2/7/19",17:56:00,"Collision with vehicle","Tuesday","Dark Street lights on",2,2,"Not at intersection",3,80,"KNOX","METROPOLITAN SOUTH EAST REGION",-37.9349198,145.2317115,"Dry","Clear"
"T20190012293","2/7/19",18:18:00,"Collision with vehicle","Tuesday","Dark Street lights on",2,3,"Cross intersection",3,50,"DAREBIN","METROPOLITAN NORTH WEST REGION",-37.75818727,144.9879946,"Dry","Clear"
"T20190012294","2/7/19",19:30:00,"Struck Pedestrian","Tuesday","Dark Street lights on",1,2,"Cross intersection",3,60,"YARRA","METROPOLITAN NORTH WEST REGION",-37.79371974,144.9851735,"Dry","Clear"
"T20190012295","2/7/19",19:20:00,"Collision with vehicle","Tuesday","Dark Street lights on",2,2,"Cross intersection",3,60,"HUME","METROPOLITAN NORTH WEST REGION",-37.68398499,144.9275787,"Dry","Clear"
"T20190012299","2/7/19",13:00:00,"Collision with vehicle","Tuesday","Day",2,2,"T intersection",3,60,"MELBOURNE","METROPOLITAN NORTH WEST REGION",-37.80151527,144.9148541,"Dry","Clear"
"T20190012301","29/6/19",13:18:00,"No collision and no object struck","Saturday","Day",1,1,"Not at intersection",2,30,"MELBOURNE","METROPOLITAN NORTH WEST REGION",-37.81243692,144.9693686,"Wet","Raining"
"T20190012301","29/6/19",13:18:00,"No collision and no object struck","Saturday","Day",1,1,"Not at intersection",2,30,"MELBOURNE","METROPOLITAN NORTH WEST REGION",-37.81243692,144.9693686,"Wet","Strong winds"
"T20190012302","2/7/19",18:35:00,"Collision with vehicle","Tuesday","Dark Street lights on",2,2,"T intersection",3,60,"HOBSONS BAY","METROPOLITAN NORTH WEST REGION",-37.84219175,144.880319,"Dry","Clear"
"T20190012303","2/7/19",22:04:00,"Collision with a fixed object","Tuesday","Dark Street lights on",1,1,"Not at intersection",3,60,"MOONEE VALLEY","METROPOLITAN NORTH WEST REGION",-37.73600017,144.9256213,"Dry","Clear"
"T20190012304","2/7/19",17:15:00,"Collision with vehicle","Tuesday","Day",2,2,"Not at intersection",3,60,"MONASH","METROPOLITAN SOUTH EAST REGION",-37.87475838,145.1708345,"Dry","Clear"
"T20190012306","2/7/19",11:15:00,"Collision with a fixed object","Tuesday","Unknown",1,2,"Not at intersection",3,50,"BOROONDARA","METROPOLITAN SOUTH EAST REGION",-37.79767011,145.0215229,"Dry","Clear"
"T20190012308","1/7/19",15:45:00,"No collision and no object struck","Monday","Day",2,2,"Not at intersection",3,50,"MELBOURNE","METROPOLITAN NORTH WEST REGION",-37.79222521,144.9632581,"Dry","Clear"
"T20190012310","3/7/19",05:50:00,"Struck Pedestrian","Wednesday","Dark Street lights on",1,2,"T intersection",3,60,"GEELONG","SOUTH WESTERN REGION",-38.12246238,144.3470281,"Dry","Clear"
"T20190012312","26/6/19",18:10:00,"Collision with vehicle","Wednesday","Dark Street lights on",3,3,"Not at intersection",3,80,"MONASH","METROPOLITAN SOUTH EAST REGION",-37.91518436,145.1281945,"Dry","Clear"
"T20190012316","28/6/19",10:00:00,"Collision with vehicle","Friday","Day",3,1,"Not at intersection",2,60,"BASS COAST","EASTERN REGION",-38.63011028,145.7404127,"Dry","Clear"
"T20190012317","3/7/19",07:15:00,"Collision with a fixed object","Wednesday","Dusk/Dawn",1,1,"Not at intersection",3,110,"STRATHBOGIE","NORTH EASTERN REGION",-36.75672745,145.5866747,"Dry","Clear"
"T20190012320","2/7/19",11:00:00,"Collision with vehicle","Tuesday","Day",3,3,"Not at intersection",3,40,"BOROONDARA","METROPOLITAN SOUTH EAST REGION",-37.83617769,145.0623533,"Dry","Clear"
"T20190012322","3/7/19",10:00:00,"Vehicle overturned (no collision)","Wednesday","Day",1,1,"Not at intersection",3,999,"YARRA RANGES","METROPOLITAN SOUTH EAST REGION",-37.76009048,145.3553793,"Dry","Clear"
"T20190012323","3/7/19",08:30:00,"Collision with a fixed object","Wednesday","Day",1,1,"Not at intersection",3,80,"MOORABOOL","WESTERN REGION",-37.52295898,144.1375523,"Dry","Clear"
"T20190012324","3/7/19",07:15:00,"Collision with a fixed object","Wednesday","Day",1,2,"Not at intersection",3,100,"SHEPPARTON","NORTH EASTERN REGION",-36.37247667,145.2456032,"Dry","Fog"
"T20190012325","3/7/19",11:00:00,"Struck Pedestrian","Wednesday","Day",1,2,"Not at intersection",3,60,"MARIBYRNONG","METROPOLITAN NORTH WEST REGION",-37.77951979,144.8847884,"Dry","Clear"
"T20190012327","3/7/19",10:41:00,"Collision with vehicle","Wednesday","Day",3,3,"Not at intersection",3,80,"MARIBYRNONG","METROPOLITAN NORTH WEST REGION",-37.82440481,144.8590966,"Dry","Clear"