"ACCIDENT_NO","ACCIDENTDATE","ACCIDENTTIME","Accident Type Desc","Day Week Description","Light Condition Desc","NO_OF_VEHICLES","NO_PERSONS","Road Geometry Desc","SEVERITY","SPEED_ZONE","LGA_NAME","REGION_NAME","Lat","Long","Surface Cond Desc","Atmosph Cond Desc"
"T20190012328","3/7/19",06:40:00,"Collision with vehicle","Wednesday","Dark No street lights",3,3,"Cross intersection",3,80,"MELTON","METROPOLITAN NORTH WEST REGION",-37.8050188,144.6959414,"Dry","Clear"
"T20190012329","3/7/19",08:50:00,"Collision with a fixed object","Wednesday","Day",1,1,"Not at intersection",3,100,"HINDMARSH","WESTERN REGION",-36.41375122,141.6402281,"Dry","Clear"
"T20190012331","3/7/19",08:30:00,"Collision with a fixed object","Wednesday","Day",1,1,"Not at intersection",3,100,"MOORABOOL","WESTERN REGION",-37.47301304,144.0613502,"Dry","Clear"
"T20190012334","3/7/19",12:50:00,"Collision with vehicle","Wednesday","Day",2,3,"Cross intersection",3,80,"DANDENONG","METROPOLITAN SOUTH EAST REGION",-37.98361235,145.145911,"Dry","Clear"
"T20190012335","28/6/19",17:47:00,"Collision with vehicle","Friday","Dark Street lights on",2,2,"Cross intersection",3,50,"YARRA","METROPOLITAN NORTH WEST REGION",-37.80986629,144.9938692,"Dry","Clear"
"T20190012337","4/6/19",10:30:00,"Collision with vehicle","Tuesday","Day",2,2,"Cross intersection",3,50,"BAYSIDE","METROPOLITAN SOUTH EAST REGION",-37.98620111,145.0282464,"Dry","Not known"
"T20190012340","3/7/19",11:30:00,"Collision with vehicle","Wednesday","Day",2,2,"T intersection",3,80,"CASEY","METROPOLITAN SOUTH EAST REGION",-38.15991374,145.3185669,"Wet","Raining"
"T20190012342","3/7/19",10:55:00,"Collision with vehicle","Wednesday","Day",2,4,"Not at intersection",3,100,"WHITTLESEA","METROPOLITAN NORTH WEST REGION",-37.6686414,144.9816269,"Dry","Clear"
"T20190012344","9/6/19",21:40:00,"Struck Pedestrian","Sunday","Dark Street lights on",1,2,"Cross intersection",3,40,"MELBOURNE","METROPOLITAN NORTH WEST REGION",-37.81404704,144.9714728,"Wet","Raining"
"T20190012345","3/7/19",11:00:00,"Collision with vehicle","Wednesday","Day",3,6,"Not at intersection",3,80,"CASEY","METROPOLITAN SOUTH EAST REGION",-38.04076639,145.2510477,"Wet","Raining"
"T20190012346","3/5/19",15:30:00,"Struck Pedestrian","Friday","Day",1,2,"T intersection",3,999,"MELBOURNE","METROPOLITAN NORTH WEST REGION",-37.83243107,144.9121263,"Dry","Not known"
"T20190012349","3/7/19",07:50:00,"Collision with vehicle","Wednesday","Day",2,2,"Cross intersection",3,80,"MILDURA","WESTERN REGION",-34.22805997,142.12033,"Dry","Clear"
"T20190012350","3/7/19",15:00:00,"Collision with vehicle","Wednesday","Day",2,2,"Not at intersection",3,60,"BOROONDARA","METROPOLITAN SOUTH EAST REGION",-37.82845671,145.057253,"Dry","Clear"
"T20190012351","3/7/19",12:11:00,"Collision with vehicle","Wednesday","Day",3,3,"Not at intersection",3,50,"LATROBE","EASTERN REGION",-38.22675071,146.4235741,"Dry","Not known"
"T20190012352","3/7/19",15:25:00,"Collision with vehicle","Wednesday","Day",3,3,"Cross intersection",3,60,"ALPINE","NORTH EASTERN REGION",-36.55834152,146.7198117,"Dry","Clear"
"T20190012353","3/7/19",15:50:00,"Collision with vehicle","Wednesday","Day",2,3,"T intersection",1,60,"HEPBURN","WESTERN REGION",-37.42236113,143.8933076,"Dry","Clear"
"T20190012354","3/7/19",09:15:00,"Collision with a fixed object","Wednesday","Day",1,1,"Not at intersection",3,80,"WELLINGTON","EASTERN REGION",-38.41578667,146.7476111,"Dry","Clear"
"T20190012355","3/7/19",14:30:00,"Collision with a fixed object","Wednesday","Day",1,1,"Not at intersection",3,80,"WARRNAMBOOL","SOUTH WESTERN REGION",-38.41493538,142.5913908,"Dry","Clear"
"T20190012357","3/7/19",16:11:00,"Collision with vehicle","Wednesday","Day",2,2,"Not at intersection",3,60,"CASEY","METROPOLITAN SOUTH EAST REGION",-38.10204192,145.3176005,"Dry","Clear"
"T20190012358","3/7/19",18:25:00,"Struck Pedestrian","Wednesday","Dark Street lights on",1,2,"Y intersection",3,60,"BAYSIDE","METROPOLITAN SOUTH EAST REGION",-37.95225816,145.0079064,"Dry","Clear"
"T20190012361","3/7/19",16:53:00,"Collision with vehicle","Wednesday","Day",5,9,"Cross intersection",3,50,"MELBOURNE","METROPOLITAN NORTH WEST REGION",-37.82373463,144.9625582,"Dry","Clear"
"T20190012363","3/7/19",15:50:00,"Collision with vehicle","Wednesday","Day",3,4,"Not at intersection",3,100,"WYNDHAM","METROPOLITAN NORTH WEST REGION",-37.83366147,144.8080711,"Dry","Clear"
"T20190012364","3/7/19",06:45:00,"Collision with vehicle","Wednesday","Dark Street lights on",2,1,"Not at intersection",3,60,"HOBSONS BAY","METROPOLITAN NORTH WEST REGION",-37.83431346,144.8821557,"Dry","Clear"
"T20190012367","3/7/19",18:40:00,"Collision with vehicle","Wednesday","Dark Street lights on",2,2,"T intersection",3,40,"STONNINGTON","METROPOLITAN SOUTH EAST REGION",-37.83850347,144.9958192,"Dry","Clear"
"T20190012372","2/7/19",19:00:00,"Collision with vehicle","Tuesday","Dark Street lights unknown",2,2,"Cross intersection",3,60,"HOBSONS BAY","METROPOLITAN NORTH WEST REGION",-37.8259891,144.8809601,"Dry","Not known"
"T20190012375","3/7/19",14:25:00,"Collision with a fixed object","Wednesday","Day",1,1,"T intersection",2,60,"FRANKSTON","METROPOLITAN SOUTH EAST REGION",-38.17372691,145.1394793,"Dry","Clear"
"T20190012382","4/6/19",15:30:00,"Struck Pedestrian","Tuesday","Day",1,2,"Cross intersection",3,50,"SHEPPARTON","NORTH EASTERN REGION",-36.3790652,145.3997288,"Dry","Clear"
"T20190012386","3/7/19",04:56:00,"Collision with vehicle","Wednesday","Dark Street lights on",2,4,"T intersection",3,60,"WHITTLESEA","METROPOLITAN NORTH WEST REGION",-37.69692383,145.0504335,"Dry","Clear"
"T20190012387","3/7/19",21:30:00,"Collision with vehicle","Wednesday","Dark Street lights on",2,2,"Not at intersection",3,60,"STONNINGTON","METROPOLITAN SOUTH EAST REGION",-37.84535085,144.9850925,"Dry","Clear"
"T20190012391","3/7/19",23:59:00,"Struck Pedestrian","Wednesday","Dark Street lights on",1,4,"T intersection",3,50,"BENDIGO","NORTHERN REGION",-36.74862387,144.2811806,"Dry","Clear"
"T20190012393","4/7/19",03:15:00,"Collision with a fixed object","Thursday","Dark No street lights",1,1,"Not at intersection",3,100,"MURRINDINDI","NORTH EASTERN REGION",-37.23064886,145.6843781,"Dry","Clear"
"T20190012394","4/7/19",06:30:00,"Collision with vehicle","Thursday","Dark Street lights on",4,4,"Not at intersection",3,80,"CASEY","METROPOLITAN SOUTH EAST REGION",-38.04464542,145.2534568,"Dry","Clear"
"T20190012395","4/7/19",08:20:00,"Collision with vehicle","Thursday","Day",2,2,"Not at intersection",3,100,"MELTON","METROPOLITAN NORTH WEST REGION",-37.78675276,144.748556,"Dry","Clear"
"T20190012397","1/7/19",14:56:00,"Collision with vehicle","Monday","Day",2,5,"Cross intersection",3,70,"WHITTLESEA","METROPOLITAN NORTH WEST REGION",-37.68762899,145.0023479,"Dry","Clear"
"T20190012398","4/7/19",08:10:00,"Collision with vehicle","Thursday","Day",2,2,"T intersection",3,50,"MARIBYRNONG","METROPOLITAN NORTH WEST REGION",-37.80730978,144.896862,"Dry","Clear"
"T20190012399","1/6/19",14:40:00,"Collision with vehicle","Saturday","Unknown",2,4,"T intersection",3,80,"DANDENONG","METROPOLITAN SOUTH EAST REGION",-37.96176149,145.1470469,"Unknown","Clear"
"T20190012400","4/7/19",06:30:00,"Collision with a fixed object","Thursday","Dark Street lights on",1,1,"Not at intersection",3,80,"KNOX","METROPOLITAN SOUTH EAST REGION",-37.87381846,145.2473434,"Dry","Fog"
"T20190012404","4/7/19",11:05:00,"Collision with vehicle","Thursday","Day",2,2,"T intersection",3,60,"BALLARAT","WESTERN REGION",-37.52964023,143.8138563,"Dry","Clear"
"T20190012405","4/7/19",08:00:00,"Collision with vehicle","Thursday","Day",2,2,"Not at intersection",3,100,"MORELAND","METROPOLITAN NORTH WEST REGION",-37.69161282,144.9652255,"Dry","Clear"
"T20190012406","4/7/19",11:35:00,"Collision with vehicle","Thursday","Day",2,2,"T intersection",3,60,"MURRINDINDI","NORTH EASTERN REGION",-37.21356424,145.4161578,"Dry","Clear"
"T20190012411","8/6/19",08:05:00,"Collision with vehicle","Saturday","Day",2,2,"Cross intersection",3,50,"GEELONG","SOUTH WESTERN REGION",-38.28234673,144.4915306,"Unknown","Clear"
"T20190012416","4/7/19",13:20:00,"Collision with vehicle","Thursday","Day",2,2,"T intersection",3,60,"SHEPPARTON","NORTH EASTERN REGION",-36.3662634,145.3991084,"Dry","Clear"
"T20190012417","4/7/19",12:00:00,"Collision with a fixed object","Thursday","Day",1,1,"Not at intersection",3,100,"STRATHBOGIE","NORTH EASTERN REGION",-36.65368741,145.6149367,"Dry","Clear"
"T20190012419","4/7/19",07:00:00,"Collision with vehicle","Thursday","Dusk/Dawn",2,2,"T intersection",3,70,"MONASH","METROPOLITAN SOUTH EAST REGION",-37.91191876,145.1060093,"Dry","Fog"
"T20190012421","4/7/19",06:48:00,"Struck Pedestrian","Thursday","Dark Street lights unknown",1,2,"Not at intersection",3,60,"BRIMBANK","METROPOLITAN NORTH WEST REGION",-37.75720209,144.8096958,"Dry","Clear"
"T20190012422","4/7/19",13:25:00,"Struck Pedestrian","Thursday","Day",1,2,"Not at intersection",2,60,"GEELONG","SOUTH WESTERN REGION",-38.17116862,144.3202632,"Dry","Clear"
"T20190012425","4/7/19",04:50:00,"Collision with a fixed object","Thursday","Dark No street lights",1,2,"Not at intersection",3,60,"SOUTH GIPPSLAND","EASTERN REGION",-38.34360885,145.7606473,"Dry","Clear"
"T20190012427","4/7/19",15:50:00,"Collision with vehicle","Thursday","Day",2,2,"Not at intersection",3,70,"GEELONG","SOUTH WESTERN REGION",-38.05455403,144.3583749,"Dry","Clear"
"T20190012428","4/7/19",08:46:00,"Collision with vehicle","Thursday","Day",2,2,"Not at intersection",3,50,"MORELAND","METROPOLITAN NORTH WEST REGION",-37.76189962,144.9739711,"Dry","Clear"
"T20190012429","4/7/19",16:34:00,"Collision with vehicle","Thursday","Day",2,2,"Cross intersection",3,80,"MONASH","METROPOLITAN SOUTH EAST REGION",-37.89378335,145.0933476,"Dry","Clear"
"T20190012430","2/7/19",21:30:00,"Collision with vehicle","Tuesday","Dark Street lights on",2,2,"Cross intersection",3,60,"MONASH","METROPOLITAN SOUTH EAST REGION",-37.91125204,145.1223271,"Dry","Clear"
"T20190012431","29/6/19",17:15:00,"collision with some other object","Saturday","Dark No street lights",1,4,"Not at intersection",3,100,"MANSFIELD","NORTH EASTERN REGION",-36.94323097,145.998276,"Wet","Raining"
"T20190012435","4/7/19",13:30:00,"Collision with a fixed object","Thursday","Day",3,3,"Not at intersection",3,80,"DANDENONG","METROPOLITAN SOUTH EAST REGION",-38.0696122,145.1787192,"Dry","Clear"
"T20190012436","3/7/19",18:30:00,"Collision with vehicle","Wednesday","Dark Street lights on",2,3,"Not at intersection",3,40,"NILLUMBIK","METROPOLITAN NORTH WEST REGION",-37.64017794,145.2368639,"Dry","Fog"
"T20190012437","3/7/19",21:00:00,"Collision with vehicle","Wednesday","Dark Street lights unknown",2,3,"Y intersection",3,999,"MOONEE VALLEY","METROPOLITAN NORTH WEST REGION",-37.74427631,144.9098764,"Unknown","Not known"
"T20190012439","4/7/19",17:05:00,"Collision with vehicle","Thursday","Day",2,3,"T intersection",3,60,"BRIMBANK","METROPOLITAN NORTH WEST REGION",-37.75752892,144.8323095,"Dry","Clear"
"T20190012440","4/7/19",11:20:00,"Collision with vehicle","Thursday","Day",4,5,"T intersection",1,60,"GEELONG","SOUTH WESTERN REGION",-38.10837676,144.3438744,"Dry","Clear"
"T20190012442","4/7/19",17:45:00,"Collision with a fixed object","Thursday","Dark No street lights",1,1,"Not at intersection",3,100,"GOLDEN PLAINS","SOUTH WESTERN REGION",-38.0950828,144.0111892,"Dry","Clear"
"T20190012443","27/6/19",19:00:00,"Collision with vehicle","Thursday","Dark Street lights on",2,3,"T intersection",2,60,"KINGSTON","METROPOLITAN SOUTH EAST REGION",-37.97843061,145.0720786,"Dry","Clear"
"T20190012445","4/7/19",18:35:00,"Struck Pedestrian","Thursday","Dark Street lights on",1,2,"Not at intersection",3,60,"MACEDON RANGES","NORTHERN REGION",-37.35997,144.5271785,"Dry","Clear"
"T20190012446","4/7/19",16:15:00,"Collision with vehicle","Thursday","Day",2,2,"T intersection",3,60,"MAROONDAH","METROPOLITAN SOUTH EAST REGION",-37.82297657,145.2688703,"Dry","Clear"
"T20190012449","4/7/19",19:39:00,"Collision with vehicle","Thursday","Dark Street lights on",2,4,"Not at intersection",3,60,"BOROONDARA","METROPOLITAN SOUTH EAST REGION",-37.82099014,145.0586694,"Dry","Clear"
"T20190012450","4/7/19",20:09:00,"Struck Pedestrian","Thursday","Dark Street lights on",1,2,"Not at intersection",3,60,"MORELAND","METROPOLITAN NORTH WEST REGION",-37.77459018,144.9490015,"Dry","Clear"
"T20190012451","4/7/19",19:12:00,"Collision with vehicle","Thursday","Dark Street lights on",2,2,"T intersection",3,70,"GEELONG","SOUTH WESTERN REGION",-38.1334072,144.3511555,"Dry","Clear"
"T20190012453","4/7/19",18:32:00,"Collision with vehicle","Thursday","Dark Street lights on",3,3,"Not at intersection",3,100,"DANDENONG","METROPOLITAN SOUTH EAST REGION",-38.04101961,145.2463664,"Dry","Clear"
"T20190012455","4/7/19",16:25:00,"Collision with vehicle","Thursday","Day",2,2,"Cross intersection",3,50,"BRIMBANK","METROPOLITAN NORTH WEST REGION",-37.76695243,144.8385735,"Dry","Clear"
"T20190012456","4/7/19",14:37:00,"Collision with vehicle","Thursday","Day",2,2,"Not at intersection",3,60,"MOONEE VALLEY","METROPOLITAN NORTH WEST REGION",-37.74788356,144.9094729,"Dry","Clear"
"T20190012458","3/7/19",22:04:00,"Struck Pedestrian","Wednesday","Dark Street lights on",1,2,"Not at intersection",3,60,"MORELAND","METROPOLITAN NORTH WEST REGION",-37.76750027,144.9724224,"Dry","Clear"
"T20190012459","4/7/19",19:00:00,"Collision with vehicle","Thursday","Dark Street lights on",2,3,"Cross intersection",3,999,"HUME","METROPOLITAN NORTH WEST REGION",-37.68950095,144.9582404,"Unknown","Clear"
"T20190012461","24/6/19",17:00:00,"Struck Pedestrian","Monday","Unknown",1,2,"Not at intersection",3,50,"CASEY","METROPOLITAN SOUTH EAST REGION",-38.10235946,145.2656398,"Unknown","Not known"
"T20190012463","1/7/19",18:15:00,"Collision with vehicle","Monday","Dark Street lights on",2,2,"Not at intersection",3,50,"PORT PHILLIP","METROPOLITAN NORTH WEST REGION",-37.86913441,144.9963773,"Dry","Clear"
"T20190012467","5/7/19",09:50:00,"Struck Pedestrian","Friday","Day",1,2,"Cross intersection",3,60,"BALLARAT","WESTERN REGION",-37.56615951,143.8663175,"Dry","Clear"
"T20190012473","5/7/19",08:50:00,"Collision with a fixed object","Friday","Day",1,1,"Not at intersection",3,60,"MAROONDAH","METROPOLITAN SOUTH EAST REGION",-37.79520187,145.2949507,"Dry","Clear"
"T20190012474","5/7/19",10:48:00,"Struck Pedestrian","Friday","Day",1,2,"Not at intersection",3,888,"WHITEHORSE","METROPOLITAN SOUTH EAST REGION",-37.82374529,145.2087571,"Dry","Clear"
"T20190012475","5/7/19",10:30:00,"Collision with vehicle","Friday","Day",2,2,"Cross intersection",3,50,"BAYSIDE","METROPOLITAN SOUTH EAST REGION",-37.91812093,144.9991209,"Dry","Clear"
"T20190012476","5/7/19",11:34:00,"Struck Pedestrian","Friday","Unknown",1,2,"T intersection",3,999,"YARRA","METROPOLITAN NORTH WEST REGION",-37.81522003,144.993894,"Unknown","Not known"
"T20190012477","5/7/19",10:00:00,"Collision with vehicle","Friday","Day",2,2,"T intersection",3,80,"DANDENONG","METROPOLITAN SOUTH EAST REGION",-37.95284161,145.137884,"Dry","Clear"
"T20190012478","26/6/19",15:20:00,"Collision with vehicle","Wednesday","Day",2,2,"Cross intersection",3,60,"BAYSIDE","METROPOLITAN SOUTH EAST REGION",-37.91078691,144.9860519,"Unknown","Clear"
"T20190012479","5/7/19",10:17:00,"Collision with a fixed object","Friday","Day",1,1,"Not at intersection",3,40,"CASEY","METROPOLITAN SOUTH EAST REGION",-38.0895235,145.3332923,"Dry","Clear"
"T20190012481","5/7/19",10:25:00,"Collision with vehicle","Friday","Day",2,2,"Cross intersection",3,50,"BENDIGO","NORTHERN REGION",-36.80324334,144.24381,"Dry","Clear"
"T20190012482","3/7/19",21:12:00,"Collision with vehicle","Wednesday","Dark Street lights on",2,8,"Cross intersection",3,60,"WARRNAMBOOL","SOUTH WESTERN REGION",-38.37795612,142.4820629,"Dry","Clear"
"T20190012485","5/7/19",10:26:00,"Collision with a fixed object","Friday","Day",1,3,"Not at intersection",3,100,"HUME","METROPOLITAN NORTH WEST REGION",-37.50176957,144.7702697,"Dry","Clear"
"T20190012488","5/7/19",06:35:00,"Collision with vehicle","Friday","Dark Street lights on",2,2,"Cross intersection",3,60,"MELBOURNE","METROPOLITAN NORTH WEST REGION",-37.79748147,144.9704876,"Dry","Clear"
"T20190012490","5/7/19",12:05:00,"Collision with vehicle","Friday","Day",2,2,"T intersection",3,80,"MANNINGHAM","METROPOLITAN SOUTH EAST REGION",-37.76443578,145.1330621,"Dry","Clear"
"T20190012491","5/7/19",06:30:00,"Collision with a fixed object","Friday","Dusk/Dawn",1,1,"Not at intersection",3,100,"BASS COAST","EASTERN REGION",-38.47524788,145.6370968,"Dry","Clear"
"T20190012492","5/7/19",09:30:00,"Collision with vehicle","Friday","Day",2,2,"Not at intersection",3,50,"CASEY","METROPOLITAN SOUTH EAST REGION",-38.06071184,145.2638897,"Dry","Clear"
"T20190012493","5/7/19",09:00:00,"Collision with vehicle","Friday","Day",2,6,"T intersection",3,80,"MELTON","METROPOLITAN NORTH WEST REGION",-37.68627986,144.5308782,"Dry","Clear"
"T20190012494","26/6/19",08:35:00,"Collision with vehicle","Wednesday","Day",2,2,"Cross intersection",2,50,"HUME","METROPOLITAN NORTH WEST REGION",-37.63679104,144.9325937,"Dry","Clear"
"T20190012496","5/7/19",13:20:00,"Collision with a fixed object","Friday","Day",1,2,"Not at intersection",3,999,"MOIRA","NORTH EASTERN REGION",-36.13220655,145.4680566,"Dry","Clear"
"T20190012498","5/7/19",04:05:00,"Collision with a fixed object","Friday","Dark Street lights on",1,1,"Not at intersection",3,60,"DAREBIN","METROPOLITAN NORTH WEST REGION",-37.726596,145.0247717,"Dry","Not known"
"T20190012501","5/7/19",14:20:00,"Struck Pedestrian","Friday","Day",1,2,"Multiple intersection",3,60,"WHITTLESEA","METROPOLITAN NORTH WEST REGION",-37.68762899,145.0023479,"Dry","Clear"
"T20190012502","3/7/19",12:30:00,"Collision with vehicle","Wednesday","Day",2,5,"Cross intersection",3,60,"CARDINIA","METROPOLITAN SOUTH EAST REGION",-38.09892391,145.7155144,"Dry","Clear"
"T20190012506","5/7/19",18:19:00,"Collision with vehicle","Friday","Dark Street lights on",2,1,"Not at intersection",3,999,"BRIMBANK","METROPOLITAN NORTH WEST REGION",-37.74846355,144.8242932,"Dry","Clear"
"T20190012507","5/7/19",18:56:00,"Struck Pedestrian","Friday","Dark Street lights on",1,3,"Cross intersection",3,50,"NILLUMBIK","METROPOLITAN NORTH WEST REGION",-37.67294946,145.1496102,"Dry","Clear"
"T20190012508","21/6/19",11:30:00,"Collision with vehicle","Friday","Day",2,2,"T intersection",3,50,"DANDENONG","METROPOLITAN SOUTH EAST REGION",-37.97579601,145.1840159,"Wet","Not known"
"T20190012509","2/7/19",17:36:00,"Collision with vehicle","Tuesday","Dark Street lights on",3,3,"Not at intersection",3,70,"CASEY","METROPOLITAN SOUTH EAST REGION",-38.11867807,145.3266504,"Dry","Clear"
"T20190012513","5/7/19",16:34:00,"Struck Pedestrian","Friday","Day",1,2,"T intersection",3,60,"PORT PHILLIP","METROPOLITAN NORTH WEST REGION",-37.85820023,144.9828539,"Dry","Clear"
"T20190012515","5/7/19",18:23:00,"Struck Pedestrian","Friday","Dark Street lights on",1,2,"Cross intersection",3,60,"DAREBIN","METROPOLITAN NORTH WEST REGION",-37.74373244,144.9891773,"Dry","Not known"
"T20190012516","5/7/19",07:00:00,"Collision with vehicle","Friday","Dusk/Dawn",2,2,"T intersection",3,70,"MANNINGHAM","METROPOLITAN SOUTH EAST REGION",-37.76717064,145.0926108,"Wet","Not known"
"T20190012517","5/7/19",16:00:00,"Struck Pedestrian","Friday","Day",1,5,"Not at intersection",3,60,"MELBOURNE","METROPOLITAN NORTH WEST REGION",-37.82298103,144.988013,"Dry","Clear"
"T20190012518","5/7/19",14:00:00,"Collision with vehicle","Friday","Day",2,2,"Cross intersection",3,60,"MONASH","METROPOLITAN SOUTH EAST REGION",-37.89342553,145.0934173,"Dry","Clear"
"T20190012519","5/7/19",13:56:00,"Struck Pedestrian","Friday","Day",1,2,"T intersection",1,60,"BOROONDARA","METROPOLITAN SOUTH EAST REGION",-37.83500671,145.0897585,"Dry","Clear"
"T20190012525","5/7/19",19:14:00,"No collision and no object struck","Friday","Dark No street lights",1,1,"Not at intersection",3,80,"MILDURA","WESTERN REGION",-34.26470338,142.0971959,"Dry","Clear"
"T20190012526","5/7/19",12:56:00,"Collision with vehicle","Friday","Day",2,5,"Not at intersection",2,100,"MACEDON RANGES","NORTHERN REGION",-37.51030232,144.4805641,"Dry","Clear"
"T20190012528","28/6/19",12:01:00,"Collision with a fixed object","Friday","Day",1,1,"Not at intersection",2,80,"CASEY","METROPOLITAN SOUTH EAST REGION",-38.04421013,145.3387499,"Dry","Clear"
"T20190012530","5/7/19",20:50:00,"Collision with a fixed object","Friday","Dark Street lights unknown",1,2,"Not at intersection",3,60,"GEELONG","SOUTH WESTERN REGION",-38.08205192,144.3466462,"Dry","Clear"
"T20190012532","5/7/19",20:33:00,"Collision with vehicle","Friday","Dark Street lights on",4,4,"Not at intersection",3,60,"MARIBYRNONG","METROPOLITAN NORTH WEST REGION",-37.78657009,144.878089,"Dry","Clear"
"T20190012537","5/7/19",22:19:00,"Collision with vehicle","Friday","Dark Street lights on",2,2,"Cross intersection",3,40,"PORT PHILLIP","METROPOLITAN NORTH WEST REGION",-37.8330343,144.9604847,"Dry","Clear"
"T20190012538","6/7/19",00:03:00,"Collision with vehicle","Saturday","Dark Street lights on",2,1,"Not at intersection",2,60,"BALLARAT","WESTERN REGION",-37.56014145,143.7840021,"Dry","Clear"
"T20190012543","5/7/19",22:50:00,"Collision with vehicle","Friday","Dark Street lights on",2,2,"T intersection",3,60,"DANDENONG","METROPOLITAN SOUTH EAST REGION",-37.990841,145.198761,"Dry","Clear"
"T20190012547","5/7/19",23:38:00,"Collision with vehicle","Friday","Dark No street lights",2,3,"Not at intersection",2,100,"HUME","METROPOLITAN NORTH WEST REGION",-37.54480194,144.6506858,"Dry","Clear"
"T20190012548","4/7/19",21:35:00,"Struck Pedestrian","Thursday","Dark Street lights on",1,2,"T intersection",3,50,"KINGSTON","METROPOLITAN SOUTH EAST REGION",-37.93927932,145.1303224,"Dry","Clear"
"T20190012550","6/7/19",08:55:00,"Collision with vehicle","Saturday","Day",2,2,"T intersection",3,50,"NILLUMBIK","METROPOLITAN NORTH WEST REGION",-37.70327449,145.176423,"Dry","Clear"
"T20190012552","6/7/19",07:30:00,"Collision with vehicle","Saturday","Day",2,2,"Cross intersection",3,70,"BRIMBANK","METROPOLITAN NORTH WEST REGION",-37.72765684,144.7822226,"Dry","Clear"
"T20190012554","6/7/19",08:41:00,"Collision with vehicle","Saturday","Day",2,2,"Cross intersection",3,60,"BAYSIDE","METROPOLITAN SOUTH EAST REGION",-37.89832383,144.9943115,"Dry","Clear"
"T20190012556","6/7/19",11:14:00,"Collision with a fixed object","Saturday","Day",1,2,"Not at intersection",3,80,"WHITEHORSE","METROPOLITAN SOUTH EAST REGION",-37.85647137,145.1814597,"Dry","Clear"
"T20190012559","6/7/19",09:20:00,"Collision with a fixed object","Saturday","Day",1,1,"Not at intersection",3,50,"MONASH","METROPOLITAN SOUTH EAST REGION",-37.89131956,145.1536063,"Dry","Clear"
"T20190012563","6/7/19",07:30:00,"Collision with vehicle","Saturday","Dark Street lights on",2,2,"Not at intersection",3,60,"GLEN EIRA","METROPOLITAN SOUTH EAST REGION",-37.88508443,145.0473656,"Dry","Not known"
"T20190012564","6/7/19",12:45:00,"Collision with vehicle","Saturday","Day",2,3,"Not at intersection",3,80,"WHITEHORSE","METROPOLITAN SOUTH EAST REGION",-37.8178917,145.1824,"Dry","Clear"
"T20190012565","6/7/19",11:45:00,"Collision with vehicle","Saturday","Day",2,2,"Cross intersection",3,80,"WELLINGTON","EASTERN REGION",-38.08821254,147.0860025,"Dry","Clear"
"T20190012569","6/7/19",07:10:00,"Collision with vehicle","Saturday","Dusk/Dawn",2,2,"Cross intersection",3,60,"WYNDHAM","METROPOLITAN NORTH WEST REGION",-37.89671305,144.754149,"Dry","Clear"
"T20190012571","5/7/19",15:00:00,"Collision with a fixed object","Friday","Day",1,1,"T intersection",3,70,"MONASH","METROPOLITAN SOUTH EAST REGION",-37.87658429,145.185847,"Dry","Clear"
"T20190012574","5/7/19",17:15:00,"collision with some other object","Friday","Day",1,1,"Not at intersection",2,100,"BENALLA","NORTH EASTERN REGION",-36.57354205,145.8728469,"Dry","Clear"
"T20190012576","6/7/19",13:30:00,"Struck Pedestrian","Saturday","Day",1,2,"Not at intersection",3,40,"MELBOURNE","METROPOLITAN NORTH WEST REGION",-37.81543092,144.9667504,"Dry","Clear"
"T20190012579","6/7/19",13:00:00,"Collision with a fixed object","Saturday","Day",1,1,"Not at intersection",3,80,"NILLUMBIK","METROPOLITAN NORTH WEST REGION",-37.70189633,145.2266446,"Dry","Clear"
"T20190012580","24/6/19",15:00:00,"Collision with vehicle","Monday","Day",2,2,"T intersection",3,60,"STONNINGTON","METROPOLITAN SOUTH EAST REGION",-37.84483862,145.0391929,"Unknown","Not known"
"T20190012583","6/7/19",14:45:00,"Collision with vehicle","Saturday","Day",5,5,"Not at intersection",3,80,"CASEY","METROPOLITAN SOUTH EAST REGION",-38.07115783,145.2695571,"Dry","Clear"
"T20190012584","6/7/19",16:30:00,"Collision with vehicle","Saturday","Day",2,2,"Cross intersection",3,70,"BRIMBANK","METROPOLITAN NORTH WEST REGION",-37.77696718,144.8287346,"Dry","Clear"
"T20190012585","6/7/19",14:55:00,"Vehicle overturned (no collision)","Saturday","Day",2,2,"T intersection",3,50,"YARRA RANGES","METROPOLITAN SOUTH EAST REGION",-37.75332871,145.6905111,"Dry","Clear"
"T20190012587","5/7/19",17:12:00,"Collision with vehicle","Friday","Day",2,2,"Cross intersection",3,60,"NORTHERN GRAMPIANS","WESTERN REGION",-36.6206209,143.2656994,"Dry","Clear"
"T20190012588","6/7/19",18:00:00,"Collision with vehicle","Saturday","Dusk/Dawn",2,3,"T intersection",3,80,"DANDENONG","METROPOLITAN SOUTH EAST REGION",-37.93799562,145.1621437,"Dry","Clear"
"T20190012589","6/7/19",17:15:00,"Collision with vehicle","Saturday","Day",2,6,"T intersection",3,60,"YARRA RANGES","METROPOLITAN SOUTH EAST REGION",-37.65585336,145.5117926,"Dry","Clear"
"T20190012592","6/7/19",16:00:00,"Collision with a fixed object","Saturday","Day",1,1,"Not at intersection",1,60,"WYNDHAM","METROPOLITAN NORTH WEST REGION",-37.90299882,144.6513182,"Dry","Clear"