"ACCIDENT_NO","ACCIDENTDATE","ACCIDENTTIME","Accident Type Desc","Day Week Description","Light Condition Desc","NO_OF_VEHICLES","NO_PERSONS","Road Geometry Desc","SEVERITY","SPEED_ZONE","LGA_NAME","REGION_NAME","Lat","Long","Surface Cond Desc","Atmosph Cond Desc"
"T20190012593","6/7/19",19:30:00,"Collision with vehicle","Saturday","Dark Street lights on",2,3,"Not at intersection",3,100,"HUME","METROPOLITAN NORTH WEST REGION",-37.62406981,144.948132,"Dry","Clear"
"T20190012595","6/7/19",15:00:00,"Fall from or in moving vehicle","Saturday","Day",1,1,"Not at intersection",3,100,"MILDURA","WESTERN REGION",-34.65900093,141.8285732,"Dry","Clear"
"T20190012596","6/7/19",18:30:00,"Struck Pedestrian","Saturday","Dark Street lights on",1,2,"Not at intersection",3,50,"GEELONG","SOUTH WESTERN REGION",-38.17970545,144.3897312,"Dry","Clear"
"T20190012597","5/7/19",15:30:00,"Collision with vehicle","Friday","Day",3,3,"Not at intersection",3,80,"DANDENONG","METROPOLITAN SOUTH EAST REGION",-37.95644813,145.2262454,"Unknown","Not known"
"T20190012599","6/7/19",16:18:00,"Collision with vehicle","Saturday","Day",2,2,"Not at intersection",3,60,"DAREBIN","METROPOLITAN NORTH WEST REGION",-37.74559275,145.0074599,"Dry","Clear"
"T20190012601","6/7/19",19:24:00,"Collision with vehicle","Saturday","Dark No street lights",2,2,"T intersection",3,999,"WHITEHORSE","METROPOLITAN SOUTH EAST REGION",-37.83749494,145.1849521,"Dry","Clear"
"T20190012603","6/7/19",13:50:00,"Collision with vehicle","Saturday","Day",2,2,"Cross intersection",3,999,"YARRA","METROPOLITAN NORTH WEST REGION",-37.81459386,144.9999015,"Dry","Clear"
"T20190012606","4/7/19",23:12:00,"Collision with vehicle","Thursday","Dark Street lights on",2,2,"Cross intersection",3,40,"YARRA","METROPOLITAN NORTH WEST REGION",-37.79833733,144.9784669,"Dry","Clear"
"T20190012608","6/7/19",00:50:00,"Collision with a fixed object","Saturday","Dark Street lights unknown",1,3,"Not at intersection",3,100,"KNOX","METROPOLITAN SOUTH EAST REGION",-37.85628634,145.2136506,"Dry","Clear"
"T20190012609","7/7/19",02:30:00,"Collision with a fixed object","Sunday","Dark Street lights on",1,5,"Not at intersection",3,50,"WHITTLESEA","METROPOLITAN NORTH WEST REGION",-37.63633844,145.0215874,"Dry","Clear"
"T20190012610","7/7/19",00:15:00,"Collision with vehicle","Sunday","Dark No street lights",2,3,"Not at intersection",3,40,"GEELONG","SOUTH WESTERN REGION",-38.19242319,144.5484325,"Dry","Clear"
"T20190012614","7/7/19",02:30:00,"Collision with vehicle","Sunday","Dark Street lights on",2,2,"Dead end",3,50,"SURF COAST","SOUTH WESTERN REGION",-38.32281338,144.3164791,"Dry","Clear"
"T20190012619","6/7/19",16:30:00,"Collision with a fixed object","Saturday","Day",1,1,"Not at intersection",3,100,"YARRA RANGES","METROPOLITAN SOUTH EAST REGION",-37.87272799,145.8019294,"Wet","Clear"
"T20190012619","6/7/19",16:30:00,"Collision with a fixed object","Saturday","Day",1,1,"Not at intersection",3,100,"YARRA RANGES","METROPOLITAN SOUTH EAST REGION",-37.87272799,145.8019294,"Muddy","Clear"
"T20190012621","6/7/19",20:00:00,"Collision with vehicle","Saturday","Dark Street lights on",2,2,"T intersection",3,70,"KNOX","METROPOLITAN SOUTH EAST REGION",-37.89791242,145.2404387,"Dry","Clear"
"T20190012624","7/7/19",10:30:00,"Collision with vehicle","Sunday","Day",2,2,"Cross intersection",3,60,"BENDIGO","NORTHERN REGION",-36.79660292,144.2424642,"Dry","Clear"
"T20190012625","7/7/19",10:30:00,"Collision with vehicle","Sunday","Day",2,2,"T intersection",3,60,"GEELONG","SOUTH WESTERN REGION",-38.17164975,144.3506923,"Dry","Clear"
"T20190012626","6/7/19",16:15:00,"Collision with vehicle","Saturday","Day",3,4,"Not at intersection",3,90,"CARDINIA","METROPOLITAN SOUTH EAST REGION",-38.13702166,145.488488,"Dry","Clear"
"T20190012629","7/7/19",12:40:00,"Collision with vehicle","Sunday","Day",2,7,"Cross intersection",3,80,"MANNINGHAM","METROPOLITAN SOUTH EAST REGION",-37.80346298,145.1780281,"Icy","Clear"
"T20190012630","7/7/19",13:25:00,"Collision with a fixed object","Sunday","Day",1,2,"Not at intersection",3,80,"YARRA RANGES","METROPOLITAN SOUTH EAST REGION",-37.80612752,145.3521141,"Dry","Clear"
"T20190012632","6/7/19",22:50:00,"Collision with vehicle","Saturday","Dark Street lights on",2,4,"T intersection",3,60,"HUME","METROPOLITAN NORTH WEST REGION",-37.58382957,144.9378488,"Wet","Clear"
"T20190012633","7/7/19",09:20:00,"Collision with vehicle","Sunday","Day",4,2,"Not at intersection",3,60,"WHITEHORSE","METROPOLITAN SOUTH EAST REGION",-37.81565485,145.1243904,"Dry","Clear"
"T20190012634","7/7/19",13:42:00,"Struck Pedestrian","Sunday","Day",1,2,"Not at intersection",3,50,"SURF COAST","SOUTH WESTERN REGION",-38.32009873,144.3211821,"Dry","Clear"
"T20190012635","7/7/19",13:40:00,"Collision with a fixed object","Sunday","Day",1,1,"Cross intersection",3,50,"KNOX","METROPOLITAN SOUTH EAST REGION",-37.88301641,145.2954447,"Dry","Clear"
"T20190012636","7/7/19",13:17:00,"Vehicle overturned (no collision)","Sunday","Day",1,1,"Not at intersection",3,100,"SOUTHERN GRAMPIANS","SOUTH WESTERN REGION",-37.63272971,141.7865604,"Wet","Raining"
"T20190012637","7/7/19",14:30:00,"Collision with vehicle","Sunday","Day",2,4,"Cross intersection",3,60,"WYNDHAM","METROPOLITAN NORTH WEST REGION",-37.88767641,144.6136029,"Dry","Clear"
"T20190012639","5/7/19",10:20:00,"Collision with vehicle","Friday","Unknown",2,3,"Cross intersection",3,60,"HUME","METROPOLITAN NORTH WEST REGION",-37.68093765,144.9166397,"Dry","Not known"
"T20190012640","7/7/19",01:51:00,"Collision with vehicle","Sunday","Dark No street lights",2,2,"Cross intersection",3,100,"SHEPPARTON","NORTH EASTERN REGION",-36.42550567,145.2409779,"Dry","Clear"
"T20190012642","7/7/19",16:10:00,"Vehicle overturned (no collision)","Sunday","Day",1,1,"Not at intersection",3,50,"BANYULE","METROPOLITAN NORTH WEST REGION",-37.75143606,145.0431318,"Dry","Clear"
"T20190012648","7/7/19",15:20:00,"Collision with vehicle","Sunday","Day",2,3,"Cross intersection",3,60,"MORELAND","METROPOLITAN NORTH WEST REGION",-37.7180673,144.95171,"Dry","Clear"
"T20190012650","5/7/19",17:30:00,"Struck Pedestrian","Friday","Day",1,2,"T intersection",3,999,"MONASH","METROPOLITAN SOUTH EAST REGION",-37.89814271,145.0898436,"Unknown","Not known"
"T20190012651","7/7/19",19:25:00,"Collision with vehicle","Sunday","Dark Street lights on",4,5,"T intersection",3,80,"HUME","METROPOLITAN NORTH WEST REGION",-37.61607821,144.9471608,"Wet","Not known"
"T20190012653","7/7/19",18:10:00,"Collision with vehicle","Sunday","Dark Street lights on",4,8,"Not at intersection",3,80,"BANYULE","METROPOLITAN NORTH WEST REGION",-37.7064195,145.0883586,"Wet","Raining"
"T20190012656","7/7/19",17:20:00,"Collision with a fixed object","Sunday","Dark Street lights on",1,2,"Not at intersection",2,80,"MORNINGTON PENINSULA","METROPOLITAN SOUTH EAST REGION",-38.35255813,145.0607982,"Wet","Raining"
"T20190012662","30/6/19",03:20:00,"Struck Pedestrian","Sunday","Dark Street lights unknown",1,2,"Not at intersection",3,50,"MORNINGTON PENINSULA","METROPOLITAN SOUTH EAST REGION",-38.24263766,145.0572506,"Unknown","Not known"
"T20190012669","8/7/19",04:30:00,"Collision with vehicle","Monday","Dark Street lights on",3,1,"Not at intersection",3,60,"DAREBIN","METROPOLITAN NORTH WEST REGION",-37.77728226,145.02542,"Wet","Raining"
"T20190012673","8/7/19",07:00:00,"Collision with a fixed object","Monday","Dark No street lights",1,3,"Not at intersection",3,100,"GOLDEN PLAINS","SOUTH WESTERN REGION",-37.96539613,144.1732923,"Wet","Raining"
"T20190012674","5/7/19",09:45:00,"Struck Pedestrian","Friday","Day",1,2,"Cross intersection",3,50,"SHEPPARTON","NORTH EASTERN REGION",-36.37677822,145.398724,"Unknown","Not known"
"T20190012675","7/7/19",02:30:00,"Collision with vehicle","Sunday","Dark Street lights on",2,2,"Not at intersection",3,40,"STONNINGTON","METROPOLITAN SOUTH EAST REGION",-37.84097289,144.9953217,"Dry","Clear"
"T20190012676","8/7/19",06:58:00,"Collision with vehicle","Monday","Dusk/Dawn",4,4,"T intersection",3,100,"YARRA RANGES","METROPOLITAN SOUTH EAST REGION",-37.95848956,145.3780852,"Wet","Raining"
"T20190012676","8/7/19",06:58:00,"Collision with vehicle","Monday","Dusk/Dawn",4,4,"T intersection",3,100,"YARRA RANGES","METROPOLITAN SOUTH EAST REGION",-37.95848956,145.3780852,"Muddy","Raining"
"T20190012677","5/7/19",14:55:00,"Struck Pedestrian","Friday","Day",1,2,"Cross intersection",3,60,"GLEN EIRA","METROPOLITAN SOUTH EAST REGION",-37.8877663,145.0287893,"Dry","Clear"
"T20190012679","3/7/19",21:30:00,"Collision with vehicle","Wednesday","Dark Street lights on",2,2,"Not at intersection",3,70,"MANNINGHAM","METROPOLITAN SOUTH EAST REGION",-37.76812024,145.0797209,"Dry","Clear"
"T20190012680","8/7/19",07:10:00,"Struck Pedestrian","Monday","Day",1,3,"T intersection",3,60,"LATROBE","EASTERN REGION",-38.23247046,146.4319452,"Wet","Raining"
"T20190012682","29/3/19",13:50:00,"Collision with vehicle","Friday","Day",2,2,"Not at intersection",2,80,"GLEN EIRA","METROPOLITAN SOUTH EAST REGION",-37.88643213,144.9994333,"Dry","Clear"
"T20190012685","8/7/19",08:15:00,"Collision with vehicle","Monday","Day",2,2,"T intersection",3,80,"DANDENONG","METROPOLITAN SOUTH EAST REGION",-38.03166014,145.2119476,"Wet","Clear"
"T20190012687","25/5/19",17:30:00,"Vehicle overturned (no collision)","Saturday","Day",1,3,"Not at intersection",2,888,"HEPBURN","WESTERN REGION",-37.45966897,143.9079634,"Dry","Clear"
"T20190012688","7/7/19",17:22:00,"Collision with vehicle","Sunday","Dark Street lights on",2,2,"Cross intersection",3,999,"BRIMBANK","METROPOLITAN NORTH WEST REGION",-37.70185045,144.8018894,"Wet","Raining"
"T20190012690","7/7/19",20:00:00,"Collision with vehicle","Sunday","Dark Street lights on",2,3,"T intersection",3,60,"DANDENONG","METROPOLITAN SOUTH EAST REGION",-37.9819609,145.1651029,"Wet","Raining"
"T20190012692","8/7/19",12:00:00,"Collision with vehicle","Monday","Day",2,3,"Cross intersection",3,60,"DANDENONG","METROPOLITAN SOUTH EAST REGION",-37.98811608,145.214345,"Dry","Clear"
"T20190012693","6/7/19",10:00:00,"Vehicle overturned (no collision)","Saturday","Day",1,1,"Not at intersection",3,50,"HEPBURN","WESTERN REGION",-37.29459283,143.786168,"Dry","Clear"
"T20190012694","27/6/19",16:00:00,"No collision and no object struck","Thursday","Unknown",1,1,"Not at intersection",3,999,"HINDMARSH","WESTERN REGION",-35.92264,141.8545958,"Unknown","Clear"
"T20190012698","8/7/19",09:08:00,"Collision with vehicle","Monday","Day",2,3,"Not at intersection",2,80,"CARDINIA","METROPOLITAN SOUTH EAST REGION",-38.11708117,145.4260363,"Wet","Clear"
"T20190012701","8/7/19",11:30:00,"Collision with a fixed object","Monday","Day",1,1,"Not at intersection",3,100,"LODDON","NORTHERN REGION",-36.49404619,143.9990912,"Wet","Clear"
"T20190012701","8/7/19",11:30:00,"Collision with a fixed object","Monday","Day",1,1,"Not at intersection",3,100,"LODDON","NORTHERN REGION",-36.49404619,143.9990912,"Muddy","Clear"
"T20190012702","8/7/19",13:31:00,"Collision with vehicle","Monday","Day",2,2,"T intersection",3,60,"WHITTLESEA","METROPOLITAN NORTH WEST REGION",-37.67259948,145.0152908,"Dry","Clear"
"T20190012704","7/7/19",22:10:00,"Collision with vehicle","Sunday","Dark Street lights on",2,1,"Not at intersection",3,50,"SHEPPARTON","NORTH EASTERN REGION",-36.38634779,145.4068528,"Wet","Clear"
"T20190012709","2/7/19",14:10:00,"Collision with vehicle","Tuesday","Day",2,2,"Cross intersection",3,50,"DANDENONG","METROPOLITAN SOUTH EAST REGION",-37.99250338,145.2042153,"Dry","Not known"
"T20190012709","2/7/19",14:10:00,"Collision with vehicle","Tuesday","Day",2,2,"Cross intersection",3,50,"DANDENONG","METROPOLITAN SOUTH EAST REGION",-37.99250338,145.2042153,"Icy","Not known"
"T20190012710","8/7/19",14:00:00,"Collision with a fixed object","Monday","Day",1,2,"Not at intersection",3,60,"PORT PHILLIP","METROPOLITAN NORTH WEST REGION",-37.8621663,144.9727576,"Dry","Clear"
"T20190012711","8/7/19",13:33:00,"Collision with vehicle","Monday","Day",2,2,"Cross intersection",3,60,"BANYULE","METROPOLITAN NORTH WEST REGION",-37.74287138,145.0724847,"Dry","Clear"
"T20190012713","8/7/19",16:30:00,"Collision with vehicle","Monday","Day",2,3,"Not at intersection",3,80,"YARRA RANGES","METROPOLITAN SOUTH EAST REGION",-37.75321107,145.3653104,"Dry","Clear"
"T20190012717","25/6/19",15:00:00,"Collision with vehicle","Tuesday","Day",2,2,"Not at intersection",3,60,"MORELAND","METROPOLITAN NORTH WEST REGION",-37.76769954,144.9489456,"Dry","Clear"
"T20190012719","8/7/19",18:02:00,"Vehicle overturned (no collision)","Monday","Dark Street lights on",1,1,"Not at intersection",3,60,"BAW BAW","EASTERN REGION",-38.16624875,145.9528086,"Dry","Clear"
"T20190012721","8/7/19",18:19:00,"Collision with a fixed object","Monday","Dark Street lights on",1,1,"Not at intersection",3,60,"MELTON","METROPOLITAN NORTH WEST REGION",-37.72525547,144.7617793,"Dry","Clear"
"T20190012723","8/7/19",17:54:00,"Collision with vehicle","Monday","Dark Street lights on",4,5,"Not at intersection",3,60,"MOONEE VALLEY","METROPOLITAN NORTH WEST REGION",-37.72719473,144.8904998,"Dry","Clear"
"T20190012724","8/7/19",18:20:00,"Struck Pedestrian","Monday","Dark No street lights",1,2,"Not at intersection",3,60,"DAREBIN","METROPOLITAN NORTH WEST REGION",-37.78222959,144.9964567,"Dry","Clear"
"T20190012725","8/7/19",18:45:00,"Struck Pedestrian","Monday","Dark No street lights",1,2,"Not at intersection",3,80,"DANDENONG","METROPOLITAN SOUTH EAST REGION",-38.0182592,145.1794174,"Dry","Clear"
"T20190012726","8/7/19",17:50:00,"Collision with vehicle","Monday","Unknown",2,2,"Not at intersection",3,80,"KNOX","METROPOLITAN SOUTH EAST REGION",-37.9140334,145.2358612,"Unknown","Not known"
"T20190012727","8/7/19",16:27:00,"Vehicle overturned (no collision)","Monday","Day",1,2,"Y intersection",3,80,"BANYULE","METROPOLITAN NORTH WEST REGION",-37.73308984,145.1371551,"Dry","Clear"
"T20190012728","8/7/19",19:58:00,"Collision with vehicle","Monday","Dark Street lights on",2,3,"Not at intersection",3,60,"HUME","METROPOLITAN NORTH WEST REGION",-37.63141093,144.9116052,"Dry","Clear"
"T20190012729","8/7/19",22:30:00,"Collision with vehicle","Monday","Dark Street lights on",2,2,"Not at intersection",3,60,"MELBOURNE","METROPOLITAN NORTH WEST REGION",-37.79216232,144.9182423,"Dry","Clear"
"T20190012730","8/7/19",01:14:00,"collision with some other object","Monday","Dark No street lights",1,3,"Not at intersection",3,110,"STRATHBOGIE","NORTH EASTERN REGION",-36.86864676,145.2909532,"Wet","Raining"
"T20190012730","8/7/19",01:14:00,"collision with some other object","Monday","Dark No street lights",1,3,"Not at intersection",3,110,"STRATHBOGIE","NORTH EASTERN REGION",-36.86864676,145.2909532,"Wet","Fog"
"T20190012731","8/7/19",14:12:00,"Collision with vehicle","Monday","Day",3,6,"Cross intersection",2,80,"CASEY","METROPOLITAN SOUTH EAST REGION",-38.07452985,145.3356263,"Dry","Clear"
"T20190012732","8/7/19",18:00:00,"Collision with vehicle","Monday","Dark Street lights on",3,3,"Not at intersection",3,80,"CASEY","METROPOLITAN SOUTH EAST REGION",-38.08076239,145.2963675,"Dry","Clear"
"T20190012739","9/7/19",05:00:00,"Collision with vehicle","Tuesday","Dark Street lights on",3,3,"Not at intersection",3,60,"WHITTLESEA","METROPOLITAN NORTH WEST REGION",-37.51797305,145.1143668,"Dry","Clear"
"T20190012740","8/7/19",12:14:00,"Collision with vehicle","Monday","Day",2,6,"Not at intersection",3,100,"WANGARATTA","NORTH EASTERN REGION",-36.53657975,146.6404,"Dry","Clear"
"T20190012741","9/7/19",06:00:00,"Struck Pedestrian","Tuesday","Dark Street lights on",1,2,"Not at intersection",3,60,"MELTON","METROPOLITAN NORTH WEST REGION",-37.68442644,144.5665058,"Dry","Clear"
"T20190012743","9/7/19",06:50:00,"Collision with vehicle","Tuesday","Dark Street lights on",3,2,"Not at intersection",3,50,"BANYULE","METROPOLITAN NORTH WEST REGION",-37.71896087,145.0846441,"Dry","Not known"
"T20190012745","9/7/19",08:34:00,"Collision with vehicle","Tuesday","Day",2,2,"Cross intersection",3,50,"YARRA","METROPOLITAN NORTH WEST REGION",-37.82834856,144.9974553,"Dry","Clear"
"T20190012747","9/7/19",10:30:00,"Collision with vehicle","Tuesday","Day",2,2,"T intersection",3,60,"KINGSTON","METROPOLITAN SOUTH EAST REGION",-37.95471978,145.0764836,"Dry","Clear"
"T20190012750","9/7/19",09:24:00,"Other accident","Tuesday","Day",1,3,"T intersection",3,999,"MANNINGHAM","METROPOLITAN SOUTH EAST REGION",-37.75226056,145.1539697,"Dry","Clear"
"T20190012751","15/6/19",10:45:00,"Fall from or in moving vehicle","Saturday","Unknown",1,2,"Not at intersection",1,50,"HORSHAM","WESTERN REGION",-36.71169242,142.20889,"Unknown","Not known"
"T20190012755","7/7/19",17:30:00,"Collision with vehicle","Sunday","Dusk/Dawn",2,2,"Not at intersection",3,70,"YARRA","METROPOLITAN NORTH WEST REGION",-37.80328994,144.9924094,"Wet","Raining"
"T20190012756","9/7/19",10:30:00,"Collision with vehicle","Tuesday","Day",2,4,"Not at intersection",3,60,"MILDURA","WESTERN REGION",-34.20977934,142.1399108,"Dry","Clear"
"T20190012761","9/7/19",08:40:00,"Collision with vehicle","Tuesday","Day",2,2,"Not at intersection",3,40,"STONNINGTON","METROPOLITAN SOUTH EAST REGION",-37.84667983,144.9927065,"Dry","Clear"
"T20190012764","13/6/19",18:30:00,"Collision with vehicle","Thursday","Dark Street lights on",2,2,"T intersection",3,60,"BAYSIDE","METROPOLITAN SOUTH EAST REGION",-37.96316545,145.0373773,"Wet","Not known"
"T20190012765","9/7/19",14:01:00,"Collision with vehicle","Tuesday","Day",2,2,"Not at intersection",3,80,"BRIMBANK","METROPOLITAN NORTH WEST REGION",-37.82219008,144.82994,"Dry","Clear"
"T20190012766","9/7/19",12:50:00,"Vehicle overturned (no collision)","Tuesday","Day",2,2,"Cross intersection",3,100,"MORNINGTON PENINSULA","METROPOLITAN SOUTH EAST REGION",-38.22175435,145.2393753,"Dry","Clear"
"T20190012768","9/7/19",11:50:00,"Collision with a fixed object","Tuesday","Day",1,1,"Not at intersection",3,60,"GEELONG","SOUTH WESTERN REGION",-38.16244011,144.3537732,"Dry","Clear"
"T20190012770","9/7/19",13:50:00,"Collision with vehicle","Tuesday","Day",2,4,"T intersection",3,70,"KINGSTON","METROPOLITAN SOUTH EAST REGION",-37.97170062,145.1070052,"Wet","Raining"
"T20190012771","2/7/19",15:35:00,"Collision with vehicle","Tuesday","Unknown",2,2,"T intersection",3,40,"MELBOURNE","METROPOLITAN NORTH WEST REGION",-37.81987641,144.9591194,"Unknown","Not known"
"T20190012772","9/7/19",14:55:00,"Collision with vehicle","Tuesday","Day",2,2,"Not at intersection",3,80,"CARDINIA","METROPOLITAN SOUTH EAST REGION",-37.94490669,145.5188126,"Wet","Raining"
"T20190012776","19/4/19",17:00:00,"No collision and no object struck","Friday","Dusk/Dawn",1,1,"Not at intersection",3,30,"WELLINGTON","EASTERN REGION",-37.75400989,146.5008381,"Dry","Clear"
"T20190012779","7/7/19",17:15:00,"No collision and no object struck","Sunday","Dusk/Dawn",1,1,"Not at intersection",3,100,"WYNDHAM","METROPOLITAN NORTH WEST REGION",-37.84010115,144.7943409,"Wet","Clear"
"T20190012780","9/7/19",15:20:00,"Collision with vehicle","Tuesday","Day",2,2,"Not at intersection",3,70,"DAREBIN","METROPOLITAN NORTH WEST REGION",-37.77206435,144.9904702,"Dry","Clear"
"T20190012781","9/7/19",16:00:00,"Collision with vehicle","Tuesday","Day",2,3,"Not at intersection",3,80,"LATROBE","EASTERN REGION",-38.16073457,146.3723289,"Dry","Clear"
"T20190012782","9/7/19",16:17:00,"Collision with vehicle","Tuesday","Day",2,4,"Cross intersection",3,60,"CARDINIA","METROPOLITAN SOUTH EAST REGION",-38.14612575,145.4246004,"Dry","Clear"
"T20190012783","9/7/19",17:38:00,"Collision with vehicle","Tuesday","Dusk/Dawn",3,4,"T intersection",3,60,"BOROONDARA","METROPOLITAN SOUTH EAST REGION",-37.84490518,145.040894,"Dry","Clear"
"T20190012784","9/7/19",18:35:00,"Collision with vehicle","Tuesday","Dark Street lights on",2,2,"Cross intersection",3,60,"WHITEHORSE","METROPOLITAN SOUTH EAST REGION",-37.83040808,145.1362987,"Wet","Clear"
"T20190012785","5/7/19",17:40:00,"Collision with vehicle","Friday","Dusk/Dawn",6,6,"Not at intersection",3,100,"KNOX","METROPOLITAN SOUTH EAST REGION",-37.90902596,145.2159397,"Dry","Clear"
"T20190012786","9/7/19",16:38:00,"Collision with vehicle","Tuesday","Day",3,7,"T intersection",3,60,"SHEPPARTON","NORTH EASTERN REGION",-36.37940423,145.3958,"Dry","Clear"
"T20190012790","9/7/19",17:50:00,"No collision and no object struck","Tuesday","Day",1,1,"Not at intersection",3,60,"HUME","METROPOLITAN NORTH WEST REGION",-37.69408474,144.9153387,"Dry","Clear"
"T20190012792","9/7/19",18:00:00,"Collision with vehicle","Tuesday","Dark No street lights",2,2,"Not at intersection",3,80,"MOIRA","NORTH EASTERN REGION",-36.01306525,146.0197,"Dry","Clear"
"T20190012795","9/7/19",21:00:00,"Struck Pedestrian","Tuesday","Dark Street lights on",1,2,"T intersection",3,50,"MARIBYRNONG","METROPOLITAN NORTH WEST REGION",-37.79470829,144.8631827,"Dry","Clear"
"T20190012796","9/7/19",18:44:00,"Collision with vehicle","Tuesday","Dark No street lights",2,2,"Cross intersection",3,60,"WYNDHAM","METROPOLITAN NORTH WEST REGION",-37.84340856,144.7316725,"Dry","Clear"
"T20190012797","10/7/19",01:30:00,"Collision with vehicle","Wednesday","Dark Street lights on",2,2,"Cross intersection",3,40,"MELBOURNE","METROPOLITAN NORTH WEST REGION",-37.81202509,144.9593429,"Dry","Clear"
"T20190012799","9/7/19",23:42:00,"Collision with a fixed object","Tuesday","Dark No street lights",1,1,"Not at intersection",3,100,"GLENELG","SOUTH WESTERN REGION",-37.68032751,141.0180495,"Dry","Clear"
"T20190012801","28/6/19",18:21:00,"Collision with vehicle","Friday","Dark Street lights on",2,2,"T intersection",3,80,"KNOX","METROPOLITAN SOUTH EAST REGION",-37.87693587,145.2208576,"Wet","Clear"
"T20190012802","10/7/19",07:00:00,"Struck Pedestrian","Wednesday","Dark Street lights on",1,2,"T intersection",3,50,"BRIMBANK","METROPOLITAN NORTH WEST REGION",-37.75792429,144.8113808,"Dry","Clear"
"T20190012803","10/7/19",07:20:00,"Collision with vehicle","Wednesday","Day",2,2,"Cross intersection",3,60,"GEELONG","SOUTH WESTERN REGION",-38.17093367,144.3190375,"Wet","Clear"
"T20190012804","5/7/19",17:00:00,"Collision with vehicle","Friday","Dusk/Dawn",2,2,"Not at intersection",3,60,"WYNDHAM","METROPOLITAN NORTH WEST REGION",-37.82749588,144.7486039,"Dry","Clear"
"T20190012806","5/7/19",15:00:00,"Struck Pedestrian","Friday","Day",1,2,"Cross intersection",2,60,"BENDIGO","NORTHERN REGION",-36.75819727,144.2966035,"Dry","Clear"
"T20190012807","10/7/19",08:55:00,"Collision with vehicle","Wednesday","Day",2,2,"Cross intersection",3,40,"YARRA","METROPOLITAN NORTH WEST REGION",-37.78604216,144.9724642,"Dry","Clear"
"T20190012808","3/7/19",17:45:00,"Collision with vehicle","Wednesday","Dark Street lights on",2,2,"Not at intersection",3,100,"BRIMBANK","METROPOLITAN NORTH WEST REGION",-37.75536575,144.8254849,"Dry","Clear"
"T20190012812","28/6/19",06:30:00,"collision with some other object","Friday","Dark Street lights on",2,2,"Not at intersection",3,60,"DAREBIN","METROPOLITAN NORTH WEST REGION",-37.78258271,145.0092143,"Dry","Clear"
"T20190012814","10/7/19",08:50:00,"Collision with vehicle","Wednesday","Day",2,3,"T intersection",3,60,"BRIMBANK","METROPOLITAN NORTH WEST REGION",-37.79577712,144.7898076,"Dry","Clear"
"T20190012816","9/7/19",15:40:00,"Collision with vehicle","Tuesday","Day",2,2,"Not at intersection",3,80,"DANDENONG","METROPOLITAN SOUTH EAST REGION",-38.03431044,145.2451613,"Dry","Clear"
"T20190012818","10/7/19",08:40:00,"Collision with vehicle","Wednesday","Day",2,2,"Not at intersection",3,60,"PORT PHILLIP","METROPOLITAN NORTH WEST REGION",-37.8378093,144.973713,"Dry","Not known"
"T20190012820","10/7/19",12:30:00,"Collision with vehicle","Wednesday","Day",2,3,"Cross intersection",3,70,"LATROBE","EASTERN REGION",-38.30837501,146.4205812,"Dry","Clear"
"T20190012822","10/7/19",10:30:00,"Collision with vehicle","Wednesday","Day",2,2,"T intersection",3,110,"BULOKE","NORTHERN REGION",-35.2792455,142.6916646,"Dry","Clear"
"T20190012824","10/7/19",11:08:00,"Collision with vehicle","Wednesday","Day",2,3,"Cross intersection",2,60,"GEELONG","SOUTH WESTERN REGION",-38.11081693,144.3433954,"Dry","Clear"
"T20190012825","10/7/19",13:20:00,"Collision with vehicle","Wednesday","Day",2,2,"T intersection",3,60,"WYNDHAM","METROPOLITAN NORTH WEST REGION",-37.87746952,144.6828079,"Dry","Clear"
"T20190012827","6/7/19",14:00:00,"No collision and no object struck","Saturday","Day",1,1,"T intersection",3,999,"WELLINGTON","EASTERN REGION",-37.94564193,146.759461,"Unknown","Clear"
"T20190012832","10/7/19",10:00:00,"Collision with vehicle","Wednesday","Day",2,2,"T intersection",3,60,"BENDIGO","NORTHERN REGION",-36.78451498,144.2313039,"Dry","Clear"
"T20190012834","30/6/19",14:00:00,"collision with some other object","Sunday","Day",1,1,"Not at intersection",3,888,"ALPINE","NORTH EASTERN REGION",-36.52929065,146.7295595,"Wet","Raining"
"T20190012840","10/7/19",16:40:00,"Collision with vehicle","Wednesday","Day",2,2,"Cross intersection",3,50,"EAST GIPPSLAND","EASTERN REGION",-37.8182796,147.6032907,"Dry","Clear"
"T20190012841","10/7/19",13:00:00,"Collision with vehicle","Wednesday","Day",3,3,"Cross intersection",3,50,"DAREBIN","METROPOLITAN NORTH WEST REGION",-37.70553087,145.0160343,"Dry","Clear"
"T20190012841","10/7/19",13:00:00,"Collision with vehicle","Wednesday","Day",3,3,"Cross intersection",3,50,"DAREBIN","METROPOLITAN NORTH WEST REGION",-37.70553087,145.0160343,"Dry","Strong winds"
"T20190012842","10/7/19",17:40:00,"Struck Pedestrian","Wednesday","Dark Street lights on",1,2,"Not at intersection",2,60,"BOROONDARA","METROPOLITAN SOUTH EAST REGION",-37.84395027,145.0543123,"Dry","Clear"