"ACCIDENT_NO","ACCIDENTDATE","ACCIDENTTIME","Accident Type Desc","Day Week Description","Light Condition Desc","NO_OF_VEHICLES","NO_PERSONS","Road Geometry Desc","SEVERITY","SPEED_ZONE","LGA_NAME","REGION_NAME","Lat","Long","Surface Cond Desc","Atmosph Cond Desc"
"T20190012846","10/7/19",14:30:00,"Collision with vehicle","Wednesday","Day",2,2,"Dead end",3,60,"STONNINGTON","METROPOLITAN SOUTH EAST REGION",-37.84791037,144.9939638,"Dry","Clear"
"T20190012846","10/7/19",14:30:00,"Collision with vehicle","Wednesday","Day",2,2,"Dead end",3,60,"STONNINGTON","METROPOLITAN SOUTH EAST REGION",-37.84791037,144.9939638,"Dry","Strong winds"
"T20190012848","10/7/19",18:00:00,"Collision with vehicle","Wednesday","Dark No street lights",2,7,"Not at intersection",3,110,"BAW BAW","EASTERN REGION",-38.1223474,145.8705027,"Dry","Clear"
"T20190012849","10/7/19",17:30:00,"Struck Pedestrian","Wednesday","Dark Street lights on",1,2,"Not at intersection",3,60,"MARIBYRNONG","METROPOLITAN NORTH WEST REGION",-37.80144236,144.9011911,"Dry","Clear"
"T20190012850","10/7/19",18:40:00,"Collision with vehicle","Wednesday","Dark Street lights on",3,3,"Not at intersection",3,100,"BOROONDARA","METROPOLITAN SOUTH EAST REGION",-37.7902946,145.0514592,"Dry","Clear"
"T20190012851","10/7/19",15:55:00,"Collision with vehicle","Wednesday","Day",3,3,"Not at intersection",2,50,"MILDURA","WESTERN REGION",-34.19434155,142.1615183,"Dry","Clear"
"T20190012857","10/7/19",17:00:00,"Vehicle overturned (no collision)","Wednesday","Dusk/Dawn",1,1,"Not at intersection",3,60,"STONNINGTON","METROPOLITAN SOUTH EAST REGION",-37.83992026,144.9955321,"Unknown","Not known"
"T20190012858","3/7/19",14:50:00,"Collision with vehicle","Wednesday","Day",2,4,"T intersection",3,60,"SHEPPARTON","NORTH EASTERN REGION",-36.4011675,145.3949964,"Dry","Not known"
"T20190012859","10/7/19",19:40:00,"Collision with vehicle","Wednesday","Dark Street lights on",2,1,"Not at intersection",3,50,"BRIMBANK","METROPOLITAN NORTH WEST REGION",-37.79664029,144.8085053,"Wet","Raining"
"T20190012860","10/7/19",17:33:00,"Collision with vehicle","Wednesday","Dusk/Dawn",2,2,"Not at intersection",3,100,"LATROBE","EASTERN REGION",-38.30960675,146.3310173,"Dry","Clear"
"T20190012861","10/7/19",21:00:00,"Collision with vehicle","Wednesday","Dark Street lights on",2,1,"Not at intersection",3,50,"HOBSONS BAY","METROPOLITAN NORTH WEST REGION",-37.85455199,144.7963512,"Wet","Raining"
"T20190012863","10/7/19",22:30:00,"Struck Pedestrian","Wednesday","Dark Street lights on",1,3,"Cross intersection",3,60,"MELBOURNE","METROPOLITAN NORTH WEST REGION",-37.80097755,144.9499905,"Wet","Raining"
"T20190012864","10/7/19",17:40:00,"Collision with vehicle","Wednesday","Dark No street lights",2,6,"Not at intersection",3,100,"HINDMARSH","WESTERN REGION",-36.41019682,141.9715451,"Dry","Clear"
"T20190012865","10/7/19",22:10:00,"Collision with vehicle","Wednesday","Dark No street lights",2,3,"Not at intersection",3,100,"WYNDHAM","METROPOLITAN NORTH WEST REGION",-37.89267022,144.7096614,"Wet","Raining"
"T20190012865","10/7/19",22:10:00,"Collision with vehicle","Wednesday","Dark No street lights",2,3,"Not at intersection",3,100,"WYNDHAM","METROPOLITAN NORTH WEST REGION",-37.89267022,144.7096614,"Wet","Strong winds"
"T20190012866","10/7/19",22:10:00,"No collision and no object struck","Wednesday","Unknown",1,1,"Not at intersection",3,60,"WYNDHAM","METROPOLITAN NORTH WEST REGION",-37.89825379,144.706861,"Wet","Raining"
"T20190012869","10/7/19",22:40:00,"Collision with vehicle","Wednesday","Dark Street lights off",3,4,"Cross intersection",2,70,"WHITTLESEA","METROPOLITAN NORTH WEST REGION",-37.65970829,145.019106,"Wet","Raining"
"T20190012870","11/7/19",00:18:00,"Vehicle overturned (no collision)","Thursday","Dark Street lights on",1,1,"Not at intersection",3,40,"YARRA","METROPOLITAN NORTH WEST REGION",-37.818524,144.9984765,"Wet","Raining"
"T20190012872","11/7/19",03:30:00,"Collision with vehicle","Thursday","Dark No street lights",2,4,"Not at intersection",3,110,"WANGARATTA","NORTH EASTERN REGION",-36.44449033,146.2449723,"Wet","Raining"
"T20190012874","11/7/19",02:05:00,"Vehicle overturned (no collision)","Thursday","Dark No street lights",2,51,"Not at intersection",1,100,"HORSHAM","WESTERN REGION",-36.56250997,142.1158115,"Wet","Clear"
"T20190012876","10/7/19",20:30:00,"Collision with a fixed object","Wednesday","Dark No street lights",1,1,"Not at intersection",3,100,"BENDIGO","NORTHERN REGION",-36.68743308,144.4236202,"Wet","Raining"
"T20190012877","11/7/19",07:00:00,"Collision with a fixed object","Thursday","Dusk/Dawn",1,1,"Not at intersection",3,100,"CAMPASPE","NORTHERN REGION",-36.52469604,145.031922,"Wet","Clear"
"T20190012879","11/7/19",08:40:00,"Collision with vehicle","Thursday","Day",2,2,"Cross intersection",3,50,"BALLARAT","WESTERN REGION",-37.56112572,143.8519107,"Wet","Clear"
"T20190012880","11/7/19",07:00:00,"Collision with vehicle","Thursday","Dusk/Dawn",2,2,"Not at intersection",3,80,"BAW BAW","EASTERN REGION",-38.1416321,145.8835825,"Dry","Clear"
"T20190012882","11/7/19",10:13:00,"Struck Pedestrian","Thursday","Day",1,2,"Not at intersection",3,80,"BENDIGO","NORTHERN REGION",-36.80852879,144.2408042,"Dry","Clear"
"T20190012884","11/7/19",09:18:00,"Collision with vehicle","Thursday","Day",2,2,"Not at intersection",3,100,"BULOKE","NORTHERN REGION",-36.29553603,142.8417012,"Dry","Clear"
"T20190012885","25/6/19",22:00:00,"Collision with vehicle","Tuesday","Dark Street lights on",2,3,"T intersection",3,60,"MANNINGHAM","METROPOLITAN SOUTH EAST REGION",-37.7957019,145.1187509,"Dry","Clear"
"T20190012886","11/7/19",11:35:00,"Collision with vehicle","Thursday","Day",2,2,"Cross intersection",3,60,"BALLARAT","WESTERN REGION",-37.58188195,143.8374099,"Wet","Raining"
"T20190012886","11/7/19",11:35:00,"Collision with vehicle","Thursday","Day",2,2,"Cross intersection",3,60,"BALLARAT","WESTERN REGION",-37.58188195,143.8374099,"Wet","Strong winds"
"T20190012887","11/7/19",06:00:00,"Struck animal","Thursday","Dark No street lights",1,1,"Not at intersection",2,100,"HINDMARSH","WESTERN REGION",-36.36827238,141.5872805,"Dry","Clear"
"T20190012888","11/7/19",08:15:00,"Collision with vehicle","Thursday","Day",2,2,"Not at intersection",3,80,"KINGSTON","METROPOLITAN SOUTH EAST REGION",-38.00225262,145.0839743,"Dry","Clear"
"T20190012890","11/7/19",10:15:00,"Collision with vehicle","Thursday","Day",2,2,"Cross intersection",3,60,"STONNINGTON","METROPOLITAN SOUTH EAST REGION",-37.845819,144.9860415,"Dry","Clear"
"T20190012891","11/7/19",10:45:00,"Collision with a fixed object","Thursday","Day",1,1,"T intersection",2,50,"MANNINGHAM","METROPOLITAN SOUTH EAST REGION",-37.79214679,145.157757,"Wet","Clear"
"T20190012893","8/7/19",17:30:00,"Collision with vehicle","Monday","Dusk/Dawn",3,4,"Not at intersection",3,50,"GEELONG","SOUTH WESTERN REGION",-38.1623518,144.3564649,"Unknown","Not known"
"T20190012895","11/7/19",11:00:00,"Struck animal","Thursday","Day",2,2,"Not at intersection",3,100,"ARARAT","WESTERN REGION",-37.33913155,143.1068499,"Wet","Clear"
"T20190012896","11/7/19",13:30:00,"Collision with vehicle","Thursday","Day",3,2,"Cross intersection",2,70,"STONNINGTON","METROPOLITAN SOUTH EAST REGION",-37.86255244,145.0194951,"Wet","Raining"
"T20190012900","11/7/19",08:30:00,"Collision with vehicle","Thursday","Day",2,2,"Not at intersection",3,999,"STONNINGTON","METROPOLITAN SOUTH EAST REGION",-37.86818784,145.0431404,"Unknown","Clear"
"T20190012902","11/7/19",14:30:00,"Collision with vehicle","Thursday","Day",2,5,"Cross intersection",3,80,"CASEY","METROPOLITAN SOUTH EAST REGION",-38.02910562,145.3279628,"Wet","Raining"
"T20190012902","11/7/19",14:30:00,"Collision with vehicle","Thursday","Day",2,5,"Cross intersection",3,80,"CASEY","METROPOLITAN SOUTH EAST REGION",-38.02910562,145.3279628,"Wet","Strong winds"
"T20190012905","11/7/19",14:30:00,"Collision with vehicle","Thursday","Day",2,3,"Cross intersection",3,100,"BENALLA","NORTH EASTERN REGION",-36.424368,145.911387,"Wet","Raining"
"T20190012907","11/7/19",15:40:00,"Collision with vehicle","Thursday","Day",2,2,"T intersection",3,60,"HOBSONS BAY","METROPOLITAN NORTH WEST REGION",-37.85026051,144.8883956,"Wet","Clear"
"T20190012909","11/7/19",08:20:00,"Collision with vehicle","Thursday","Day",2,3,"Not at intersection",3,100,"YARRA","METROPOLITAN NORTH WEST REGION",-37.79564947,145.0003021,"Unknown","Clear"
"T20190012912","11/7/19",16:35:00,"Collision with vehicle","Thursday","Day",2,2,"Cross intersection",3,999,"MELBOURNE","METROPOLITAN NORTH WEST REGION",-37.79659639,144.9511968,"Dry","Clear"
"T20190012913","5/7/19",18:00:00,"Collision with vehicle","Friday","Dark Street lights on",2,2,"T intersection",3,50,"MONASH","METROPOLITAN SOUTH EAST REGION",-37.88960323,145.1310653,"Dry","Clear"
"T20190012914","11/7/19",15:30:00,"Vehicle overturned (no collision)","Thursday","Day",1,2,"Not at intersection",3,100,"BENALLA","NORTH EASTERN REGION",-36.48253035,145.9697102,"Wet","Clear"
"T20190012915","11/7/19",18:15:00,"No collision and no object struck","Thursday","Dusk/Dawn",2,3,"Cross intersection",3,60,"DAREBIN","METROPOLITAN NORTH WEST REGION",-37.74373244,144.9891773,"Dry","Clear"
"T20190012920","11/7/19",18:00:00,"Collision with vehicle","Thursday","Dark No street lights",2,4,"Not at intersection",3,80,"GEELONG","SOUTH WESTERN REGION",-38.06167968,144.3409561,"Dry","Clear"
"T20190012922","11/7/19",16:30:00,"Collision with vehicle","Thursday","Day",2,2,"Not at intersection",3,60,"MONASH","METROPOLITAN SOUTH EAST REGION",-37.87944012,145.1095711,"Wet","Clear"
"T20190012923","11/7/19",15:20:00,"Collision with vehicle","Thursday","Day",2,3,"Not at intersection",3,80,"HOBSONS BAY","METROPOLITAN NORTH WEST REGION",-37.82811393,144.8184562,"Dry","Clear"
"T20190012924","11/7/19",20:32:00,"Collision with vehicle","Thursday","Dark Street lights on",4,11,"Not at intersection",3,100,"HOBSONS BAY","METROPOLITAN NORTH WEST REGION",-37.86827987,144.7684242,"Dry","Clear"
"T20190012925","11/7/19",16:45:00,"Collision with vehicle","Thursday","Day",2,3,"Cross intersection",3,60,"MELBOURNE","METROPOLITAN NORTH WEST REGION",-37.80081505,144.9485123,"Wet","Clear"
"T20190012928","11/7/19",21:15:00,"Collision with vehicle","Thursday","Dark Street lights on",2,4,"Multiple intersection",2,70,"MANNINGHAM","METROPOLITAN SOUTH EAST REGION",-37.78841444,145.1042412,"Wet","Clear"
"T20190012929","11/7/19",22:10:00,"Collision with a fixed object","Thursday","Dark Street lights on",1,1,"T intersection",3,50,"CARDINIA","METROPOLITAN SOUTH EAST REGION",-38.05880354,145.4526028,"Wet","Clear"
"T20190012931","11/7/19",21:30:00,"Collision with a fixed object","Thursday","Dark Street lights on",1,3,"T intersection",3,40,"BENDIGO","NORTHERN REGION",-36.76189914,144.2759934,"Dry","Clear"
"T20190012934","11/7/19",20:31:00,"Collision with vehicle","Thursday","Dark Street lights on",2,2,"Cross intersection",3,60,"MELTON","METROPOLITAN NORTH WEST REGION",-37.67299171,144.5703563,"Dry","Clear"
"T20190012935","27/6/19",00:00:00,"Collision with vehicle","Thursday","Dark Street lights on",2,2,"Cross intersection",3,50,"WHITTLESEA","METROPOLITAN NORTH WEST REGION",-37.69689975,145.0574775,"Wet","Raining"
"T20190012937","11/7/19",07:00:00,"Collision with vehicle","Thursday","Dusk/Dawn",2,2,"Cross intersection",2,40,"DAREBIN","METROPOLITAN NORTH WEST REGION",-37.73757387,145.0000104,"Dry","Clear"
"T20190012939","12/7/19",06:50:00,"collision with some other object","Friday","Dark No street lights",1,1,"Not at intersection",3,80,"MORNINGTON PENINSULA","METROPOLITAN SOUTH EAST REGION",-38.37849716,145.0824136,"Wet","Raining"
"T20190012940","12/7/19",08:30:00,"Collision with vehicle","Friday","Day",2,2,"Cross intersection",3,40,"MELBOURNE","METROPOLITAN NORTH WEST REGION",-37.80586149,144.9645365,"Wet","Raining"
"T20190012944","12/7/19",09:30:00,"Collision with vehicle","Friday","Day",2,2,"T intersection",3,80,"CASEY","METROPOLITAN SOUTH EAST REGION",-38.03673931,145.2477929,"Wet","Raining"
"T20190012947","18/6/19",15:40:00,"Collision with vehicle","Tuesday","Day",2,2,"Cross intersection",3,50,"MACEDON RANGES","NORTHERN REGION",-37.24909003,144.4532758,"Unknown","Not known"
"T20190012948","12/7/19",10:50:00,"Collision with vehicle","Friday","Day",2,2,"Cross intersection",3,80,"WHITEHORSE","METROPOLITAN SOUTH EAST REGION",-37.85857367,145.1979502,"Wet","Raining"
"T20190012950","19/6/19",08:25:00,"Collision with vehicle","Wednesday","Day",2,3,"Cross intersection",3,70,"GEELONG","SOUTH WESTERN REGION",-38.1621561,144.3782683,"Dry","Clear"
"T20190012951","12/7/19",10:55:00,"Vehicle overturned (no collision)","Friday","Day",2,2,"Not at intersection",3,60,"PORT PHILLIP","METROPOLITAN NORTH WEST REGION",-37.85888242,144.9762597,"Wet","Raining"
"T20190012953","12/7/19",11:30:00,"Collision with a fixed object","Friday","Day",1,1,"Not at intersection",3,100,"INDIGO","NORTH EASTERN REGION",-36.06625854,146.574033,"Wet","Raining"
"T20190012953","12/7/19",11:30:00,"Collision with a fixed object","Friday","Day",1,1,"Not at intersection",3,100,"INDIGO","NORTH EASTERN REGION",-36.06625854,146.574033,"Muddy","Raining"
"T20190012954","11/7/19",17:45:00,"Collision with vehicle","Thursday","Dark Street lights on",2,2,"Cross intersection",3,50,"HUME","METROPOLITAN NORTH WEST REGION",-37.68994608,144.932617,"Wet","Clear"
"T20190012956","27/5/19",06:30:00,"Collision with vehicle","Monday","Dark Street lights on",2,2,"T intersection",2,50,"WYNDHAM","METROPOLITAN NORTH WEST REGION",-37.87637653,144.6585944,"Wet","Clear"
"T20190012958","12/7/19",13:15:00,"Collision with a fixed object","Friday","Day",1,2,"T intersection",3,60,"SHEPPARTON","NORTH EASTERN REGION",-36.38958979,145.4114943,"Wet","Raining"
"T20190012960","12/7/19",15:20:00,"Collision with vehicle","Friday","Day",2,4,"T intersection",2,50,"CASEY","METROPOLITAN SOUTH EAST REGION",-38.09782949,145.2811022,"Dry","Clear"
"T20190012964","12/7/19",15:00:00,"Collision with vehicle","Friday","Day",2,3,"T intersection",3,60,"HUME","METROPOLITAN NORTH WEST REGION",-37.57625334,144.7283195,"Wet","Raining"
"T20190012966","11/7/19",14:40:00,"Collision with vehicle","Thursday","Day",2,2,"T intersection",3,50,"BAYSIDE","METROPOLITAN SOUTH EAST REGION",-37.94485919,145.0050047,"Dry","Clear"
"T20190012967","12/7/19",12:00:00,"Collision with vehicle","Friday","Day",2,4,"Not at intersection",2,100,"CORANGAMITE","SOUTH WESTERN REGION",-38.21711976,143.0287002,"Wet","Raining"
"T20190012968","12/7/19",15:00:00,"Collision with vehicle","Friday","Day",2,5,"T intersection",3,100,"CORANGAMITE","SOUTH WESTERN REGION",-38.01456469,143.5712105,"Wet","Raining"
"T20190012971","12/7/19",16:40:00,"Collision with vehicle","Friday","Day",2,2,"T intersection",3,40,"MORELAND","METROPOLITAN NORTH WEST REGION",-37.75457127,144.9642838,"Dry","Clear"
"T20190012972","12/7/19",16:45:00,"Collision with vehicle","Friday","Day",2,2,"Cross intersection",3,60,"MITCHELL","NORTHERN REGION",-37.20544258,145.0454105,"Dry","Clear"
"T20190012973","12/7/19",17:05:00,"Collision with vehicle","Friday","Dusk/Dawn",2,2,"Not at intersection",3,60,"BALLARAT","WESTERN REGION",-37.58450443,143.8265827,"Wet","Raining"
"T20190012978","12/7/19",20:00:00,"Collision with vehicle","Friday","Dark No street lights",2,4,"T intersection",3,100,"CARDINIA","METROPOLITAN SOUTH EAST REGION",-38.24611743,145.5372169,"Wet","Clear"
"T20190012979","12/7/19",19:21:00,"Collision with vehicle","Friday","Dark Street lights on",3,4,"Cross intersection",3,70,"HOBSONS BAY","METROPOLITAN NORTH WEST REGION",-37.84473449,144.7887657,"Dry","Clear"
"T20190012984","12/7/19",17:18:00,"Collision with vehicle","Friday","Dusk/Dawn",2,3,"Not at intersection",3,80,"BALLARAT","WESTERN REGION",-37.55819401,143.8252512,"Wet","Raining"
"T20190012985","12/7/19",17:45:00,"Struck Pedestrian","Friday","Dark Street lights on",1,2,"T intersection",1,50,"MANNINGHAM","METROPOLITAN SOUTH EAST REGION",-37.77753748,145.1229846,"Wet","Raining"
"T20190012987","12/7/19",22:50:00,"Collision with a fixed object","Friday","Dark Street lights on",1,3,"Not at intersection",3,60,"YARRA RANGES","METROPOLITAN SOUTH EAST REGION",-37.89319185,145.3466816,"Dry","Clear"
"T20190012988","12/7/19",22:45:00,"Collision with a fixed object","Friday","Dark Street lights off",1,1,"Cross intersection",3,50,"CENTRAL GOLDFIELDS","WESTERN REGION",-37.04231812,143.7495933,"Wet","Clear"
"T20190012990","12/7/19",22:12:00,"Collision with vehicle","Friday","Dark Street lights on",2,1,"T intersection",3,50,"MOONEE VALLEY","METROPOLITAN NORTH WEST REGION",-37.78381114,144.9301752,"Wet","Clear"
"T20190012993","13/7/19",00:30:00,"Collision with vehicle","Saturday","Dark Street lights on",2,2,"Cross intersection",3,80,"KINGSTON","METROPOLITAN SOUTH EAST REGION",-37.98210737,145.0712659,"Dry","Clear"
"T20190012996","13/7/19",04:15:00,"Collision with vehicle","Saturday","Dark Street lights unknown",2,3,"Multiple intersection",3,999,"GLEN EIRA","METROPOLITAN SOUTH EAST REGION",-37.88969201,145.0447983,"Dry","Clear"
"T20190012997","13/7/19",03:56:00,"Collision with a fixed object","Saturday","Dark No street lights",1,2,"Not at intersection",3,100,"GEELONG","SOUTH WESTERN REGION",-38.21683548,144.5248541,"Wet","Raining"
"T20190012997","13/7/19",03:56:00,"Collision with a fixed object","Saturday","Dark No street lights",1,2,"Not at intersection",3,100,"GEELONG","SOUTH WESTERN REGION",-38.21683548,144.5248541,"Wet","Strong winds"
"T20190012999","12/7/19",08:40:00,"Collision with vehicle","Friday","Day",2,2,"T intersection",3,60,"MARIBYRNONG","METROPOLITAN NORTH WEST REGION",-37.77279502,144.8861563,"Dry","Clear"
"T20190013001","10/7/19",10:58:00,"Collision with vehicle","Wednesday","Day",2,2,"Not at intersection",3,100,"HOBSONS BAY","METROPOLITAN NORTH WEST REGION",-37.83979858,144.7957789,"Dry","Clear"
"T20190013002","13/7/19",07:35:00,"Collision with vehicle","Saturday","Dusk/Dawn",2,3,"Multiple intersection",2,80,"MANNINGHAM","METROPOLITAN SOUTH EAST REGION",-37.80401732,145.1780228,"Wet","Raining"
"T20190013004","13/7/19",11:15:00,"Collision with vehicle","Saturday","Day",2,5,"T intersection",3,60,"MARIBYRNONG","METROPOLITAN NORTH WEST REGION",-37.81282451,144.8834656,"Unknown","Not known"
"T20190013005","13/7/19",08:57:00,"Collision with vehicle","Saturday","Day",2,2,"Cross intersection",3,70,"BRIMBANK","METROPOLITAN NORTH WEST REGION",-37.77021036,144.7747507,"Dry","Clear"
"T20190013008","13/7/19",11:12:00,"Collision with vehicle","Saturday","Day",2,4,"Cross intersection",3,60,"GLENELG","SOUTH WESTERN REGION",-37.616103,141.3324137,"Dry","Clear"
"T20190013009","13/7/19",12:00:00,"Collision with vehicle","Saturday","Day",2,2,"Cross intersection",3,60,"YARRA","METROPOLITAN NORTH WEST REGION",-37.82603299,145.0010682,"Dry","Clear"
"T20190013011","13/7/19",08:30:00,"Collision with a fixed object","Saturday","Day",1,1,"Not at intersection",3,60,"CASEY","METROPOLITAN SOUTH EAST REGION",-38.04911502,145.2769453,"Wet","Clear"
"T20190013012","13/7/19",10:35:00,"Collision with vehicle","Saturday","Day",2,2,"T intersection",3,80,"CASEY","METROPOLITAN SOUTH EAST REGION",-38.11018526,145.2534837,"Wet","Clear"
"T20190013013","13/7/19",03:00:00,"Collision with vehicle","Saturday","Dark No street lights",2,3,"Not at intersection",3,100,"DANDENONG","METROPOLITAN SOUTH EAST REGION",-37.96533376,145.2333589,"Wet","Raining"
"T20190013021","13/7/19",12:20:00,"Collision with vehicle","Saturday","Day",2,4,"Not at intersection",3,40,"(MOUNT BULLER)","NORTH EASTERN REGION",-37.12589804,146.4511363,"Snowy","Snowing"
"T20190013021","13/7/19",12:20:00,"Collision with vehicle","Saturday","Day",2,4,"Not at intersection",3,40,"(MOUNT BULLER)","NORTH EASTERN REGION",-37.12589804,146.4511363,"Icy","Snowing"
"T20190013022","12/7/19",17:10:00,"Collision with vehicle","Friday","Dusk/Dawn",2,2,"Cross intersection",3,60,"MELBOURNE","METROPOLITAN NORTH WEST REGION",-37.8098303,144.9783323,"Wet","Not known"
"T20190013023","13/7/19",13:47:00,"Struck Pedestrian","Saturday","Day",1,2,"T intersection",3,40,"BRIMBANK","METROPOLITAN NORTH WEST REGION",-37.74430178,144.8005121,"Wet","Clear"
"T20190013025","13/7/19",15:00:00,"Collision with a fixed object","Saturday","Day",1,2,"T intersection",2,50,"BRIMBANK","METROPOLITAN NORTH WEST REGION",-37.77544306,144.8310099,"Wet","Clear"
"T20190013028","13/7/19",15:00:00,"Collision with a fixed object","Saturday","Day",1,2,"Not at intersection",3,110,"MOORABOOL","WESTERN REGION",-37.66404798,144.379468,"Dry","Clear"
"T20190013030","13/7/19",13:33:00,"Collision with vehicle","Saturday","Day",6,8,"Not at intersection",3,100,"MONASH","METROPOLITAN SOUTH EAST REGION",-37.88561689,145.1006808,"Wet","Raining"
"T20190013032","13/7/19",14:45:00,"Collision with vehicle","Saturday","Day",5,5,"Not at intersection",3,100,"MONASH","METROPOLITAN SOUTH EAST REGION",-37.932993,145.1892674,"Wet","Clear"
"T20190013033","13/7/19",15:46:00,"Collision with a fixed object","Saturday","Day",1,1,"Not at intersection",3,80,"MORNINGTON PENINSULA","METROPOLITAN SOUTH EAST REGION",-38.36192251,145.0127013,"Wet","Clear"
"T20190013039","22/6/19",18:20:00,"No collision and no object struck","Saturday","Dark Street lights unknown",1,2,"Cross intersection",3,60,"GLEN EIRA","METROPOLITAN SOUTH EAST REGION",-37.91167421,145.0429465,"Dry","Clear"
"T20190013040","13/7/19",18:50:00,"Struck Pedestrian","Saturday","Dark Street lights on",1,2,"Not at intersection",3,40,"STONNINGTON","METROPOLITAN SOUTH EAST REGION",-37.83862853,144.9888493,"Dry","Clear"
"T20190013044","13/7/19",16:28:00,"Collision with vehicle","Saturday","Day",3,4,"Cross intersection",3,80,"MELTON","METROPOLITAN NORTH WEST REGION",-37.8050188,144.6959414,"Dry","Clear"
"T20190013046","13/7/19",18:00:00,"Collision with vehicle","Saturday","Dark Street lights on",2,3,"Cross intersection",3,60,"MOONEE VALLEY","METROPOLITAN NORTH WEST REGION",-37.75594002,144.9260982,"Dry","Clear"
"T20190013048","9/7/19",19:30:00,"Collision with vehicle","Tuesday","Day",2,2,"Cross intersection",3,80,"MELTON","METROPOLITAN NORTH WEST REGION",-37.8050188,144.6959414,"Wet","Clear"
"T20190013051","20/6/19",16:30:00,"Collision with vehicle","Thursday","Day",2,3,"T intersection",3,50,"MELBOURNE","METROPOLITAN NORTH WEST REGION",-37.80214006,144.9541717,"Unknown","Not known"
"T20190013055","13/7/19",17:45:00,"Collision with vehicle","Saturday","Dusk/Dawn",4,1,"T intersection",3,40,"YARRA","METROPOLITAN NORTH WEST REGION",-37.79803051,144.9756046,"Dry","Clear"
"T20190013060","13/7/19",20:48:00,"Struck Pedestrian","Saturday","Dark Street lights on",1,3,"Not at intersection",3,80,"FRANKSTON","METROPOLITAN SOUTH EAST REGION",-38.1537594,145.1609901,"Wet","Raining"
"T20190013061","13/7/19",21:30:00,"Collision with vehicle","Saturday","Dark Street lights on",2,3,"Cross intersection",3,60,"BALLARAT","WESTERN REGION",-37.56365873,143.8529409,"Wet","Clear"
"T20190013062","13/7/19",22:02:00,"Collision with a fixed object","Saturday","Dark Street lights on",1,1,"Not at intersection",3,60,"SHEPPARTON","NORTH EASTERN REGION",-36.39261866,145.3986765,"Dry","Clear"
"T20190013065","13/7/19",22:30:00,"Collision with a fixed object","Saturday","Dark No street lights",1,1,"T intersection",3,50,"GEELONG","SOUTH WESTERN REGION",-38.15919056,144.5681132,"Dry","Clear"
"T20190013067","13/7/19",19:30:00,"Collision with vehicle","Saturday","Unknown",3,4,"Cross intersection",2,999,"WYNDHAM","METROPOLITAN NORTH WEST REGION",-37.88375244,144.6234715,"Unknown","Not known"
"T20190013069","9/7/19",01:00:00,"collision with some other object","Tuesday","Dark No street lights",1,1,"Not at intersection",3,100,"HORSHAM","WESTERN REGION",-36.63098788,142.1352882,"Wet","Clear"
"T20190013071","13/7/19",09:55:00,"Struck Pedestrian","Saturday","Day",1,2,"Cross intersection",3,60,"STONNINGTON","METROPOLITAN SOUTH EAST REGION",-37.85188247,145.0119235,"Dry","Clear"
"T20190013072","12/7/19",12:15:00,"Vehicle overturned (no collision)","Friday","Day",1,1,"Not at intersection",3,100,"BENALLA","NORTH EASTERN REGION",-36.82077073,145.9517617,"Wet","Not known"
"T20190013073","29/5/19",19:00:00,"Collision with a fixed object","Wednesday","Dark Street lights on",1,1,"T intersection",3,50,"GEELONG","SOUTH WESTERN REGION",-38.2058547,144.3123303,"Dry","Clear"
"T20190013074","14/7/19",09:38:00,"Collision with vehicle","Sunday","Day",2,3,"T intersection",2,50,"WHITEHORSE","METROPOLITAN SOUTH EAST REGION",-37.81950091,145.1975871,"Wet","Raining"
"T20190013077","12/7/19",18:15:00,"Collision with vehicle","Friday","Dark Street lights on",3,6,"Not at intersection",3,50,"MURRINDINDI","NORTH EASTERN REGION",-37.21200874,145.4220639,"Wet","Raining"
"T20190013078","14/7/19",11:18:00,"Collision with a fixed object","Sunday","Day",1,1,"Not at intersection",3,999,"BENDIGO","NORTHERN REGION",-36.6890364,144.3143103,"Dry","Clear"
"T20190013079","9/7/19",11:40:00,"Collision with vehicle","Tuesday","Day",2,2,"T intersection",3,40,"MELBOURNE","METROPOLITAN NORTH WEST REGION",-37.82186539,144.965877,"Unknown","Clear"
"T20190013085","14/7/19",13:43:00,"Struck Pedestrian","Sunday","Day",1,2,"Not at intersection",3,40,"MARIBYRNONG","METROPOLITAN NORTH WEST REGION",-37.80453939,144.8923442,"Dry","Clear"
"T20190013086","14/7/19",13:18:00,"Collision with vehicle","Sunday","Day",2,2,"Cross intersection",3,80,"GEELONG","SOUTH WESTERN REGION",-38.21960827,144.337915,"Wet","Clear"
"T20190013086","14/7/19",13:18:00,"Collision with vehicle","Sunday","Day",2,2,"Cross intersection",3,80,"GEELONG","SOUTH WESTERN REGION",-38.21960827,144.337915,"Wet","Strong winds"
"T20190013089","14/7/19",15:55:00,"Collision with vehicle","Sunday","Day",2,2,"Not at intersection",3,100,"BRIMBANK","METROPOLITAN NORTH WEST REGION",-37.74630918,144.8393013,"Wet","Raining"