"ACCIDENT_NO","ACCIDENTDATE","ACCIDENTTIME","Accident Type Desc","Day Week Description","Light Condition Desc","NO_OF_VEHICLES","NO_PERSONS","Road Geometry Desc","SEVERITY","SPEED_ZONE","LGA_NAME","REGION_NAME","Lat","Long","Surface Cond Desc","Atmosph Cond Desc"
"T20190013089","14/7/19",15:55:00,"Collision with vehicle","Sunday","Day",2,2,"Not at intersection",3,100,"BRIMBANK","METROPOLITAN NORTH WEST REGION",-37.74630918,144.8393013,"Wet","Strong winds"
"T20190013090","13/7/19",12:04:00,"Collision with a fixed object","Saturday","Day",1,1,"Not at intersection",3,100,"ARARAT","WESTERN REGION",-37.6809067,143.0384564,"Wet","Raining"
"T20190013091","14/7/19",16:30:00,"Struck Pedestrian","Sunday","Dusk/Dawn",1,2,"Y intersection",3,40,"MELBOURNE","METROPOLITAN NORTH WEST REGION",-37.80752614,144.9706118,"Wet","Clear"
"T20190013092","14/7/19",15:49:00,"Collision with a fixed object","Sunday","Day",2,1,"Not at intersection",2,50,"BALLARAT","WESTERN REGION",-37.53980928,143.8274018,"Wet","Raining"
"T20190013096","14/7/19",17:40:00,"Struck Pedestrian","Sunday","Dark Street lights on",1,2,"Not at intersection",3,40,"DANDENONG","METROPOLITAN SOUTH EAST REGION",-37.98705563,145.2142323,"Wet","Raining"
"T20190013097","14/7/19",13:35:00,"Collision with a fixed object","Sunday","Day",1,2,"Not at intersection",3,90,"CARDINIA","METROPOLITAN SOUTH EAST REGION",-38.12858084,145.4903177,"Wet","Raining"
"T20190013101","14/7/19",16:30:00,"Collision with vehicle","Sunday","Day",4,4,"Cross intersection",2,80,"CASEY","METROPOLITAN SOUTH EAST REGION",-38.0744462,145.3353541,"Wet","Raining"
"T20190013101","14/7/19",16:30:00,"Collision with vehicle","Sunday","Day",4,4,"Cross intersection",2,80,"CASEY","METROPOLITAN SOUTH EAST REGION",-38.0744462,145.3353541,"Wet","Strong winds"
"T20190013102","7/7/19",13:30:00,"No collision and no object struck","Sunday","Day",1,1,"Unknown",3,888,"MOIRA","NORTH EASTERN REGION",-35.87816941,145.0020053,"Dry","Clear"
"T20190013103","9/7/19",17:15:00,"Collision with vehicle","Tuesday","Dark Street lights on",2,2,"T intersection",3,60,"WYNDHAM","METROPOLITAN NORTH WEST REGION",-37.85256502,144.729634,"Dry","Clear"
"T20190013105","14/7/19",19:07:00,"Struck Pedestrian","Sunday","Dark Street lights on",1,2,"T intersection",3,80,"KNOX","METROPOLITAN SOUTH EAST REGION",-37.88904462,145.2328813,"Wet","Raining"
"T20190013105","14/7/19",19:07:00,"Struck Pedestrian","Sunday","Dark Street lights on",1,2,"T intersection",3,80,"KNOX","METROPOLITAN SOUTH EAST REGION",-37.88904462,145.2328813,"Wet","Fog"
"T20190013106","11/7/19",08:45:00,"Collision with vehicle","Thursday","Day",2,2,"Cross intersection",3,50,"DAREBIN","METROPOLITAN NORTH WEST REGION",-37.75157666,145.0264089,"Dry","Clear"
"T20190013107","14/7/19",14:30:00,"Struck Pedestrian","Sunday","Day",1,3,"Not at intersection",3,60,"BOROONDARA","METROPOLITAN SOUTH EAST REGION",-37.80815097,145.0380674,"Wet","Raining"
"T20190013108","14/7/19",16:30:00,"Collision with vehicle","Sunday","Day",2,3,"Not at intersection",3,80,"YARRA RANGES","METROPOLITAN SOUTH EAST REGION",-37.83906393,145.4269017,"Wet","Raining"
"T20190013109","14/7/19",19:43:00,"Collision with vehicle","Sunday","Dark Street lights on",2,4,"Not at intersection",2,60,"BRIMBANK","METROPOLITAN NORTH WEST REGION",-37.74959914,144.8039731,"Dry","Clear"
"T20190013110","14/7/19",20:40:00,"Collision with a fixed object","Sunday","Dark No street lights",1,1,"Cross intersection",3,60,"MITCHELL","NORTHERN REGION",-37.40669886,144.9798605,"Wet","Clear"
"T20190013111","14/7/19",01:45:00,"Vehicle overturned (no collision)","Sunday","Dark No street lights",1,2,"Not at intersection",3,100,"MOIRA","NORTH EASTERN REGION",-36.06034398,146.1679189,"Wet","Raining"
"T20190013111","14/7/19",01:45:00,"Vehicle overturned (no collision)","Sunday","Dark No street lights",1,2,"Not at intersection",3,100,"MOIRA","NORTH EASTERN REGION",-36.06034398,146.1679189,"Muddy","Raining"
"T20190013112","14/7/19",19:55:00,"Collision with vehicle","Sunday","Dark Street lights on",2,2,"T intersection",3,60,"YARRA","METROPOLITAN NORTH WEST REGION",-37.82610524,145.0017246,"Wet","Raining"
"T20190013113","14/7/19",14:25:00,"Collision with vehicle","Sunday","Day",2,5,"T intersection",3,80,"BRIMBANK","METROPOLITAN NORTH WEST REGION",-37.77203369,144.7998304,"Dry","Strong winds"
"T20190013114","14/7/19",14:20:00,"Struck Pedestrian","Sunday","Day",2,3,"Not at intersection",3,50,"KNOX","METROPOLITAN SOUTH EAST REGION",-37.85534947,145.3057302,"Unknown","Raining"
"T20190013116","10/7/19",19:18:00,"Collision with a fixed object","Wednesday","Dark Street lights on",1,2,"Not at intersection",3,50,"BANYULE","METROPOLITAN NORTH WEST REGION",-37.72270785,145.1244625,"Dry","Clear"
"T20190013118","14/7/19",22:09:00,"Collision with a fixed object","Sunday","Dark Street lights on",1,1,"Not at intersection",2,70,"BANYULE","METROPOLITAN NORTH WEST REGION",-37.72990083,145.1062293,"Wet","Clear"
"T20190013119","1/7/19",20:05:00,"Collision with vehicle","Monday","Dark Street lights on",2,2,"T intersection",3,80,"DANDENONG","METROPOLITAN SOUTH EAST REGION",-37.95823013,145.1848143,"Wet","Clear"
"T20190013120","14/7/19",23:42:00,"Collision with a fixed object","Sunday","Dark No street lights",1,1,"Not at intersection",3,100,"BAW BAW","EASTERN REGION",-38.11594929,146.1496765,"Wet","Raining"
"T20190013120","14/7/19",23:42:00,"Collision with a fixed object","Sunday","Dark No street lights",1,1,"Not at intersection",3,100,"BAW BAW","EASTERN REGION",-38.11594929,146.1496765,"Wet","Strong winds"
"T20190013121","15/7/19",00:58:00,"Collision with vehicle","Monday","Dark No street lights",2,3,"Not at intersection",3,80,"LATROBE","EASTERN REGION",-38.20301619,146.448226,"Wet","Raining"
"T20190013121","15/7/19",00:58:00,"Collision with vehicle","Monday","Dark No street lights",2,3,"Not at intersection",3,80,"LATROBE","EASTERN REGION",-38.20301619,146.448226,"Wet","Strong winds"
"T20190013122","14/7/19",18:50:00,"Collision with vehicle","Sunday","Dark Street lights on",2,2,"T intersection",3,80,"BALLARAT","WESTERN REGION",-37.49949827,143.8058579,"Wet","Raining"
"T20190013126","26/6/19",18:10:00,"Collision with vehicle","Wednesday","Dark Street lights on",2,3,"Not at intersection",3,60,"MONASH","METROPOLITAN SOUTH EAST REGION",-37.88034147,145.1281779,"Dry","Clear"
"T20190013128","15/7/19",07:05:00,"Collision with vehicle","Monday","Dark No street lights",3,3,"T intersection",3,100,"MOYNE","SOUTH WESTERN REGION",-38.32365963,142.7354814,"Wet","Raining"
"T20190013130","15/7/19",07:15:00,"Collision with vehicle","Monday","Dusk/Dawn",2,2,"Not at intersection",3,100,"KNOX","METROPOLITAN SOUTH EAST REGION",-37.90825942,145.2158766,"Wet","Raining"
"T20190013132","15/7/19",09:15:00,"Collision with vehicle","Monday","Day",2,2,"T intersection",3,60,"WHITEHORSE","METROPOLITAN SOUTH EAST REGION",-37.82798842,145.1151991,"Wet","Clear"
"T20190013133","15/7/19",07:20:00,"Collision with vehicle","Monday","Dusk/Dawn",2,2,"Cross intersection",3,60,"BOROONDARA","METROPOLITAN SOUTH EAST REGION",-37.83266416,145.0680929,"Wet","Clear"
"T20190013134","15/7/19",10:00:00,"Collision with vehicle","Monday","Day",2,3,"Cross intersection",3,60,"MORELAND","METROPOLITAN NORTH WEST REGION",-37.75617278,144.9704081,"Wet","Clear"
"T20190013137","15/7/19",07:09:00,"Collision with vehicle","Monday","Dusk/Dawn",3,7,"Not at intersection",3,60,"CARDINIA","METROPOLITAN SOUTH EAST REGION",-38.06179722,145.3882182,"Dry","Clear"
"T20190013139","15/7/19",08:12:00,"Collision with vehicle","Monday","Day",2,5,"Cross intersection",3,50,"CASEY","METROPOLITAN SOUTH EAST REGION",-38.10044984,145.2876914,"Wet","Clear"
"T20190013140","14/7/19",12:45:00,"Collision with a fixed object","Sunday","Day",1,1,"Not at intersection",3,100,"CARDINIA","METROPOLITAN SOUTH EAST REGION",-38.20518283,145.4737108,"Wet","Raining"
"T20190013142","15/7/19",05:39:00,"Collision with vehicle","Monday","Dark Street lights on",2,2,"T intersection",3,70,"FRANKSTON","METROPOLITAN SOUTH EAST REGION",-38.08602918,145.1246618,"Dry","Raining"
"T20190013142","15/7/19",05:39:00,"Collision with vehicle","Monday","Dark Street lights on",2,2,"T intersection",3,70,"FRANKSTON","METROPOLITAN SOUTH EAST REGION",-38.08602918,145.1246618,"Dry","Fog"
"T20190013142","15/7/19",05:39:00,"Collision with vehicle","Monday","Dark Street lights on",2,2,"T intersection",3,70,"FRANKSTON","METROPOLITAN SOUTH EAST REGION",-38.08602918,145.1246618,"Wet","Raining"
"T20190013142","15/7/19",05:39:00,"Collision with vehicle","Monday","Dark Street lights on",2,2,"T intersection",3,70,"FRANKSTON","METROPOLITAN SOUTH EAST REGION",-38.08602918,145.1246618,"Wet","Fog"
"T20190013147","15/7/19",12:00:00,"Collision with vehicle","Monday","Day",2,2,"Not at intersection",3,999,"WHITEHORSE","METROPOLITAN SOUTH EAST REGION",-37.81717,145.19406,"Dry","Clear"
"T20190013148","15/7/19",11:45:00,"Collision with vehicle","Monday","Day",2,1,"Not at intersection",3,60,"BENDIGO","NORTHERN REGION",-36.49752868,144.6064384,"Dry","Clear"
"T20190013149","15/7/19",09:27:00,"Collision with vehicle","Monday","Day",2,2,"T intersection",3,60,"DANDENONG","METROPOLITAN SOUTH EAST REGION",-37.9720553,145.1670025,"Wet","Raining"
"T20190013151","15/7/19",10:00:00,"Collision with vehicle","Monday","Day",2,2,"T intersection",3,60,"MELBOURNE","METROPOLITAN NORTH WEST REGION",-37.80371321,144.9322174,"Dry","Clear"
"T20190013152","15/7/19",13:40:00,"Collision with a fixed object","Monday","Day",1,1,"Not at intersection",3,100,"FRANKSTON","METROPOLITAN SOUTH EAST REGION",-38.10696783,145.1395422,"Dry","Clear"
"T20190013153","15/7/19",12:05:00,"Collision with vehicle","Monday","Day",2,2,"Not at intersection",3,80,"CASEY","METROPOLITAN SOUTH EAST REGION",-38.04666769,145.254831,"Unknown","Not known"
"T20190013155","15/7/19",13:39:00,"Collision with vehicle","Monday","Day",3,5,"Not at intersection",3,70,"BALLARAT","WESTERN REGION",-37.55664443,143.8210151,"Dry","Clear"
"T20190013157","11/7/19",10:20:00,"Struck Pedestrian","Thursday","Day",1,2,"Not at intersection",3,999,"SHEPPARTON","NORTH EASTERN REGION",-36.38019904,145.4002309,"Dry","Clear"
"T20190013159","14/7/19",08:30:00,"Collision with vehicle","Sunday","Day",2,2,"Not at intersection",3,50,"CASEY","METROPOLITAN SOUTH EAST REGION",-38.07565715,145.3322618,"Unknown","Not known"
"T20190013160","15/7/19",12:45:00,"Vehicle overturned (no collision)","Monday","Day",1,1,"Not at intersection",3,80,"HUME","METROPOLITAN NORTH WEST REGION",-37.52796291,144.9476497,"Dry","Clear"
"T20190013161","15/7/19",15:45:00,"Collision with vehicle","Monday","Day",2,6,"Not at intersection",3,100,"GEELONG","SOUTH WESTERN REGION",-38.18459296,144.304394,"Dry","Clear"
"T20190013162","15/7/19",15:38:00,"Collision with vehicle","Monday","Day",2,5,"T intersection",3,60,"HUME","METROPOLITAN NORTH WEST REGION",-37.68080947,144.9003929,"Dry","Clear"
"T20190013163","15/7/19",11:30:00,"Struck Pedestrian","Monday","Day",1,2,"Not at intersection",3,40,"PORT PHILLIP","METROPOLITAN NORTH WEST REGION",-37.87896794,144.980291,"Dry","Clear"
"T20190013165","14/7/19",19:00:00,"Collision with a fixed object","Sunday","Dark No street lights",1,1,"Not at intersection",3,100,"WEST WIMMERA","WESTERN REGION",-36.99073806,141.6070953,"Wet","Raining"
"T20190013168","12/7/19",16:20:00,"Collision with vehicle","Friday","Day",2,2,"Not at intersection",3,80,"NILLUMBIK","METROPOLITAN NORTH WEST REGION",-37.68529333,145.1174494,"Wet","Clear"
"T20190013170","15/7/19",18:20:00,"Collision with vehicle","Monday","Dark Street lights on",2,2,"T intersection",3,60,"BAW BAW","EASTERN REGION",-38.1561659,145.940556,"Wet","Raining"
"T20190013171","15/7/19",17:11:00,"Collision with vehicle","Monday","Day",2,2,"Cross intersection",3,60,"BRIMBANK","METROPOLITAN NORTH WEST REGION",-37.76145324,144.8213568,"Dry","Clear"
"T20190013174","15/7/19",15:30:00,"Collision with vehicle","Monday","Day",2,2,"Not at intersection",3,60,"GEELONG","SOUTH WESTERN REGION",-38.07549503,144.3585746,"Dry","Clear"
"T20190013176","15/7/19",18:00:00,"Collision with vehicle","Monday","Unknown",2,2,"Cross intersection",3,60,"WYNDHAM","METROPOLITAN NORTH WEST REGION",-37.86295415,144.685697,"Dry","Clear"
"T20190013178","15/7/19",17:50:00,"Collision with vehicle","Monday","Dark Street lights on",2,2,"T intersection",3,80,"CASEY","METROPOLITAN SOUTH EAST REGION",-38.18257887,145.2191661,"Wet","Raining"
"T20190013179","15/7/19",17:50:00,"Struck Pedestrian","Monday","Dark Street lights on",1,2,"Not at intersection",3,80,"FRANKSTON","METROPOLITAN SOUTH EAST REGION",-38.11417366,145.1552925,"Dry","Clear"
"T20190013182","6/7/19",14:30:00,"Collision with vehicle","Saturday","Day",2,3,"Not at intersection",3,50,"BOROONDARA","METROPOLITAN SOUTH EAST REGION",-37.79141294,145.0287796,"Unknown","Not known"
"T20190013183","15/7/19",19:00:00,"Collision with a fixed object","Monday","Dark Street lights on",1,1,"Not at intersection",3,100,"KNOX","METROPOLITAN SOUTH EAST REGION",-37.88816721,145.214659,"Wet","Raining"
"T20190013184","15/7/19",17:50:00,"Collision with vehicle","Monday","Dark Street lights on",2,2,"T intersection",3,60,"BOROONDARA","METROPOLITAN SOUTH EAST REGION",-37.80448004,145.0906466,"Wet","Raining"
"T20190013185","15/7/19",19:50:00,"Collision with vehicle","Monday","Dark Street lights on",2,1,"T intersection",3,50,"MITCHELL","NORTHERN REGION",-37.02960783,145.1383976,"Dry","Clear"
"T20190013186","15/7/19",20:49:00,"Struck Pedestrian","Monday","Dark No street lights",1,2,"T intersection",2,60,"MONASH","METROPOLITAN SOUTH EAST REGION",-37.87939889,145.1283556,"Wet","Clear"
"T20190013188","15/7/19",18:42:00,"Collision with vehicle","Monday","Dark Street lights on",2,2,"T intersection",3,60,"KINGSTON","METROPOLITAN SOUTH EAST REGION",-38.0475894,145.1136976,"Dry","Clear"
"T20190013189","15/7/19",22:00:00,"Collision with vehicle","Monday","Dark Street lights on",3,7,"Cross intersection",3,60,"WHITEHORSE","METROPOLITAN SOUTH EAST REGION",-37.82874011,145.1218258,"Wet","Raining"
"T20190013190","15/7/19",19:30:00,"Collision with vehicle","Monday","Dark Street lights on",2,4,"Cross intersection",2,60,"WHITEHORSE","METROPOLITAN SOUTH EAST REGION",-37.8359782,145.0982069,"Wet","Raining"
"T20190013192","10/7/19",19:17:00,"Collision with vehicle","Wednesday","Dark Street lights on",3,3,"Not at intersection",3,60,"MELBOURNE","METROPOLITAN NORTH WEST REGION",-37.82243219,144.9581485,"Wet","Raining"
"T20190013192","10/7/19",19:17:00,"Collision with vehicle","Wednesday","Dark Street lights on",3,3,"Not at intersection",3,60,"MELBOURNE","METROPOLITAN NORTH WEST REGION",-37.82243219,144.9581485,"Wet","Strong winds"
"T20190013195","12/7/19",15:20:00,"Collision with vehicle","Friday","Day",2,2,"T intersection",3,60,"LATROBE","EASTERN REGION",-38.19324779,146.547068,"Dry","Clear"
"T20190013196","15/7/19",08:59:00,"Collision with vehicle","Monday","Day",3,4,"Not at intersection",3,60,"PORT PHILLIP","METROPOLITAN NORTH WEST REGION",-37.86269526,144.9848621,"Wet","Raining"
"T20190013197","15/7/19",08:20:00,"Vehicle overturned (no collision)","Monday","Day",2,2,"T intersection",3,60,"BOROONDARA","METROPOLITAN SOUTH EAST REGION",-37.81720576,145.0272023,"Wet","Clear"
"T20190013198","16/7/19",08:20:00,"Collision with vehicle","Tuesday","Day",4,5,"T intersection",3,60,"WHITTLESEA","METROPOLITAN NORTH WEST REGION",-37.64199198,145.0264696,"Wet","Raining"
"T20190013199","28/6/19",14:38:00,"Struck Pedestrian","Friday","Day",1,2,"Cross intersection",2,80,"GLEN EIRA","METROPOLITAN SOUTH EAST REGION",-37.89760799,145.005663,"Dry","Clear"
"T20190013202","16/7/19",07:11:00,"Collision with vehicle","Tuesday","Dark No street lights",2,2,"Not at intersection",3,80,"WYNDHAM","METROPOLITAN NORTH WEST REGION",-37.93598842,144.6735184,"Wet","Clear"
"T20190013204","16/7/19",06:40:00,"Struck animal","Tuesday","Dark No street lights",3,3,"Not at intersection",3,100,"STRATHBOGIE","NORTH EASTERN REGION",-36.84221531,145.5705552,"Dry","Clear"
"T20190013206","16/7/19",07:40:00,"Collision with a fixed object","Tuesday","Day",1,1,"Not at intersection",3,50,"CASEY","METROPOLITAN SOUTH EAST REGION",-38.08287366,145.2871804,"Wet","Raining"
"T20190013208","19/6/19",11:15:00,"Collision with vehicle","Wednesday","Day",2,2,"Cross intersection",3,50,"WHITTLESEA","METROPOLITAN NORTH WEST REGION",-37.65634749,145.0801132,"Dry","Clear"
"T20190013209","16/7/19",10:38:00,"Collision with vehicle","Tuesday","Day",2,2,"Cross intersection",3,60,"PORT PHILLIP","METROPOLITAN NORTH WEST REGION",-37.87625025,144.9923634,"Dry","Clear"
"T20190013210","16/7/19",08:39:00,"Collision with vehicle","Tuesday","Day",3,5,"Not at intersection",3,40,"MELBOURNE","METROPOLITAN NORTH WEST REGION",-37.79626955,144.9515794,"Wet","Clear"
"T20190013211","12/7/19",19:00:00,"Collision with vehicle","Friday","Dark Street lights on",2,2,"Not at intersection",3,70,"MONASH","METROPOLITAN SOUTH EAST REGION",-37.90344784,145.159859,"Wet","Clear"
"T20190013212","16/7/19",10:30:00,"Collision with vehicle","Tuesday","Day",2,2,"Not at intersection",3,999,"MORELAND","METROPOLITAN NORTH WEST REGION",-37.73419886,144.945499,"Dry","Not known"
"T20190013214","16/7/19",07:15:00,"Collision with vehicle","Tuesday","Day",2,2,"Not at intersection",3,999,"MELBOURNE","METROPOLITAN NORTH WEST REGION",-37.83781038,144.9761183,"Dry","Clear"
"T20190013215","10/7/19",20:30:00,"No collision and no object struck","Wednesday","Dark Street lights unknown",1,1,"Not at intersection",3,50,"KNOX","METROPOLITAN SOUTH EAST REGION",-37.84924722,145.274459,"Wet","Raining"
"T20190013215","10/7/19",20:30:00,"No collision and no object struck","Wednesday","Dark Street lights unknown",1,1,"Not at intersection",3,50,"KNOX","METROPOLITAN SOUTH EAST REGION",-37.84924722,145.274459,"Wet","Strong winds"
"T20190013216","16/7/19",11:50:00,"Collision with a fixed object","Tuesday","Day",1,1,"Not at intersection",3,100,"HORSHAM","WESTERN REGION",-36.81538167,142.3538523,"Dry","Clear"
"T20190013217","16/7/19",11:57:00,"Collision with vehicle","Tuesday","Day",2,2,"Not at intersection",3,60,"MELTON","METROPOLITAN NORTH WEST REGION",-37.68536172,144.594186,"Dry","Clear"
"T20190013218","15/7/19",21:20:00,"Collision with a fixed object","Monday","Dark No street lights",1,2,"Not at intersection",3,100,"BALLARAT","WESTERN REGION",-37.36981329,143.8073048,"Wet","Raining"
"T20190013218","15/7/19",21:20:00,"Collision with a fixed object","Monday","Dark No street lights",1,2,"Not at intersection",3,100,"BALLARAT","WESTERN REGION",-37.36981329,143.8073048,"Wet","Strong winds"
"T20190013222","16/7/19",14:15:00,"Collision with vehicle","Tuesday","Day",2,3,"Cross intersection",3,60,"GEELONG","SOUTH WESTERN REGION",-38.17938975,144.3692965,"Dry","Clear"
"T20190013223","16/7/19",13:22:00,"Collision with vehicle","Tuesday","Day",3,2,"Not at intersection",3,40,"GLEN EIRA","METROPOLITAN SOUTH EAST REGION",-37.89782009,145.0073681,"Dry","Clear"
"T20190013224","16/7/19",14:20:00,"Collision with vehicle","Tuesday","Day",2,3,"Cross intersection",3,80,"KINGSTON","METROPOLITAN SOUTH EAST REGION",-38.01093956,145.1407662,"Dry","Clear"
"T20190013225","16/7/19",08:30:00,"Collision with a fixed object","Tuesday","Day",1,2,"T intersection",3,50,"HUME","METROPOLITAN NORTH WEST REGION",-37.59989345,144.9047973,"Wet","Not known"
"T20190013226","16/7/19",13:30:00,"Collision with a fixed object","Tuesday","Day",1,1,"Not at intersection",3,100,"ALPINE","NORTH EASTERN REGION",-36.60562422,146.7852667,"Dry","Clear"
"T20190013230","16/7/19",14:35:00,"Collision with a fixed object","Tuesday","Day",1,1,"Not at intersection",3,100,"SOUTH GIPPSLAND","EASTERN REGION",-38.71348675,146.0824172,"Wet","Raining"
"T20190013230","16/7/19",14:35:00,"Collision with a fixed object","Tuesday","Day",1,1,"Not at intersection",3,100,"SOUTH GIPPSLAND","EASTERN REGION",-38.71348675,146.0824172,"Wet","Strong winds"
"T20190013231","16/7/19",15:40:00,"Collision with vehicle","Tuesday","Day",2,3,"Not at intersection",3,60,"KINGSTON","METROPOLITAN SOUTH EAST REGION",-37.99903831,145.0898746,"Dry","Clear"
"T20190013232","16/7/19",15:12:00,"Collision with vehicle","Tuesday","Day",5,5,"Not at intersection",3,80,"DANDENONG","METROPOLITAN SOUTH EAST REGION",-37.95284434,145.2268856,"Dry","Clear"
"T20190013233","15/7/19",20:30:00,"Fall from or in moving vehicle","Monday","Dark Street lights off",2,3,"Not at intersection",3,50,"NILLUMBIK","METROPOLITAN NORTH WEST REGION",-37.67733435,145.1648966,"Unknown","Not known"
"T20190013234","16/7/19",06:30:00,"Vehicle overturned (no collision)","Tuesday","Dark No street lights",1,2,"Not at intersection",3,60,"HUME","METROPOLITAN NORTH WEST REGION",-37.55133872,144.8947282,"Wet","Raining"
"T20190013237","16/7/19",17:35:00,"Collision with vehicle","Tuesday","Dark No street lights",2,4,"Not at intersection",3,60,"BALLARAT","WESTERN REGION",-37.5699216,143.8112752,"Wet","Not known"
"T20190013238","16/7/19",18:00:00,"Collision with vehicle","Tuesday","Dark Street lights on",3,4,"Not at intersection",3,60,"HUME","METROPOLITAN NORTH WEST REGION",-37.69076786,144.9156537,"Dry","Clear"
"T20190013239","13/7/19",13:50:00,"Collision with vehicle","Saturday","Day",2,3,"Not at intersection",3,999,"MONASH","METROPOLITAN SOUTH EAST REGION",-37.91222533,145.1072955,"Wet","Strong winds"
"T20190013241","19/6/19",06:30:00,"Collision with vehicle","Wednesday","Dusk/Dawn",2,2,"Not at intersection",3,110,"WHITTLESEA","METROPOLITAN NORTH WEST REGION",-37.63927265,144.9925375,"Wet","Raining"
"T20190013243","16/7/19",08:40:00,"Collision with vehicle","Tuesday","Unknown",2,2,"Not at intersection",3,999,"MANNINGHAM","METROPOLITAN SOUTH EAST REGION",-37.76393174,145.1707083,"Wet","Raining"
"T20190013248","16/7/19",19:48:00,"Collision with a fixed object","Tuesday","Dark Street lights on",1,1,"T intersection",3,60,"WHITEHORSE","METROPOLITAN SOUTH EAST REGION",-37.83417165,145.1665005,"Dry","Clear"
"T20190013251","16/7/19",18:25:00,"Collision with a fixed object","Tuesday","Dark No street lights",1,1,"Not at intersection",3,80,"YARRA RANGES","METROPOLITAN SOUTH EAST REGION",-37.75494592,145.4897286,"Wet","Raining"
"T20190013251","16/7/19",18:25:00,"Collision with a fixed object","Tuesday","Dark No street lights",1,1,"Not at intersection",3,80,"YARRA RANGES","METROPOLITAN SOUTH EAST REGION",-37.75494592,145.4897286,"Wet","Fog"
"T20190013252","16/7/19",19:40:00,"Collision with a fixed object","Tuesday","Dark No street lights",1,2,"Multiple intersection",3,100,"FRANKSTON","METROPOLITAN SOUTH EAST REGION",-38.10222694,145.1409406,"Wet","Clear"
"T20190013253","16/7/19",20:58:00,"Collision with vehicle","Tuesday","Dark Street lights on",2,5,"Cross intersection",3,60,"HUME","METROPOLITAN NORTH WEST REGION",-37.59013968,144.9106953,"Dry","Clear"
"T20190013255","16/7/19",18:21:00,"Struck Pedestrian","Tuesday","Dark Street lights on",1,3,"Not at intersection",1,50,"WELLINGTON","EASTERN REGION",-38.10325403,147.0653748,"Dry","Clear"
"T20190013257","11/7/19",07:26:00,"Collision with vehicle","Thursday","Day",2,3,"T intersection",3,70,"MONASH","METROPOLITAN SOUTH EAST REGION",-37.92397853,145.157478,"Wet","Clear"
"T20190013258","12/7/19",09:45:00,"Collision with vehicle","Friday","Day",2,2,"Not at intersection",2,80,"YARRA RANGES","METROPOLITAN SOUTH EAST REGION",-37.78031242,145.5353642,"Dry","Clear"
"T20190013259","16/7/19",22:16:00,"Struck Pedestrian","Tuesday","Dark Street lights on",1,2,"Not at intersection",2,50,"GEELONG","SOUTH WESTERN REGION",-38.1705586,144.7169028,"Dry","Clear"
"T20190013260","17/7/19",00:40:00,"Collision with a fixed object","Wednesday","Dark No street lights",1,1,"Not at intersection",3,100,"WELLINGTON","EASTERN REGION",-38.05816074,146.768882,"Dry","Clear"
"T20190013261","17/7/19",00:45:00,"Vehicle overturned (no collision)","Wednesday","Dark Street lights on",1,1,"Not at intersection",2,80,"CASEY","METROPOLITAN SOUTH EAST REGION",-38.13225023,145.2949491,"Wet","Clear"
"T20190013263","17/7/19",05:30:00,"Collision with vehicle","Wednesday","Dark No street lights",2,2,"Not at intersection",3,60,"WYNDHAM","METROPOLITAN NORTH WEST REGION",-37.80734531,144.714631,"Dry","Clear"
"T20190013264","3/7/19",06:30:00,"Collision with vehicle","Wednesday","Unknown",2,2,"Cross intersection",3,60,"WYNDHAM","METROPOLITAN NORTH WEST REGION",-37.89671305,144.754149,"Unknown","Not known"
"T20190013265","17/7/19",07:30:00,"Collision with vehicle","Wednesday","Day",2,2,"Not at intersection",3,999,"CASEY","METROPOLITAN SOUTH EAST REGION",-38.11338484,145.2856298,"Dry","Clear"
"T20190013266","16/7/19",17:24:00,"Collision with vehicle","Tuesday","Dusk/Dawn",2,2,"T intersection",3,80,"KINGSTON","METROPOLITAN SOUTH EAST REGION",-37.98147639,145.0705804,"Dry","Clear"
"T20190013267","17/7/19",07:10:00,"Collision with a fixed object","Wednesday","Day",1,1,"Not at intersection",3,100,"PYRENEES","WESTERN REGION",-37.69635225,143.3021857,"Wet","Clear"
"T20190013268","17/7/19",08:15:00,"Collision with a fixed object","Wednesday","Day",1,1,"Not at intersection",3,100,"WYNDHAM","METROPOLITAN NORTH WEST REGION",-37.92725209,144.6296635,"Dry","Clear"
"T20190013269","17/7/19",09:11:00,"Collision with vehicle","Wednesday","Day",2,2,"Cross intersection",3,50,"MELBOURNE","METROPOLITAN NORTH WEST REGION",-37.80297905,144.9680521,"Dry","Clear"
"T20190013270","17/7/19",09:15:00,"Collision with a fixed object","Wednesday","Day",1,2,"Not at intersection",3,50,"CARDINIA","METROPOLITAN SOUTH EAST REGION",-38.06547854,145.4758244,"Dry","Raining"
"T20190013271","19/6/19",09:26:00,"Collision with a fixed object","Wednesday","Day",1,2,"Not at intersection",3,100,"YARRA RANGES","METROPOLITAN SOUTH EAST REGION",-37.63678446,145.4005291,"Dry","Clear"