"ACCIDENT_NO","ACCIDENTDATE","ACCIDENTTIME","Accident Type Desc","Day Week Description","Light Condition Desc","NO_OF_VEHICLES","NO_PERSONS","Road Geometry Desc","SEVERITY","SPEED_ZONE","LGA_NAME","REGION_NAME","Lat","Long","Surface Cond Desc","Atmosph Cond Desc"
"T20190013276","17/7/19",07:30:00,"Collision with a fixed object","Wednesday","Day",2,1,"Not at intersection",2,999,"MAROONDAH","METROPOLITAN SOUTH EAST REGION",-37.82664441,145.3021521,"Dry","Clear"
"T20190013277","17/7/19",11:00:00,"Collision with vehicle","Wednesday","Day",2,2,"Cross intersection",3,60,"MAROONDAH","METROPOLITAN SOUTH EAST REGION",-37.80183913,145.3080076,"Dry","Clear"
"T20190013280","15/7/19",09:50:00,"Collision with a fixed object","Monday","Day",2,3,"Not at intersection",3,100,"MORNINGTON PENINSULA","METROPOLITAN SOUTH EAST REGION",-38.27077224,145.0709487,"Dry","Clear"
"T20190013284","13/7/19",15:45:00,"Collision with vehicle","Saturday","Day",2,3,"Cross intersection",3,60,"DANDENONG","METROPOLITAN SOUTH EAST REGION",-38.06694547,145.153196,"Wet","Raining"
"T20190013284","13/7/19",15:45:00,"Collision with vehicle","Saturday","Day",2,3,"Cross intersection",3,60,"DANDENONG","METROPOLITAN SOUTH EAST REGION",-38.06694547,145.153196,"Wet","Strong winds"
"T20190013285","17/7/19",13:00:00,"Collision with vehicle","Wednesday","Day",2,3,"Cross intersection",3,50,"BALLARAT","WESTERN REGION",-37.55544254,143.7876471,"Wet","Clear"
"T20190013286","17/7/19",13:00:00,"Vehicle overturned (no collision)","Wednesday","Day",1,2,"T intersection",3,80,"CARDINIA","METROPOLITAN SOUTH EAST REGION",-38.11702736,145.4259348,"Dry","Clear"
"T20190013287","17/7/19",13:45:00,"Collision with vehicle","Wednesday","Day",2,3,"Not at intersection",3,40,"CASEY","METROPOLITAN SOUTH EAST REGION",-38.09263107,145.3321146,"Wet","Raining"
"T20190013289","17/7/19",05:14:00,"Struck Pedestrian","Wednesday","Dark Street lights on",1,3,"T intersection",3,50,"MELBOURNE","METROPOLITAN NORTH WEST REGION",-37.81739198,144.9658139,"Dry","Clear"
"T20190013294","14/7/19",14:00:00,"Collision with vehicle","Sunday","Day",2,2,"Cross intersection",3,50,"BRIMBANK","METROPOLITAN NORTH WEST REGION",-37.78646968,144.8459755,"Wet","Raining"
"T20190013295","17/7/19",13:55:00,"Struck Pedestrian","Wednesday","Day",1,2,"Not at intersection",3,60,"MORELAND","METROPOLITAN NORTH WEST REGION",-37.74944376,144.9464395,"Wet","Clear"
"T20190013299","17/7/19",08:19:00,"Collision with vehicle","Wednesday","Day",2,2,"Cross intersection",3,60,"WHITTLESEA","METROPOLITAN NORTH WEST REGION",-37.621321,145.0118421,"Dry","Clear"
"T20190013302","17/6/19",17:15:00,"Collision with vehicle","Monday","Dusk/Dawn",2,2,"T intersection",2,50,"FRANKSTON","METROPOLITAN SOUTH EAST REGION",-38.16062995,145.13908,"Dry","Clear"
"T20190013304","17/7/19",09:50:00,"Collision with vehicle","Wednesday","Day",2,2,"Not at intersection",3,80,"YARRA RANGES","METROPOLITAN SOUTH EAST REGION",-37.7803179,145.5359178,"Wet","Raining"
"T20190013305","17/7/19",15:00:00,"Collision with vehicle","Wednesday","Day",2,3,"Cross intersection",3,100,"SHEPPARTON","NORTH EASTERN REGION",-36.40419904,145.0681894,"Wet","Raining"
"T20190013307","17/7/19",14:30:00,"Collision with vehicle","Wednesday","Day",2,2,"Not at intersection",3,60,"MARIBYRNONG","METROPOLITAN NORTH WEST REGION",-37.76956099,144.8971533,"Wet","Clear"
"T20190013309","17/7/19",14:45:00,"Collision with vehicle","Wednesday","Day",2,3,"T intersection",3,50,"BASS COAST","EASTERN REGION",-38.52176486,145.3352842,"Unknown","Clear"
"T20190013310","17/7/19",18:20:00,"Collision with vehicle","Wednesday","Dark Street lights on",2,4,"T intersection",3,60,"DAREBIN","METROPOLITAN NORTH WEST REGION",-37.72043741,145.003998,"Wet","Raining"
"T20190013311","17/7/19",17:30:00,"Collision with vehicle","Wednesday","Dark No street lights",3,5,"Not at intersection",3,80,"CARDINIA","METROPOLITAN SOUTH EAST REGION",-37.93690904,145.4046543,"Wet","Raining"
"T20190013312","17/7/19",18:15:00,"Struck Pedestrian","Wednesday","Dark Street lights on",1,2,"Cross intersection",3,70,"CASEY","METROPOLITAN SOUTH EAST REGION",-38.0824905,145.2790314,"Wet","Clear"
"T20190013313","17/7/19",19:00:00,"Collision with vehicle","Wednesday","Dark Street lights on",2,2,"T intersection",3,60,"GEELONG","SOUTH WESTERN REGION",-38.07369506,144.3548026,"Wet","Clear"
"T20190013314","17/7/19",18:00:00,"Collision with vehicle","Wednesday","Dark Street lights on",2,2,"T intersection",3,60,"WHITEHORSE","METROPOLITAN SOUTH EAST REGION",-37.8507631,145.1000185,"Dry","Clear"
"T20190013315","8/6/19",13:10:00,"Collision with vehicle","Saturday","Unknown",2,2,"Y intersection",3,999,"YARRA RANGES","METROPOLITAN SOUTH EAST REGION",-37.86867631,145.3524946,"Unknown","Not known"
"T20190013318","17/7/19",17:53:00,"Collision with vehicle","Wednesday","Dark Street lights on",3,3,"Not at intersection",3,80,"MONASH","METROPOLITAN SOUTH EAST REGION",-37.91338992,145.1596251,"Wet","Raining"
"T20190013321","7/7/19",16:55:00,"Collision with vehicle","Sunday","Day",2,3,"T intersection",3,60,"DAREBIN","METROPOLITAN NORTH WEST REGION",-37.74619215,145.0120828,"Wet","Raining"
"T20190013322","23/6/19",16:00:00,"Collision with a fixed object","Sunday","Day",1,1,"Not at intersection",3,50,"BOROONDARA","METROPOLITAN SOUTH EAST REGION",-37.84313961,145.0747316,"Wet","Not known"
"T20190013323","17/7/19",15:46:00,"Collision with vehicle","Wednesday","Day",2,2,"Cross intersection",3,50,"GEELONG","SOUTH WESTERN REGION",-38.16747632,144.3463313,"Wet","Clear"
"T20190013325","17/7/19",22:25:00,"Collision with a fixed object","Wednesday","Dark Street lights on",1,1,"T intersection",3,60,"BENDIGO","NORTHERN REGION",-36.75364429,144.2987125,"Wet","Clear"
"T20190013326","17/7/19",23:52:00,"Collision with vehicle","Wednesday","Dark Street lights on",2,2,"Not at intersection",3,60,"MORELAND","METROPOLITAN NORTH WEST REGION",-37.73437859,144.9681606,"Dry","Clear"
"T20190013328","18/7/19",01:00:00,"Collision with a fixed object","Thursday","Dark No street lights",1,1,"Multiple intersection",3,110,"BENALLA","NORTH EASTERN REGION",-36.59547352,145.8843833,"Wet","Clear"
"T20190013332","17/7/19",23:54:00,"Collision with vehicle","Wednesday","Dark Street lights on",2,3,"Not at intersection",3,100,"MELTON","METROPOLITAN NORTH WEST REGION",-37.78325134,144.7480275,"Dry","Clear"
"T20190013334","17/7/19",14:41:00,"Collision with vehicle","Wednesday","Day",3,2,"Not at intersection",3,60,"PORT PHILLIP","METROPOLITAN NORTH WEST REGION",-37.85703664,144.9826191,"Dry","Clear"
"T20190013335","18/5/19",03:00:00,"Collision with a fixed object","Saturday","Dark No street lights",1,2,"Not at intersection",2,50,"WHITTLESEA","METROPOLITAN NORTH WEST REGION",-37.58226985,145.0632446,"Unknown","Clear"
"T20190013337","18/7/19",04:30:00,"Collision with a fixed object","Thursday","Dark Street lights on",1,1,"Not at intersection",3,60,"MORNINGTON PENINSULA","METROPOLITAN SOUTH EAST REGION",-38.36136618,145.1981897,"Wet","Clear"
"T20190013339","29/6/19",05:40:00,"Collision with vehicle","Saturday","Dusk/Dawn",2,2,"Cross intersection",3,40,"STONNINGTON","METROPOLITAN SOUTH EAST REGION",-37.84784905,144.9939734,"Dry","Clear"
"T20190013340","17/7/19",15:30:00,"Struck Pedestrian","Wednesday","Day",1,2,"Not at intersection",3,50,"FRANKSTON","METROPOLITAN SOUTH EAST REGION",-38.13380359,145.2057523,"Dry","Clear"
"T20190013341","18/7/19",07:02:00,"Collision with vehicle","Thursday","Dusk/Dawn",2,2,"T intersection",3,80,"GEELONG","SOUTH WESTERN REGION",-38.01467892,144.3514678,"Unknown","Clear"
"T20190013342","18/7/19",07:17:00,"Collision with vehicle","Thursday","Day",2,2,"Not at intersection",3,60,"MORELAND","METROPOLITAN NORTH WEST REGION",-37.73853,144.9401518,"Dry","Clear"
"T20190013343","16/7/19",09:53:00,"Collision with vehicle","Tuesday","Day",3,1,"Not at intersection",3,60,"BRIMBANK","METROPOLITAN NORTH WEST REGION",-37.75339071,144.7817959,"Wet","Raining"
"T20190013344","4/7/19",18:20:00,"Collision with vehicle","Thursday","Dark Street lights on",4,6,"Not at intersection",3,80,"CASEY","METROPOLITAN SOUTH EAST REGION",-38.00215137,145.2403171,"Dry","Clear"
"T20190013347","17/7/19",16:30:00,"Collision with vehicle","Wednesday","Day",2,2,"Cross intersection",3,60,"BALLARAT","WESTERN REGION",-37.5710266,143.892935,"Dry","Clear"
"T20190013349","17/7/19",17:10:00,"Collision with vehicle","Wednesday","Dusk/Dawn",2,3,"Not at intersection",3,60,"BAW BAW","EASTERN REGION",-38.16577419,145.9325994,"Wet","Raining"
"T20190013350","17/7/19",06:20:00,"Struck Pedestrian","Wednesday","Dark Street lights on",1,2,"Not at intersection",3,50,"CAMPASPE","NORTHERN REGION",-36.36073793,144.6996825,"Wet","Fog"
"T20190013353","18/7/19",06:55:00,"Collision with vehicle","Thursday","Day",3,3,"Not at intersection",3,60,"WHITEHORSE","METROPOLITAN SOUTH EAST REGION",-37.81272163,145.1399286,"Dry","Clear"
"T20190013355","18/7/19",11:42:00,"Collision with vehicle","Thursday","Day",2,4,"Not at intersection",3,80,"DANDENONG","METROPOLITAN SOUTH EAST REGION",-38.02576759,145.243225,"Dry","Clear"
"T20190013357","17/7/19",08:00:00,"Collision with a fixed object","Wednesday","Day",1,1,"Not at intersection",2,100,"MOUNT ALEXANDER","NORTHERN REGION",-36.99241012,144.3595391,"Wet","Raining"
"T20190013358","13/7/19",16:30:00,"Collision with a fixed object","Saturday","Unknown",1,1,"Not at intersection",3,999,"(MOUNT BAW BAW)","EASTERN REGION",-37.84574944,146.2455896,"Wet","Not known"
"T20190013359","18/7/19",08:00:00,"Collision with vehicle","Thursday","Day",3,2,"Not at intersection",3,50,"CASEY","METROPOLITAN SOUTH EAST REGION",-38.05497713,145.2581242,"Dry","Clear"
"T20190013360","18/7/19",05:32:00,"Struck Pedestrian","Thursday","Dark Street lights off",1,2,"Multiple intersection",1,60,"HUME","METROPOLITAN NORTH WEST REGION",-37.68955585,144.8821676,"Dry","Clear"
"T20190013361","18/7/19",13:20:00,"Collision with vehicle","Thursday","Day",3,2,"Not at intersection",3,60,"BALLARAT","WESTERN REGION",-37.56320361,143.8575237,"Dry","Clear"
"T20190013364","18/7/19",07:45:00,"Collision with vehicle","Thursday","Day",2,2,"T intersection",3,60,"BRIMBANK","METROPOLITAN NORTH WEST REGION",-37.79636415,144.8342307,"Dry","Clear"
"T20190013366","18/7/19",08:46:00,"Collision with vehicle","Thursday","Day",3,3,"Not at intersection",3,40,"MORNINGTON PENINSULA","METROPOLITAN SOUTH EAST REGION",-38.22263164,145.064575,"Dry","Clear"
"T20190013369","18/7/19",15:00:00,"Collision with vehicle","Thursday","Day",3,3,"T intersection",3,80,"CARDINIA","METROPOLITAN SOUTH EAST REGION",-38.06180616,145.4426424,"Dry","Clear"
"T20190013370","16/7/19",14:30:00,"Collision with vehicle","Tuesday","Day",2,2,"T intersection",3,80,"KNOX","METROPOLITAN SOUTH EAST REGION",-37.89906634,145.2231603,"Dry","Clear"
"T20190013372","17/7/19",07:30:00,"No collision and no object struck","Wednesday","Day",1,1,"Not at intersection",3,60,"DAREBIN","METROPOLITAN NORTH WEST REGION",-37.78078565,145.017825,"Wet","Clear"
"T20190013373","9/4/19",13:00:00,"Collision with vehicle","Tuesday","Day",2,2,"Cross intersection",3,80,"MAROONDAH","METROPOLITAN SOUTH EAST REGION",-37.83236914,145.2694125,"Unknown","Not known"
"T20190013374","18/7/19",15:45:00,"Collision with vehicle","Thursday","Day",2,3,"Cross intersection",3,60,"MOONEE VALLEY","METROPOLITAN NORTH WEST REGION",-37.76526163,144.9237273,"Dry","Clear"
"T20190013375","16/7/19",16:49:00,"Collision with vehicle","Tuesday","Day",2,2,"Not at intersection",3,80,"MONASH","METROPOLITAN SOUTH EAST REGION",-37.91848421,145.1587048,"Unknown","Clear"
"T20190013376","17/7/19",17:20:00,"Collision with vehicle","Wednesday","Dusk/Dawn",2,4,"Cross intersection",3,50,"MOORABOOL","WESTERN REGION",-37.67967583,144.4358097,"Dry","Raining"
"T20190013377","3/7/19",08:50:00,"No collision and no object struck","Wednesday","Unknown",1,1,"Not at intersection",3,80,"YARRA RANGES","METROPOLITAN SOUTH EAST REGION",-37.82783057,145.6640413,"Wet","Raining"
"T20190013380","18/7/19",18:50:00,"Struck Pedestrian","Thursday","Dark Street lights on",1,2,"Cross intersection",2,80,"CASEY","METROPOLITAN SOUTH EAST REGION",-38.08262763,145.2788842,"Dry","Clear"
"T20190013381","18/7/19",16:10:00,"Collision with vehicle","Thursday","Day",3,6,"Cross intersection",3,60,"DANDENONG","METROPOLITAN SOUTH EAST REGION",-37.99987974,145.218229,"Dry","Clear"
"T20190013382","18/7/19",17:30:00,"Collision with vehicle","Thursday","Dark Street lights on",2,2,"Not at intersection",3,60,"WYNDHAM","METROPOLITAN NORTH WEST REGION",-37.88026593,144.6823504,"Dry","Clear"
"T20190013383","18/7/19",18:11:00,"Collision with vehicle","Thursday","Dark Street lights on",2,2,"Cross intersection",3,50,"DANDENONG","METROPOLITAN SOUTH EAST REGION",-37.98592929,145.2075732,"Dry","Clear"
"T20190013385","18/7/19",19:00:00,"Collision with vehicle","Thursday","Dark Street lights on",2,3,"Cross intersection",3,60,"CASEY","METROPOLITAN SOUTH EAST REGION",-38.02586686,145.2503328,"Wet","Clear"
"T20190013386","18/7/19",15:05:00,"Collision with vehicle","Thursday","Day",2,3,"Cross intersection",3,100,"MILDURA","WESTERN REGION",-34.25552573,142.1070697,"Dry","Clear"
"T20190013388","18/7/19",19:28:00,"Collision with a fixed object","Thursday","Dark Street lights on",1,4,"Not at intersection",3,50,"BENDIGO","NORTHERN REGION",-36.74508522,144.2718263,"Dry","Clear"
"T20190013389","18/7/19",20:30:00,"Collision with vehicle","Thursday","Dark Street lights on",2,2,"Cross intersection",3,60,"WHITEHORSE","METROPOLITAN SOUTH EAST REGION",-37.86110936,145.1618972,"Wet","Raining"
"T20190013391","18/7/19",20:00:00,"Collision with vehicle","Thursday","Dark No street lights",2,1,"Not at intersection",3,50,"INDIGO","NORTH EASTERN REGION",-36.35548605,146.6986429,"Dry","Clear"
"T20190013392","18/7/19",19:15:00,"Struck Pedestrian","Thursday","Dark Street lights on",1,3,"Cross intersection",3,60,"MANNINGHAM","METROPOLITAN SOUTH EAST REGION",-37.78916309,145.1619558,"Wet","Clear"
"T20190013393","18/7/19",17:24:00,"Collision with vehicle","Thursday","Dusk/Dawn",2,2,"Not at intersection",3,999,"WHITTLESEA","METROPOLITAN NORTH WEST REGION",-37.62456265,145.0285277,"Dry","Clear"
"T20190013394","18/7/19",14:55:00,"Struck Pedestrian","Thursday","Day",1,2,"Not at intersection",3,50,"WHITTLESEA","METROPOLITAN NORTH WEST REGION",-37.67785742,145.0151436,"Dry","Clear"
"T20190013395","18/7/19",05:40:00,"Collision with vehicle","Thursday","Dark Street lights on",2,3,"T intersection",3,70,"MELBOURNE","METROPOLITAN NORTH WEST REGION",-37.80308593,144.9291608,"Dry","Clear"
"T20190013398","19/7/19",00:06:00,"Collision with vehicle","Friday","Dark Street lights on",2,1,"T intersection",3,70,"BANYULE","METROPOLITAN NORTH WEST REGION",-37.69241878,145.1130848,"Wet","Clear"
"T20190013402","19/7/19",05:58:00,"Collision with a fixed object","Friday","Dark Street lights on",1,1,"T intersection",3,60,"BOROONDARA","METROPOLITAN SOUTH EAST REGION",-37.815068,145.0276001,"Wet","Clear"
"T20190013407","25/6/19",18:30:00,"Collision with vehicle","Tuesday","Dark Street lights on",2,2,"T intersection",3,50,"BAYSIDE","METROPOLITAN SOUTH EAST REGION",-37.97219808,145.0522401,"Unknown","Not known"
"T20190013408","16/7/19",17:45:00,"Collision with vehicle","Tuesday","Dusk/Dawn",2,2,"Not at intersection",2,100,"HOBSONS BAY","METROPOLITAN NORTH WEST REGION",-37.84595829,144.7823436,"Dry","Clear"
"T20190013409","18/7/19",14:00:00,"Collision with vehicle","Thursday","Day",2,2,"Cross intersection",3,70,"HUME","METROPOLITAN NORTH WEST REGION",-37.70700019,144.8859301,"Dry","Not known"
"T20190013410","19/7/19",07:00:00,"Collision with vehicle","Friday","Dusk/Dawn",3,3,"Not at intersection",3,100,"DANDENONG","METROPOLITAN SOUTH EAST REGION",-38.02348853,145.2470915,"Wet","Clear"
"T20190013411","19/7/19",08:10:00,"Collision with vehicle","Friday","Day",2,2,"Cross intersection",3,60,"BALLARAT","WESTERN REGION",-37.57261674,143.839108,"Wet","Fog"
"T20190013412","18/7/19",21:20:00,"Collision with vehicle","Thursday","Dark Street lights on",2,2,"Cross intersection",3,60,"BALLARAT","WESTERN REGION",-37.56488923,143.8634121,"Dry","Clear"
"T20190013413","17/5/19",18:00:00,"Collision with vehicle","Friday","Day",2,2,"Not at intersection",3,40,"YARRA","METROPOLITAN NORTH WEST REGION",-37.81853835,144.9985957,"Dry","Clear"
"T20190013414","19/7/19",09:03:00,"Collision with vehicle","Friday","Day",2,2,"Multiple intersection",3,50,"MONASH","METROPOLITAN SOUTH EAST REGION",-37.91036728,145.1455927,"Dry","Clear"
"T20190013416","19/7/19",06:30:00,"Collision with vehicle","Friday","Dusk/Dawn",2,2,"Cross intersection",3,60,"HUME","METROPOLITAN NORTH WEST REGION",-37.53488233,144.8986565,"Dry","Fog"
"T20190013417","18/5/19",11:08:00,"Collision with vehicle","Saturday","Day",2,2,"T intersection",2,60,"KINGSTON","METROPOLITAN SOUTH EAST REGION",-37.92570061,145.0961206,"Dry","Clear"
"T20190013418","19/7/19",09:57:00,"Collision with vehicle","Friday","Day",2,2,"Cross intersection",3,70,"MANNINGHAM","METROPOLITAN SOUTH EAST REGION",-37.78833256,145.1048411,"Dry","Clear"
"T20190013418","19/7/19",09:57:00,"Collision with vehicle","Friday","Day",2,2,"Cross intersection",3,70,"MANNINGHAM","METROPOLITAN SOUTH EAST REGION",-37.78833256,145.1048411,"Dry","Strong winds"
"T20190013419","19/7/19",08:26:00,"Collision with vehicle","Friday","Day",2,4,"Cross intersection",3,60,"KINGSTON","METROPOLITAN SOUTH EAST REGION",-37.96766136,145.0741397,"Wet","Clear"
"T20190013421","12/7/19",12:30:00,"Collision with vehicle","Friday","Day",2,2,"Cross intersection",3,60,"MELTON","METROPOLITAN NORTH WEST REGION",-37.68341008,144.5804613,"Unknown","Not known"
"T20190013422","19/7/19",08:50:00,"Collision with vehicle","Friday","Day",2,3,"Cross intersection",3,50,"BRIMBANK","METROPOLITAN NORTH WEST REGION",-37.73631494,144.8058769,"Wet","Clear"
"T20190013423","19/7/19",12:08:00,"No collision and no object struck","Friday","Day",2,2,"Not at intersection",3,60,"STONNINGTON","METROPOLITAN SOUTH EAST REGION",-37.85159784,144.9840399,"Dry","Clear"
"T20190013425","24/5/19",15:53:00,"Collision with vehicle","Friday","Day",2,2,"T intersection",3,60,"GEELONG","SOUTH WESTERN REGION",-38.09871624,144.3541055,"Unknown","Not known"
"T20190013426","19/7/19",12:10:00,"Collision with a fixed object","Friday","Day",1,1,"Cross intersection",3,80,"FRANKSTON","METROPOLITAN SOUTH EAST REGION",-38.15527613,145.181241,"Dry","Clear"
"T20190013428","18/7/19",18:25:00,"Collision with vehicle","Thursday","Dusk/Dawn",2,2,"Not at intersection",3,100,"MONASH","METROPOLITAN SOUTH EAST REGION",-37.91447244,145.1678449,"Dry","Clear"
"T20190013429","19/7/19",12:20:00,"Collision with a fixed object","Friday","Day",1,1,"Not at intersection",3,50,"MOONEE VALLEY","METROPOLITAN NORTH WEST REGION",-37.76711117,144.9272297,"Dry","Clear"
"T20190013432","25/6/19",16:25:00,"Collision with vehicle","Tuesday","Unknown",2,2,"T intersection",3,60,"MORELAND","METROPOLITAN NORTH WEST REGION",-37.71196427,144.9170951,"Unknown","Not known"
"T20190013436","18/7/19",06:35:00,"Collision with vehicle","Thursday","Dusk/Dawn",2,2,"T intersection",3,60,"WHITTLESEA","METROPOLITAN NORTH WEST REGION",-37.68452693,145.0291521,"Dry","Not known"
"T20190013437","19/7/19",13:00:00,"Collision with vehicle","Friday","Unknown",2,2,"Not at intersection",3,999,"MOONEE VALLEY","METROPOLITAN NORTH WEST REGION",-37.76110149,144.9378181,"Unknown","Not known"
"T20190013438","19/7/19",12:00:00,"Collision with vehicle","Friday","Day",2,3,"Cross intersection",3,110,"INDIGO","NORTH EASTERN REGION",-36.1651802,146.5675176,"Dry","Clear"
"T20190013440","18/7/19",18:18:00,"Collision with a fixed object","Thursday","Dark Street lights unknown",1,2,"Cross intersection",2,50,"HUME","METROPOLITAN NORTH WEST REGION",-37.59066266,144.9146111,"Dry","Clear"
"T20190013441","15/7/19",05:40:00,"collision with some other object","Monday","Dark No street lights",1,1,"Not at intersection",3,110,"MOUNT ALEXANDER","NORTHERN REGION",-37.02610452,144.2715764,"Dry","Clear"
"T20190013443","19/7/19",15:55:00,"Collision with vehicle","Friday","Day",2,1,"Not at intersection",2,70,"MANNINGHAM","METROPOLITAN SOUTH EAST REGION",-37.79988603,145.1825029,"Dry","Clear"
"T20190013445","19/7/19",16:35:00,"Collision with vehicle","Friday","Day",2,2,"T intersection",3,60,"BALLARAT","WESTERN REGION",-37.56498191,143.8675012,"Dry","Clear"
"T20190013446","19/7/19",15:45:00,"Collision with vehicle","Friday","Day",3,3,"Not at intersection",3,40,"BALLARAT","WESTERN REGION",-37.53309938,143.8308995,"Dry","Clear"
"T20190013447","19/7/19",15:34:00,"Collision with vehicle","Friday","Day",3,5,"Not at intersection",3,100,"GEELONG","SOUTH WESTERN REGION",-38.21356814,144.2621919,"Dry","Clear"
"T20190013448","19/7/19",14:30:00,"Collision with vehicle","Friday","Day",2,2,"Cross intersection",3,50,"YARRA RANGES","METROPOLITAN SOUTH EAST REGION",-37.75116203,145.3399733,"Dry","Clear"
"T20190013451","19/7/19",00:11:00,"Collision with vehicle","Friday","Dark Street lights on",2,2,"T intersection",3,50,"MARIBYRNONG","METROPOLITAN NORTH WEST REGION",-37.79577008,144.8627447,"Dry","Clear"
"T20190013452","19/7/19",14:48:00,"No collision and no object struck","Friday","Day",1,1,"Not at intersection",3,60,"BANYULE","METROPOLITAN NORTH WEST REGION",-37.73616623,145.0767566,"Dry","Clear"
"T20190013454","25/6/19",11:55:00,"Collision with vehicle","Tuesday","Day",2,2,"Cross intersection",3,999,"PORT PHILLIP","METROPOLITAN NORTH WEST REGION",-37.88691044,144.9901208,"Unknown","Not known"
"T20190013458","10/7/19",15:30:00,"Collision with a fixed object","Wednesday","Day",2,1,"Not at intersection",3,60,"KINGSTON","METROPOLITAN SOUTH EAST REGION",-37.9400056,145.1264569,"Dry","Clear"
"T20190013460","19/7/19",16:56:00,"Struck Pedestrian","Friday","Day",1,3,"Cross intersection",3,60,"WHITTLESEA","METROPOLITAN NORTH WEST REGION",-37.60271981,145.1139291,"Dry","Clear"
"T20190013462","19/7/19",17:05:00,"Collision with vehicle","Friday","Day",2,2,"Not at intersection",2,40,"YARRA RANGES","METROPOLITAN SOUTH EAST REGION",-37.78569249,145.3122506,"Dry","Clear"
"T20190013463","19/7/19",15:50:00,"Collision with vehicle","Friday","Day",3,3,"Not at intersection",3,80,"GLEN EIRA","METROPOLITAN SOUTH EAST REGION",-37.90396421,145.0406246,"Dry","Clear"
"T20190013464","19/7/19",18:55:00,"Struck Pedestrian","Friday","Dark No street lights",1,2,"Not at intersection",3,60,"YARRA RANGES","METROPOLITAN SOUTH EAST REGION",-37.91646524,145.4030705,"Dry","Clear"
"T20190013465","19/7/19",20:03:00,"Collision with a fixed object","Friday","Dark Street lights on",1,1,"Not at intersection",3,50,"WANGARATTA","NORTH EASTERN REGION",-36.37847174,146.3172031,"Dry","Clear"
"T20190013467","19/7/19",21:15:00,"Collision with vehicle","Friday","Dark Street lights on",2,1,"T intersection",2,50,"BALLARAT","WESTERN REGION",-37.57135781,143.8848324,"Dry","Clear"
"T20190013469","19/7/19",17:55:00,"Collision with vehicle","Friday","Dark Street lights on",4,5,"Not at intersection",3,70,"CASEY","METROPOLITAN SOUTH EAST REGION",-38.03168879,145.2933347,"Dry","Clear"
"T20190013471","30/6/19",19:30:00,"Struck Pedestrian","Sunday","Dark No street lights",1,2,"Not at intersection",3,80,"KNOX","METROPOLITAN SOUTH EAST REGION",-37.87012899,145.2343868,"Wet","Clear"
"T20190013478","19/7/19",20:50:00,"Collision with vehicle","Friday","Dark Street lights on",2,3,"Not at intersection",3,80,"WHITEHORSE","METROPOLITAN SOUTH EAST REGION",-37.85824325,145.1953848,"Dry","Clear"
"T20190013479","19/7/19",19:30:00,"Struck animal","Friday","Dark No street lights",1,1,"Not at intersection",3,60,"YARRA RANGES","METROPOLITAN SOUTH EAST REGION",-37.62602526,145.4984214,"Dry","Clear"
"T20190013481","19/7/19",20:20:00,"Collision with vehicle","Friday","Dark Street lights on",2,3,"T intersection",3,60,"DANDENONG","METROPOLITAN SOUTH EAST REGION",-37.94849219,145.1516193,"Dry","Clear"
"T20190013482","19/7/19",21:45:00,"Struck Pedestrian","Friday","Dark Street lights on",1,2,"Not at intersection",3,80,"DANDENONG","METROPOLITAN SOUTH EAST REGION",-37.93347909,145.1572392,"Dry","Clear"
"T20190013483","20/7/19",00:42:00,"No collision and no object struck","Saturday","Dark Street lights on",1,1,"Unknown",2,50,"LATROBE","EASTERN REGION",-38.23500304,146.4227332,"Dry","Clear"
"T20190013485","20/7/19",01:30:00,"Vehicle overturned (no collision)","Saturday","Dark No street lights",1,2,"Not at intersection",3,100,"WELLINGTON","EASTERN REGION",-37.94720611,146.8809386,"Dry","Fog"
"T20190013486","20/7/19",00:50:00,"Fall from or in moving vehicle","Saturday","Dark Street lights on",1,2,"Not at intersection",3,100,"MORNINGTON PENINSULA","METROPOLITAN SOUTH EAST REGION",-38.1878514,145.1565274,"Dry","Clear"
"T20190013487","20/7/19",01:25:00,"Struck animal","Saturday","Dark No street lights",1,4,"Not at intersection",3,100,"WANGARATTA","NORTH EASTERN REGION",-36.39061561,146.2824669,"Dry","Fog"
"T20190013490","20/7/19",02:54:00,"Collision with a fixed object","Saturday","Dark Street lights on",1,1,"Not at intersection",3,60,"DANDENONG","METROPOLITAN SOUTH EAST REGION",-37.98358955,145.2207826,"Dry","Clear"
"T20190013491","20/7/19",04:30:00,"Collision with vehicle","Saturday","Dark Street lights on",2,2,"Not at intersection",3,80,"STONNINGTON","METROPOLITAN SOUTH EAST REGION",-37.84021979,145.0390862,"Dry","Clear"
"T20190013492","20/5/19",12:25:00,"Collision with vehicle","Monday","Unknown",2,2,"Cross intersection",3,999,"BANYULE","METROPOLITAN NORTH WEST REGION",-37.75106491,145.0460375,"Unknown","Not known"
"T20190013496","20/7/19",09:00:00,"Collision with vehicle","Saturday","Day",2,2,"Cross intersection",3,100,"GEELONG","SOUTH WESTERN REGION",-38.15260853,144.6491949,"Dry","Clear"