"ACCIDENT_NO","ACCIDENTDATE","ACCIDENTTIME","Accident Type Desc","Day Week Description","Light Condition Desc","NO_OF_VEHICLES","NO_PERSONS","Road Geometry Desc","SEVERITY","SPEED_ZONE","LGA_NAME","REGION_NAME","Lat","Long","Surface Cond Desc","Atmosph Cond Desc"
"T20190013497","20/7/19",08:40:00,"Collision with a fixed object","Saturday","Day",1,1,"Not at intersection",3,100,"CORANGAMITE","SOUTH WESTERN REGION",-38.42192938,143.170863,"Wet","Clear"
"T20190013498","20/7/19",09:00:00,"Collision with vehicle","Saturday","Day",2,2,"Cross intersection",3,60,"BOROONDARA","METROPOLITAN SOUTH EAST REGION",-37.81037343,145.0606898,"Dry","Clear"
"T20190013499","14/5/19",18:08:00,"Struck Pedestrian","Tuesday","Dark Street lights unknown",1,2,"Not at intersection",3,999,"MONASH","METROPOLITAN SOUTH EAST REGION",-37.89327615,145.1443895,"Unknown","Not known"
"T20190013501","20/7/19",08:49:00,"Collision with vehicle","Saturday","Day",2,2,"Cross intersection",3,60,"CASEY","METROPOLITAN SOUTH EAST REGION",-37.99591716,145.3068282,"Dry","Clear"
"T20190013502","16/7/19",14:55:00,"Collision with vehicle","Tuesday","Day",3,3,"T intersection",3,60,"MARIBYRNONG","METROPOLITAN NORTH WEST REGION",-37.78481843,144.8737575,"Dry","Clear"
"T20190013503","5/7/19",12:00:00,"No collision and no object struck","Friday","Day",2,2,"T intersection",3,60,"CARDINIA","METROPOLITAN SOUTH EAST REGION",-38.07352022,145.494247,"Dry","Not known"
"T20190013504","20/7/19",10:30:00,"Collision with a fixed object","Saturday","Day",2,4,"Not at intersection",3,50,"DAREBIN","METROPOLITAN NORTH WEST REGION",-37.77133804,144.9940694,"Dry","Clear"
"T20190013505","8/2/19",08:45:00,"Vehicle overturned (no collision)","Friday","Day",1,1,"Not at intersection",3,100,"CASEY","METROPOLITAN SOUTH EAST REGION",-38.1992536,145.2159728,"Wet","Raining"
"T20190013506","20/7/19",10:30:00,"Collision with vehicle","Saturday","Day",5,7,"Not at intersection",3,60,"GEELONG","SOUTH WESTERN REGION",-38.14648151,144.3448059,"Dry","Clear"
"T20190013508","20/7/19",09:45:00,"Collision with vehicle","Saturday","Day",2,2,"T intersection",3,100,"SHEPPARTON","NORTH EASTERN REGION",-36.41742189,145.7080334,"Dry","Clear"
"T20190013510","17/7/19",17:45:00,"Collision with vehicle","Wednesday","Day",2,2,"Cross intersection",3,60,"WYNDHAM","METROPOLITAN NORTH WEST REGION",-37.89003703,144.661987,"Dry","Clear"
"T20190013511","27/5/19",10:30:00,"Collision with vehicle","Monday","Day",2,2,"Not at intersection",2,60,"BENDIGO","NORTHERN REGION",-36.75088846,144.289901,"Wet","Raining"
"T20190013514","20/7/19",12:00:00,"Collision with vehicle","Saturday","Day",2,3,"T intersection",3,80,"KNOX","METROPOLITAN SOUTH EAST REGION",-37.87310157,145.2328654,"Dry","Clear"
"T20190013517","20/7/19",14:45:00,"Struck Pedestrian","Saturday","Day",1,2,"Not at intersection",3,50,"PORT PHILLIP","METROPOLITAN NORTH WEST REGION",-37.84569209,144.9589487,"Dry","Clear"
"T20190013519","20/7/19",13:21:00,"Collision with vehicle","Saturday","Day",2,5,"Not at intersection",3,80,"KNOX","METROPOLITAN SOUTH EAST REGION",-37.88694684,145.2857012,"Dry","Clear"
"T20190013522","7/6/19",10:25:00,"Collision with vehicle","Friday","Unknown",2,2,"T intersection",3,70,"MONASH","METROPOLITAN SOUTH EAST REGION",-37.89634135,145.0987855,"Unknown","Not known"
"T20190013523","20/7/19",15:35:00,"Collision with vehicle","Saturday","Day",2,3,"T intersection",3,50,"WHITEHORSE","METROPOLITAN SOUTH EAST REGION",-37.840682,145.20339,"Dry","Clear"
"T20190013524","13/7/19",15:45:00,"No collision and no object struck","Saturday","Day",1,1,"Not at intersection",3,80,"CASEY","METROPOLITAN SOUTH EAST REGION",-38.20361064,145.240974,"Wet","Not known"
"T20190013525","18/7/19",18:15:00,"collision with some other object","Thursday","Dark Street lights on",1,1,"Not at intersection",3,80,"CASEY","METROPOLITAN SOUTH EAST REGION",-38.08286141,145.2959239,"Dry","Clear"
"T20190013527","20/7/19",16:51:00,"Collision with vehicle","Saturday","Day",2,3,"T intersection",3,60,"MOORABOOL","WESTERN REGION",-37.68770365,144.4131732,"Dry","Clear"
"T20190013528","9/7/19",17:15:00,"Collision with vehicle","Tuesday","Dusk/Dawn",2,2,"Not at intersection",3,100,"BRIMBANK","METROPOLITAN NORTH WEST REGION",-37.76791173,144.8061498,"Dry","Clear"
"T20190013530","20/7/19",16:36:00,"Collision with vehicle","Saturday","Day",2,5,"Cross intersection",3,70,"BRIMBANK","METROPOLITAN NORTH WEST REGION",-37.72746231,144.7819606,"Dry","Clear"
"T20190013532","20/7/19",11:45:00,"Collision with vehicle","Saturday","Day",2,2,"T intersection",3,70,"BRIMBANK","METROPOLITAN NORTH WEST REGION",-37.75108113,144.7779415,"Dry","Clear"
"T20190013533","20/7/19",17:20:00,"Collision with vehicle","Saturday","Dark No street lights",2,2,"T intersection",2,100,"GOLDEN PLAINS","SOUTH WESTERN REGION",-37.61292575,143.8089309,"Dry","Clear"
"T20190013534","20/7/19",18:10:00,"Struck Pedestrian","Saturday","Dark Street lights on",1,2,"Not at intersection",3,50,"BAYSIDE","METROPOLITAN SOUTH EAST REGION",-37.94352302,145.0108816,"Dry","Clear"
"T20190013536","20/7/19",17:20:00,"Collision with vehicle","Saturday","Dusk/Dawn",2,4,"Not at intersection",3,60,"KINGSTON","METROPOLITAN SOUTH EAST REGION",-38.02972617,145.132214,"Dry","Clear"
"T20190013537","20/7/19",16:30:00,"Collision with a fixed object","Saturday","Day",1,1,"Not at intersection",3,110,"MOORABOOL","WESTERN REGION",-37.60928112,144.3152201,"Dry","Clear"
"T20190013541","20/7/19",17:00:00,"Collision with vehicle","Saturday","Day",2,2,"T intersection",3,100,"BASS COAST","EASTERN REGION",-38.47220066,145.4748071,"Dry","Clear"
"T20190013543","20/7/19",14:47:00,"Collision with vehicle","Saturday","Day",2,2,"Cross intersection",3,80,"MELTON","METROPOLITAN NORTH WEST REGION",-37.6871591,144.6971727,"Dry","Clear"
"T20190013544","20/7/19",19:25:00,"Collision with vehicle","Saturday","Dark Street lights on",2,4,"Cross intersection",3,60,"COLAC OTWAY","SOUTH WESTERN REGION",-38.33739207,143.5718369,"Dry","Clear"
"T20190013545","19/7/19",06:30:00,"Collision with vehicle","Friday","Dark Street lights on",2,2,"T intersection",3,80,"BRIMBANK","METROPOLITAN NORTH WEST REGION",-37.8161193,144.8414085,"Unknown","Not known"
"T20190013546","20/7/19",16:41:00,"Collision with vehicle","Saturday","Day",3,3,"T intersection",1,80,"YARRA RANGES","METROPOLITAN SOUTH EAST REGION",-37.73655261,145.3202888,"Dry","Clear"
"T20190013549","20/7/19",18:00:00,"Collision with vehicle","Saturday","Dark Street lights on",2,2,"Not at intersection",3,70,"MONASH","METROPOLITAN SOUTH EAST REGION",-37.88744538,145.1643955,"Dry","Clear"
"T20190013550","20/7/19",20:50:00,"Collision with vehicle","Saturday","Dark Street lights on",2,6,"Cross intersection",1,70,"MONASH","METROPOLITAN SOUTH EAST REGION",-37.91614764,145.1401443,"Dry","Clear"
"T20190013552","20/7/19",22:30:00,"Struck Pedestrian","Saturday","Dark Street lights on",1,2,"Cross intersection",3,60,"DAREBIN","METROPOLITAN NORTH WEST REGION",-37.74717321,145.0218155,"Dry","Not known"
"T20190013553","20/7/19",21:40:00,"Collision with vehicle","Saturday","Dark Street lights on",2,6,"Cross intersection",3,60,"BALLARAT","WESTERN REGION",-37.59890007,143.8380685,"Dry","Clear"
"T20190013554","20/7/19",02:05:00,"Collision with vehicle","Saturday","Dark Street lights on",2,2,"Cross intersection",3,60,"GLEN EIRA","METROPOLITAN SOUTH EAST REGION",-37.88727302,145.046129,"Dry","Clear"
"T20190013558","20/7/19",22:57:00,"Struck Pedestrian","Saturday","Dark No street lights",1,3,"Not at intersection",3,60,"YARRA RANGES","METROPOLITAN SOUTH EAST REGION",-37.89959696,145.3568499,"Dry","Strong winds"
"T20190013561","21/7/19",01:10:00,"Struck Pedestrian","Sunday","Dark Street lights on",1,4,"T intersection",2,40,"YARRA","METROPOLITAN NORTH WEST REGION",-37.80489938,144.9832468,"Dry","Clear"
"T20190013563","21/7/19",05:35:00,"Collision with a fixed object","Sunday","Dark Street lights on",1,1,"T intersection",3,80,"MORNINGTON PENINSULA","METROPOLITAN SOUTH EAST REGION",-38.32919151,145.1829111,"Dry","Clear"
"T20190013563","21/7/19",05:35:00,"Collision with a fixed object","Sunday","Dark Street lights on",1,1,"T intersection",3,80,"MORNINGTON PENINSULA","METROPOLITAN SOUTH EAST REGION",-38.32919151,145.1829111,"Dry","Strong winds"
"T20190013565","19/7/19",16:15:00,"Collision with vehicle","Friday","Day",2,2,"Not at intersection",3,70,"CASEY","METROPOLITAN SOUTH EAST REGION",-38.04758162,145.2962833,"Dry","Clear"
"T20190013566","21/7/19",05:15:00,"Collision with vehicle","Sunday","Dark Street lights on",2,4,"Cross intersection",3,60,"MELBOURNE","METROPOLITAN NORTH WEST REGION",-37.78987916,144.9587581,"Dry","Clear"
"T20190013569","21/7/19",07:40:00,"Collision with vehicle","Sunday","Day",2,2,"Not at intersection",3,60,"MORELAND","METROPOLITAN NORTH WEST REGION",-37.75368865,144.9759711,"Dry","Clear"
"T20190013570","20/7/19",09:00:00,"Collision with vehicle","Saturday","Day",2,2,"Cross intersection",3,60,"WARRNAMBOOL","SOUTH WESTERN REGION",-38.38498306,142.4949047,"Dry","Clear"
"T20190013571","21/7/19",06:40:00,"Struck animal","Sunday","Dusk/Dawn",1,1,"Not at intersection",3,100,"WELLINGTON","EASTERN REGION",-37.95932517,147.0082685,"Dry","Clear"
"T20190013574","21/7/19",10:37:00,"Collision with vehicle","Sunday","Day",2,4,"T intersection",3,60,"MONASH","METROPOLITAN SOUTH EAST REGION",-37.92319081,145.1954731,"Dry","Clear"
"T20190013581","21/7/19",11:10:00,"Collision with vehicle","Sunday","Day",2,3,"Not at intersection",3,100,"CAMPASPE","NORTHERN REGION",-36.12434073,144.8080061,"Dry","Clear"
"T20190013582","21/7/19",11:40:00,"Collision with a fixed object","Sunday","Day",1,1,"Not at intersection",3,100,"SHEPPARTON","NORTH EASTERN REGION",-36.27171653,145.2120197,"Dry","Clear"
"T20190013585","21/7/19",11:15:00,"Collision with vehicle","Sunday","Day",3,4,"Not at intersection",3,80,"YARRA RANGES","METROPOLITAN SOUTH EAST REGION",-37.90937442,145.3096045,"Dry","Clear"
"T20190013586","21/7/19",14:00:00,"Collision with vehicle","Sunday","Day",2,3,"Cross intersection",3,100,"LATROBE","EASTERN REGION",-38.27121625,146.469905,"Dry","Clear"
"T20190013589","21/7/19",15:00:00,"Collision with vehicle","Sunday","Day",2,4,"Cross intersection",3,60,"DAREBIN","METROPOLITAN NORTH WEST REGION",-37.74314802,145.0081186,"Dry","Clear"
"T20190013591","21/7/19",13:45:00,"Collision with vehicle","Sunday","Day",2,4,"Cross intersection",3,80,"SURF COAST","SOUTH WESTERN REGION",-38.29952875,143.9807195,"Dry","Clear"
"T20190013592","21/7/19",16:25:00,"Collision with vehicle","Sunday","Day",2,2,"T intersection",3,80,"BASS COAST","EASTERN REGION",-38.42467819,145.4489485,"Dry","Clear"
"T20190013593","20/7/19",15:20:00,"No collision and no object struck","Saturday","Day",2,2,"T intersection",3,60,"KNOX","METROPOLITAN SOUTH EAST REGION",-37.84754608,145.2271656,"Dry","Clear"
"T20190013599","21/7/19",19:30:00,"Collision with vehicle","Sunday","Dark Street lights on",2,2,"Not at intersection",3,100,"BRIMBANK","METROPOLITAN NORTH WEST REGION",-37.71576579,144.8752551,"Dry","Clear"
"T20190013600","20/7/19",18:30:00,"Collision with vehicle","Saturday","Dark No street lights",2,4,"Not at intersection",3,100,"CARDINIA","METROPOLITAN SOUTH EAST REGION",-37.92011118,145.5636464,"Dry","Clear"
"T20190013603","21/7/19",16:45:00,"Vehicle overturned (no collision)","Sunday","Day",1,1,"Not at intersection",3,60,"NILLUMBIK","METROPOLITAN NORTH WEST REGION",-37.65097859,145.3160638,"Unknown","Clear"
"T20190013604","21/7/19",15:15:00,"Collision with vehicle","Sunday","Day",2,3,"T intersection",3,60,"DANDENONG","METROPOLITAN SOUTH EAST REGION",-37.97584428,145.1889451,"Dry","Clear"
"T20190013607","21/7/19",22:50:00,"Collision with vehicle","Sunday","Dark Street lights on",2,1,"Not at intersection",2,40,"KINGSTON","METROPOLITAN SOUTH EAST REGION",-38.06988063,145.1458519,"Dry","Clear"
"T20190013608","14/7/19",18:30:00,"Collision with vehicle","Sunday","Dark Street lights on",2,2,"Not at intersection",3,999,"MOONEE VALLEY","METROPOLITAN NORTH WEST REGION",-37.77064777,144.9261334,"Dry","Clear"
"T20190013610","22/7/19",01:20:00,"Collision with a fixed object","Monday","Dark Street lights on",1,1,"Not at intersection",2,60,"KINGSTON","METROPOLITAN SOUTH EAST REGION",-38.01195022,145.0914074,"Dry","Clear"
"T20190013612","22/7/19",05:30:00,"Collision with vehicle","Monday","Dark Street lights on",3,3,"T intersection",2,50,"DANDENONG","METROPOLITAN SOUTH EAST REGION",-37.94080578,145.1543566,"Dry","Clear"
"T20190013613","22/7/19",06:20:00,"Collision with vehicle","Monday","Dark Street lights on",2,2,"Cross intersection",3,60,"DANDENONG","METROPOLITAN SOUTH EAST REGION",-38.00599576,145.207301,"Dry","Clear"
"T20190013614","21/7/19",16:06:00,"Collision with a fixed object","Sunday","Day",1,2,"Not at intersection",1,100,"SHEPPARTON","NORTH EASTERN REGION",-36.48757661,145.3887844,"Dry","Clear"
"T20190013616","22/7/19",06:55:00,"Collision with vehicle","Monday","Dusk/Dawn",2,2,"T intersection",3,50,"DAREBIN","METROPOLITAN NORTH WEST REGION",-37.78307629,145.0131328,"Dry","Clear"
"T20190013618","8/7/19",20:19:00,"Collision with vehicle","Monday","Dark Street lights on",2,4,"T intersection",3,70,"FRANKSTON","METROPOLITAN SOUTH EAST REGION",-38.1130474,145.1604008,"Dry","Clear"
"T20190013619","19/7/19",20:07:00,"Collision with vehicle","Friday","Dark Street lights on",3,1,"Not at intersection",2,50,"WANGARATTA","NORTH EASTERN REGION",-36.37732786,146.310091,"Dry","Clear"
"T20190013622","22/7/19",09:37:00,"Collision with vehicle","Monday","Day",2,2,"Not at intersection",3,60,"MELBOURNE","METROPOLITAN NORTH WEST REGION",-37.80887387,144.9757625,"Dry","Clear"
"T20190013625","22/7/19",07:20:00,"Collision with vehicle","Monday","Day",2,2,"Cross intersection",3,80,"MORNINGTON PENINSULA","METROPOLITAN SOUTH EAST REGION",-38.23533513,145.0374816,"Dry","Clear"
"T20190013626","20/7/19",10:50:00,"Collision with vehicle","Saturday","Day",3,3,"Multiple intersection",3,60,"GEELONG","SOUTH WESTERN REGION",-38.16861851,144.3308624,"Dry","Clear"
"T20190013627","22/7/19",08:30:00,"Collision with vehicle","Monday","Day",3,4,"Not at intersection",3,70,"BRIMBANK","METROPOLITAN NORTH WEST REGION",-37.71842275,144.8278736,"Dry","Clear"
"T20190013631","3/7/19",19:00:00,"No collision and no object struck","Wednesday","Dark Street lights on",1,1,"Not at intersection",3,100,"BRIMBANK","METROPOLITAN NORTH WEST REGION",-37.71612614,144.8751353,"Dry","Not known"
"T20190013632","20/7/19",20:45:00,"Collision with vehicle","Saturday","Dark Street lights on",2,2,"Cross intersection",3,50,"GEELONG","SOUTH WESTERN REGION",-38.15293848,144.3723455,"Dry","Clear"
"T20190013635","22/7/19",11:31:00,"Collision with vehicle","Monday","Day",2,5,"Cross intersection",3,40,"HORSHAM","WESTERN REGION",-36.71783821,142.1997291,"Dry","Clear"
"T20190013636","22/7/19",08:15:00,"Struck Pedestrian","Monday","Day",1,2,"Not at intersection",3,50,"CASEY","METROPOLITAN SOUTH EAST REGION",-37.98755052,145.2394481,"Dry","Clear"
"T20190013637","10/7/19",19:00:00,"Collision with vehicle","Wednesday","Dark Street lights on",2,3,"Not at intersection",3,60,"GEELONG","SOUTH WESTERN REGION",-38.15989068,144.3549424,"Unknown","Clear"
"T20190013639","19/7/19",09:30:00,"Collision with vehicle","Friday","Day",2,2,"T intersection",3,999,"STONNINGTON","METROPOLITAN SOUTH EAST REGION",-37.83348345,144.9911414,"Dry","Not known"
"T20190013641","22/7/19",08:36:00,"Struck Pedestrian","Monday","Day",1,2,"T intersection",3,40,"HUME","METROPOLITAN NORTH WEST REGION",-37.67559478,144.9263914,"Dry","Clear"
"T20190013642","26/6/19",07:50:00,"Collision with vehicle","Wednesday","Unknown",2,2,"Not at intersection",3,60,"MAROONDAH","METROPOLITAN SOUTH EAST REGION",-37.80183913,145.3080076,"Dry","Clear"
"T20190013645","17/7/19",18:15:00,"Collision with vehicle","Wednesday","Dark Street lights unknown",3,3,"T intersection",3,999,"MELBOURNE","METROPOLITAN NORTH WEST REGION",-37.78172598,144.9595845,"Unknown","Not known"
"T20190013647","22/7/19",11:50:00,"Collision with vehicle","Monday","Day",2,2,"Cross intersection",3,50,"HOBSONS BAY","METROPOLITAN NORTH WEST REGION",-37.86529313,144.9044157,"Dry","Clear"
"T20190013650","22/7/19",17:00:00,"Collision with vehicle","Monday","Day",3,5,"T intersection",3,60,"KINGSTON","METROPOLITAN SOUTH EAST REGION",-37.92675406,145.104528,"Dry","Clear"
"T20190013651","16/7/19",08:00:00,"Collision with vehicle","Tuesday","Unknown",2,2,"T intersection",3,999,"MONASH","METROPOLITAN SOUTH EAST REGION",-37.8956907,145.0809926,"Unknown","Not known"
"T20190013652","22/7/19",16:00:00,"Collision with a fixed object","Monday","Day",1,1,"T intersection",3,60,"MELTON","METROPOLITAN NORTH WEST REGION",-37.7020582,144.7346014,"Dry","Clear"
"T20190013653","11/6/19",15:18:00,"Collision with vehicle","Tuesday","Unknown",2,2,"Not at intersection",3,60,"MOONEE VALLEY","METROPOLITAN NORTH WEST REGION",-37.75005234,144.8620608,"Unknown","Not known"
"T20190013656","22/7/19",15:42:00,"Collision with vehicle","Monday","Day",3,3,"Cross intersection",3,40,"CASEY","METROPOLITAN SOUTH EAST REGION",-38.08898587,145.3329158,"Dry","Clear"
"T20190013657","22/7/19",16:31:00,"Collision with vehicle","Monday","Day",2,3,"Cross intersection",3,999,"MANNINGHAM","METROPOLITAN SOUTH EAST REGION",-37.79113658,145.1615905,"Dry","Clear"
"T20190013658","22/7/19",16:17:00,"Struck Pedestrian","Monday","Day",1,2,"Cross intersection",1,80,"MAROONDAH","METROPOLITAN SOUTH EAST REGION",-37.81062418,145.2273172,"Dry","Clear"
"T20190013659","22/7/19",16:30:00,"Collision with vehicle","Monday","Day",3,3,"Not at intersection",3,100,"WYNDHAM","METROPOLITAN NORTH WEST REGION",-37.82190371,144.8106777,"Dry","Clear"
"T20190013661","22/7/19",15:20:00,"Collision with vehicle","Monday","Day",2,3,"Multiple intersection",3,999,"GLEN EIRA","METROPOLITAN SOUTH EAST REGION",-37.88963518,145.0448182,"Dry","Clear"
"T20190013663","22/7/19",12:30:00,"Collision with vehicle","Monday","Day",2,2,"T intersection",3,777,"STONNINGTON","METROPOLITAN SOUTH EAST REGION",-37.85299735,145.001748,"Unknown","Not known"
"T20190013664","20/7/19",08:50:00,"Collision with vehicle","Saturday","Day",2,2,"T intersection",3,80,"MORNINGTON PENINSULA","METROPOLITAN SOUTH EAST REGION",-38.20554123,145.1628678,"Dry","Clear"
"T20190013667","22/7/19",16:30:00,"Collision with vehicle","Monday","Day",2,2,"Cross intersection",3,999,"WYNDHAM","METROPOLITAN NORTH WEST REGION",-37.81877399,144.8191125,"Wet","Raining"
"T20190013669","22/7/19",21:30:00,"Collision with vehicle","Monday","Dark Street lights on",2,2,"T intersection",3,70,"WHITTLESEA","METROPOLITAN NORTH WEST REGION",-37.64877923,144.9946597,"Dry","Clear"
"T20190013670","20/7/19",15:00:00,"Vehicle overturned (no collision)","Saturday","Day",1,1,"Not at intersection",2,999,"MITCHELL","NORTHERN REGION",-37.35156375,145.1046189,"Dry","Clear"
"T20190013672","23/7/19",00:57:00,"Collision with vehicle","Tuesday","Dark No street lights",2,3,"Cross intersection",3,80,"GEELONG","SOUTH WESTERN REGION",-38.22748033,144.2805375,"Wet","Clear"
"T20190013674","19/6/19",11:35:00,"Collision with vehicle","Wednesday","Day",2,2,"Cross intersection",3,60,"WHITTLESEA","METROPOLITAN NORTH WEST REGION",-37.58699648,145.1032583,"Unknown","Not known"
"T20190013675","21/7/19",22:57:00,"Collision with vehicle","Sunday","Dark Street lights on",2,3,"T intersection",3,50,"MELBOURNE","METROPOLITAN NORTH WEST REGION",-37.78432902,144.9415946,"Dry","Clear"
"T20190013676","23/7/19",04:29:00,"Vehicle overturned (no collision)","Tuesday","Dark Street lights on",1,1,"Cross intersection",3,70,"DAREBIN","METROPOLITAN NORTH WEST REGION",-37.71698142,145.0431586,"Dry","Clear"
"T20190013677","23/7/19",04:50:00,"Collision with a fixed object","Tuesday","Dark Street lights on",1,1,"Not at intersection",3,50,"MELBOURNE","METROPOLITAN NORTH WEST REGION",-37.79618328,144.9741943,"Dry","Clear"
"T20190013677","23/7/19",04:50:00,"Collision with a fixed object","Tuesday","Dark Street lights on",1,1,"Not at intersection",3,50,"MELBOURNE","METROPOLITAN NORTH WEST REGION",-37.79618328,144.9741943,"Dry","Strong winds"
"T20190013680","22/7/19",13:55:00,"Collision with vehicle","Monday","Day",2,2,"Not at intersection",3,60,"MELBOURNE","METROPOLITAN NORTH WEST REGION",-37.80894395,144.9784842,"Dry","Clear"
"T20190013681","23/7/19",06:30:00,"No collision and no object struck","Tuesday","Dusk/Dawn",1,1,"Not at intersection",3,60,"MOONEE VALLEY","METROPOLITAN NORTH WEST REGION",-37.78388424,144.9366642,"Dry","Clear"
"T20190013683","19/7/19",22:35:00,"Collision with vehicle","Friday","Dark Street lights on",2,2,"T intersection",3,60,"BRIMBANK","METROPOLITAN NORTH WEST REGION",-37.80208095,144.8187328,"Dry","Clear"
"T20190013685","23/7/19",07:11:00,"Collision with a fixed object","Tuesday","Day",1,1,"Not at intersection",3,40,"BANYULE","METROPOLITAN NORTH WEST REGION",-37.77163142,145.061842,"Dry","Clear"
"T20190013686","23/7/19",06:40:00,"Collision with vehicle","Tuesday","Dark No street lights",2,4,"Not at intersection",3,110,"MITCHELL","NORTHERN REGION",-37.14873311,145.0813022,"Wet","Raining"
"T20190013687","23/7/19",07:52:00,"Collision with vehicle","Tuesday","Day",5,10,"Not at intersection",3,60,"STONNINGTON","METROPOLITAN SOUTH EAST REGION",-37.84079581,145.0046522,"Dry","Clear"
"T20190013688","23/7/19",08:15:00,"Struck Pedestrian","Tuesday","Day",1,2,"Cross intersection",2,80,"CASEY","METROPOLITAN SOUTH EAST REGION",-38.02524594,145.3052928,"Wet","Not known"
"T20190013691","23/7/19",07:52:00,"No collision and no object struck","Tuesday","Day",1,1,"Cross intersection",3,60,"MELBOURNE","METROPOLITAN NORTH WEST REGION",-37.82010926,144.9605298,"Wet","Raining"
"T20190013693","22/7/19",16:15:00,"Collision with vehicle","Monday","Day",3,3,"Not at intersection",3,60,"DAREBIN","METROPOLITAN NORTH WEST REGION",-37.74397087,144.9900058,"Dry","Clear"
"T20190013695","21/7/19",11:30:00,"Collision with vehicle","Sunday","Day",2,2,"Cross intersection",3,80,"MORNINGTON PENINSULA","METROPOLITAN SOUTH EAST REGION",-38.28475599,145.1271951,"Dry","Clear"
"T20190013696","19/7/19",21:00:00,"Collision with vehicle","Friday","Dark Street lights on",2,3,"T intersection",3,50,"HUME","METROPOLITAN NORTH WEST REGION",-37.66322342,144.954609,"Dry","Clear"
"T20190013696","19/7/19",21:00:00,"Collision with vehicle","Friday","Dark Street lights on",2,3,"T intersection",3,50,"HUME","METROPOLITAN NORTH WEST REGION",-37.66322342,144.954609,"Dry","Strong winds"
"T20190013697","18/7/19",16:45:00,"Collision with vehicle","Thursday","Day",4,4,"T intersection",3,70,"MAROONDAH","METROPOLITAN SOUTH EAST REGION",-37.83064351,145.2638195,"Dry","Clear"
"T20190013698","23/7/19",10:40:00,"Collision with vehicle","Tuesday","Day",2,2,"Not at intersection",3,60,"MORELAND","METROPOLITAN NORTH WEST REGION",-37.76428854,144.9438632,"Dry","Clear"
"T20190013701","22/7/19",16:10:00,"Struck Pedestrian","Monday","Day",1,2,"Not at intersection",3,888,"DANDENONG","METROPOLITAN SOUTH EAST REGION",-37.98725542,145.1994611,"Dry","Not known"
"T20190013702","18/7/19",17:30:00,"Collision with vehicle","Thursday","Dark No street lights",2,2,"Not at intersection",3,70,"WYNDHAM","METROPOLITAN NORTH WEST REGION",-37.88073166,144.6205933,"Dry","Clear"
"T20190013704","22/7/19",16:00:00,"Collision with vehicle","Monday","Day",2,4,"Not at intersection",3,50,"BRIMBANK","METROPOLITAN NORTH WEST REGION",-37.7913438,144.7731663,"Dry","Not known"
"T20190013706","23/7/19",08:00:00,"Collision with vehicle","Tuesday","Day",2,2,"Cross intersection",3,80,"DANDENONG","METROPOLITAN SOUTH EAST REGION",-38.00316256,145.2079252,"Wet","Raining"
"T20190013707","22/7/19",08:15:00,"Collision with vehicle","Monday","Day",2,3,"T intersection",3,999,"BAYSIDE","METROPOLITAN SOUTH EAST REGION",-37.95178106,145.0034802,"Dry","Clear"
"T20190013709","23/7/19",12:15:00,"Collision with vehicle","Tuesday","Day",2,2,"Multiple intersection",3,70,"MAROONDAH","METROPOLITAN SOUTH EAST REGION",-37.83230158,145.2181941,"Dry","Clear"
"T20190013710","23/7/19",06:09:00,"Collision with vehicle","Tuesday","Dark No street lights",2,2,"Not at intersection",3,110,"BALLARAT","WESTERN REGION",-37.51745738,143.8266703,"Wet","Clear"
"T20190013711","23/7/19",12:28:00,"Collision with vehicle","Tuesday","Day",3,4,"T intersection",3,60,"BOROONDARA","METROPOLITAN SOUTH EAST REGION",-37.7898468,145.026428,"Dry","Clear"
"T20190013712","20/7/19",10:30:00,"Collision with vehicle","Saturday","Day",2,3,"Not at intersection",3,60,"HOBSONS BAY","METROPOLITAN NORTH WEST REGION",-37.82548711,144.8292858,"Unknown","Not known"
"T20190013714","21/6/19",10:15:00,"Collision with vehicle","Friday","Day",2,2,"Not at intersection",3,40,"GEELONG","SOUTH WESTERN REGION",-38.0218173,144.4185389,"Dry","Clear"
"T20190013715","23/7/19",08:15:00,"Collision with vehicle","Tuesday","Day",2,2,"Not at intersection",3,100,"DANDENONG","METROPOLITAN SOUTH EAST REGION",-38.0633406,145.2420961,"Wet","Clear"
"T20190013716","11/7/19",17:50:00,"Collision with vehicle","Thursday","Dark Street lights on",2,2,"Not at intersection",3,999,"BRIMBANK","METROPOLITAN NORTH WEST REGION",-37.8117214,144.808073,"Dry","Clear"
"T20190013719","23/7/19",12:41:00,"Fall from or in moving vehicle","Tuesday","Day",1,2,"Not at intersection",3,100,"WELLINGTON","EASTERN REGION",-37.84254785,146.9266422,"Dry","Clear"
"T20190013720","26/3/19",07:05:00,"Collision with vehicle","Tuesday","Dusk/Dawn",2,2,"T intersection",3,40,"KNOX","METROPOLITAN SOUTH EAST REGION",-37.85708177,145.2859271,"Dry","Clear"
"T20190013721","29/6/19",17:00:00,"Collision with vehicle","Saturday","Day",2,2,"Not at intersection",2,50,"WHITTLESEA","METROPOLITAN NORTH WEST REGION",-37.65041064,145.0270739,"Dry","Not known"