"ACCIDENT_NO","ACCIDENTDATE","ACCIDENTTIME","Accident Type Desc","Day Week Description","Light Condition Desc","NO_OF_VEHICLES","NO_PERSONS","Road Geometry Desc","SEVERITY","SPEED_ZONE","LGA_NAME","REGION_NAME","Lat","Long","Surface Cond Desc","Atmosph Cond Desc"
"T20190013723","23/7/19",14:35:00,"Collision with vehicle","Tuesday","Day",2,2,"Cross intersection",3,80,"CAMPASPE","NORTHERN REGION",-36.25478347,144.9481885,"Dry","Clear"
"T20190013727","23/7/19",15:16:00,"Collision with vehicle","Tuesday","Day",2,2,"Not at intersection",3,80,"HUME","METROPOLITAN NORTH WEST REGION",-37.56361636,144.7329351,"Dry","Clear"
"T20190013728","23/7/19",15:45:00,"Collision with vehicle","Tuesday","Day",2,8,"Not at intersection",3,40,"MONASH","METROPOLITAN SOUTH EAST REGION",-37.901972,145.0865055,"Wet","Raining"
"T20190013729","23/7/19",16:10:00,"Collision with vehicle","Tuesday","Dusk/Dawn",2,3,"Cross intersection",3,100,"HORSHAM","WESTERN REGION",-36.738986,142.0450383,"Wet","Raining"
"T20190013729","23/7/19",16:10:00,"Collision with vehicle","Tuesday","Dusk/Dawn",2,3,"Cross intersection",3,100,"HORSHAM","WESTERN REGION",-36.738986,142.0450383,"Wet","Strong winds"
"T20190013731","20/7/19",07:31:00,"Collision with vehicle","Saturday","Day",2,2,"Cross intersection",3,40,"STONNINGTON","METROPOLITAN SOUTH EAST REGION",-37.83832108,144.9865245,"Dry","Clear"
"T20190013732","23/7/19",16:10:00,"Collision with a fixed object","Tuesday","Dusk/Dawn",1,1,"Not at intersection",3,60,"GOLDEN PLAINS","SOUTH WESTERN REGION",-37.65744505,143.7739415,"Wet","Clear"
"T20190013733","23/7/19",18:00:00,"Collision with vehicle","Tuesday","Dark Street lights on",2,2,"Cross intersection",3,999,"BANYULE","METROPOLITAN NORTH WEST REGION",-37.71442294,145.0933468,"Wet","Raining"
"T20190013734","23/7/19",18:40:00,"Struck Pedestrian","Tuesday","Dark Street lights on",1,3,"Not at intersection",3,60,"NILLUMBIK","METROPOLITAN NORTH WEST REGION",-37.68898697,145.1426023,"Dry","Strong winds"
"T20190013735","23/7/19",16:00:00,"Collision with vehicle","Tuesday","Dusk/Dawn",2,2,"T intersection",3,999,"YARRA","METROPOLITAN NORTH WEST REGION",-37.80920206,145.00087,"Dry","Not known"
"T20190013736","23/7/19",18:45:00,"Struck Pedestrian","Tuesday","Dark Street lights on",1,2,"T intersection",3,60,"WYNDHAM","METROPOLITAN NORTH WEST REGION",-37.89846629,144.6584054,"Wet","Raining"
"T20190013736","23/7/19",18:45:00,"Struck Pedestrian","Tuesday","Dark Street lights on",1,2,"T intersection",3,60,"WYNDHAM","METROPOLITAN NORTH WEST REGION",-37.89846629,144.6584054,"Wet","Strong winds"
"T20190013737","23/7/19",16:20:00,"Struck Pedestrian","Tuesday","Day",1,2,"Not at intersection",3,50,"WYNDHAM","METROPOLITAN NORTH WEST REGION",-37.83818592,144.6536415,"Dry","Clear"
"T20190013743","23/7/19",18:05:00,"Collision with vehicle","Tuesday","Dark No street lights",2,2,"Cross intersection",3,50,"GEELONG","SOUTH WESTERN REGION",-38.12476101,144.3356681,"Wet","Clear"
"T20190013744","23/7/19",18:30:00,"Collision with vehicle","Tuesday","Dark Street lights on",2,1,"Not at intersection",3,50,"HOBSONS BAY","METROPOLITAN NORTH WEST REGION",-37.86062244,144.7715556,"Wet","Raining"
"T20190013746","23/7/19",18:30:00,"Struck Pedestrian","Tuesday","Dark Street lights on",1,2,"Cross intersection",2,50,"YARRA","METROPOLITAN NORTH WEST REGION",-37.81914591,145.0037831,"Wet","Raining"
"T20190013747","23/7/19",19:39:00,"Collision with vehicle","Tuesday","Dark Street lights on",2,4,"Cross intersection",3,70,"BRIMBANK","METROPOLITAN NORTH WEST REGION",-37.77031128,144.7963075,"Wet","Clear"
"T20190013748","25/5/19",13:00:00,"Collision with vehicle","Saturday","Day",2,2,"Not at intersection",3,60,"MARIBYRNONG","METROPOLITAN NORTH WEST REGION",-37.76867365,144.8895053,"Unknown","Not known"
"T20190013750","23/7/19",23:00:00,"Collision with vehicle","Tuesday","Dark Street lights on",3,1,"Not at intersection",3,60,"GLEN EIRA","METROPOLITAN SOUTH EAST REGION",-37.88064375,145.0281432,"Dry","Clear"
"T20190013755","24/7/19",06:45:00,"Collision with vehicle","Wednesday","Dusk/Dawn",2,2,"Not at intersection",3,40,"MELBOURNE","METROPOLITAN NORTH WEST REGION",-37.81649872,144.9630906,"Dry","Clear"
"T20190013756","27/6/19",17:55:00,"Collision with vehicle","Thursday","Unknown",2,2,"Cross intersection",3,40,"MELBOURNE","METROPOLITAN NORTH WEST REGION",-37.81103836,144.9588938,"Unknown","Not known"
"T20190013760","1/7/19",17:00:00,"No collision and no object struck","Monday","Unknown",2,2,"Cross intersection",3,60,"MILDURA","WESTERN REGION",-34.180061,142.1566561,"Dry","Not known"
"T20190013761","23/7/19",09:15:00,"Struck Pedestrian","Tuesday","Day",1,3,"T intersection",3,50,"BENDIGO","NORTHERN REGION",-36.73468166,144.2631418,"Dry","Clear"
"T20190013763","24/7/19",10:20:00,"Collision with vehicle","Wednesday","Day",2,2,"T intersection",3,60,"MONASH","METROPOLITAN SOUTH EAST REGION",-37.88699634,145.0893824,"Dry","Clear"
"T20190013765","24/7/19",06:40:00,"Collision with vehicle","Wednesday","Dark Street lights on",2,2,"Cross intersection",1,80,"BRIMBANK","METROPOLITAN NORTH WEST REGION",-37.69600304,144.7746266,"Wet","Clear"
"T20190013766","20/7/19",02:00:00,"Struck Pedestrian","Saturday","Dark Street lights on",1,1,"Not at intersection",3,50,"WHITEHORSE","METROPOLITAN SOUTH EAST REGION",-37.81721559,145.1415982,"Dry","Not known"
"T20190013767","19/7/19",09:00:00,"Collision with vehicle","Friday","Day",2,2,"Not at intersection",3,100,"BRIMBANK","METROPOLITAN NORTH WEST REGION",-37.80903775,144.8079448,"Dry","Clear"
"T20190013771","24/7/19",11:10:00,"Collision with vehicle","Wednesday","Day",2,3,"Not at intersection",3,60,"BRIMBANK","METROPOLITAN NORTH WEST REGION",-37.78424872,144.830032,"Dry","Clear"
"T20190013772","24/7/19",08:40:00,"Struck Pedestrian","Wednesday","Day",1,2,"Cross intersection",3,60,"BOROONDARA","METROPOLITAN SOUTH EAST REGION",-37.79468223,145.0848866,"Dry","Clear"
"T20190013773","23/7/19",19:10:00,"Collision with a fixed object","Tuesday","Dark No street lights",1,1,"Not at intersection",3,100,"MORNINGTON PENINSULA","METROPOLITAN SOUTH EAST REGION",-38.36086564,144.9204639,"Wet","Clear"
"T20190013774","24/7/19",12:40:00,"Collision with vehicle","Wednesday","Day",2,2,"Not at intersection",3,50,"GEELONG","SOUTH WESTERN REGION",-38.06222381,144.3700799,"Dry","Clear"
"T20190013775","24/7/19",11:50:00,"Collision with vehicle","Wednesday","Day",2,2,"Not at intersection",3,60,"LATROBE","EASTERN REGION",-38.17146229,146.2526272,"Dry","Clear"
"T20190013776","24/7/19",08:05:00,"Collision with vehicle","Wednesday","Day",2,2,"Cross intersection",3,60,"GLEN EIRA","METROPOLITAN SOUTH EAST REGION",-37.87815626,144.9977668,"Dry","Clear"
"T20190013778","24/7/19",11:10:00,"Collision with vehicle","Wednesday","Day",2,3,"Not at intersection",3,60,"MORNINGTON PENINSULA","METROPOLITAN SOUTH EAST REGION",-38.34412469,145.1688096,"Dry","Clear"
"T20190013779","24/7/19",12:02:00,"Collision with vehicle","Wednesday","Day",2,3,"Not at intersection",3,60,"KINGSTON","METROPOLITAN SOUTH EAST REGION",-37.95716095,145.0494117,"Dry","Clear"
"T20190013780","24/7/19",11:26:00,"Collision with a fixed object","Wednesday","Day",1,1,"Not at intersection",3,100,"GEELONG","SOUTH WESTERN REGION",-38.09031132,144.3250461,"Dry","Clear"
"T20190013784","23/7/19",18:20:00,"Vehicle overturned (no collision)","Tuesday","Dark Street lights unknown",2,3,"T intersection",3,60,"MORELAND","METROPOLITAN NORTH WEST REGION",-37.72529007,144.9226836,"Wet","Raining"
"T20190013785","24/7/19",11:22:00,"Collision with vehicle","Wednesday","Day",5,5,"Not at intersection",3,80,"DANDENONG","METROPOLITAN SOUTH EAST REGION",-37.93831882,145.1954253,"Dry","Clear"
"T20190013786","24/7/19",09:10:00,"Collision with vehicle","Wednesday","Day",2,3,"Cross intersection",2,50,"GANNAWARRA","NORTHERN REGION",-35.73087573,143.9203199,"Dry","Clear"
"T20190013787","24/7/19",09:10:00,"Vehicle overturned (no collision)","Wednesday","Day",1,1,"Not at intersection",3,60,"LATROBE","EASTERN REGION",-38.20168391,146.5000801,"Dry","Not known"
"T20190013790","7/6/19",13:00:00,"Collision with vehicle","Friday","Day",2,2,"Not at intersection",3,70,"DANDENONG","METROPOLITAN SOUTH EAST REGION",-37.96984367,145.2132484,"Wet","Not known"
"T20190013791","24/7/19",13:50:00,"Collision with a fixed object","Wednesday","Day",1,1,"Not at intersection",3,100,"CARDINIA","METROPOLITAN SOUTH EAST REGION",-38.02224745,145.5571548,"Dry","Clear"
"T20190013792","24/7/19",13:46:00,"Struck Pedestrian","Wednesday","Day",1,2,"Not at intersection",3,50,"MACEDON RANGES","NORTHERN REGION",-37.24794873,144.4534845,"Dry","Clear"
"T20190013793","14/5/19",14:30:00,"Collision with vehicle","Tuesday","Day",3,3,"Not at intersection",3,60,"MARIBYRNONG","METROPOLITAN NORTH WEST REGION",-37.79621044,144.8626439,"Dry","Clear"
"T20190013795","23/7/19",16:15:00,"Collision with vehicle","Tuesday","Unknown",2,2,"Not at intersection",3,80,"BRIMBANK","METROPOLITAN NORTH WEST REGION",-37.71532248,144.8353256,"Unknown","Not known"
"T20190013796","24/7/19",14:50:00,"Collision with vehicle","Wednesday","Day",2,3,"Cross intersection",3,60,"WYNDHAM","METROPOLITAN NORTH WEST REGION",-37.87203056,144.7253944,"Dry","Clear"
"T20190013797","24/7/19",16:05:00,"Collision with vehicle","Wednesday","Day",2,2,"Not at intersection",3,60,"MELBOURNE","METROPOLITAN NORTH WEST REGION",-37.79249676,144.9705862,"Wet","Raining"
"T20190013798","17/7/19",15:50:00,"Collision with vehicle","Wednesday","Day",2,2,"T intersection",3,999,"GEELONG","SOUTH WESTERN REGION",-38.07718635,144.3584755,"Wet","Raining"
"T20190013801","24/7/19",18:20:00,"Collision with vehicle","Wednesday","Dusk/Dawn",2,2,"T intersection",3,40,"PORT PHILLIP","METROPOLITAN NORTH WEST REGION",-37.86425372,144.9911004,"Dry","Clear"
"T20190013803","23/7/19",16:44:00,"Collision with vehicle","Tuesday","Day",3,1,"Not at intersection",3,60,"MORELAND","METROPOLITAN NORTH WEST REGION",-37.70258198,144.9236405,"Wet","Raining"
"T20190013803","23/7/19",16:44:00,"Collision with vehicle","Tuesday","Day",3,1,"Not at intersection",3,60,"MORELAND","METROPOLITAN NORTH WEST REGION",-37.70258198,144.9236405,"Wet","Strong winds"
"T20190013804","9/7/19",15:45:00,"No collision and no object struck","Tuesday","Day",1,1,"Not at intersection",3,60,"BENDIGO","NORTHERN REGION",-36.73417843,144.265252,"Wet","Raining"
"T20190013807","24/7/19",18:50:00,"Collision with vehicle","Wednesday","Dark Street lights on",2,2,"T intersection",3,60,"GEELONG","SOUTH WESTERN REGION",-38.12984202,144.3319387,"Dry","Clear"
"T20190013810","24/7/19",18:55:00,"Collision with vehicle","Wednesday","Dark Street lights on",2,2,"Cross intersection",3,80,"CASEY","METROPOLITAN SOUTH EAST REGION",-38.10047352,145.2923284,"Dry","Clear"
"T20190013811","24/7/19",18:00:00,"Collision with vehicle","Wednesday","Dark Street lights on",2,7,"T intersection",3,50,"BALLARAT","WESTERN REGION",-37.57425495,143.8530476,"Dry","Clear"
"T20190013814","24/7/19",18:07:00,"Collision with vehicle","Wednesday","Dark Street lights on",2,3,"Not at intersection",3,80,"MELBOURNE","METROPOLITAN NORTH WEST REGION",-37.82716989,144.9624873,"Dry","Clear"
"T20190013815","27/6/19",07:20:00,"Collision with vehicle","Thursday","Day",2,2,"Not at intersection",3,999,"WYNDHAM","METROPOLITAN NORTH WEST REGION",-37.87862635,144.7157325,"Dry","Clear"
"T20190013816","24/7/19",19:30:00,"Struck Pedestrian","Wednesday","Dark Street lights on",1,2,"T intersection",2,50,"BRIMBANK","METROPOLITAN NORTH WEST REGION",-37.7602242,144.8042032,"Dry","Clear"
"T20190013819","24/7/19",21:42:00,"Collision with a fixed object","Wednesday","Dark No street lights",1,1,"Not at intersection",3,100,"LATROBE","EASTERN REGION",-38.27098465,146.4335059,"Dry","Clear"
"T20190013820","24/7/19",22:01:00,"Collision with vehicle","Wednesday","Dark Street lights on",2,3,"Not at intersection",2,60,"HUME","METROPOLITAN NORTH WEST REGION",-37.6809618,144.8851293,"Dry","Clear"
"T20190013823","24/7/19",06:26:00,"Struck Pedestrian","Wednesday","Dark Street lights on",1,2,"Not at intersection",3,40,"DAREBIN","METROPOLITAN NORTH WEST REGION",-37.74896626,145.0030528,"Dry","Clear"
"T20190013823","24/7/19",06:26:00,"Struck Pedestrian","Wednesday","Dark Street lights on",1,2,"Not at intersection",3,40,"DAREBIN","METROPOLITAN NORTH WEST REGION",-37.74896626,145.0030528,"Dry","Strong winds"
"T20190013827","25/7/19",05:30:00,"Collision with vehicle","Thursday","Dark Street lights on",2,2,"T intersection",3,60,"BAYSIDE","METROPOLITAN SOUTH EAST REGION",-37.93477509,144.9957091,"Dry","Clear"
"T20190013828","17/7/19",15:15:00,"Collision with a fixed object","Wednesday","Day",1,1,"Not at intersection",3,60,"SHEPPARTON","NORTH EASTERN REGION",-36.37939657,145.3949367,"Wet","Raining"
"T20190013829","13/7/19",11:00:00,"No collision and no object struck","Saturday","Day",1,1,"Y intersection",3,999,"BAW BAW","EASTERN REGION",-37.99708448,146.0386718,"Wet","Raining"
"T20190013830","25/7/19",05:56:00,"Struck Pedestrian","Thursday","Dark Street lights on",1,2,"Cross intersection",3,60,"MARIBYRNONG","METROPOLITAN NORTH WEST REGION",-37.79649289,144.8969472,"Dry","Clear"
"T20190013833","22/7/19",05:50:00,"Collision with vehicle","Monday","Unknown",2,2,"Not at intersection",3,100,"CASEY","METROPOLITAN SOUTH EAST REGION",-37.9971222,145.2712153,"Unknown","Not known"
"T20190013835","25/7/19",07:15:00,"Collision with vehicle","Thursday","Day",2,2,"Not at intersection",2,50,"MELTON","METROPOLITAN NORTH WEST REGION",-37.69539104,144.752328,"Dry","Clear"
"T20190013836","10/7/19",12:27:00,"Collision with vehicle","Wednesday","Day",2,2,"Cross intersection",3,50,"CARDINIA","METROPOLITAN SOUTH EAST REGION",-38.06193494,145.4552709,"Unknown","Not known"
"T20190013839","25/7/19",07:36:00,"Collision with vehicle","Thursday","Day",2,2,"T intersection",3,60,"GLEN EIRA","METROPOLITAN SOUTH EAST REGION",-37.88650821,145.0399839,"Dry","Clear"
"T20190013842","25/7/19",07:30:00,"Collision with vehicle","Thursday","Day",12,14,"Not at intersection",3,100,"MONASH","METROPOLITAN SOUTH EAST REGION",-37.89268289,145.1279029,"Dry","Clear"
"T20190013847","23/7/19",17:00:00,"Collision with vehicle","Tuesday","Day",3,3,"Not at intersection",3,80,"KINGSTON","METROPOLITAN SOUTH EAST REGION",-37.99621981,145.0835523,"Dry","Clear"
"T20190013848","26/6/19",15:00:00,"Collision with vehicle","Wednesday","Day",3,3,"Not at intersection",3,999,"KNOX","METROPOLITAN SOUTH EAST REGION",-37.85262604,145.243379,"Dry","Clear"
"T20190013849","23/7/19",18:50:00,"Struck Pedestrian","Tuesday","Unknown",1,2,"Cross intersection",3,60,"GLEN EIRA","METROPOLITAN SOUTH EAST REGION",-37.88806992,145.0525018,"Wet","Raining"
"T20190013851","19/7/19",16:30:00,"Collision with vehicle","Friday","Day",2,2,"Not at intersection",3,80,"GEELONG","SOUTH WESTERN REGION",-38.16876786,144.4250623,"Dry","Clear"
"T20190013852","25/7/19",10:25:00,"Collision with vehicle","Thursday","Day",2,2,"Not at intersection",2,60,"CARDINIA","METROPOLITAN SOUTH EAST REGION",-38.01010428,145.4032704,"Dry","Clear"
"T20190013853","9/7/19",16:48:00,"Collision with vehicle","Tuesday","Day",2,2,"T intersection",3,60,"KINGSTON","METROPOLITAN SOUTH EAST REGION",-38.03577813,145.1355012,"Dry","Clear"
"T20190013857","4/7/19",07:10:00,"Collision with vehicle","Thursday","Day",2,2,"Not at intersection",3,60,"HUME","METROPOLITAN NORTH WEST REGION",-37.68663497,144.9578944,"Dry","Clear"
"T20190013858","25/7/19",06:20:00,"Collision with vehicle","Thursday","Dark Street lights on",4,5,"Not at intersection",3,100,"CASEY","METROPOLITAN SOUTH EAST REGION",-37.99944063,145.2864801,"Dry","Clear"
"T20190013859","23/7/19",11:39:00,"Collision with vehicle","Tuesday","Day",2,4,"Cross intersection",3,80,"DANDENONG","METROPOLITAN SOUTH EAST REGION",-38.00337228,145.249107,"Dry","Clear"
"T20190013860","21/7/19",13:30:00,"Collision with vehicle","Sunday","Day",2,4,"Not at intersection",3,60,"WANGARATTA","NORTH EASTERN REGION",-36.37615849,146.3081816,"Wet","Raining"
"T20190013862","7/7/19",14:30:00,"Collision with vehicle","Sunday","Day",2,2,"Not at intersection",3,100,"LATROBE","EASTERN REGION",-38.02969532,146.6333515,"Dry","Not known"
"T20190013863","1/7/19",12:20:00,"collision with some other object","Monday","Day",2,3,"Not at intersection",3,100,"DANDENONG","METROPOLITAN SOUTH EAST REGION",-37.95449632,145.2174755,"Dry","Not known"
"T20190013864","20/5/19",15:41:00,"Collision with vehicle","Monday","Day",2,2,"Not at intersection",3,999,"DANDENONG","METROPOLITAN SOUTH EAST REGION",-37.96325799,145.2298943,"Unknown","Not known"
"T20190013865","25/7/19",07:57:00,"Collision with vehicle","Thursday","Day",2,2,"Not at intersection",3,100,"MOONEE VALLEY","METROPOLITAN NORTH WEST REGION",-37.73263953,144.8806544,"Dry","Clear"
"T20190013867","25/7/19",16:30:00,"Collision with vehicle","Thursday","Day",2,2,"Cross intersection",3,60,"STONNINGTON","METROPOLITAN SOUTH EAST REGION",-37.83484046,144.9965556,"Dry","Clear"
"T20190013870","25/7/19",14:20:00,"Collision with a fixed object","Thursday","Day",1,1,"Not at intersection",3,100,"LATROBE","EASTERN REGION",-38.20182573,146.3277211,"Dry","Clear"
"T20190013871","25/7/19",16:02:00,"Collision with a fixed object","Thursday","Day",1,1,"Not at intersection",3,50,"DANDENONG","METROPOLITAN SOUTH EAST REGION",-37.97252728,145.1707486,"Dry","Clear"
"T20190013872","25/7/19",11:00:00,"Collision with vehicle","Thursday","Day",2,3,"Not at intersection",3,80,"MONASH","METROPOLITAN SOUTH EAST REGION",-37.8937522,145.1378739,"Dry","Clear"
"T20190013873","5/7/19",13:45:00,"Collision with vehicle","Friday","Day",2,2,"T intersection",3,70,"HORSHAM","WESTERN REGION",-36.73347154,142.2055295,"Dry","Clear"
"T20190013874","25/7/19",18:08:00,"Collision with vehicle","Thursday","Dark Street lights on",2,2,"Not at intersection",3,60,"HUME","METROPOLITAN NORTH WEST REGION",-37.67884675,144.8839318,"Dry","Clear"
"T20190013875","25/7/19",17:46:00,"Collision with vehicle","Thursday","Dark Street lights on",2,2,"T intersection",3,80,"WANGARATTA","NORTH EASTERN REGION",-36.37350603,146.2890422,"Dry","Clear"
"T20190013876","23/1/19",14:26:00,"No collision and no object struck","Wednesday","Day",2,2,"Not at intersection",3,40,"FRANKSTON","METROPOLITAN SOUTH EAST REGION",-38.12187886,145.137335,"Dry","Clear"
"T20190013878","25/7/19",17:42:00,"Struck Pedestrian","Thursday","Dark Street lights on",1,2,"Not at intersection",3,80,"MONASH","METROPOLITAN SOUTH EAST REGION",-37.91450184,145.1265809,"Dry","Clear"
"T20190013879","25/7/19",18:40:00,"Collision with vehicle","Thursday","Dark Street lights on",2,2,"Not at intersection",3,50,"GLEN EIRA","METROPOLITAN SOUTH EAST REGION",-37.90151138,145.054729,"Dry","Clear"
"T20190013880","16/7/19",17:50:00,"Collision with vehicle","Tuesday","Dark Street lights on",2,2,"Not at intersection",3,50,"DAREBIN","METROPOLITAN NORTH WEST REGION",-37.76065554,144.9929569,"Dry","Clear"
"T20190013885","25/7/19",19:10:00,"Collision with vehicle","Thursday","Dark Street lights on",2,2,"T intersection",3,60,"MONASH","METROPOLITAN SOUTH EAST REGION",-37.87368129,145.1608531,"Dry","Clear"
"T20190013891","25/7/19",22:25:00,"Collision with a fixed object","Thursday","Dark No street lights",1,1,"Not at intersection",3,100,"CASEY","METROPOLITAN SOUTH EAST REGION",-38.18288138,145.3138717,"Wet","Clear"
"T20190013892","25/7/19",22:37:00,"Collision with vehicle","Thursday","Dark Street lights on",2,2,"Cross intersection",2,60,"CASEY","METROPOLITAN SOUTH EAST REGION",-38.05991227,145.3382239,"Dry","Clear"
"T20190013895","26/7/19",04:45:00,"Collision with vehicle","Friday","Dark Street lights on",2,2,"T intersection",3,60,"MELTON","METROPOLITAN NORTH WEST REGION",-37.75940614,144.755346,"Dry","Clear"
"T20190013896","19/7/19",13:04:00,"Collision with vehicle","Friday","Day",2,4,"Cross intersection",3,50,"MELBOURNE","METROPOLITAN NORTH WEST REGION",-37.79656906,144.9730897,"Dry","Clear"
"T20190013897","26/7/19",07:22:00,"Collision with vehicle","Friday","Dusk/Dawn",2,2,"Not at intersection",3,80,"HOBSONS BAY","METROPOLITAN NORTH WEST REGION",-37.8471829,144.8082047,"Dry","Clear"
"T20190013898","16/7/19",08:45:00,"Collision with vehicle","Tuesday","Day",2,2,"Cross intersection",3,60,"BALLARAT","WESTERN REGION",-37.56530163,143.8762818,"Unknown","Clear"
"T20190013900","24/5/19",15:15:00,"Collision with vehicle","Friday","Day",2,2,"Cross intersection",3,80,"MACEDON RANGES","NORTHERN REGION",-37.24570665,144.481666,"Dry","Clear"
"T20190013901","26/7/19",09:00:00,"Collision with a fixed object","Friday","Day",1,1,"Not at intersection",3,50,"SWAN HILL","NORTHERN REGION",-35.34717042,143.5512909,"Dry","Clear"
"T20190013902","25/7/19",16:45:00,"Collision with vehicle","Thursday","Day",2,2,"Not at intersection",3,80,"CASEY","METROPOLITAN SOUTH EAST REGION",-38.0217958,145.3080665,"Dry","Not known"
"T20190013904","25/7/19",16:30:00,"Struck Pedestrian","Thursday","Day",1,2,"Not at intersection",3,999,"DANDENONG","METROPOLITAN SOUTH EAST REGION",-37.98813926,145.199289,"Dry","Clear"
"T20190013905","18/7/19",08:35:00,"Collision with vehicle","Thursday","Day",2,2,"Cross intersection",3,999,"DAREBIN","METROPOLITAN NORTH WEST REGION",-37.76560424,145.0215224,"Unknown","Clear"
"T20190013906","20/7/19",13:00:00,"Collision with vehicle","Saturday","Day",3,5,"Cross intersection",3,60,"BANYULE","METROPOLITAN NORTH WEST REGION",-37.76687293,145.0334863,"Dry","Clear"
"T20190013909","26/7/19",11:21:00,"Collision with a fixed object","Friday","Day",2,2,"Not at intersection",3,60,"MOONEE VALLEY","METROPOLITAN NORTH WEST REGION",-37.74185555,144.8635028,"Dry","Clear"
"T20190013910","26/7/19",09:22:00,"No collision and no object struck","Friday","Day",1,1,"T intersection",3,50,"MAROONDAH","METROPOLITAN SOUTH EAST REGION",-37.8239327,145.2413119,"Dry","Not known"
"T20190013914","26/7/19",11:35:00,"Collision with a fixed object","Friday","Day",1,1,"Not at intersection",3,100,"WELLINGTON","EASTERN REGION",-37.98966394,147.0663305,"Dry","Clear"
"T20190013915","26/7/19",12:08:00,"Collision with vehicle","Friday","Day",4,5,"Cross intersection",3,60,"STONNINGTON","METROPOLITAN SOUTH EAST REGION",-37.85350401,144.983705,"Dry","Clear"
"T20190013916","26/7/19",11:07:00,"Collision with vehicle","Friday","Day",2,2,"Cross intersection",3,80,"CASEY","METROPOLITAN SOUTH EAST REGION",-38.00625477,145.2733448,"Dry","Clear"
"T20190013917","26/7/19",10:50:00,"Collision with vehicle","Friday","Day",2,2,"T intersection",3,60,"GEELONG","SOUTH WESTERN REGION",-38.17674457,144.3409245,"Dry","Clear"
"T20190013919","26/7/19",11:50:00,"Collision with vehicle","Friday","Day",2,2,"T intersection",3,60,"DANDENONG","METROPOLITAN SOUTH EAST REGION",-37.99327463,145.2141074,"Dry","Clear"
"T20190013920","26/7/19",13:35:00,"Collision with vehicle","Friday","Day",2,2,"Not at intersection",3,110,"STRATHBOGIE","NORTH EASTERN REGION",-36.75010055,145.1792007,"Dry","Clear"
"T20190013923","26/7/19",12:00:00,"Collision with a fixed object","Friday","Day",1,1,"Not at intersection",3,50,"KINGSTON","METROPOLITAN SOUTH EAST REGION",-37.99168159,145.0883391,"Dry","Clear"
"T20190013924","26/7/19",04:16:00,"Collision with a fixed object","Friday","Dark No street lights",1,1,"Not at intersection",3,60,"MOUNT ALEXANDER","NORTHERN REGION",-37.08353146,144.2039956,"Dry","Clear"
"T20190013926","17/7/19",05:55:00,"Collision with vehicle","Wednesday","Dark Street lights on",2,2,"Cross intersection",3,60,"MELBOURNE","METROPOLITAN NORTH WEST REGION",-37.78918301,144.9229576,"Dry","Clear"
"T20190013927","26/7/19",15:10:00,"Collision with vehicle","Friday","Day",2,3,"Cross intersection",3,60,"BALLARAT","WESTERN REGION",-37.58206106,143.838941,"Wet","Raining"
"T20190013928","21/7/19",11:00:00,"Collision with vehicle","Sunday","Day",2,2,"T intersection",3,50,"YARRA","METROPOLITAN NORTH WEST REGION",-37.81461136,145.0091997,"Dry","Clear"
"T20190013929","24/7/19",06:40:00,"Struck animal","Wednesday","Dusk/Dawn",1,3,"Not at intersection",3,100,"WELLINGTON","EASTERN REGION",-37.97770903,146.9880127,"Dry","Clear"
"T20190013931","26/7/19",11:45:00,"Collision with vehicle","Friday","Day",2,2,"T intersection",3,100,"MACEDON RANGES","NORTHERN REGION",-37.41372316,144.749053,"Dry","Clear"
"T20190013933","17/7/19",17:00:00,"Collision with vehicle","Wednesday","Day",4,4,"Not at intersection",3,60,"MORELAND","METROPOLITAN NORTH WEST REGION",-37.73665308,144.9303137,"Wet","Raining"
"T20190013935","26/7/19",14:39:00,"Collision with vehicle","Friday","Day",2,4,"Cross intersection",3,100,"MILDURA","WESTERN REGION",-34.21577798,142.1056435,"Dry","Clear"
"T20190013940","26/7/19",18:10:00,"Collision with vehicle","Friday","Dark Street lights on",3,4,"Not at intersection",3,80,"MORNINGTON PENINSULA","METROPOLITAN SOUTH EAST REGION",-38.21693162,145.061271,"Wet","Clear"
"T20190013941","26/7/19",18:43:00,"Struck Pedestrian","Friday","Dark Street lights on",1,3,"T intersection",3,50,"YARRA","METROPOLITAN NORTH WEST REGION",-37.80029435,144.9975957,"Wet","Raining"
"T20190013943","26/7/19",18:35:00,"Collision with vehicle","Friday","Dark Street lights on",2,3,"Cross intersection",3,60,"BALLARAT","WESTERN REGION",-37.56056682,143.8771068,"Wet","Raining"
"T20190013944","26/7/19",20:00:00,"Collision with vehicle","Friday","Dark Street lights unknown",2,2,"T intersection",3,60,"YARRA","METROPOLITAN NORTH WEST REGION",-37.79382024,144.9827158,"Dry","Not known"
"T20190013945","26/7/19",18:15:00,"Collision with vehicle","Friday","Dark Street lights on",2,4,"Cross intersection",3,80,"MELTON","METROPOLITAN NORTH WEST REGION",-37.8050188,144.6959414,"Wet","Raining"