"ACCIDENT_NO","ACCIDENTDATE","ACCIDENTTIME","Accident Type Desc","Day Week Description","Light Condition Desc","NO_OF_VEHICLES","NO_PERSONS","Road Geometry Desc","SEVERITY","SPEED_ZONE","LGA_NAME","REGION_NAME","Lat","Long","Surface Cond Desc","Atmosph Cond Desc"
"T20190013946","26/7/19",18:40:00,"Struck Pedestrian","Friday","Dark Street lights on",1,2,"Cross intersection",3,60,"MONASH","METROPOLITAN SOUTH EAST REGION",-37.91139441,145.1222491,"Wet","Raining"
"T20190013947","26/7/19",18:54:00,"Collision with vehicle","Friday","Dark Street lights on",2,2,"T intersection",3,60,"WHITTLESEA","METROPOLITAN NORTH WEST REGION",-37.64602147,145.0411439,"Wet","Raining"
"T20190013948","26/7/19",18:50:00,"Collision with vehicle","Friday","Dark No street lights",2,4,"T intersection",3,80,"WHITEHORSE","METROPOLITAN SOUTH EAST REGION",-37.81736058,145.1861691,"Wet","Raining"
"T20190013949","26/7/19",20:15:00,"Struck Pedestrian","Friday","Dark Street lights on",1,2,"Not at intersection",3,60,"BOROONDARA","METROPOLITAN SOUTH EAST REGION",-37.82723336,145.0344931,"Wet","Clear"
"T20190013950","26/7/19",20:10:00,"Struck Pedestrian","Friday","Dark Street lights on",1,2,"T intersection",3,60,"MONASH","METROPOLITAN SOUTH EAST REGION",-37.90361047,145.1049427,"Wet","Raining"
"T20190013954","22/7/19",14:07:00,"Collision with vehicle","Monday","Day",2,2,"Not at intersection",3,40,"YARRA","METROPOLITAN NORTH WEST REGION",-37.82242948,144.9985053,"Dry","Clear"
"T20190013955","26/7/19",19:42:00,"Collision with vehicle","Friday","Dark Street lights on",4,4,"Not at intersection",3,60,"YARRA RANGES","METROPOLITAN SOUTH EAST REGION",-37.809955,145.3157784,"Wet","Raining"
"T20190013956","26/7/19",16:20:00,"Collision with a fixed object","Friday","Day",1,2,"Not at intersection",2,100,"LODDON","NORTHERN REGION",-36.12134614,143.9238689,"Wet","Raining"
"T20190013957","26/7/19",22:03:00,"Struck Pedestrian","Friday","Dark Street lights on",1,2,"Cross intersection",3,50,"DAREBIN","METROPOLITAN NORTH WEST REGION",-37.73228962,145.0250821,"Wet","Raining"
"T20190013961","26/7/19",21:46:00,"Collision with a fixed object","Friday","Dark Street lights on",1,4,"Cross intersection",3,60,"HOBSONS BAY","METROPOLITAN NORTH WEST REGION",-37.82703307,144.8489292,"Wet","Clear"
"T20190013963","26/7/19",22:18:00,"Collision with a fixed object","Friday","Dark Street lights on",1,1,"Not at intersection",3,80,"CASEY","METROPOLITAN SOUTH EAST REGION",-38.14045064,145.3058271,"Wet","Clear"
"T20190013964","23/7/19",18:17:00,"Collision with vehicle","Tuesday","Dark Street lights on",2,2,"Cross intersection",3,60,"MOONEE VALLEY","METROPOLITAN NORTH WEST REGION",-37.73006395,144.9239119,"Wet","Clear"
"T20190013967","27/7/19",07:25:00,"No collision and no object struck","Saturday","Day",2,2,"Not at intersection",3,60,"YARRA","METROPOLITAN NORTH WEST REGION",-37.79010683,144.9762711,"Dry","Clear"
"T20190013968","23/7/19",05:20:00,"Struck Pedestrian","Tuesday","Dark Street lights unknown",1,2,"Not at intersection",3,999,"BALLARAT","WESTERN REGION",-37.5576776,143.848023,"Wet","Raining"
"T20190013968","23/7/19",05:20:00,"Struck Pedestrian","Tuesday","Dark Street lights unknown",1,2,"Not at intersection",3,999,"BALLARAT","WESTERN REGION",-37.5576776,143.848023,"Wet","Fog"
"T20190013969","27/7/19",09:25:00,"Collision with vehicle","Saturday","Day",2,2,"Cross intersection",3,60,"MARIBYRNONG","METROPOLITAN NORTH WEST REGION",-37.81578762,144.8829014,"Dry","Clear"
"T20190013970","26/7/19",18:00:00,"Vehicle overturned (no collision)","Friday","Dark No street lights",1,3,"Not at intersection",3,100,"BAW BAW","EASTERN REGION",-37.60136161,146.3205856,"Muddy","Raining"
"T20190013970","26/7/19",18:00:00,"Vehicle overturned (no collision)","Friday","Dark No street lights",1,3,"Not at intersection",3,100,"BAW BAW","EASTERN REGION",-37.60136161,146.3205856,"Muddy","Fog"
"T20190013971","27/7/19",10:15:00,"Collision with vehicle","Saturday","Day",2,2,"T intersection",3,60,"GEELONG","SOUTH WESTERN REGION",-38.17906698,144.3384431,"Dry","Clear"
"T20190013972","25/7/19",18:40:00,"Struck Pedestrian","Thursday","Dark No street lights",1,2,"T intersection",3,50,"HOBSONS BAY","METROPOLITAN NORTH WEST REGION",-37.86200003,144.89232,"Dry","Not known"
"T20190013980","27/7/19",12:20:00,"Vehicle overturned (no collision)","Saturday","Day",1,1,"Cross intersection",2,60,"MANNINGHAM","METROPOLITAN SOUTH EAST REGION",-37.78833256,145.1048411,"Dry","Clear"
"T20190013981","27/7/19",12:41:00,"Collision with vehicle","Saturday","Day",2,3,"Cross intersection",3,80,"MOIRA","NORTH EASTERN REGION",-35.93454738,145.6598833,"Dry","Clear"
"T20190013983","27/7/19",10:15:00,"Collision with a fixed object","Saturday","Day",1,1,"Not at intersection",3,100,"TOWONG","NORTH EASTERN REGION",-36.10747185,147.056314,"Dry","Clear"
"T20190013984","27/7/19",11:45:00,"Collision with vehicle","Saturday","Day",2,2,"Not at intersection",3,60,"GEELONG","SOUTH WESTERN REGION",-38.18295444,144.5504554,"Dry","Clear"
"T20190013987","27/7/19",10:30:00,"Collision with vehicle","Saturday","Day",2,1,"Not at intersection",2,50,"GLEN EIRA","METROPOLITAN SOUTH EAST REGION",-37.8794993,145.0308973,"Unknown","Not known"
"T20190013989","27/7/19",14:12:00,"Collision with vehicle","Saturday","Day",2,2,"Not at intersection",3,888,"HOBSONS BAY","METROPOLITAN NORTH WEST REGION",-37.84401867,144.882724,"Dry","Clear"
"T20190013990","27/7/19",10:03:00,"Collision with vehicle","Saturday","Day",2,5,"Not at intersection",3,100,"MOORABOOL","WESTERN REGION",-37.54210526,144.1822386,"Dry","Clear"
"T20190013993","27/7/19",13:58:00,"Collision with vehicle","Saturday","Day",2,2,"Not at intersection",2,100,"GOLDEN PLAINS","SOUTH WESTERN REGION",-37.7458936,143.8916976,"Dry","Clear"
"T20190013997","27/7/19",09:54:00,"Collision with vehicle","Saturday","Day",2,2,"Not at intersection",3,100,"BALLARAT","WESTERN REGION",-37.36602168,143.8554959,"Wet","Clear"
"T20190013998","27/7/19",16:45:00,"Collision with vehicle","Saturday","Day",2,3,"Not at intersection",2,60,"LATROBE","EASTERN REGION",-38.18367716,146.254415,"Dry","Clear"
"T20190014001","27/7/19",15:00:00,"collision with some other object","Saturday","Day",1,1,"Not at intersection",3,100,"MILDURA","WESTERN REGION",-35.45911608,141.2955202,"Muddy","Clear"
"T20190014005","27/7/19",18:29:00,"Collision with vehicle","Saturday","Dark Street lights on",2,3,"Not at intersection",3,60,"DAREBIN","METROPOLITAN NORTH WEST REGION",-37.7638433,145.0206648,"Dry","Clear"
"T20190014008","27/7/19",17:30:00,"Collision with vehicle","Saturday","Dusk/Dawn",2,2,"T intersection",3,60,"MORELAND","METROPOLITAN NORTH WEST REGION",-37.7326722,144.9512235,"Dry","Clear"
"T20190014009","27/7/19",18:15:00,"Collision with vehicle","Saturday","Dark Street lights on",2,1,"Not at intersection",3,999,"BALLARAT","WESTERN REGION",-37.55935474,143.8454386,"Dry","Clear"
"T20190014012","27/7/19",20:05:00,"collision with some other object","Saturday","Dark Street lights on",2,3,"Not at intersection",2,110,"MOORABOOL","WESTERN REGION",-37.63324309,144.3540131,"Dry","Clear"
"T20190014014","27/7/19",14:35:00,"Collision with vehicle","Saturday","Day",2,3,"Cross intersection",3,80,"WYNDHAM","METROPOLITAN NORTH WEST REGION",-37.8009462,144.6594554,"Dry","Clear"
"T20190014015","27/7/19",21:34:00,"Collision with a fixed object","Saturday","Dark Street lights on",1,2,"Not at intersection",3,60,"WHITTLESEA","METROPOLITAN NORTH WEST REGION",-37.6910263,145.0289502,"Dry","Clear"
"T20190014021","27/7/19",17:00:00,"Collision with vehicle","Saturday","Day",2,2,"Not at intersection",3,60,"WYNDHAM","METROPOLITAN NORTH WEST REGION",-37.88675549,144.6073787,"Dry","Clear"
"T20190014022","27/7/19",23:41:00,"Struck Pedestrian","Saturday","Dark Street lights on",1,3,"Cross intersection",3,80,"WHITEHORSE","METROPOLITAN SOUTH EAST REGION",-37.81643838,145.1936819,"Dry","Clear"
"T20190014023","27/7/19",05:50:00,"Collision with vehicle","Saturday","Dark Street lights on",2,1,"Not at intersection",3,50,"KINGSTON","METROPOLITAN SOUTH EAST REGION",-37.93810828,145.1317796,"Wet","Not known"
"T20190014024","27/7/19",23:38:00,"Collision with vehicle","Saturday","Dark Street lights on",2,2,"Not at intersection",3,60,"BENDIGO","NORTHERN REGION",-36.72893046,144.3068366,"Dry","Clear"
"T20190014025","28/7/19",01:15:00,"Collision with a fixed object","Sunday","Dark Street lights on",1,1,"Cross intersection",3,80,"KINGSTON","METROPOLITAN SOUTH EAST REGION",-37.98661458,145.1092499,"Dry","Clear"
"T20190014031","18/7/19",19:45:00,"Collision with vehicle","Thursday","Unknown",2,2,"Not at intersection",3,40,"KINGSTON","METROPOLITAN SOUTH EAST REGION",-37.94903026,145.0442822,"Dry","Not known"
"T20190014034","28/7/19",09:40:00,"Collision with vehicle","Sunday","Day",2,2,"Not at intersection",3,40,"MELBOURNE","METROPOLITAN NORTH WEST REGION",-37.8112163,144.9561963,"Dry","Clear"
"T20190014035","27/7/19",16:35:00,"Collision with vehicle","Saturday","Dusk/Dawn",2,2,"T intersection",3,80,"BAW BAW","EASTERN REGION",-38.20319168,146.0595709,"Dry","Not known"
"T20190014037","28/7/19",08:15:00,"Collision with a fixed object","Sunday","Day",1,2,"Not at intersection",3,100,"MONASH","METROPOLITAN SOUTH EAST REGION",-37.92727278,145.1825523,"Dry","Clear"
"T20190014042","28/7/19",11:45:00,"Collision with vehicle","Sunday","Day",2,1,"Not at intersection",3,50,"MORELAND","METROPOLITAN NORTH WEST REGION",-37.71954285,144.9478007,"Dry","Clear"
"T20190014045","28/7/19",10:28:00,"Collision with vehicle","Sunday","Day",2,3,"Not at intersection",3,100,"YARRA RANGES","METROPOLITAN SOUTH EAST REGION",-37.73238171,145.7215037,"Wet","Clear"
"T20190014050","28/7/19",13:11:00,"Vehicle overturned (no collision)","Sunday","Day",1,1,"T intersection",3,50,"MORELAND","METROPOLITAN NORTH WEST REGION",-37.72419886,144.9449006,"Dry","Clear"
"T20190014051","13/7/19",14:30:00,"Collision with a fixed object","Saturday","Day",1,1,"Not at intersection",3,100,"SOUTH GIPPSLAND","EASTERN REGION",-38.69345551,146.1814712,"Wet","Raining"
"T20190014052","27/7/19",16:50:00,"Collision with vehicle","Saturday","Day",2,2,"T intersection",2,50,"FRANKSTON","METROPOLITAN SOUTH EAST REGION",-38.12281472,145.1625004,"Dry","Clear"
"T20190014056","27/6/19",17:30:00,"Collision with vehicle","Thursday","Dusk/Dawn",2,2,"Not at intersection",3,80,"DANDENONG","METROPOLITAN SOUTH EAST REGION",-37.9750213,145.203501,"Dry","Not known"
"T20190014058","24/7/19",22:30:00,"collision with some other object","Wednesday","Dark Street lights on",1,1,"Not at intersection",3,100,"ALPINE","NORTH EASTERN REGION",-36.72896218,147.0618413,"Unknown","Clear"
"T20190014060","28/7/19",14:00:00,"Collision with vehicle","Sunday","Day",3,3,"Not at intersection",3,70,"BOROONDARA","METROPOLITAN SOUTH EAST REGION",-37.77754574,145.0787425,"Dry","Clear"
"T20190014063","28/7/19",16:32:00,"Collision with vehicle","Sunday","Day",3,4,"Not at intersection",3,70,"WHITEHORSE","METROPOLITAN SOUTH EAST REGION",-37.85009905,145.0956628,"Dry","Clear"
"T20190014065","28/7/19",14:20:00,"Struck Pedestrian","Sunday","Day",1,2,"T intersection",3,777,"MELBOURNE","METROPOLITAN NORTH WEST REGION",-37.81162693,144.9383689,"Dry","Clear"
"T20190014066","28/7/19",14:58:00,"Struck Pedestrian","Sunday","Day",2,3,"Cross intersection",3,40,"MELBOURNE","METROPOLITAN NORTH WEST REGION",-37.81424771,144.9631593,"Dry","Clear"
"T20190014067","28/7/19",19:50:00,"Collision with a fixed object","Sunday","Dark No street lights",1,1,"Not at intersection",3,100,"SOUTHERN GRAMPIANS","SOUTH WESTERN REGION",-37.79474536,142.1654552,"Dry","Clear"
"T20190014073","29/7/19",04:06:00,"Collision with vehicle","Monday","Dark Street lights on",3,3,"Cross intersection",3,70,"DAREBIN","METROPOLITAN NORTH WEST REGION",-37.75883784,144.9931225,"Dry","Clear"
"T20190014076","29/7/19",05:54:00,"Collision with a fixed object","Monday","Dark Street lights on",1,1,"Not at intersection",3,50,"MELBOURNE","METROPOLITAN NORTH WEST REGION",-37.80197879,144.9307189,"Dry","Clear"
"T20190014077","29/7/19",05:55:00,"Collision with vehicle","Monday","Dark Street lights on",2,3,"Cross intersection",3,80,"MAROONDAH","METROPOLITAN SOUTH EAST REGION",-37.82362309,145.2965564,"Dry","Clear"
"T20190014078","29/7/19",08:45:00,"Struck Pedestrian","Monday","Day",1,3,"Not at intersection",3,60,"BOROONDARA","METROPOLITAN SOUTH EAST REGION",-37.82504362,145.089698,"Dry","Clear"
"T20190014080","27/7/19",08:30:00,"Collision with vehicle","Saturday","Day",2,2,"Multiple intersection",3,999,"GEELONG","SOUTH WESTERN REGION",-38.08138082,144.3370217,"Dry","Clear"
"T20190014081","23/6/19",14:00:00,"collision with some other object","Sunday","Day",1,1,"Not at intersection",3,100,"MANSFIELD","NORTH EASTERN REGION",-36.91899324,145.8614903,"Unknown","Clear"
"T20190014083","19/7/19",12:10:00,"Collision with vehicle","Friday","Day",2,3,"T intersection",3,60,"MAROONDAH","METROPOLITAN SOUTH EAST REGION",-37.82775413,145.21335,"Dry","Clear"
"T20190014084","29/7/19",06:40:00,"Collision with vehicle","Monday","Dark Street lights on",2,2,"Cross intersection",3,80,"MAROONDAH","METROPOLITAN SOUTH EAST REGION",-37.79782868,145.2539406,"Dry","Clear"
"T20190014085","29/7/19",09:15:00,"Collision with a fixed object","Monday","Day",1,1,"Not at intersection",3,40,"YARRA","METROPOLITAN NORTH WEST REGION",-37.79730367,144.9967122,"Dry","Clear"
"T20190014089","28/7/19",13:00:00,"Vehicle overturned (no collision)","Sunday","Day",1,1,"Not at intersection",3,999,"MITCHELL","NORTHERN REGION",-37.33308855,144.9450055,"Dry","Clear"
"T20190014092","29/7/19",11:43:00,"Struck Pedestrian","Monday","Day",1,2,"Not at intersection",3,50,"MORELAND","METROPOLITAN NORTH WEST REGION",-37.77152771,144.9610803,"Dry","Clear"
"T20190014093","29/7/19",12:15:00,"Collision with vehicle","Monday","Day",2,2,"T intersection",3,60,"GLEN EIRA","METROPOLITAN SOUTH EAST REGION",-37.90864704,145.0783211,"Dry","Clear"
"T20190014094","29/7/19",12:05:00,"Collision with vehicle","Monday","Day",3,4,"T intersection",3,60,"DANDENONG","METROPOLITAN SOUTH EAST REGION",-38.01617074,145.1941879,"Dry","Clear"
"T20190014095","29/7/19",09:17:00,"Collision with vehicle","Monday","Day",2,2,"Cross intersection",3,70,"WHITEHORSE","METROPOLITAN SOUTH EAST REGION",-37.8348539,145.1727094,"Dry","Clear"
"T20190014096","29/7/19",12:30:00,"Collision with vehicle","Monday","Day",2,4,"Cross intersection",3,60,"MELBOURNE","METROPOLITAN NORTH WEST REGION",-37.78940375,144.9421661,"Dry","Clear"
"T20190014097","28/7/19",19:20:00,"Collision with a fixed object","Sunday","Dark No street lights",1,1,"Not at intersection",2,100,"SURF COAST","SOUTH WESTERN REGION",-38.28601978,144.3252403,"Dry","Clear"
"T20190014098","26/7/19",17:45:00,"Collision with vehicle","Friday","Day",2,2,"Not at intersection",3,60,"CASEY","METROPOLITAN SOUTH EAST REGION",-38.03737262,145.3426434,"Unknown","Not known"
"T20190014101","22/7/19",08:29:00,"Collision with vehicle","Monday","Day",2,2,"Cross intersection",3,40,"MELBOURNE","METROPOLITAN NORTH WEST REGION",-37.81693249,144.9615823,"Dry","Not known"
"T20190014105","26/7/19",20:00:00,"Struck Pedestrian","Friday","Dark Street lights unknown",1,2,"Cross intersection",3,50,"CASEY","METROPOLITAN SOUTH EAST REGION",-38.03144712,145.3463009,"Wet","Raining"
"T20190014107","21/1/19",14:30:00,"Collision with vehicle","Monday","Day",2,4,"Cross intersection",3,70,"WHITTLESEA","METROPOLITAN NORTH WEST REGION",-37.63768009,145.0263649,"Dry","Clear"
"T20190014108","29/7/19",13:45:00,"Collision with vehicle","Monday","Day",2,2,"Not at intersection",3,60,"WHITTLESEA","METROPOLITAN NORTH WEST REGION",-37.6336795,144.9891852,"Dry","Clear"
"T20190014109","29/7/19",15:00:00,"Collision with a fixed object","Monday","Day",1,1,"Not at intersection",3,100,"MOYNE","SOUTH WESTERN REGION",-38.4353709,142.6619434,"Dry","Clear"
"T20190014110","29/7/19",14:02:00,"Collision with vehicle","Monday","Day",2,2,"T intersection",3,70,"GLEN EIRA","METROPOLITAN SOUTH EAST REGION",-37.89947307,145.0646797,"Dry","Not known"
"T20190014112","29/7/19",16:02:00,"Collision with vehicle","Monday","Day",2,3,"T intersection",2,80,"WODONGA","NORTH EASTERN REGION",-36.14771705,146.928148,"Dry","Clear"
"T20190014113","28/7/19",12:15:00,"Collision with vehicle","Sunday","Day",2,2,"Not at intersection",3,999,"EAST GIPPSLAND","EASTERN REGION",-37.82656714,147.6278026,"Dry","Clear"
"T20190014114","27/7/19",16:30:00,"Collision with vehicle","Saturday","Day",2,2,"T intersection",3,60,"WODONGA","NORTH EASTERN REGION",-36.13078922,146.8653966,"Dry","Clear"
"T20190014115","28/7/19",14:00:00,"Collision with vehicle","Sunday","Day",2,3,"Multiple intersection",3,80,"DANDENONG","METROPOLITAN SOUTH EAST REGION",-37.99257941,145.1922402,"Dry","Clear"
"T20190014116","29/7/19",16:09:00,"Collision with vehicle","Monday","Day",2,2,"Not at intersection",3,40,"MELBOURNE","METROPOLITAN NORTH WEST REGION",-37.79787798,144.9741811,"Dry","Clear"
"T20190014117","18/7/19",18:00:00,"Collision with vehicle","Thursday","Dark Street lights unknown",2,2,"Cross intersection",3,60,"YARRA RANGES","METROPOLITAN SOUTH EAST REGION",-37.75334471,145.3544006,"Dry","Clear"
"T20190014118","29/7/19",15:30:00,"Struck Pedestrian","Monday","Day",1,2,"Cross intersection",3,40,"MONASH","METROPOLITAN SOUTH EAST REGION",-37.88182334,145.1241033,"Dry","Clear"
"T20190014119","29/7/19",17:30:00,"Fall from or in moving vehicle","Monday","Dark Street lights on",1,1,"Cross intersection",3,40,"MELBOURNE","METROPOLITAN NORTH WEST REGION",-37.81095643,144.9478235,"Wet","Raining"
"T20190014123","18/7/19",12:30:00,"Collision with vehicle","Thursday","Day",2,2,"T intersection",3,50,"BOROONDARA","METROPOLITAN SOUTH EAST REGION",-37.82342473,145.0422,"Dry","Clear"
"T20190014124","29/7/19",18:10:00,"Struck Pedestrian","Monday","Dark Street lights on",1,2,"Cross intersection",3,80,"GLEN EIRA","METROPOLITAN SOUTH EAST REGION",-37.88474549,145.067328,"Wet","Raining"
"T20190014125","29/7/19",18:22:00,"Collision with vehicle","Monday","Dark Street lights on",2,2,"T intersection",3,60,"MANNINGHAM","METROPOLITAN SOUTH EAST REGION",-37.78740064,145.1293218,"Wet","Raining"
"T20190014126","29/7/19",18:21:00,"Collision with vehicle","Monday","Dark Street lights on",2,2,"T intersection",3,50,"MELTON","METROPOLITAN NORTH WEST REGION",-37.76033395,144.7467316,"Dry","Clear"
"T20190014127","29/7/19",17:30:00,"Collision with a fixed object","Monday","Day",1,1,"Not at intersection",3,100,"MOUNT ALEXANDER","NORTHERN REGION",-37.12043848,144.179295,"Dry","Clear"
"T20190014128","15/7/19",07:20:00,"Collision with vehicle","Monday","Day",2,2,"Not at intersection",3,80,"KNOX","METROPOLITAN SOUTH EAST REGION",-37.92525579,145.2334719,"Dry","Not known"
"T20190014129","29/7/19",18:24:00,"Struck Pedestrian","Monday","Dark Street lights on",1,2,"Not at intersection",3,40,"MORELAND","METROPOLITAN NORTH WEST REGION",-37.74558472,144.9723766,"Wet","Raining"
"T20190014134","29/7/19",19:00:00,"Collision with vehicle","Monday","Dark Street lights on",2,3,"Not at intersection",3,60,"WYNDHAM","METROPOLITAN NORTH WEST REGION",-37.89319857,144.6818585,"Dry","Clear"
"T20190014137","29/7/19",22:30:00,"Collision with a fixed object","Monday","Dark Street lights on",1,2,"Not at intersection",3,60,"WYNDHAM","METROPOLITAN NORTH WEST REGION",-37.85158983,144.7178503,"Wet","Clear"
"T20190014139","29/7/19",18:00:00,"Struck Pedestrian","Monday","Dark Street lights on",1,2,"Not at intersection",1,60,"FRANKSTON","METROPOLITAN SOUTH EAST REGION",-38.11566507,145.194319,"Wet","Raining"
"T20190014141","29/7/19",22:38:00,"Collision with vehicle","Monday","Dark Street lights on",2,1,"Not at intersection",3,50,"BRIMBANK","METROPOLITAN NORTH WEST REGION",-37.78370976,144.8322753,"Wet","Raining"
"T20190014146","29/7/19",06:55:00,"Collision with vehicle","Monday","Dark Street lights on",2,2,"T intersection",3,50,"DANDENONG","METROPOLITAN SOUTH EAST REGION",-37.96715423,145.1492917,"Dry","Clear"
"T20190014150","30/7/19",08:30:00,"Collision with vehicle","Tuesday","Day",2,2,"T intersection",3,60,"SHEPPARTON","NORTH EASTERN REGION",-36.37098605,145.4014103,"Dry","Clear"
"T20190014152","30/7/19",05:20:00,"Collision with vehicle","Tuesday","Dark No street lights",2,2,"Not at intersection",3,100,"CARDINIA","METROPOLITAN SOUTH EAST REGION",-38.1905246,145.6603173,"Wet","Clear"
"T20190014153","23/7/19",18:00:00,"Collision with vehicle","Tuesday","Dark Street lights on",2,2,"Cross intersection",3,60,"WHITTLESEA","METROPOLITAN NORTH WEST REGION",-37.65516138,145.0214845,"Wet","Clear"
"T20190014154","30/7/19",09:50:00,"Struck Pedestrian","Tuesday","Day",1,2,"T intersection",3,50,"CARDINIA","METROPOLITAN SOUTH EAST REGION",-38.0864736,145.4982486,"Dry","Clear"
"T20190014155","27/6/19",17:00:00,"Collision with vehicle","Thursday","Day",2,2,"T intersection",3,50,"BAYSIDE","METROPOLITAN SOUTH EAST REGION",-37.90727294,145.0053847,"Dry","Clear"
"T20190014156","30/7/19",07:28:00,"Struck Pedestrian","Tuesday","Day",1,2,"Cross intersection",3,60,"KNOX","METROPOLITAN SOUTH EAST REGION",-37.88854157,145.2630032,"Dry","Clear"
"T20190014157","20/7/19",19:02:00,"Collision with vehicle","Saturday","Unknown",2,3,"Not at intersection",3,80,"WHITEHORSE","METROPOLITAN SOUTH EAST REGION",-37.80437308,145.1756992,"Unknown","Not known"
"T20190014158","29/7/19",21:26:00,"Collision with vehicle","Monday","Dark Street lights on",2,1,"Not at intersection",3,60,"GLEN EIRA","METROPOLITAN SOUTH EAST REGION",-37.923608,145.0407664,"Wet","Clear"
"T20190014160","30/7/19",06:44:00,"Struck Pedestrian","Tuesday","Dusk/Dawn",1,2,"Cross intersection",3,60,"MELBOURNE","METROPOLITAN NORTH WEST REGION",-37.85021929,144.9806426,"Dry","Clear"
"T20190014164","20/7/19",17:30:00,"Collision with vehicle","Saturday","Dark Street lights on",3,3,"T intersection",3,50,"CASEY","METROPOLITAN SOUTH EAST REGION",-37.96730654,145.2664496,"Dry","Clear"
"T20190014166","30/7/19",06:30:00,"Collision with a fixed object","Tuesday","Dark No street lights",1,1,"Not at intersection",3,80,"BALLARAT","WESTERN REGION",-37.61591341,143.8829649,"Wet","Raining"
"T20190014167","17/7/19",08:40:00,"Collision with vehicle","Wednesday","Day",2,2,"Not at intersection",3,60,"WHITEHORSE","METROPOLITAN SOUTH EAST REGION",-37.82970812,145.1364266,"Dry","Not known"
"T20190014170","30/7/19",12:45:00,"No collision and no object struck","Tuesday","Day",1,1,"Not at intersection",3,100,"TOWONG","NORTH EASTERN REGION",-36.21738862,147.2299046,"Dry","Clear"
"T20190014171","27/6/19",08:25:00,"Collision with vehicle","Thursday","Day",3,3,"Not at intersection",3,80,"KNOX","METROPOLITAN SOUTH EAST REGION",-37.89874559,145.2358539,"Unknown","Not known"
"T20190014173","29/7/19",21:10:00,"Collision with vehicle","Monday","Dark Street lights on",2,2,"Cross intersection",3,60,"GLEN EIRA","METROPOLITAN SOUTH EAST REGION",-37.89974496,145.0063598,"Dry","Clear"
"T20190014174","30/7/19",14:05:00,"Fall from or in moving vehicle","Tuesday","Day",1,1,"Not at intersection",3,50,"HOBSONS BAY","METROPOLITAN NORTH WEST REGION",-37.85170465,144.895805,"Dry","Clear"
"T20190014178","30/7/19",14:15:00,"Collision with vehicle","Tuesday","Day",2,3,"Cross intersection",3,60,"MURRINDINDI","NORTH EASTERN REGION",-37.19268587,145.7141725,"Dry","Clear"
"T20190014180","30/7/19",06:40:00,"Collision with vehicle","Tuesday","Dusk/Dawn",2,2,"Y intersection",3,60,"MELBOURNE","METROPOLITAN NORTH WEST REGION",-37.80749096,144.9706961,"Dry","Clear"
"T20190014182","30/7/19",14:49:00,"Collision with vehicle","Tuesday","Day",2,5,"Cross intersection",3,60,"GLENELG","SOUTH WESTERN REGION",-38.35985494,141.6054234,"Dry","Clear"
"T20190014183","29/7/19",08:00:00,"Collision with vehicle","Monday","Day",3,3,"Not at intersection",3,80,"HUME","METROPOLITAN NORTH WEST REGION",-37.59925383,144.9438414,"Dry","Clear"
"T20190014184","20/7/19",12:10:00,"Collision with vehicle","Saturday","Day",2,2,"Not at intersection",3,999,"MORELAND","METROPOLITAN NORTH WEST REGION",-37.74004432,144.9537093,"Unknown","Not known"
"T20190014185","30/7/19",12:00:00,"Collision with vehicle","Tuesday","Day",2,2,"Not at intersection",3,80,"KNOX","METROPOLITAN SOUTH EAST REGION",-37.85289947,145.2436883,"Dry","Clear"
"T20190014188","30/7/19",15:18:00,"Collision with vehicle","Tuesday","Day",2,3,"Not at intersection",3,60,"BANYULE","METROPOLITAN NORTH WEST REGION",-37.70079014,145.0666617,"Dry","Clear"
"T20190014190","30/7/19",17:08:00,"Collision with vehicle","Tuesday","Day",2,2,"Cross intersection",3,40,"YARRA","METROPOLITAN NORTH WEST REGION",-37.7947335,144.9790743,"Dry","Clear"
"T20190014192","30/7/19",13:13:00,"Collision with vehicle","Tuesday","Day",3,2,"Not at intersection",3,40,"MELBOURNE","METROPOLITAN NORTH WEST REGION",-37.81066495,144.9678099,"Dry","Clear"
"T20190014193","24/7/19",17:20:00,"Collision with a fixed object","Wednesday","Dark No street lights",1,1,"Not at intersection",3,999,"CASEY","METROPOLITAN SOUTH EAST REGION",-38.12166882,145.3458442,"Unknown","Clear"
"T20190014194","29/7/19",07:09:00,"Collision with vehicle","Monday","Dusk/Dawn",2,2,"T intersection",3,60,"KINGSTON","METROPOLITAN SOUTH EAST REGION",-37.94724826,145.0590979,"Dry","Clear"
"T20190014195","24/7/19",13:32:00,"Collision with vehicle","Wednesday","Day",2,2,"Not at intersection",3,80,"MONASH","METROPOLITAN SOUTH EAST REGION",-37.87396745,145.1635266,"Dry","Clear"
"T20190014196","30/7/19",17:35:00,"Collision with vehicle","Tuesday","Dark No street lights",2,4,"T intersection",3,60,"GEELONG","SOUTH WESTERN REGION",-38.16997481,144.3374045,"Dry","Clear"
"T20190014199","30/7/19",18:30:00,"Collision with vehicle","Tuesday","Dark No street lights",3,3,"Not at intersection",3,80,"YARRA RANGES","METROPOLITAN SOUTH EAST REGION",-37.73568268,145.3133656,"Dry","Clear"