"ACCIDENT_NO","ACCIDENTDATE","ACCIDENTTIME","Accident Type Desc","Day Week Description","Light Condition Desc","NO_OF_VEHICLES","NO_PERSONS","Road Geometry Desc","SEVERITY","SPEED_ZONE","LGA_NAME","REGION_NAME","Lat","Long","Surface Cond Desc","Atmosph Cond Desc"
"T20190014200","30/7/19",17:56:00,"Collision with vehicle","Tuesday","Dark Street lights on",2,2,"Not at intersection",3,40,"MELBOURNE","METROPOLITAN NORTH WEST REGION",-37.7890377,144.9296807,"Dry","Clear"
"T20190014201","30/7/19",16:15:00,"Collision with vehicle","Tuesday","Day",4,4,"Not at intersection",2,70,"STONNINGTON","METROPOLITAN SOUTH EAST REGION",-37.87170284,145.0362013,"Dry","Clear"
"T20190014204","30/7/19",18:34:00,"Collision with vehicle","Tuesday","Dark Street lights on",2,2,"T intersection",3,70,"MANNINGHAM","METROPOLITAN SOUTH EAST REGION",-37.74199353,145.1364391,"Dry","Clear"
"T20190014206","30/7/19",21:00:00,"Collision with a fixed object","Tuesday","Dark Street lights on",1,2,"Not at intersection",3,40,"DANDENONG","METROPOLITAN SOUTH EAST REGION",-37.96953287,145.2122479,"Dry","Clear"
"T20190014208","28/6/19",11:45:00,"Collision with vehicle","Friday","Day",2,2,"T intersection",3,80,"MARIBYRNONG","METROPOLITAN NORTH WEST REGION",-37.80728026,144.8765653,"Dry","Clear"
"T20190014209","30/7/19",17:39:00,"Collision with vehicle","Tuesday","Day",4,8,"T intersection",2,60,"KINGSTON","METROPOLITAN SOUTH EAST REGION",-37.92840096,145.1177459,"Dry","Clear"
"T20190014213","16/7/19",05:45:00,"Vehicle overturned (no collision)","Tuesday","Dark Street lights unknown",1,1,"Cross intersection",3,999,"WHITTLESEA","METROPOLITAN NORTH WEST REGION",-37.68959584,145.0278027,"Wet","Raining"
"T20190014214","31/7/19",00:15:00,"Collision with a fixed object","Wednesday","Dark No street lights",1,1,"Not at intersection",3,100,"MOORABOOL","WESTERN REGION",-37.70041136,144.2237448,"Dry","Clear"
"T20190014217","22/7/19",18:35:00,"Collision with vehicle","Monday","Dark Street lights on",2,2,"T intersection",3,60,"MONASH","METROPOLITAN SOUTH EAST REGION",-37.91814495,145.1210757,"Dry","Clear"
"T20190014219","31/7/19",07:00:00,"Collision with vehicle","Wednesday","Day",2,2,"Not at intersection",3,100,"GOLDEN PLAINS","SOUTH WESTERN REGION",-38.05538536,144.2078281,"Dry","Clear"
"T20190014221","31/7/19",06:30:00,"Collision with a fixed object","Wednesday","Dusk/Dawn",1,1,"T intersection",2,60,"BALLARAT","WESTERN REGION",-37.5654696,143.886608,"Dry","Clear"
"T20190014223","31/7/19",08:20:00,"Collision with vehicle","Wednesday","Day",2,2,"Cross intersection",3,50,"GLEN EIRA","METROPOLITAN SOUTH EAST REGION",-37.88616088,144.9992008,"Dry","Clear"
"T20190014224","30/7/19",15:30:00,"Collision with vehicle","Tuesday","Day",2,11,"Not at intersection",3,100,"CASEY","METROPOLITAN SOUTH EAST REGION",-38.04769094,145.3475349,"Dry","Clear"
"T20190014225","23/7/19",18:30:00,"Vehicle overturned (no collision)","Tuesday","Dusk/Dawn",1,1,"Cross intersection",3,60,"BOROONDARA","METROPOLITAN SOUTH EAST REGION",-37.8215627,145.0263843,"Wet","Raining"
"T20190014227","31/7/19",07:45:00,"Collision with vehicle","Wednesday","Day",2,2,"Not at intersection",3,50,"GLEN EIRA","METROPOLITAN SOUTH EAST REGION",-37.87609969,145.0418707,"Dry","Clear"
"T20190014228","20/7/19",12:30:00,"No collision and no object struck","Saturday","Day",1,1,"Not at intersection",3,30,"MACEDON RANGES","NORTHERN REGION",-37.42322704,144.3993555,"Wet","Clear"
"T20190014231","31/7/19",09:35:00,"Collision with vehicle","Wednesday","Day",2,2,"Cross intersection",2,60,"FRANKSTON","METROPOLITAN SOUTH EAST REGION",-38.14625057,145.1224399,"Dry","Clear"
"T20190014232","31/7/19",10:45:00,"Struck Pedestrian","Wednesday","Day",1,2,"T intersection",3,50,"STONNINGTON","METROPOLITAN SOUTH EAST REGION",-37.87529738,145.0425893,"Dry","Clear"
"T20190014233","31/7/19",10:48:00,"Collision with vehicle","Wednesday","Day",2,2,"Not at intersection",3,80,"HUME","METROPOLITAN NORTH WEST REGION",-37.64723423,144.952086,"Dry","Clear"
"T20190014236","24/7/19",09:20:00,"Collision with vehicle","Wednesday","Day",2,3,"Not at intersection",3,60,"MONASH","METROPOLITAN SOUTH EAST REGION",-37.89971839,145.0871312,"Unknown","Not known"
"T20190014240","31/7/19",07:39:00,"collision with some other object","Wednesday","Day",2,2,"Not at intersection",3,110,"LATROBE","EASTERN REGION",-38.24370345,146.4011694,"Dry","Clear"
"T20190014241","31/7/19",11:30:00,"Collision with vehicle","Wednesday","Day",2,2,"Not at intersection",3,50,"MARIBYRNONG","METROPOLITAN NORTH WEST REGION",-37.79935661,144.896042,"Dry","Clear"
"T20190014242","31/7/19",07:40:00,"Struck Pedestrian","Wednesday","Day",1,2,"T intersection",3,40,"WHITTLESEA","METROPOLITAN NORTH WEST REGION",-37.66892882,145.0682717,"Dry","Clear"
"T20190014243","29/7/19",18:15:00,"Collision with vehicle","Monday","Dark Street lights on",2,5,"Cross intersection",3,60,"MAROONDAH","METROPOLITAN SOUTH EAST REGION",-37.81695983,145.2204905,"Wet","Raining"
"T20190014247","15/5/19",15:00:00,"Fall from or in moving vehicle","Wednesday","Day",1,2,"Not at intersection",2,50,"LATROBE","EASTERN REGION",-38.18248316,146.2540507,"Dry","Clear"
"T20190014249","31/7/19",13:30:00,"Collision with vehicle","Wednesday","Day",2,2,"Not at intersection",3,70,"WHITEHORSE","METROPOLITAN SOUTH EAST REGION",-37.8341853,145.1676529,"Dry","Clear"
"T20190014250","31/7/19",08:30:00,"Collision with a fixed object","Wednesday","Day",1,1,"Not at intersection",2,80,"SOUTH GIPPSLAND","EASTERN REGION",-38.3687,145.8440692,"Dry","Clear"
"T20190014253","31/7/19",13:30:00,"Struck Pedestrian","Wednesday","Day",1,1,"Not at intersection",3,888,"BOROONDARA","METROPOLITAN SOUTH EAST REGION",-37.82254373,145.0205002,"Dry","Clear"
"T20190014254","31/7/19",11:20:00,"Collision with vehicle","Wednesday","Day",2,4,"Not at intersection",3,80,"HEPBURN","WESTERN REGION",-37.2900744,143.7684943,"Dry","Clear"
"T20190014255","30/7/19",06:30:00,"Collision with vehicle","Tuesday","Dark Street lights on",3,3,"Not at intersection",3,70,"MANNINGHAM","METROPOLITAN SOUTH EAST REGION",-37.7604221,145.1336869,"Unknown","Not known"
"T20190014256","31/7/19",13:01:00,"Collision with a fixed object","Wednesday","Day",1,1,"Not at intersection",2,50,"CASEY","METROPOLITAN SOUTH EAST REGION",-38.00484331,145.2846485,"Dry","Clear"
"T20190014258","31/7/19",14:00:00,"Collision with vehicle","Wednesday","Day",2,2,"T intersection",3,70,"BRIMBANK","METROPOLITAN NORTH WEST REGION",-37.70676626,144.8660168,"Dry","Clear"
"T20190014261","31/7/19",09:15:00,"Collision with vehicle","Wednesday","Day",2,4,"Cross intersection",3,50,"WHITTLESEA","METROPOLITAN NORTH WEST REGION",-37.62075644,145.0052343,"Dry","Clear"
"T20190014262","31/7/19",15:10:00,"Struck Pedestrian","Wednesday","Day",1,2,"Not at intersection",3,50,"WHITTLESEA","METROPOLITAN NORTH WEST REGION",-37.59459373,145.1028532,"Dry","Clear"
"T20190014263","27/7/19",12:00:00,"Collision with vehicle","Saturday","Day",2,2,"Multiple intersection",3,80,"BRIMBANK","METROPOLITAN NORTH WEST REGION",-37.70202957,144.8016938,"Unknown","Not known"
"T20190014264","31/7/19",14:34:00,"Collision with vehicle","Wednesday","Day",4,4,"Not at intersection",3,60,"WHITTLESEA","METROPOLITAN NORTH WEST REGION",-37.6721635,145.0706732,"Dry","Clear"
"T20190014265","29/7/19",08:50:00,"Vehicle overturned (no collision)","Monday","Day",2,2,"Cross intersection",3,30,"YARRA","METROPOLITAN NORTH WEST REGION",-37.79788065,144.9875788,"Dry","Clear"
"T20190014267","31/7/19",15:34:00,"Collision with vehicle","Wednesday","Day",2,2,"Not at intersection",3,100,"HUME","METROPOLITAN NORTH WEST REGION",-37.69363041,144.9334239,"Dry","Clear"
"T20190014271","25/7/19",07:05:00,"Collision with vehicle","Thursday","Day",2,2,"Cross intersection",3,80,"CASEY","METROPOLITAN SOUTH EAST REGION",-38.00172426,145.2367893,"Dry","Clear"
"T20190014274","31/7/19",16:43:00,"Collision with vehicle","Wednesday","Day",2,2,"T intersection",3,60,"DAREBIN","METROPOLITAN NORTH WEST REGION",-37.74420255,144.9939389,"Dry","Clear"
"T20190014275","31/7/19",17:00:00,"Collision with vehicle","Wednesday","Day",3,4,"Not at intersection",3,80,"KNOX","METROPOLITAN SOUTH EAST REGION",-37.94848864,145.2281215,"Dry","Clear"
"T20190014276","31/7/19",17:10:00,"Collision with vehicle","Wednesday","Day",2,2,"T intersection",3,50,"WYNDHAM","METROPOLITAN NORTH WEST REGION",-37.89687134,144.7575936,"Dry","Clear"
"T20190014279","19/7/19",10:30:00,"Collision with vehicle","Friday","Day",2,2,"Multiple intersection",3,999,"MELBOURNE","METROPOLITAN NORTH WEST REGION",-37.80090143,144.9570161,"Dry","Clear"
"T20190014280","31/7/19",17:37:00,"Struck Pedestrian","Wednesday","Dark Street lights on",1,2,"T intersection",2,50,"HOBSONS BAY","METROPOLITAN NORTH WEST REGION",-37.84247337,144.8831338,"Dry","Clear"
"T20190014282","31/7/19",16:55:00,"Collision with vehicle","Wednesday","Day",2,2,"Not at intersection",3,60,"INDIGO","NORTH EASTERN REGION",-36.40111931,146.7515828,"Dry","Clear"
"T20190014286","31/7/19",18:40:00,"Collision with vehicle","Wednesday","Dark Street lights unknown",2,2,"Cross intersection",3,60,"WYNDHAM","METROPOLITAN NORTH WEST REGION",-37.84469209,144.6888999,"Dry","Clear"
"T20190014287","31/7/19",20:04:00,"Struck Pedestrian","Wednesday","Dark Street lights on",1,2,"Cross intersection",3,50,"BOROONDARA","METROPOLITAN SOUTH EAST REGION",-37.82874117,145.0342131,"Dry","Clear"
"T20190014290","30/7/19",18:45:00,"Collision with vehicle","Tuesday","Dusk/Dawn",2,2,"Not at intersection",3,60,"STONNINGTON","METROPOLITAN SOUTH EAST REGION",-37.838588,144.9864708,"Unknown","Not known"
"T20190014293","30/7/19",18:00:00,"Collision with vehicle","Tuesday","Dark Street lights on",2,2,"Not at intersection",3,888,"BRIMBANK","METROPOLITAN NORTH WEST REGION",-37.78630146,144.8454335,"Dry","Clear"
"T20190014294","31/7/19",15:12:00,"Collision with vehicle","Wednesday","Day",3,4,"Not at intersection",3,60,"MARIBYRNONG","METROPOLITAN NORTH WEST REGION",-37.78650865,144.8779371,"Dry","Clear"
"T20190014296","31/7/19",21:15:00,"Collision with vehicle","Wednesday","Dark Street lights on",2,2,"Cross intersection",3,100,"MILDURA","WESTERN REGION",-34.2305204,142.2063873,"Dry","Clear"
"T20190014298","31/7/19",22:13:00,"Struck Pedestrian","Wednesday","Dark Street lights on",1,2,"Not at intersection",3,60,"BAYSIDE","METROPOLITAN SOUTH EAST REGION",-37.94595319,145.0222717,"Dry","Clear"
"T20190014308","31/7/19",17:00:00,"Collision with vehicle","Wednesday","Dusk/Dawn",2,2,"Not at intersection",3,100,"BOROONDARA","METROPOLITAN SOUTH EAST REGION",-37.78686667,145.05706,"Dry","Clear"
"T20190014309","29/7/19",16:30:00,"Collision with vehicle","Monday","Day",2,2,"Not at intersection",3,50,"HOBSONS BAY","METROPOLITAN NORTH WEST REGION",-37.82706167,144.8795732,"Unknown","Not known"
"T20190014312","30/7/19",12:13:00,"Collision with vehicle","Tuesday","Day",2,2,"Not at intersection",3,40,"MELBOURNE","METROPOLITAN NORTH WEST REGION",-37.80127579,144.9668368,"Dry","Clear"
"T20190014315","1/8/19",09:00:00,"Collision with vehicle","Thursday","Day",5,5,"Not at intersection",3,80,"KNOX","METROPOLITAN SOUTH EAST REGION",-37.84730958,145.2253695,"Dry","Clear"
"T20190014316","1/8/19",12:01:00,"Collision with vehicle","Thursday","Day",2,2,"T intersection",3,60,"MONASH","METROPOLITAN SOUTH EAST REGION",-37.91821855,145.083575,"Dry","Clear"
"T20190014317","1/8/19",12:30:00,"Collision with vehicle","Thursday","Day",2,2,"T intersection",3,70,"BRIMBANK","METROPOLITAN NORTH WEST REGION",-37.70676626,144.8660168,"Dry","Clear"
"T20190014319","30/7/19",17:00:00,"Vehicle overturned (no collision)","Tuesday","Dusk/Dawn",1,1,"T intersection",3,70,"BALLARAT","WESTERN REGION",-37.58454191,143.8793439,"Dry","Clear"
"T20190014320","28/7/19",07:00:00,"No collision and no object struck","Sunday","Day",1,1,"T intersection",3,888,"CARDINIA","METROPOLITAN SOUTH EAST REGION",-37.91657478,145.6350024,"Wet","Clear"
"T20190014320","28/7/19",07:00:00,"No collision and no object struck","Sunday","Day",1,1,"T intersection",3,888,"CARDINIA","METROPOLITAN SOUTH EAST REGION",-37.91657478,145.6350024,"Muddy","Clear"
"T20190014321","28/7/19",20:30:00,"Collision with vehicle","Sunday","Dark Street lights on",2,2,"Cross intersection",3,60,"STONNINGTON","METROPOLITAN SOUTH EAST REGION",-37.87542665,145.091601,"Unknown","Clear"
"T20190014322","26/7/19",08:00:00,"Collision with vehicle","Friday","Day",2,2,"Not at intersection",3,999,"GLEN EIRA","METROPOLITAN SOUTH EAST REGION",-37.88832026,145.01452,"Dry","Clear"
"T20190014323","1/8/19",11:50:00,"Vehicle overturned (no collision)","Thursday","Day",1,1,"Cross intersection",3,60,"MAROONDAH","METROPOLITAN SOUTH EAST REGION",-37.83225342,145.2133508,"Dry","Clear"
"T20190014325","1/8/19",08:50:00,"No collision and no object struck","Thursday","Day",1,1,"Not at intersection",3,999,"GEELONG","SOUTH WESTERN REGION",-38.15558728,144.3709864,"Dry","Clear"
"T20190014326","31/7/19",20:26:00,"Collision with vehicle","Wednesday","Dark Street lights on",2,3,"T intersection",3,80,"KNOX","METROPOLITAN SOUTH EAST REGION",-37.92681741,145.2665319,"Dry","Clear"
"T20190014327","24/7/19",07:35:00,"Collision with vehicle","Wednesday","Unknown",2,2,"Not at intersection",3,80,"WHITEHORSE","METROPOLITAN SOUTH EAST REGION",-37.85085318,145.1212419,"Unknown","Not known"
"T20190014329","12/7/19",11:40:00,"Collision with vehicle","Friday","Day",2,2,"Cross intersection",3,60,"BOROONDARA","METROPOLITAN SOUTH EAST REGION",-37.81581449,145.0462962,"Dry","Clear"
"T20190014330","26/6/19",17:45:00,"Collision with vehicle","Wednesday","Dusk/Dawn",2,2,"Not at intersection",3,60,"MANNINGHAM","METROPOLITAN SOUTH EAST REGION",-37.76408139,145.1718878,"Unknown","Not known"
"T20190014331","31/7/19",13:55:00,"Fall from or in moving vehicle","Wednesday","Day",1,2,"Not at intersection",3,70,"MONASH","METROPOLITAN SOUTH EAST REGION",-37.91192739,145.1061825,"Dry","Not known"
"T20190014332","31/7/19",18:30:00,"Collision with vehicle","Wednesday","Dark Street lights on",2,3,"T intersection",3,60,"STONNINGTON","METROPOLITAN SOUTH EAST REGION",-37.85491649,145.0021058,"Dry","Clear"
"T20190014333","1/8/19",11:22:00,"Collision with vehicle","Thursday","Day",2,2,"T intersection",3,60,"BALLARAT","WESTERN REGION",-37.54665627,143.8208005,"Dry","Clear"
"T20190014334","31/7/19",18:15:00,"Collision with vehicle","Wednesday","Dark Street lights unknown",2,2,"Not at intersection",3,999,"MORELAND","METROPOLITAN NORTH WEST REGION",-37.7799998,144.9781605,"Dry","Clear"
"T20190014335","28/7/19",17:45:00,"Collision with vehicle","Sunday","Dusk/Dawn",2,2,"Not at intersection",3,60,"GEELONG","SOUTH WESTERN REGION",-38.14684342,144.3478206,"Dry","Clear"
"T20190014336","1/8/19",08:20:00,"Collision with vehicle","Thursday","Day",3,3,"Not at intersection",3,60,"GEELONG","SOUTH WESTERN REGION",-38.11112511,144.3460721,"Dry","Clear"
"T20190014341","1/8/19",16:15:00,"Collision with vehicle","Thursday","Day",3,3,"Cross intersection",2,80,"MAROONDAH","METROPOLITAN SOUTH EAST REGION",-37.78915022,145.2686811,"Dry","Clear"
"T20190014343","1/8/19",16:20:00,"Collision with vehicle","Thursday","Day",2,2,"Cross intersection",3,80,"BALLARAT","WESTERN REGION",-37.58117011,143.8081672,"Dry","Clear"
"T20190014345","1/8/19",17:45:00,"Collision with vehicle","Thursday","Dark Street lights on",2,3,"Cross intersection",3,80,"CASEY","METROPOLITAN SOUTH EAST REGION",-38.02067852,145.3080286,"Dry","Clear"
"T20190014347","27/7/19",19:30:00,"Collision with vehicle","Saturday","Unknown",2,2,"T intersection",3,999,"WYNDHAM","METROPOLITAN NORTH WEST REGION",-37.87548878,144.6618653,"Unknown","Not known"
"T20190014349","1/8/19",17:06:00,"Struck Pedestrian","Thursday","Day",1,2,"T intersection",3,50,"SHEPPARTON","NORTH EASTERN REGION",-36.38010123,145.399517,"Dry","Clear"
"T20190014352","1/8/19",18:47:00,"Collision with vehicle","Thursday","Dark Street lights on",3,2,"Not at intersection",3,60,"MAROONDAH","METROPOLITAN SOUTH EAST REGION",-37.83486793,145.2273752,"Dry","Clear"
"T20190014353","1/8/19",18:40:00,"Struck Pedestrian","Thursday","Dark Street lights on",1,2,"Not at intersection",2,60,"DANDENONG","METROPOLITAN SOUTH EAST REGION",-37.97071555,145.2205687,"Dry","Not known"
"T20190014354","1/8/19",15:50:00,"Collision with vehicle","Thursday","Day",2,4,"Cross intersection",3,60,"BOROONDARA","METROPOLITAN SOUTH EAST REGION",-37.8241813,145.0484143,"Dry","Clear"
"T20190014357","1/8/19",18:25:00,"Struck animal","Thursday","Dark No street lights",1,1,"Not at intersection",3,60,"NILLUMBIK","METROPOLITAN NORTH WEST REGION",-37.59861116,145.2224444,"Dry","Clear"
"T20190014358","1/8/19",16:45:00,"Collision with a fixed object","Thursday","Dusk/Dawn",1,2,"Not at intersection",3,999,"MORNINGTON PENINSULA","METROPOLITAN SOUTH EAST REGION",-38.36995018,144.7884783,"Wet","Clear"
"T20190014359","1/8/19",20:28:00,"Collision with vehicle","Thursday","Dark No street lights",2,5,"Not at intersection",3,80,"GEELONG","SOUTH WESTERN REGION",-38.08017559,144.362965,"Dry","Clear"
"T20190014360","1/8/19",19:30:00,"Collision with vehicle","Thursday","Dark Street lights on",2,4,"Not at intersection",3,50,"BOROONDARA","METROPOLITAN SOUTH EAST REGION",-37.81894031,145.0370099,"Dry","Clear"
"T20190014366","1/8/19",22:15:00,"Collision with vehicle","Thursday","Dark Street lights on",2,3,"Cross intersection",3,60,"GEELONG","SOUTH WESTERN REGION",-38.16381211,144.3616143,"Dry","Clear"
"T20190014367","1/8/19",22:00:00,"Struck Pedestrian","Thursday","Dark Street lights on",1,5,"Cross intersection",2,60,"BRIMBANK","METROPOLITAN NORTH WEST REGION",-37.77522471,144.8290576,"Dry","Clear"
"T20190014369","1/8/19",05:40:00,"Collision with vehicle","Thursday","Dark Street lights on",2,2,"T intersection",3,80,"KNOX","METROPOLITAN SOUTH EAST REGION",-37.92502584,145.2854358,"Dry","Clear"
"T20190014372","1/8/19",18:55:00,"Struck Pedestrian","Thursday","Dark Street lights on",1,2,"T intersection",1,50,"CARDINIA","METROPOLITAN SOUTH EAST REGION",-38.06970593,145.4672944,"Dry","Clear"
"T20190014375","2/8/19",02:50:00,"Collision with a fixed object","Friday","Dark No street lights",1,1,"Not at intersection",2,110,"BENALLA","NORTH EASTERN REGION",-36.55373485,146.03168,"Dry","Clear"
"T20190014377","1/8/19",19:21:00,"Collision with vehicle","Thursday","Dark Street lights on",2,2,"Not at intersection",3,60,"STONNINGTON","METROPOLITAN SOUTH EAST REGION",-37.84839193,145.0031416,"Dry","Clear"
"T20190014378","31/7/19",12:05:00,"Collision with vehicle","Wednesday","Day",2,3,"Cross intersection",3,50,"MORELAND","METROPOLITAN NORTH WEST REGION",-37.76276902,144.9497406,"Dry","Not known"
"T20190014379","2/8/19",06:07:00,"Struck Pedestrian","Friday","Dark Street lights on",1,2,"Not at intersection",3,60,"MOONEE VALLEY","METROPOLITAN NORTH WEST REGION",-37.77013465,144.9017797,"Wet","Clear"
"T20190014380","22/5/19",19:27:00,"Collision with vehicle","Wednesday","Dark Street lights on",2,2,"Not at intersection",3,60,"DANDENONG","METROPOLITAN SOUTH EAST REGION",-37.93346986,145.1592454,"Dry","Clear"
"T20190014381","31/7/19",07:00:00,"Collision with vehicle","Wednesday","Dusk/Dawn",2,2,"Not at intersection",3,50,"MONASH","METROPOLITAN SOUTH EAST REGION",-37.9195642,145.1648188,"Unknown","Not known"
"T20190014385","30/7/19",18:30:00,"Collision with vehicle","Tuesday","Dark Street lights on",2,2,"Not at intersection",3,50,"CAMPASPE","NORTHERN REGION",-36.12963028,144.7271302,"Dry","Clear"
"T20190014386","30/7/19",19:00:00,"Collision with vehicle","Tuesday","Dark Street lights on",2,3,"Cross intersection",3,80,"BALLARAT","WESTERN REGION",-37.52485415,143.8095725,"Dry","Clear"
"T20190014387","2/8/19",08:40:00,"Collision with vehicle","Friday","Day",2,2,"Cross intersection",3,60,"WELLINGTON","EASTERN REGION",-38.10537421,147.060977,"Dry","Clear"
"T20190014390","1/8/19",18:05:00,"Collision with vehicle","Thursday","Dark Street lights on",2,3,"Cross intersection",3,60,"MANNINGHAM","METROPOLITAN SOUTH EAST REGION",-37.78841444,145.1042412,"Dry","Clear"
"T20190014392","3/5/19",07:00:00,"Collision with vehicle","Friday","Dusk/Dawn",2,2,"Cross intersection",3,50,"BAYSIDE","METROPOLITAN SOUTH EAST REGION",-37.94395897,145.0327869,"Dry","Clear"
"T20190014396","26/7/19",16:00:00,"Collision with vehicle","Friday","Unknown",2,3,"Cross intersection",3,60,"WHITTLESEA","METROPOLITAN NORTH WEST REGION",-37.65162507,145.0918278,"Unknown","Not known"
"T20190014399","2/8/19",11:30:00,"Collision with vehicle","Friday","Day",2,2,"Not at intersection",3,40,"MELBOURNE","METROPOLITAN NORTH WEST REGION",-37.8130152,144.9519736,"Dry","Clear"
"T20190014400","31/7/19",22:50:00,"Collision with vehicle","Wednesday","Dark Street lights on",3,1,"Not at intersection",3,60,"WHITEHORSE","METROPOLITAN SOUTH EAST REGION",-37.8316205,145.1463614,"Dry","Not known"
"T20190014401","2/8/19",09:40:00,"Collision with vehicle","Friday","Day",2,2,"Not at intersection",3,50,"MORELAND","METROPOLITAN NORTH WEST REGION",-37.75690601,144.9630917,"Wet","Clear"
"T20190014405","29/7/19",19:45:00,"Collision with vehicle","Monday","Dark Street lights on",2,2,"Not at intersection",3,60,"MARIBYRNONG","METROPOLITAN NORTH WEST REGION",-37.80225287,144.8828958,"Wet","Raining"
"T20190014406","2/8/19",12:00:00,"Collision with a fixed object","Friday","Day",1,1,"Not at intersection",3,60,"MOONEE VALLEY","METROPOLITAN NORTH WEST REGION",-37.7362508,144.9192611,"Dry","Clear"
"T20190014410","2/8/19",12:00:00,"Collision with vehicle","Friday","Day",2,3,"Not at intersection",3,70,"YARRA RANGES","METROPOLITAN SOUTH EAST REGION",-37.77595738,145.3127339,"Dry","Clear"
"T20190014411","2/8/19",13:20:00,"Collision with vehicle","Friday","Day",2,3,"Not at intersection",2,60,"KINGSTON","METROPOLITAN SOUTH EAST REGION",-38.0000851,145.0984259,"Dry","Clear"
"T20190014412","5/7/19",10:58:00,"Collision with vehicle","Friday","Day",2,2,"T intersection",3,60,"MOONEE VALLEY","METROPOLITAN NORTH WEST REGION",-37.74847214,144.8623432,"Dry","Clear"
"T20190014413","2/8/19",11:15:00,"Struck animal","Friday","Day",1,1,"Not at intersection",3,50,"BENDIGO","NORTHERN REGION",-36.95327144,144.7080638,"Dry","Clear"
"T20190014415","2/8/19",11:40:00,"Collision with a fixed object","Friday","Day",1,1,"Not at intersection",2,100,"WELLINGTON","EASTERN REGION",-37.89259913,147.0686373,"Dry","Clear"
"T20190014416","2/8/19",15:10:00,"Struck Pedestrian","Friday","Day",1,2,"T intersection",3,80,"KNOX","METROPOLITAN SOUTH EAST REGION",-37.8570499,145.2562651,"Dry","Clear"
"T20190014417","2/8/19",11:30:00,"Collision with vehicle","Friday","Day",2,3,"Cross intersection",3,100,"CARDINIA","METROPOLITAN SOUTH EAST REGION",-38.07973298,145.7454,"Dry","Clear"
"T20190014419","20/6/19",17:45:00,"Collision with vehicle","Thursday","Dark Street lights on",2,2,"T intersection",3,50,"HUME","METROPOLITAN NORTH WEST REGION",-37.67845501,144.9597744,"Dry","Clear"
"T20190014420","26/7/19",21:05:00,"Collision with vehicle","Friday","Dark Street lights on",2,3,"T intersection",3,60,"WHITTLESEA","METROPOLITAN NORTH WEST REGION",-37.63824978,145.0324238,"Wet","Clear"
"T20190014421","2/8/19",15:20:00,"Collision with vehicle","Friday","Day",3,5,"Cross intersection",3,50,"YARRA RANGES","METROPOLITAN SOUTH EAST REGION",-37.7781671,145.4584588,"Dry","Clear"
"T20190014422","2/8/19",14:27:00,"Collision with vehicle","Friday","Day",2,2,"T intersection",3,60,"WHITEHORSE","METROPOLITAN SOUTH EAST REGION",-37.82624733,145.099929,"Unknown","Clear"
"T20190014423","2/8/19",13:13:00,"Collision with vehicle","Friday","Day",3,2,"Multiple intersection",2,50,"BALLARAT","WESTERN REGION",-37.55447504,143.8591385,"Dry","Clear"
"T20190014426","18/7/19",10:20:00,"Collision with vehicle","Thursday","Day",2,2,"T intersection",3,50,"SHEPPARTON","NORTH EASTERN REGION",-36.440122,145.2322023,"Dry","Clear"
"T20190014427","1/8/19",23:20:00,"Vehicle overturned (no collision)","Thursday","Dark No street lights",1,2,"Not at intersection",3,100,"HUME","METROPOLITAN NORTH WEST REGION",-37.56439847,144.9414065,"Dry","Clear"
"T20190014428","1/8/19",08:20:00,"Collision with vehicle","Thursday","Day",2,2,"T intersection",3,80,"FRANKSTON","METROPOLITAN SOUTH EAST REGION",-38.15046736,145.1502687,"Dry","Clear"
"T20190014430","2/8/19",16:45:00,"Collision with vehicle","Friday","Day",2,2,"Cross intersection",3,60,"WHITTLESEA","METROPOLITAN NORTH WEST REGION",-37.6507479,145.0244201,"Dry","Clear"
"T20190014433","19/7/19",20:30:00,"Collision with vehicle","Friday","Dark Street lights on",2,2,"Cross intersection",3,999,"CASEY","METROPOLITAN SOUTH EAST REGION",-38.11634626,145.307647,"Unknown","Not known"
"T20190014435","31/7/19",17:30:00,"Collision with vehicle","Wednesday","Dusk/Dawn",2,2,"Not at intersection",3,80,"STONNINGTON","METROPOLITAN SOUTH EAST REGION",-37.85611369,145.0582226,"Dry","Clear"
"T20190014436","21/7/19",16:45:00,"No collision and no object struck","Sunday","Day",1,1,"Not at intersection",3,50,"CASEY","METROPOLITAN SOUTH EAST REGION",-38.06902837,145.3104407,"Dry","Clear"
"T20190014437","2/8/19",16:20:00,"Struck Pedestrian","Friday","Day",1,2,"T intersection",2,40,"BOROONDARA","METROPOLITAN SOUTH EAST REGION",-37.82222296,145.0450888,"Dry","Clear"
"T20190014438","2/8/19",15:33:00,"Collision with vehicle","Friday","Day",2,2,"Cross intersection",3,60,"GEELONG","SOUTH WESTERN REGION",-38.15635472,144.3678898,"Dry","Clear"
"T20190014440","2/8/19",11:38:00,"Collision with a fixed object","Friday","Day",1,1,"T intersection",3,50,"DAREBIN","METROPOLITAN NORTH WEST REGION",-37.7539267,145.0140795,"Dry","Clear"
"T20190014443","27/7/19",00:20:00,"Vehicle overturned (no collision)","Saturday","Dark Street lights on",1,1,"Not at intersection",1,110,"BALLARAT","WESTERN REGION",-37.55909252,143.9174061,"Dry","Clear"