"ACCIDENT_NO","ACCIDENTDATE","ACCIDENTTIME","Accident Type Desc","Day Week Description","Light Condition Desc","NO_OF_VEHICLES","NO_PERSONS","Road Geometry Desc","SEVERITY","SPEED_ZONE","LGA_NAME","REGION_NAME","Lat","Long","Surface Cond Desc","Atmosph Cond Desc"
"T20190014445","2/8/19",19:17:00,"Collision with vehicle","Friday","Dark Street lights on",2,3,"Cross intersection",3,60,"YARRA","METROPOLITAN NORTH WEST REGION",-37.77999166,144.9866833,"Dry","Clear"
"T20190014446","2/8/19",17:05:00,"Struck Pedestrian","Friday","Dusk/Dawn",1,2,"Cross intersection",3,40,"YARRA","METROPOLITAN NORTH WEST REGION",-37.81853496,144.9991789,"Dry","Clear"
"T20190014448","2/8/19",16:44:00,"Collision with vehicle","Friday","Day",3,3,"Not at intersection",3,60,"MORELAND","METROPOLITAN NORTH WEST REGION",-37.74056787,144.9589313,"Dry","Clear"
"T20190014449","24/7/19",18:30:00,"Collision with vehicle","Wednesday","Unknown",3,3,"Not at intersection",3,80,"KINGSTON","METROPOLITAN SOUTH EAST REGION",-38.02269857,145.1251127,"Unknown","Not known"
"T20190014455","2/8/19",20:12:00,"Collision with vehicle","Friday","Dark Street lights on",2,2,"Not at intersection",2,60,"MELTON","METROPOLITAN NORTH WEST REGION",-37.76046848,144.7551766,"Dry","Clear"
"T20190014459","2/8/19",22:30:00,"Collision with vehicle","Friday","Dark No street lights",3,6,"Not at intersection",3,60,"WHITTLESEA","METROPOLITAN NORTH WEST REGION",-37.63913381,145.0430141,"Dry","Clear"
"T20190014462","2/8/19",23:15:00,"Collision with a fixed object","Friday","Dark Street lights on",1,1,"Cross intersection",3,60,"GEELONG","SOUTH WESTERN REGION",-38.19482365,144.3529168,"Dry","Clear"
"T20190014468","31/7/19",11:50:00,"Struck Pedestrian","Wednesday","Day",1,5,"Not at intersection",3,50,"BENDIGO","NORTHERN REGION",-36.79598162,144.2442277,"Dry","Clear"
"T20190014470","30/7/19",12:00:00,"Collision with vehicle","Tuesday","Day",3,3,"Not at intersection",3,70,"WHITEHORSE","METROPOLITAN SOUTH EAST REGION",-37.81223062,145.1769741,"Dry","Clear"
"T20190014472","3/8/19",10:00:00,"Collision with vehicle","Saturday","Day",2,3,"T intersection",3,50,"GEELONG","SOUTH WESTERN REGION",-38.24084845,144.3612162,"Wet","Raining"
"T20190014475","23/7/19",21:15:00,"Collision with a fixed object","Tuesday","Dark No street lights",1,1,"Not at intersection",3,100,"YARRA RANGES","METROPOLITAN SOUTH EAST REGION",-37.75819688,145.5621784,"Wet","Clear"
"T20190014478","3/8/19",11:50:00,"Collision with vehicle","Saturday","Day",2,2,"Cross intersection",3,60,"MACEDON RANGES","NORTHERN REGION",-37.48376233,144.6012747,"Wet","Not known"
"T20190014483","2/8/19",22:15:00,"Fall from or in moving vehicle","Friday","Dark No street lights",1,3,"Not at intersection",3,888,"MURRINDINDI","NORTH EASTERN REGION",-37.40678168,145.384914,"Dry","Clear"
"T20190014487","3/8/19",14:30:00,"Collision with vehicle","Saturday","Day",2,3,"T intersection",3,60,"GEELONG","SOUTH WESTERN REGION",-38.15172483,144.351973,"Dry","Clear"
"T20190014488","2/8/19",09:30:00,"Collision with vehicle","Friday","Day",2,2,"T intersection",3,80,"GEELONG","SOUTH WESTERN REGION",-38.06499001,144.3813672,"Dry","Clear"
"T20190014495","3/8/19",16:00:00,"Collision with vehicle","Saturday","Day",2,2,"Cross intersection",3,80,"KINGSTON","METROPOLITAN SOUTH EAST REGION",-37.99830115,145.0837974,"Dry","Clear"
"T20190014496","2/8/19",23:20:00,"Collision with a fixed object","Friday","Dark Street lights on",1,1,"Cross intersection",3,50,"MANNINGHAM","METROPOLITAN SOUTH EAST REGION",-37.76203204,145.1334051,"Dry","Clear"
"T20190014497","3/8/19",16:50:00,"Collision with vehicle","Saturday","Day",2,2,"T intersection",3,60,"WHITEHORSE","METROPOLITAN SOUTH EAST REGION",-37.81494973,145.1935369,"Dry","Clear"
"T20190014498","3/8/19",16:45:00,"Collision with vehicle","Saturday","Day",2,5,"Cross intersection",3,60,"MORELAND","METROPOLITAN NORTH WEST REGION",-37.73150992,144.9385005,"Dry","Clear"
"T20190014500","3/8/19",16:43:00,"Collision with a fixed object","Saturday","Dusk/Dawn",1,1,"Not at intersection",3,60,"BENDIGO","NORTHERN REGION",-36.72865658,144.2481657,"Dry","Clear"
"T20190014501","3/8/19",17:20:00,"Collision with a fixed object","Saturday","Day",1,1,"Not at intersection",3,80,"MONASH","METROPOLITAN SOUTH EAST REGION",-37.91257902,145.1597656,"Dry","Clear"
"T20190014502","3/8/19",18:50:00,"Collision with vehicle","Saturday","Dark Street lights on",2,5,"Cross intersection",3,50,"WHITTLESEA","METROPOLITAN NORTH WEST REGION",-37.5989642,145.0819703,"Dry","Clear"
"T20190014503","3/8/19",18:00:00,"Collision with vehicle","Saturday","Dark Street lights on",2,7,"Not at intersection",3,60,"GEELONG","SOUTH WESTERN REGION",-38.18353983,144.4561971,"Dry","Clear"
"T20190014505","3/8/19",17:45:00,"Collision with vehicle","Saturday","Dark Street lights on",2,2,"Not at intersection",3,60,"MOONEE VALLEY","METROPOLITAN NORTH WEST REGION",-37.75625231,144.9100331,"Dry","Clear"
"T20190014506","3/8/19",18:16:00,"Collision with vehicle","Saturday","Dark Street lights on",2,2,"Multiple intersection",3,60,"HOBSONS BAY","METROPOLITAN NORTH WEST REGION",-37.86370467,144.8989908,"Dry","Clear"
"T20190014509","3/8/19",19:40:00,"Collision with vehicle","Saturday","Dark Street lights on",2,2,"Cross intersection",3,60,"BAYSIDE","METROPOLITAN SOUTH EAST REGION",-37.89429036,144.9950786,"Dry","Clear"
"T20190014510","3/8/19",18:27:00,"Collision with vehicle","Saturday","Dusk/Dawn",2,2,"Unknown",3,60,"DANDENONG","METROPOLITAN SOUTH EAST REGION",-37.98164771,145.2214046,"Wet","Raining"
"T20190014512","3/8/19",14:40:00,"Collision with vehicle","Saturday","Day",2,4,"T intersection",3,80,"DANDENONG","METROPOLITAN SOUTH EAST REGION",-37.96881901,145.1966793,"Dry","Clear"
"T20190014513","3/8/19",18:59:00,"Struck Pedestrian","Saturday","Dark Street lights on",1,2,"Cross intersection",3,50,"MELBOURNE","METROPOLITAN NORTH WEST REGION",-37.83414554,144.9825237,"Dry","Clear"
"T20190014514","3/8/19",20:10:00,"Collision with vehicle","Saturday","Dark Street lights on",2,4,"Multiple intersection",3,50,"BENDIGO","NORTHERN REGION",-36.75837264,144.2873756,"Dry","Clear"
"T20190014515","3/8/19",18:54:00,"Struck Pedestrian","Saturday","Dark Street lights on",4,5,"Cross intersection",3,60,"DAREBIN","METROPOLITAN NORTH WEST REGION",-37.72986779,145.0255385,"Dry","Clear"
"T20190014516","3/8/19",20:00:00,"Collision with vehicle","Saturday","Dark Street lights on",2,1,"Not at intersection",3,60,"WARRNAMBOOL","SOUTH WESTERN REGION",-38.3789935,142.4581214,"Wet","Raining"
"T20190014517","2/8/19",18:52:00,"Collision with vehicle","Friday","Dark No street lights",2,3,"T intersection",3,100,"WARRNAMBOOL","SOUTH WESTERN REGION",-38.35370632,142.5041113,"Dry","Clear"
"T20190014518","3/8/19",21:30:00,"Collision with vehicle","Saturday","Dark Street lights on",2,2,"T intersection",3,50,"BRIMBANK","METROPOLITAN NORTH WEST REGION",-37.75160988,144.7685207,"Wet","Raining"
"T20190014519","3/8/19",16:45:00,"Collision with vehicle","Saturday","Day",2,2,"Not at intersection",3,60,"SHEPPARTON","NORTH EASTERN REGION",-36.44011027,145.23417,"Dry","Clear"
"T20190014520","3/8/19",21:00:00,"Collision with vehicle","Saturday","Dark No street lights",2,2,"Not at intersection",3,100,"WODONGA","NORTH EASTERN REGION",-36.17203548,147.0348028,"Dry","Clear"
"T20190014521","3/8/19",19:05:00,"Struck Pedestrian","Saturday","Dark Street lights on",1,2,"T intersection",2,50,"HUME","METROPOLITAN NORTH WEST REGION",-37.67923283,144.96671,"Dry","Clear"
"T20190014522","3/8/19",20:57:00,"Collision with a fixed object","Saturday","Dark Street lights on",1,1,"T intersection",3,80,"MELTON","METROPOLITAN NORTH WEST REGION",-37.66667592,144.59944,"Wet","Raining"
"T20190014524","3/8/19",22:30:00,"Collision with vehicle","Saturday","Dark Street lights on",2,3,"Cross intersection",3,50,"HORSHAM","WESTERN REGION",-36.71956665,142.1915418,"Dry","Clear"
"T20190014526","3/8/19",21:08:00,"Struck Pedestrian","Saturday","Dark Street lights on",1,2,"Cross intersection",2,60,"MOONEE VALLEY","METROPOLITAN NORTH WEST REGION",-37.74257848,144.9198839,"Wet","Raining"
"T20190014535","3/8/19",05:30:00,"Collision with vehicle","Saturday","Dark Street lights on",2,3,"T intersection",3,80,"BANYULE","METROPOLITAN NORTH WEST REGION",-37.69521706,145.0922991,"Dry","Clear"
"T20190014538","12/7/19",13:50:00,"Collision with vehicle","Friday","Day",3,3,"Not at intersection",3,60,"HUME","METROPOLITAN NORTH WEST REGION",-37.66610536,144.943432,"Dry","Clear"
"T20190014540","4/8/19",07:40:00,"Collision with a fixed object","Sunday","Day",1,1,"Cross intersection",3,60,"WYNDHAM","METROPOLITAN NORTH WEST REGION",-37.85291425,144.7332774,"Wet","Clear"
"T20190014543","29/7/19",07:00:00,"Collision with vehicle","Monday","Day",3,3,"Not at intersection",2,100,"MORNINGTON PENINSULA","METROPOLITAN SOUTH EAST REGION",-38.19789668,145.1476411,"Dry","Clear"
"T20190014546","4/8/19",09:30:00,"Collision with vehicle","Sunday","Day",2,2,"T intersection",3,60,"SHEPPARTON","NORTH EASTERN REGION",-36.37541402,145.4110724,"Dry","Clear"
"T20190014548","4/8/19",11:15:00,"Fall from or in moving vehicle","Sunday","Day",1,1,"Not at intersection",3,888,"MURRINDINDI","NORTH EASTERN REGION",-37.44328832,145.2446804,"Wet","Clear"
"T20190014548","4/8/19",11:15:00,"Fall from or in moving vehicle","Sunday","Day",1,1,"Not at intersection",3,888,"MURRINDINDI","NORTH EASTERN REGION",-37.44328832,145.2446804,"Muddy","Clear"
"T20190014549","2/8/19",08:20:00,"Collision with vehicle","Friday","Day",2,2,"T intersection",3,60,"MONASH","METROPOLITAN SOUTH EAST REGION",-37.87060885,145.1346019,"Unknown","Clear"
"T20190014552","3/8/19",10:30:00,"Collision with vehicle","Saturday","Day",2,3,"Cross intersection",3,60,"MORNINGTON PENINSULA","METROPOLITAN SOUTH EAST REGION",-38.32948188,144.985296,"Dry","Clear"
"T20190014555","4/8/19",09:20:00,"Collision with vehicle","Sunday","Day",2,2,"Cross intersection",3,40,"STONNINGTON","METROPOLITAN SOUTH EAST REGION",-37.85818105,145.0412,"Dry","Clear"
"T20190014556","4/8/19",12:20:00,"No collision and no object struck","Sunday","Day",2,2,"Not at intersection",3,60,"YARRA","METROPOLITAN NORTH WEST REGION",-37.78335572,144.9842912,"Dry","Clear"
"T20190014560","4/8/19",14:47:00,"Collision with a fixed object","Sunday","Day",1,3,"T intersection",3,50,"LATROBE","EASTERN REGION",-38.1924417,146.5577127,"Dry","Clear"
"T20190014561","2/8/19",19:10:00,"Collision with vehicle","Friday","Dark Street lights on",2,2,"Cross intersection",3,100,"CASEY","METROPOLITAN SOUTH EAST REGION",-38.13388243,145.2284637,"Dry","Clear"
"T20190014564","4/8/19",14:11:00,"Collision with a fixed object","Sunday","Day",1,5,"Not at intersection",3,100,"NORTHERN GRAMPIANS","WESTERN REGION",-36.95869082,142.5879985,"Dry","Clear"
"T20190014566","4/8/19",06:30:00,"Struck Pedestrian","Sunday","Dark Street lights on",1,2,"Cross intersection",3,60,"BAYSIDE","METROPOLITAN SOUTH EAST REGION",-37.97982539,145.0530353,"Dry","Clear"
"T20190014567","1/8/19",17:20:00,"Collision with vehicle","Thursday","Dark Street lights unknown",2,2,"Not at intersection",3,40,"MELBOURNE","METROPOLITAN NORTH WEST REGION",-37.81065358,144.9602082,"Dry","Clear"
"T20190014569","4/8/19",17:03:00,"Collision with vehicle","Sunday","Dusk/Dawn",2,2,"Not at intersection",3,60,"GLEN EIRA","METROPOLITAN SOUTH EAST REGION",-37.8665781,145.0010313,"Dry","Clear"
"T20190014570","4/8/19",14:20:00,"Collision with vehicle","Sunday","Day",2,6,"Cross intersection",3,70,"WHITTLESEA","METROPOLITAN NORTH WEST REGION",-37.6787727,144.999404,"Dry","Clear"
"T20190014571","4/8/19",16:32:00,"Vehicle overturned (no collision)","Sunday","Day",2,4,"T intersection",3,50,"MONASH","METROPOLITAN SOUTH EAST REGION",-37.86273034,145.1145851,"Dry","Clear"
"T20190014572","4/8/19",18:12:00,"Collision with vehicle","Sunday","Dark Street lights on",2,4,"Unknown",3,60,"SHEPPARTON","NORTH EASTERN REGION",-36.40058959,145.3951172,"Dry","Clear"
"T20190014579","4/8/19",18:21:00,"Collision with a fixed object","Sunday","Dark No street lights",1,1,"T intersection",3,100,"MELTON","METROPOLITAN NORTH WEST REGION",-37.62818133,144.644989,"Dry","Clear"
"T20190014581","28/6/19",08:40:00,"Collision with vehicle","Friday","Day",2,2,"Cross intersection",3,50,"BOROONDARA","METROPOLITAN SOUTH EAST REGION",-37.81313187,145.023512,"Dry","Clear"
"T20190014582","4/8/19",21:53:00,"Collision with a fixed object","Sunday","Dark Street lights on",1,1,"Not at intersection",3,80,"WHITEHORSE","METROPOLITAN SOUTH EAST REGION",-37.81501649,145.1765472,"Dry","Clear"
"T20190014584","28/7/19",12:39:00,"Collision with vehicle","Sunday","Day",2,2,"Not at intersection",3,60,"DAREBIN","METROPOLITAN NORTH WEST REGION",-37.70866003,145.0089703,"Dry","Clear"
"T20190014590","5/8/19",01:40:00,"Collision with vehicle","Monday","Dark Street lights on",2,6,"Cross intersection",3,60,"DAREBIN","METROPOLITAN NORTH WEST REGION",-37.74717321,145.0218155,"Dry","Clear"
"T20190014593","29/7/19",17:00:00,"Vehicle overturned (no collision)","Monday","Unknown",1,1,"Cross intersection",3,60,"BALLARAT","WESTERN REGION",-37.59852277,143.831515,"Unknown","Not known"
"T20190014596","5/8/19",09:45:00,"Collision with vehicle","Monday","Day",2,3,"Cross intersection",3,60,"WANGARATTA","NORTH EASTERN REGION",-36.3593193,146.3155243,"Dry","Clear"
"T20190014597","4/8/19",21:17:00,"Collision with a fixed object","Sunday","Dark No street lights",1,1,"Not at intersection",3,100,"BENALLA","NORTH EASTERN REGION",-36.50542673,146.0251234,"Dry","Clear"
"T20190014600","27/7/19",14:00:00,"Struck animal","Saturday","Day",1,1,"Not at intersection",3,80,"BENALLA","NORTH EASTERN REGION",-36.82677279,145.950334,"Dry","Not known"
"T20190014601","24/7/19",09:58:00,"Collision with vehicle","Wednesday","Day",2,3,"Not at intersection",3,50,"DANDENONG","METROPOLITAN SOUTH EAST REGION",-38.0262304,145.2071552,"Dry","Clear"
"T20190014602","20/7/19",12:45:00,"Collision with vehicle","Saturday","Day",2,2,"Cross intersection",3,50,"MILDURA","WESTERN REGION",-34.18155723,142.0585679,"Dry","Clear"
"T20190014605","27/6/19",08:30:00,"Collision with vehicle","Thursday","Unknown",2,2,"Cross intersection",3,50,"WYNDHAM","METROPOLITAN NORTH WEST REGION",-37.89699422,144.6493926,"Unknown","Not known"
"T20190014606","29/7/19",08:40:00,"Collision with vehicle","Monday","Day",2,4,"Not at intersection",2,80,"BALLARAT","WESTERN REGION",-37.63931294,143.8547527,"Dry","Clear"
"T20190014607","5/8/19",13:05:00,"Struck Pedestrian","Monday","Day",1,2,"T intersection",3,50,"WHITEHORSE","METROPOLITAN SOUTH EAST REGION",-37.83063734,145.1214702,"Dry","Clear"
"T20190014608","4/8/19",13:10:00,"Collision with vehicle","Sunday","Day",2,2,"Cross intersection",3,80,"WYNDHAM","METROPOLITAN NORTH WEST REGION",-37.8009462,144.6594554,"Dry","Clear"
"T20190014609","5/8/19",12:20:00,"Struck Pedestrian","Monday","Day",1,2,"Not at intersection",3,60,"GLEN EIRA","METROPOLITAN SOUTH EAST REGION",-37.8695195,145.0245101,"Dry","Clear"
"T20190014610","4/8/19",07:00:00,"Collision with vehicle","Sunday","Day",2,2,"Cross intersection",3,60,"WHITEHORSE","METROPOLITAN SOUTH EAST REGION",-37.79884041,145.1421773,"Dry","Clear"
"T20190014611","18/7/19",17:00:00,"Collision with vehicle","Thursday","Day",2,2,"Cross intersection",3,60,"MARIBYRNONG","METROPOLITAN NORTH WEST REGION",-37.82152403,144.8934116,"Dry","Clear"
"T20190014612","5/8/19",12:05:00,"Collision with vehicle","Monday","Day",2,3,"T intersection",3,60,"GEELONG","SOUTH WESTERN REGION",-38.16907737,144.3281918,"Dry","Clear"
"T20190014615","5/8/19",10:20:00,"Collision with vehicle","Monday","Day",2,2,"T intersection",3,80,"DANDENONG","METROPOLITAN SOUTH EAST REGION",-37.94146779,145.1660581,"Dry","Clear"
"T20190014616","5/8/19",13:19:00,"Collision with vehicle","Monday","Day",2,2,"Not at intersection",3,60,"YARRA RANGES","METROPOLITAN SOUTH EAST REGION",-37.87181129,145.3802976,"Dry","Clear"
"T20190014618","5/8/19",11:00:00,"Collision with a fixed object","Monday","Day",1,1,"Not at intersection",3,100,"EAST GIPPSLAND","EASTERN REGION",-37.50175951,149.6833756,"Dry","Clear"
"T20190014623","5/7/19",10:15:00,"Collision with a fixed object","Friday","Day",1,1,"Not at intersection",3,100,"BASS COAST","EASTERN REGION",-38.37813826,145.5672178,"Dry","Clear"
"T20190014625","5/8/19",10:24:00,"Collision with a fixed object","Monday","Day",1,1,"Cross intersection",2,60,"WHITTLESEA","METROPOLITAN NORTH WEST REGION",-37.65970829,145.019106,"Dry","Clear"
"T20190014628","3/8/19",14:45:00,"Struck Pedestrian","Saturday","Unknown",1,2,"Cross intersection",3,70,"GLEN EIRA","METROPOLITAN SOUTH EAST REGION",-37.90452403,145.0440178,"Unknown","Clear"
"T20190014629","5/8/19",14:00:00,"Collision with vehicle","Monday","Day",2,2,"Cross intersection",3,60,"BALLARAT","WESTERN REGION",-37.56711237,143.8462839,"Dry","Clear"
"T20190014630","5/8/19",14:35:00,"Collision with vehicle","Monday","Day",2,2,"Not at intersection",3,60,"MONASH","METROPOLITAN SOUTH EAST REGION",-37.87258648,145.1516271,"Dry","Clear"
"T20190014632","28/7/19",16:30:00,"Collision with vehicle","Sunday","Day",2,5,"Not at intersection",3,60,"MURRINDINDI","NORTH EASTERN REGION",-37.16464966,145.5439495,"Dry","Clear"
"T20190014635","12/7/19",16:15:00,"Collision with vehicle","Friday","Day",2,2,"Cross intersection",3,80,"MELTON","METROPOLITAN NORTH WEST REGION",-37.8050188,144.6959414,"Dry","Clear"
"T20190014638","5/8/19",13:11:00,"Collision with vehicle","Monday","Day",3,3,"Not at intersection",3,80,"MAROONDAH","METROPOLITAN SOUTH EAST REGION",-37.81034404,145.2273167,"Wet","Raining"
"T20190014639","5/8/19",13:00:00,"Collision with a fixed object","Monday","Day",1,1,"Not at intersection",1,100,"MOUNT ALEXANDER","NORTHERN REGION",-37.11556592,144.1354696,"Dry","Clear"
"T20190014640","5/8/19",13:46:00,"Struck Pedestrian","Monday","Day",1,2,"Not at intersection",3,50,"BRIMBANK","METROPOLITAN NORTH WEST REGION",-37.74282414,144.7816803,"Dry","Clear"
"T20190014644","5/8/19",16:56:00,"Collision with a fixed object","Monday","Day",1,1,"Cross intersection",3,50,"BAYSIDE","METROPOLITAN SOUTH EAST REGION",-37.91491899,144.9936739,"Dry","Clear"
"T20190014645","5/8/19",18:38:00,"Collision with vehicle","Monday","Dark Street lights on",2,3,"Cross intersection",2,60,"WODONGA","NORTH EASTERN REGION",-36.12871,146.8873391,"Dry","Clear"
"T20190014646","19/7/19",18:30:00,"Collision with vehicle","Friday","Dark Street lights on",5,5,"Not at intersection",3,40,"KNOX","METROPOLITAN SOUTH EAST REGION",-37.86377409,145.2855464,"Dry","Not known"
"T20190014648","5/8/19",17:27:00,"Collision with vehicle","Monday","Day",2,2,"Not at intersection",3,50,"HOBSONS BAY","METROPOLITAN NORTH WEST REGION",-37.82978209,144.8861442,"Dry","Clear"
"T20190014650","5/8/19",18:33:00,"Collision with vehicle","Monday","Dark Street lights on",2,2,"T intersection",3,100,"SWAN HILL","NORTHERN REGION",-35.38542722,143.5670888,"Dry","Clear"
"T20190014651","2/8/19",16:30:00,"Vehicle overturned (no collision)","Friday","Day",1,1,"Cross intersection",3,50,"PORT PHILLIP","METROPOLITAN NORTH WEST REGION",-37.8683656,144.9903498,"Dry","Clear"
"T20190014652","5/8/19",16:55:00,"collision with some other object","Monday","Day",1,1,"Not at intersection",3,888,"GLENELG","SOUTH WESTERN REGION",-38.27194594,141.4321005,"Dry","Clear"
"T20190014654","5/8/19",02:30:00,"Collision with a fixed object","Monday","Dark Street lights on",2,2,"T intersection",3,60,"HUME","METROPOLITAN NORTH WEST REGION",-37.65178105,144.9227484,"Dry","Clear"
"T20190014657","28/7/19",13:30:00,"Vehicle overturned (no collision)","Sunday","Day",2,5,"T intersection",3,80,"YARRA RANGES","METROPOLITAN SOUTH EAST REGION",-37.59191503,145.9083064,"Dry","Clear"
"T20190014658","5/8/19",19:45:00,"Collision with a fixed object","Monday","Dark Street lights on",1,1,"Not at intersection",2,60,"CORANGAMITE","SOUTH WESTERN REGION",-37.68633415,143.3696449,"Dry","Clear"
"T20190014659","5/8/19",23:40:00,"Struck Pedestrian","Monday","Dark No street lights",1,2,"Not at intersection",3,60,"WYNDHAM","METROPOLITAN NORTH WEST REGION",-37.82062359,144.7008457,"Dry","Clear"
"T20190014661","17/7/19",10:08:00,"Struck Pedestrian","Wednesday","Day",1,2,"T intersection",3,50,"PORT PHILLIP","METROPOLITAN NORTH WEST REGION",-37.83435394,144.9697672,"Dry","Clear"
"T20190014665","6/8/19",04:10:00,"Collision with a fixed object","Tuesday","Dark Street lights on",1,1,"T intersection",3,60,"MACEDON RANGES","NORTHERN REGION",-37.25489451,144.4647971,"Dry","Clear"
"T20190014667","6/8/19",05:40:00,"Collision with vehicle","Tuesday","Dark Street lights on",2,2,"Cross intersection",3,60,"KINGSTON","METROPOLITAN SOUTH EAST REGION",-37.95743485,145.0519221,"Dry","Clear"
"T20190014669","5/8/19",15:30:00,"Collision with vehicle","Monday","Day",2,2,"T intersection",3,80,"MAROONDAH","METROPOLITAN SOUTH EAST REGION",-37.8199523,145.3102567,"Dry","Clear"
"T20190014671","6/7/19",18:30:00,"Collision with vehicle","Saturday","Dark Street lights on",2,2,"Not at intersection",3,50,"WYNDHAM","METROPOLITAN NORTH WEST REGION",-37.87565688,144.6646158,"Wet","Raining"
"T20190014673","19/7/19",13:45:00,"Collision with vehicle","Friday","Day",2,4,"Cross intersection",3,70,"KINGSTON","METROPOLITAN SOUTH EAST REGION",-37.92944721,145.1188257,"Dry","Clear"
"T20190014676","1/8/19",10:15:00,"Collision with vehicle","Thursday","Day",2,2,"Cross intersection",3,999,"STONNINGTON","METROPOLITAN SOUTH EAST REGION",-37.84469195,145.0390501,"Unknown","Not known"
"T20190014677","6/8/19",09:10:00,"Collision with vehicle","Tuesday","Day",2,2,"Cross intersection",3,40,"YARRA","METROPOLITAN NORTH WEST REGION",-37.78760855,144.972211,"Wet","Raining"
"T20190014678","27/7/19",18:30:00,"Collision with vehicle","Saturday","Day",2,2,"Cross intersection",3,80,"BRIMBANK","METROPOLITAN NORTH WEST REGION",-37.77714597,144.8287061,"Dry","Clear"
"T20190014680","6/8/19",08:00:00,"Collision with vehicle","Tuesday","Day",2,2,"Cross intersection",3,60,"BRIMBANK","METROPOLITAN NORTH WEST REGION",-37.76749896,144.7753403,"Dry","Clear"
"T20190014681","6/8/19",09:11:00,"Collision with vehicle","Tuesday","Day",2,2,"Not at intersection",3,60,"CASEY","METROPOLITAN SOUTH EAST REGION",-38.07723906,145.3575794,"Dry","Clear"
"T20190014682","6/8/19",10:30:00,"Collision with vehicle","Tuesday","Day",2,3,"T intersection",3,80,"MAROONDAH","METROPOLITAN SOUTH EAST REGION",-37.82361178,145.2876763,"Wet","Clear"
"T20190014683","6/8/19",10:15:00,"Struck Pedestrian","Tuesday","Day",2,4,"Not at intersection",3,50,"HOBSONS BAY","METROPOLITAN NORTH WEST REGION",-37.8471782,144.8452752,"Dry","Clear"
"T20190014685","1/7/19",09:15:00,"Collision with vehicle","Monday","Day",2,2,"Cross intersection",3,999,"DANDENONG","METROPOLITAN SOUTH EAST REGION",-37.99765073,145.1622132,"Unknown","Not known"
"T20190014687","7/7/19",16:00:00,"Fall from or in moving vehicle","Sunday","Day",1,1,"T intersection",3,60,"BOROONDARA","METROPOLITAN SOUTH EAST REGION",-37.82281094,145.0370343,"Wet","Raining"
"T20190014688","6/8/19",06:45:00,"Struck Pedestrian","Tuesday","Dark Street lights on",1,2,"Cross intersection",3,60,"GLEN EIRA","METROPOLITAN SOUTH EAST REGION",-37.87691679,144.9980036,"Dry","Clear"
"T20190014689","5/8/19",10:00:00,"Collision with vehicle","Monday","Day",2,2,"Cross intersection",3,70,"GEELONG","SOUTH WESTERN REGION",-38.11498978,144.3544877,"Dry","Not known"
"T20190014690","4/8/19",13:30:00,"Collision with vehicle","Sunday","Day",2,2,"Not at intersection",3,80,"BRIMBANK","METROPOLITAN NORTH WEST REGION",-37.77026306,144.7955406,"Dry","Clear"
"T20190014691","29/7/19",16:50:00,"Collision with vehicle","Monday","Day",2,2,"Not at intersection",3,100,"GLENELG","SOUTH WESTERN REGION",-38.34941662,141.5167441,"Dry","Clear"
"T20190014692","6/8/19",08:05:00,"Vehicle overturned (no collision)","Tuesday","Day",1,1,"Not at intersection",2,100,"COLAC OTWAY","SOUTH WESTERN REGION",-38.75644664,143.5538206,"Wet","Clear"
"T20190014693","2/8/19",09:55:00,"Vehicle overturned (no collision)","Friday","Day",2,2,"Not at intersection",3,999,"PORT PHILLIP","METROPOLITAN NORTH WEST REGION",-37.86198941,144.9886857,"Dry","Clear"
"T20190014696","6/8/19",12:29:00,"Collision with vehicle","Tuesday","Day",2,2,"T intersection",3,100,"GANNAWARRA","NORTHERN REGION",-35.74607222,143.9512515,"Dry","Clear"
"T20190014697","13/5/19",09:45:00,"Collision with vehicle","Monday","Day",2,2,"Cross intersection",3,60,"KNOX","METROPOLITAN SOUTH EAST REGION",-37.86187464,145.278154,"Unknown","Not known"
"T20190014700","11/7/19",16:20:00,"Collision with vehicle","Thursday","Day",2,2,"Not at intersection",3,40,"CASEY","METROPOLITAN SOUTH EAST REGION",-38.11429034,145.3280727,"Dry","Clear"
"T20190014703","6/8/19",15:20:00,"Collision with vehicle","Tuesday","Day",2,2,"T intersection",3,80,"NORTHERN GRAMPIANS","WESTERN REGION",-37.08041473,142.7905179,"Dry","Clear"
"T20190014704","6/8/19",15:50:00,"Collision with a fixed object","Tuesday","Day",1,1,"Not at intersection",3,100,"MOONEE VALLEY","METROPOLITAN NORTH WEST REGION",-37.78333296,144.9354951,"Dry","Clear"
"T20190014706","6/8/19",14:30:00,"Vehicle overturned (no collision)","Tuesday","Day",1,1,"Cross intersection",3,80,"WODONGA","NORTH EASTERN REGION",-36.14520557,146.9434861,"Dry","Clear"
"T20190014707","14/7/19",12:15:00,"No collision and no object struck","Sunday","Day",1,1,"Not at intersection",3,888,"MURRINDINDI","NORTH EASTERN REGION",-37.52692203,145.6959295,"Wet","Raining"
"T20190014707","14/7/19",12:15:00,"No collision and no object struck","Sunday","Day",1,1,"Not at intersection",3,888,"MURRINDINDI","NORTH EASTERN REGION",-37.52692203,145.6959295,"Muddy","Raining"
"T20190014709","6/8/19",17:25:00,"Collision with vehicle","Tuesday","Dark Street lights on",2,2,"T intersection",3,60,"BOROONDARA","METROPOLITAN SOUTH EAST REGION",-37.80731093,145.0274382,"Dry","Clear"