"ACCIDENT_NO","ACCIDENTDATE","ACCIDENTTIME","Accident Type Desc","Day Week Description","Light Condition Desc","NO_OF_VEHICLES","NO_PERSONS","Road Geometry Desc","SEVERITY","SPEED_ZONE","LGA_NAME","REGION_NAME","Lat","Long","Surface Cond Desc","Atmosph Cond Desc"
"T20190014711","6/8/19",15:20:00,"Collision with vehicle","Tuesday","Day",2,2,"T intersection",3,50,"WHITEHORSE","METROPOLITAN SOUTH EAST REGION",-37.84217137,145.1900508,"Dry","Clear"
"T20190014712","6/8/19",17:00:00,"Struck Pedestrian","Tuesday","Day",1,2,"T intersection",3,50,"WYNDHAM","METROPOLITAN NORTH WEST REGION",-37.89689293,144.6597395,"Dry","Clear"
"T20190014716","25/7/19",16:56:00,"Collision with vehicle","Thursday","Day",2,2,"Not at intersection",3,40,"WHITTLESEA","METROPOLITAN NORTH WEST REGION",-37.61592812,145.0272552,"Dry","Clear"
"T20190014717","6/8/19",18:30:00,"Collision with vehicle","Tuesday","Dark No street lights",2,3,"Cross intersection",3,80,"HUME","METROPOLITAN NORTH WEST REGION",-37.56200204,144.8766652,"Dry","Clear"
"T20190014718","6/8/19",16:18:00,"Collision with vehicle","Tuesday","Day",2,2,"Not at intersection",2,80,"MITCHELL","NORTHERN REGION",-37.03384614,145.2180537,"Dry","Clear"
"T20190014720","6/8/19",15:40:00,"Collision with a fixed object","Tuesday","Day",1,1,"Not at intersection",3,100,"MITCHELL","NORTHERN REGION",-37.03013934,145.070356,"Dry","Clear"
"T20190014724","6/8/19",14:00:00,"Collision with a fixed object","Tuesday","Day",1,1,"T intersection",2,70,"CASEY","METROPOLITAN SOUTH EAST REGION",-38.02715826,145.260144,"Dry","Clear"
"T20190014725","6/8/19",16:30:00,"Collision with vehicle","Tuesday","Day",2,3,"Cross intersection",3,50,"WHITTLESEA","METROPOLITAN NORTH WEST REGION",-37.67723551,145.0196293,"Dry","Clear"
"T20190014726","10/7/19",14:00:00,"Collision with vehicle","Wednesday","Day",4,4,"Not at intersection",3,60,"GLEN EIRA","METROPOLITAN SOUTH EAST REGION",-37.89312652,145.0207898,"Unknown","Not known"
"T20190014727","30/7/19",19:25:00,"Collision with vehicle","Tuesday","Dusk/Dawn",2,2,"Cross intersection",3,60,"GLEN EIRA","METROPOLITAN SOUTH EAST REGION",-37.8993974,145.0551251,"Unknown","Not known"
"T20190014730","6/8/19",15:30:00,"Struck Pedestrian","Tuesday","Day",2,3,"Cross intersection",3,60,"CARDINIA","METROPOLITAN SOUTH EAST REGION",-38.07861229,145.4892285,"Dry","Clear"
"T20190014731","6/8/19",19:30:00,"Collision with vehicle","Tuesday","Dark Street lights on",2,1,"Cross intersection",3,70,"WHITTLESEA","METROPOLITAN NORTH WEST REGION",-37.69481967,145.0114196,"Dry","Clear"
"T20190014732","12/7/19",13:00:00,"Collision with vehicle","Friday","Day",2,2,"T intersection",3,60,"MORNINGTON PENINSULA","METROPOLITAN SOUTH EAST REGION",-38.37334391,144.911576,"Dry","Clear"
"T20190014733","18/7/19",12:30:00,"Collision with vehicle","Thursday","Day",2,2,"T intersection",3,999,"HUME","METROPOLITAN NORTH WEST REGION",-37.65852265,144.9605582,"Unknown","Clear"
"T20190014735","6/8/19",16:45:00,"Collision with vehicle","Tuesday","Day",2,2,"T intersection",3,60,"WYNDHAM","METROPOLITAN NORTH WEST REGION",-37.89390289,144.6735589,"Unknown","Not known"
"T20190014736","6/8/19",21:55:00,"Struck Pedestrian","Tuesday","Dark Street lights on",1,3,"T intersection",3,50,"BALLARAT","WESTERN REGION",-37.58247738,143.8266485,"Dry","Clear"
"T20190014737","6/8/19",20:15:00,"Collision with vehicle","Tuesday","Dark Street lights on",6,4,"Cross intersection",3,60,"GEELONG","SOUTH WESTERN REGION",-38.16170392,144.3541106,"Dry","Clear"
"T20190014738","6/8/19",22:30:00,"Collision with vehicle","Tuesday","Dark Street lights on",2,3,"Not at intersection",3,999,"MOONEE VALLEY","METROPOLITAN NORTH WEST REGION",-37.78333296,144.9354951,"Dry","Clear"
"T20190014739","27/7/19",11:00:00,"Vehicle overturned (no collision)","Saturday","Day",1,1,"Not at intersection",3,100,"BENALLA","NORTH EASTERN REGION",-36.86712766,145.8681491,"Dry","Clear"
"T20190014741","7/8/19",01:19:00,"Collision with a fixed object","Wednesday","Dark Street lights on",2,3,"Not at intersection",3,50,"HUME","METROPOLITAN NORTH WEST REGION",-37.64852339,144.9272834,"Dry","Clear"
"T20190014741","7/8/19",01:19:00,"Collision with a fixed object","Wednesday","Dark Street lights on",2,3,"Not at intersection",3,50,"HUME","METROPOLITAN NORTH WEST REGION",-37.64852339,144.9272834,"Dry","Strong winds"
"T20190014742","31/7/19",10:05:00,"Collision with vehicle","Wednesday","Day",2,4,"T intersection",3,60,"WHITEHORSE","METROPOLITAN SOUTH EAST REGION",-37.81393564,145.1155615,"Dry","Clear"
"T20190014746","4/8/19",14:19:00,"Collision with vehicle","Sunday","Day",2,2,"Cross intersection",3,80,"MONASH","METROPOLITAN SOUTH EAST REGION",-37.903729,145.1637986,"Dry","Clear"
"T20190014747","26/7/19",23:00:00,"Vehicle overturned (no collision)","Friday","Dark No street lights",1,1,"Not at intersection",3,999,"BAW BAW","EASTERN REGION",-37.82078848,146.1668183,"Unknown","Clear"
"T20190014752","3/8/19",19:00:00,"Collision with vehicle","Saturday","Dark No street lights",2,4,"T intersection",3,100,"BALLARAT","WESTERN REGION",-37.60982963,143.814647,"Wet","Clear"
"T20190014753","11/7/19",15:15:00,"Collision with vehicle","Thursday","Day",2,2,"Cross intersection",3,60,"BENDIGO","NORTHERN REGION",-36.76110221,144.2735912,"Wet","Raining"
"T20190014757","13/6/19",07:45:00,"Collision with vehicle","Thursday","Unknown",2,2,"Not at intersection",3,999,"HOBSONS BAY","METROPOLITAN NORTH WEST REGION",-37.82945433,144.8982638,"Unknown","Not known"
"T20190014759","7/8/19",09:03:00,"Collision with vehicle","Wednesday","Day",2,2,"Not at intersection",3,40,"MELBOURNE","METROPOLITAN NORTH WEST REGION",-37.81842588,144.946432,"Dry","Clear"
"T20190014760","7/8/19",08:15:00,"Collision with vehicle","Wednesday","Day",2,2,"T intersection",3,100,"MELTON","METROPOLITAN NORTH WEST REGION",-37.62818133,144.644989,"Dry","Clear"
"T20190014761","7/8/19",09:30:00,"Collision with vehicle","Wednesday","Day",2,2,"T intersection",3,777,"MOONEE VALLEY","METROPOLITAN NORTH WEST REGION",-37.78333296,144.9354951,"Dry","Clear"
"T20190014763","4/8/19",14:00:00,"Fall from or in moving vehicle","Sunday","Day",1,1,"T intersection",3,60,"GEELONG","SOUTH WESTERN REGION",-38.18542988,144.3419975,"Dry","Clear"
"T20190014769","5/8/19",19:30:00,"Collision with a fixed object","Monday","Dark Street lights on",1,1,"Cross intersection",3,60,"WHITTLESEA","METROPOLITAN NORTH WEST REGION",-37.64851922,145.025842,"Dry","Clear"
"T20190014770","7/8/19",08:36:00,"Collision with vehicle","Wednesday","Day",2,2,"Not at intersection",3,999,"KINGSTON","METROPOLITAN SOUTH EAST REGION",-38.00736744,145.0910733,"Dry","Clear"
"T20190014771","7/8/19",11:30:00,"Collision with vehicle","Wednesday","Day",2,2,"Not at intersection",3,60,"DAREBIN","METROPOLITAN NORTH WEST REGION",-37.76642018,145.0292031,"Dry","Clear"
"T20190014774","5/7/19",09:30:00,"Collision with vehicle","Friday","Day",2,2,"T intersection",3,60,"MORELAND","METROPOLITAN NORTH WEST REGION",-37.74141142,144.9671392,"Dry","Clear"
"T20190014775","5/8/19",16:55:00,"Collision with vehicle","Monday","Day",2,2,"Not at intersection",3,50,"WHITTLESEA","METROPOLITAN NORTH WEST REGION",-37.60033944,145.1018424,"Dry","Clear"
"T20190014776","2/8/19",15:50:00,"Collision with vehicle","Friday","Day",2,2,"T intersection",3,60,"BENALLA","NORTH EASTERN REGION",-36.54579198,145.9812387,"Dry","Clear"
"T20190014782","7/8/19",06:35:00,"Collision with vehicle","Wednesday","Dark Street lights on",2,2,"T intersection",3,60,"GEELONG","SOUTH WESTERN REGION",-38.10130339,144.3452231,"Wet","Clear"
"T20190014783","6/8/19",09:02:00,"Collision with vehicle","Tuesday","Day",2,2,"T intersection",3,40,"STONNINGTON","METROPOLITAN SOUTH EAST REGION",-37.84976764,144.9936735,"Dry","Clear"
"T20190014784","7/8/19",12:15:00,"Struck Pedestrian","Wednesday","Day",2,3,"Not at intersection",3,777,"GLEN EIRA","METROPOLITAN SOUTH EAST REGION",-37.87684622,145.0430219,"Dry","Clear"
"T20190014785","7/8/19",07:00:00,"Collision with vehicle","Wednesday","Day",2,2,"Not at intersection",3,80,"MONASH","METROPOLITAN SOUTH EAST REGION",-37.87585591,145.1808279,"Dry","Clear"
"T20190014786","7/8/19",13:15:00,"Collision with vehicle","Wednesday","Day",2,2,"Cross intersection",3,60,"PORT PHILLIP","METROPOLITAN NORTH WEST REGION",-37.8267693,144.9464721,"Dry","Clear"
"T20190014787","7/8/19",13:10:00,"Collision with vehicle","Wednesday","Day",3,5,"Cross intersection",3,50,"HUME","METROPOLITAN NORTH WEST REGION",-37.59066266,144.9146111,"Dry","Clear"
"T20190014790","14/7/19",16:00:00,"Other accident","Sunday","Day",1,1,"T intersection",3,50,"MONASH","METROPOLITAN SOUTH EAST REGION",-37.88937057,145.107674,"Dry","Clear"
"T20190014792","7/8/19",16:30:00,"Collision with vehicle","Wednesday","Day",2,2,"Cross intersection",2,70,"BALLARAT","WESTERN REGION",-37.561547,143.8729426,"Dry","Clear"
"T20190014794","31/7/19",15:40:00,"Collision with vehicle","Wednesday","Unknown",2,2,"Cross intersection",3,999,"HUME","METROPOLITAN NORTH WEST REGION",-37.64050924,144.9287904,"Unknown","Not known"
"T20190014798","4/8/19",12:30:00,"Collision with vehicle","Sunday","Day",2,2,"T intersection",3,80,"KINGSTON","METROPOLITAN SOUTH EAST REGION",-38.0264244,145.1325378,"Dry","Clear"
"T20190014799","24/5/19",08:57:00,"Collision with vehicle","Friday","Day",2,2,"Not at intersection",3,999,"MORELAND","METROPOLITAN NORTH WEST REGION",-37.76458568,144.9625404,"Wet","Raining"
"T20190014800","7/8/19",14:30:00,"Collision with vehicle","Wednesday","Day",3,3,"Cross intersection",3,80,"DANDENONG","METROPOLITAN SOUTH EAST REGION",-38.03576655,145.2462518,"Dry","Clear"
"T20190014803","7/8/19",18:15:00,"Collision with vehicle","Wednesday","Dark Street lights on",2,2,"Cross intersection",3,80,"FRANKSTON","METROPOLITAN SOUTH EAST REGION",-38.17372817,145.1392502,"Dry","Clear"
"T20190014805","6/8/19",15:15:00,"Collision with vehicle","Tuesday","Day",2,2,"Not at intersection",3,60,"BRIMBANK","METROPOLITAN NORTH WEST REGION",-37.72386559,144.8403605,"Dry","Clear"
"T20190014806","7/8/19",17:30:00,"Collision with vehicle","Wednesday","Dusk/Dawn",2,2,"Cross intersection",3,50,"SHEPPARTON","NORTH EASTERN REGION",-36.37814994,145.4089372,"Wet","Clear"
"T20190014809","7/8/19",17:54:00,"Collision with a fixed object","Wednesday","Dusk/Dawn",1,1,"Not at intersection",2,50,"GEELONG","SOUTH WESTERN REGION",-38.15760845,144.3498569,"Dry","Clear"
"T20190014811","7/8/19",17:45:00,"Collision with vehicle","Wednesday","Dark Street lights on",2,2,"Not at intersection",3,70,"WYNDHAM","METROPOLITAN NORTH WEST REGION",-37.8322093,144.6741872,"Dry","Clear"
"T20190014813","3/8/19",18:30:00,"Collision with vehicle","Saturday","Dark Street lights on",2,4,"Cross intersection",3,50,"DANDENONG","METROPOLITAN SOUTH EAST REGION",-37.98258542,145.2008479,"Dry","Clear"
"T20190014818","7/8/19",20:15:00,"Collision with vehicle","Wednesday","Dark Street lights on",2,2,"Cross intersection",3,60,"BOROONDARA","METROPOLITAN SOUTH EAST REGION",-37.84943614,145.0870855,"Wet","Raining"
"T20190014824","29/7/19",06:30:00,"Collision with vehicle","Monday","Unknown",4,4,"Not at intersection",3,60,"HUME","METROPOLITAN NORTH WEST REGION",-37.54063111,144.9472667,"Dry","Clear"
"T20190014826","7/8/19",19:55:00,"Collision with vehicle","Wednesday","Dark Street lights on",2,3,"Not at intersection",3,50,"WHITTLESEA","METROPOLITAN NORTH WEST REGION",-37.68016945,144.9933124,"Unknown","Raining"
"T20190014827","7/8/19",22:10:00,"Collision with vehicle","Wednesday","Dark Street lights on",2,5,"Cross intersection",2,60,"DANDENONG","METROPOLITAN SOUTH EAST REGION",-37.9918315,145.2210492,"Wet","Raining"
"T20190014828","7/8/19",22:00:00,"Collision with a fixed object","Wednesday","Dark No street lights",1,1,"Not at intersection",3,80,"YARRA RANGES","METROPOLITAN SOUTH EAST REGION",-37.74776932,145.7167608,"Wet","Raining"
"T20190014829","7/8/19",21:20:00,"Collision with a fixed object","Wednesday","Dark Street lights on",1,2,"Not at intersection",1,80,"HUME","METROPOLITAN NORTH WEST REGION",-37.66017044,144.9252788,"Wet","Raining"
"T20190014831","7/8/19",22:45:00,"Collision with vehicle","Wednesday","Dark No street lights",2,2,"T intersection",3,80,"CASEY","METROPOLITAN SOUTH EAST REGION",-38.03760013,145.2487752,"Dry","Clear"
"T20190014832","2/8/19",10:12:00,"Collision with vehicle","Friday","Day",3,6,"T intersection",3,60,"GLEN EIRA","METROPOLITAN SOUTH EAST REGION",-37.88047549,145.026796,"Dry","Clear"
"T20190014834","21/7/19",12:20:00,"Collision with vehicle","Sunday","Day",2,2,"Cross intersection",3,60,"DAREBIN","METROPOLITAN NORTH WEST REGION",-37.74863103,144.9883792,"Dry","Clear"
"T20190014836","8/8/19",06:30:00,"Collision with vehicle","Thursday","Dark Street lights on",2,3,"Cross intersection",3,80,"BASS COAST","EASTERN REGION",-38.58882034,145.5809185,"Wet","Raining"
"T20190014838","27/2/19",21:50:00,"Collision with vehicle","Wednesday","Dark Street lights on",2,2,"Cross intersection",3,60,"BOROONDARA","METROPOLITAN SOUTH EAST REGION",-37.81469309,145.0368231,"Unknown","Not known"
"T20190014839","3/1/19",13:33:00,"Collision with vehicle","Thursday","Day",2,2,"Not at intersection",2,60,"MORNINGTON PENINSULA","METROPOLITAN SOUTH EAST REGION",-38.29492636,144.985311,"Dry","Clear"
"T20190014840","8/8/19",04:45:00,"Collision with a fixed object","Thursday","Dark Street lights on",1,1,"Not at intersection",3,110,"LATROBE","EASTERN REGION",-38.24353659,146.4008653,"Wet","Raining"
"T20190014844","8/8/19",07:20:00,"Collision with vehicle","Thursday","Day",2,2,"T intersection",3,60,"GLEN EIRA","METROPOLITAN SOUTH EAST REGION",-37.86820675,145.0139836,"Wet","Clear"
"T20190014847","8/8/19",08:45:00,"Collision with vehicle","Thursday","Day",2,2,"Cross intersection",3,50,"MELBOURNE","METROPOLITAN NORTH WEST REGION",-37.80953754,144.9756514,"Wet","Clear"
"T20190014849","8/8/19",07:55:00,"Collision with vehicle","Thursday","Day",2,16,"Not at intersection",3,100,"CARDINIA","METROPOLITAN SOUTH EAST REGION",-38.06863862,145.5905,"Wet","Clear"
"T20190014850","4/8/19",12:25:00,"Collision with vehicle","Sunday","Day",2,2,"Not at intersection",3,40,"MELBOURNE","METROPOLITAN NORTH WEST REGION",-37.81297955,144.9681815,"Dry","Clear"
"T20190014854","24/7/19",14:00:00,"Collision with vehicle","Wednesday","Day",2,2,"Cross intersection",3,60,"MONASH","METROPOLITAN SOUTH EAST REGION",-37.87227323,145.1483952,"Dry","Clear"
"T20190014855","8/8/19",09:50:00,"Collision with vehicle","Thursday","Day",2,3,"Not at intersection",3,100,"BENDIGO","NORTHERN REGION",-36.90236555,144.1381963,"Dry","Clear"
"T20190014856","19/7/19",16:04:00,"Struck Pedestrian","Friday","Day",1,2,"T intersection",3,40,"MOONEE VALLEY","METROPOLITAN NORTH WEST REGION",-37.7360266,144.8890623,"Dry","Clear"
"T20190014862","31/7/19",18:15:00,"Collision with vehicle","Wednesday","Dark Street lights on",3,5,"Cross intersection",3,50,"SURF COAST","SOUTH WESTERN REGION",-38.32598444,144.3175731,"Dry","Clear"
"T20190014863","8/8/19",08:07:00,"Collision with vehicle","Thursday","Day",2,2,"Cross intersection",2,60,"MARIBYRNONG","METROPOLITAN NORTH WEST REGION",-37.80307578,144.8915717,"Dry","Clear"
"T20190014865","21/2/19",04:00:00,"Struck animal","Thursday","Unknown",1,1,"Not at intersection",3,80,"WHITTLESEA","METROPOLITAN NORTH WEST REGION",-37.57797391,145.1038753,"Unknown","Not known"
"T20190014866","4/8/19",16:00:00,"Vehicle overturned (no collision)","Sunday","Day",1,1,"Not at intersection",3,999,"BENALLA","NORTH EASTERN REGION",-36.87521982,146.1839739,"Dry","Clear"
"T20190014867","8/8/19",11:30:00,"Collision with vehicle","Thursday","Day",4,4,"Not at intersection",3,60,"HOBSONS BAY","METROPOLITAN NORTH WEST REGION",-37.84098418,144.882941,"Dry","Clear"
"T20190014868","31/7/19",16:23:00,"Collision with a fixed object","Wednesday","Day",1,1,"Not at intersection",3,60,"CASEY","METROPOLITAN SOUTH EAST REGION",-38.08040204,145.2615575,"Dry","Clear"
"T20190014872","1/8/19",15:00:00,"Collision with vehicle","Thursday","Day",2,2,"Cross intersection",3,70,"GEELONG","SOUTH WESTERN REGION",-38.17655334,144.3519865,"Dry","Clear"
"T20190014875","27/1/19",15:00:00,"Collision with vehicle","Sunday","Day",2,2,"Cross intersection",3,50,"CASEY","METROPOLITAN SOUTH EAST REGION",-38.21372236,145.3806987,"Dry","Not known"
"T20190014876","6/8/19",17:58:00,"Collision with vehicle","Tuesday","Dusk/Dawn",2,3,"Not at intersection",2,100,"DANDENONG","METROPOLITAN SOUTH EAST REGION",-38.06242384,145.1488628,"Dry","Clear"
"T20190014880","8/8/19",09:50:00,"Collision with vehicle","Thursday","Day",2,2,"Not at intersection",3,999,"STONNINGTON","METROPOLITAN SOUTH EAST REGION",-37.83661166,144.9962067,"Wet","Clear"
"T20190014881","8/8/19",16:00:00,"Collision with a fixed object","Thursday","Day",1,2,"Not at intersection",3,50,"MOONEE VALLEY","METROPOLITAN NORTH WEST REGION",-37.78333296,144.9354951,"Wet","Clear"
"T20190014881","8/8/19",16:00:00,"Collision with a fixed object","Thursday","Day",1,2,"Not at intersection",3,50,"MOONEE VALLEY","METROPOLITAN NORTH WEST REGION",-37.78333296,144.9354951,"Muddy","Clear"
"T20190014882","8/8/19",06:50:00,"Collision with vehicle","Thursday","Dark Street lights unknown",2,2,"Cross intersection",3,60,"MELBOURNE","METROPOLITAN NORTH WEST REGION",-37.81442277,144.9881815,"Wet","Not known"
"T20190014884","8/8/19",16:00:00,"Collision with vehicle","Thursday","Day",2,3,"T intersection",3,50,"WHITTLESEA","METROPOLITAN NORTH WEST REGION",-37.63568165,145.0792748,"Dry","Clear"
"T20190014887","7/8/19",20:45:00,"Collision with vehicle","Wednesday","Dark Street lights on",2,2,"Not at intersection",3,999,"GLEN EIRA","METROPOLITAN SOUTH EAST REGION",-37.90929388,145.083526,"Dry","Clear"
"T20190014890","8/8/19",15:15:00,"Collision with a fixed object","Thursday","Day",1,1,"Not at intersection",3,80,"CASEY","METROPOLITAN SOUTH EAST REGION",-38.0195522,145.3083841,"Dry","Clear"
"T20190014891","8/8/19",09:58:00,"Collision with vehicle","Thursday","Day",2,2,"Not at intersection",3,999,"WHITEHORSE","METROPOLITAN SOUTH EAST REGION",-37.84964405,145.1109956,"Unknown","Clear"
"T20190014892","8/8/19",17:00:00,"Collision with vehicle","Thursday","Day",2,2,"Cross intersection",3,60,"DAREBIN","METROPOLITAN NORTH WEST REGION",-37.78074329,144.9939588,"Dry","Clear"
"T20190014895","31/7/19",08:58:00,"Collision with vehicle","Wednesday","Day",2,2,"T intersection",3,50,"MELBOURNE","METROPOLITAN NORTH WEST REGION",-37.80692291,144.9542027,"Dry","Clear"
"T20190014898","8/8/19",16:05:00,"Collision with vehicle","Thursday","Day",2,2,"Cross intersection",3,60,"BENDIGO","NORTHERN REGION",-36.75708705,144.2608453,"Wet","Clear"
"T20190014899","8/8/19",18:35:00,"Collision with vehicle","Thursday","Dark Street lights on",2,2,"T intersection",3,50,"CASEY","METROPOLITAN SOUTH EAST REGION",-38.03192566,145.3086621,"Wet","Raining"
"T20190014901","5/8/19",11:19:00,"Collision with vehicle","Monday","Day",3,4,"Not at intersection",3,80,"HOBSONS BAY","METROPOLITAN NORTH WEST REGION",-37.82454207,144.8620564,"Dry","Clear"
"T20190014902","7/8/19",08:35:00,"Collision with vehicle","Wednesday","Day",2,2,"Not at intersection",3,60,"MELBOURNE","METROPOLITAN NORTH WEST REGION",-37.79422814,144.9582329,"Unknown","Clear"
"T20190014904","8/8/19",18:40:00,"Collision with vehicle","Thursday","Dark Street lights on",2,2,"Not at intersection",2,40,"MOONEE VALLEY","METROPOLITAN NORTH WEST REGION",-37.76860036,144.9253644,"Dry","Clear"
"T20190014905","8/8/19",19:00:00,"Collision with vehicle","Thursday","Dark Street lights on",3,3,"T intersection",3,60,"KNOX","METROPOLITAN SOUTH EAST REGION",-37.86163478,145.3045736,"Dry","Clear"
"T20190014906","8/8/19",17:45:00,"Collision with vehicle","Thursday","Dark Street lights on",3,4,"Not at intersection",3,60,"HOBSONS BAY","METROPOLITAN NORTH WEST REGION",-37.86336402,144.7758342,"Dry","Clear"
"T20190014907","8/8/19",12:45:00,"Collision with vehicle","Thursday","Day",3,3,"Not at intersection",3,60,"MORELAND","METROPOLITAN NORTH WEST REGION",-37.74113472,144.9666289,"Unknown","Not known"
"T20190014908","8/8/19",18:30:00,"Collision with vehicle","Thursday","Dark Street lights on",2,2,"T intersection",3,50,"WODONGA","NORTH EASTERN REGION",-36.12328857,146.8792263,"Dry","Clear"
"T20190014910","8/8/19",18:03:00,"No collision and no object struck","Thursday","Dark Street lights on",2,2,"Not at intersection",3,60,"WHITTLESEA","METROPOLITAN NORTH WEST REGION",-37.68765348,145.0125972,"Dry","Clear"
"T20190014913","8/8/19",18:05:00,"Collision with a fixed object","Thursday","Dark Street lights on",1,1,"Not at intersection",3,50,"GEELONG","SOUTH WESTERN REGION",-38.1612886,144.2989474,"Dry","Clear"
"T20190014914","8/8/19",14:45:00,"Collision with vehicle","Thursday","Day",3,3,"Not at intersection",3,80,"KINGSTON","METROPOLITAN SOUTH EAST REGION",-37.96078495,145.1225724,"Dry","Clear"
"T20190014915","7/8/19",23:50:00,"Collision with a fixed object","Wednesday","Dark Street lights on",1,2,"Not at intersection",2,70,"MELTON","METROPOLITAN NORTH WEST REGION",-37.71758273,144.7531822,"Wet","Raining"
"T20190014916","8/8/19",19:55:00,"Struck Pedestrian","Thursday","Dark Street lights on",1,2,"Cross intersection",3,60,"BAYSIDE","METROPOLITAN SOUTH EAST REGION",-37.8962729,144.9947015,"Dry","Clear"
"T20190014917","30/7/19",08:00:00,"Collision with vehicle","Tuesday","Day",2,2,"Not at intersection",3,50,"CAMPASPE","NORTHERN REGION",-36.1286052,144.7638391,"Dry","Not known"
"T20190014918","8/8/19",23:47:00,"Collision with vehicle","Thursday","Dark Street lights on",2,2,"T intersection",3,50,"HUME","METROPOLITAN NORTH WEST REGION",-37.59565811,144.9047144,"Wet","Clear"
"T20190014919","8/8/19",22:30:00,"Collision with vehicle","Thursday","Dark Street lights on",2,3,"Cross intersection",3,60,"HUME","METROPOLITAN NORTH WEST REGION",-37.59391953,144.9100694,"Wet","Clear"
"T20190014919","8/8/19",22:30:00,"Collision with vehicle","Thursday","Dark Street lights on",2,3,"Cross intersection",3,60,"HUME","METROPOLITAN NORTH WEST REGION",-37.59391953,144.9100694,"Wet","Strong winds"
"T20190014920","8/8/19",21:45:00,"Struck Pedestrian","Thursday","Dark Street lights on",1,2,"Cross intersection",3,60,"GLEN EIRA","METROPOLITAN SOUTH EAST REGION",-37.87180291,145.0177343,"Wet","Raining"
"T20190014926","9/8/19",05:40:00,"Collision with vehicle","Friday","Dark Street lights on",2,1,"Not at intersection",3,60,"WANGARATTA","NORTH EASTERN REGION",-36.35088891,146.3057248,"Wet","Clear"
"T20190014927","9/8/19",06:30:00,"Struck Pedestrian","Friday","Dusk/Dawn",1,2,"T intersection",2,40,"MELBOURNE","METROPOLITAN NORTH WEST REGION",-37.81507423,144.9525593,"Wet","Clear"
"T20190014928","9/8/19",06:30:00,"Struck Pedestrian","Friday","Dark Street lights on",1,2,"Cross intersection",3,60,"MARIBYRNONG","METROPOLITAN NORTH WEST REGION",-37.8051367,144.9042434,"Wet","Not known"
"T20190014932","3/8/19",16:17:00,"Collision with vehicle","Saturday","Day",2,2,"T intersection",3,80,"CASEY","METROPOLITAN SOUTH EAST REGION",-38.1228413,145.3263629,"Dry","Clear"
"T20190014933","9/8/19",09:10:00,"Collision with vehicle","Friday","Day",2,3,"Cross intersection",3,60,"DANDENONG","METROPOLITAN SOUTH EAST REGION",-37.98933026,145.2168478,"Wet","Raining"
"T20190014933","9/8/19",09:10:00,"Collision with vehicle","Friday","Day",2,3,"Cross intersection",3,60,"DANDENONG","METROPOLITAN SOUTH EAST REGION",-37.98933026,145.2168478,"Wet","Strong winds"
"T20190014935","9/8/19",08:19:00,"Collision with vehicle","Friday","Day",2,2,"Not at intersection",3,50,"MELBOURNE","METROPOLITAN NORTH WEST REGION",-37.7989465,144.9544505,"Dry","Clear"
"T20190014936","8/8/19",08:30:00,"No collision and no object struck","Thursday","Day",2,2,"T intersection",3,50,"SURF COAST","SOUTH WESTERN REGION",-38.31112829,144.3392171,"Dry","Clear"
"T20190014937","8/8/19",18:10:00,"Collision with vehicle","Thursday","Dusk/Dawn",2,2,"T intersection",3,50,"DANDENONG","METROPOLITAN SOUTH EAST REGION",-37.99359321,145.175639,"Unknown","Not known"
"T20190014939","9/8/19",09:19:00,"Collision with vehicle","Friday","Day",2,2,"Not at intersection",3,30,"MARIBYRNONG","METROPOLITAN NORTH WEST REGION",-37.79614278,144.8748844,"Dry","Clear"
"T20190014939","9/8/19",09:19:00,"Collision with vehicle","Friday","Day",2,2,"Not at intersection",3,30,"MARIBYRNONG","METROPOLITAN NORTH WEST REGION",-37.79614278,144.8748844,"Dry","Strong winds"
"T20190014940","7/8/19",16:45:00,"Collision with vehicle","Wednesday","Day",2,2,"Not at intersection",3,70,"MORELAND","METROPOLITAN NORTH WEST REGION",-37.71495516,144.9620274,"Dry","Clear"
"T20190014942","9/8/19",10:55:00,"Collision with vehicle","Friday","Day",2,6,"T intersection",3,60,"WYNDHAM","METROPOLITAN NORTH WEST REGION",-37.89467869,144.6347054,"Wet","Clear"
"T20190014945","9/8/19",11:22:00,"Collision with vehicle","Friday","Day",2,3,"Cross intersection",3,60,"DAREBIN","METROPOLITAN NORTH WEST REGION",-37.7638778,145.0053872,"Dry","Clear"
"T20190014946","9/8/19",05:50:00,"Collision with vehicle","Friday","Dark Street lights unknown",2,2,"Cross intersection",3,999,"BRIMBANK","METROPOLITAN NORTH WEST REGION",-37.8152839,144.8090442,"Wet","Raining"
"T20190014947","4/8/19",14:30:00,"Struck animal","Sunday","Day",1,1,"Not at intersection",3,50,"HOBSONS BAY","METROPOLITAN NORTH WEST REGION",-37.86238673,144.8242246,"Dry","Clear"
"T20190014948","8/8/19",07:50:00,"Collision with vehicle","Thursday","Unknown",2,2,"Cross intersection",3,999,"MELBOURNE","METROPOLITAN NORTH WEST REGION",-37.81609518,144.9826136,"Unknown","Not known"
"T20190014951","9/8/19",11:57:00,"Collision with vehicle","Friday","Day",4,4,"Not at intersection",3,80,"CARDINIA","METROPOLITAN SOUTH EAST REGION",-38.11377794,145.4856183,"Wet","Raining"