"ACCIDENT_NO","ACCIDENTDATE","ACCIDENTTIME","Accident Type Desc","Day Week Description","Light Condition Desc","NO_OF_VEHICLES","NO_PERSONS","Road Geometry Desc","SEVERITY","SPEED_ZONE","LGA_NAME","REGION_NAME","Lat","Long","Surface Cond Desc","Atmosph Cond Desc"
"T20190015420","15/8/19",02:20:00,"Collision with a fixed object","Thursday","Dark No street lights",1,2,"Not at intersection",3,100,"WHITTLESEA","METROPOLITAN NORTH WEST REGION",-37.5530839,145.067077,"Dry","Clear"
"T20190015421","15/8/19",20:04:00,"Collision with vehicle","Thursday","Dark Street lights on",2,2,"Cross intersection",3,50,"YARRA","METROPOLITAN NORTH WEST REGION",-37.82022065,145.0005207,"Wet","Clear"
"T20190015423","15/8/19",06:45:00,"Collision with vehicle","Thursday","Day",2,2,"Not at intersection",3,80,"MAROONDAH","METROPOLITAN SOUTH EAST REGION",-37.82182755,145.3030943,"Wet","Not known"
"T20190015426","15/8/19",20:00:00,"Collision with vehicle","Thursday","Dark Street lights on",2,3,"Not at intersection",3,80,"MORELAND","METROPOLITAN NORTH WEST REGION",-37.74863074,144.9343997,"Dry","Clear"
"T20190015427","15/8/19",21:04:00,"Collision with vehicle","Thursday","Dark Street lights on",2,3,"Cross intersection",3,70,"CASEY","METROPOLITAN SOUTH EAST REGION",-38.06080198,145.3437541,"Dry","Clear"
"T20190015428","15/8/19",17:05:00,"Collision with vehicle","Thursday","Day",2,2,"Not at intersection",2,999,"SOUTH GIPPSLAND","EASTERN REGION",-38.37597874,146.1638602,"Dry","Clear"
"T20190015429","15/8/19",20:35:00,"Collision with a fixed object","Thursday","Dark Street lights on",1,1,"Not at intersection",3,50,"MOYNE","SOUTH WESTERN REGION",-38.29187128,142.3649766,"Dry","Clear"
"T20190015432","15/8/19",15:00:00,"Vehicle overturned (no collision)","Thursday","Day",1,1,"T intersection",3,100,"BAW BAW","EASTERN REGION",-38.08696571,146.199904,"Dry","Not known"
"T20190015433","14/8/19",20:43:00,"Collision with vehicle","Wednesday","Dark Street lights off",2,2,"Cross intersection",3,60,"CASEY","METROPOLITAN SOUTH EAST REGION",-38.07824162,145.2440606,"Dry","Clear"
"T20190015434","9/8/19",08:40:00,"Collision with vehicle","Friday","Day",2,2,"Not at intersection",3,60,"MELBOURNE","METROPOLITAN NORTH WEST REGION",-37.82204833,144.9313748,"Unknown","Not known"
"T20190015435","15/8/19",18:38:00,"Struck Pedestrian","Thursday","Dark Street lights on",1,2,"Cross intersection",3,50,"CASEY","METROPOLITAN SOUTH EAST REGION",-38.07712392,145.3541205,"Dry","Clear"
"T20190015438","15/8/19",22:45:00,"Collision with a fixed object","Thursday","Dark Street lights on",1,1,"T intersection",3,80,"BENDIGO","NORTHERN REGION",-36.76040163,144.2293577,"Dry","Clear"
"T20190015443","16/8/19",03:30:00,"Struck Pedestrian","Friday","Dark Street lights on",1,2,"Not at intersection",3,50,"MELTON","METROPOLITAN NORTH WEST REGION",-37.70143399,144.5727017,"Dry","Clear"
"T20190015445","16/8/19",05:25:00,"collision with some other object","Friday","Dark Street lights on",4,4,"Not at intersection",3,100,"BRIMBANK","METROPOLITAN NORTH WEST REGION",-37.71071122,144.8819078,"Dry","Fog"
"T20190015445","16/8/19",05:25:00,"collision with some other object","Friday","Dark Street lights on",4,4,"Not at intersection",3,100,"BRIMBANK","METROPOLITAN NORTH WEST REGION",-37.71071122,144.8819078,"Dry","Strong winds"
"T20190015446","16/8/19",06:20:00,"Struck Pedestrian","Friday","Dark Street lights unknown",1,2,"Cross intersection",3,60,"BAYSIDE","METROPOLITAN SOUTH EAST REGION",-37.93551281,145.0028763,"Dry","Clear"
"T20190015447","16/8/19",07:25:00,"No collision and no object struck","Friday","Day",1,1,"Not at intersection",3,80,"HOBSONS BAY","METROPOLITAN NORTH WEST REGION",-37.82446777,144.8646746,"Wet","Clear"
"T20190015449","14/8/19",16:30:00,"Collision with vehicle","Wednesday","Day",2,5,"Not at intersection",3,80,"MELBOURNE","METROPOLITAN NORTH WEST REGION",-37.83343438,144.9122131,"Dry","Clear"
"T20190015451","16/8/19",08:00:00,"Collision with vehicle","Friday","Day",4,1,"T intersection",3,50,"MORELAND","METROPOLITAN NORTH WEST REGION",-37.76069694,144.9464916,"Dry","Clear"
"T20190015452","15/8/19",19:03:00,"Collision with vehicle","Thursday","Dark Street lights on",2,3,"T intersection",3,60,"MILDURA","WESTERN REGION",-34.21344385,142.128044,"Dry","Clear"
"T20190015453","16/8/19",10:16:00,"Collision with vehicle","Friday","Day",2,2,"T intersection",3,60,"PORT PHILLIP","METROPOLITAN NORTH WEST REGION",-37.86140196,145.0009326,"Dry","Clear"
"T20190015454","16/8/19",08:20:00,"Struck Pedestrian","Friday","Day",1,2,"Not at intersection",2,60,"WHITEHORSE","METROPOLITAN SOUTH EAST REGION",-37.81092668,145.1252751,"Dry","Clear"
"T20190015456","16/8/19",10:03:00,"Struck Pedestrian","Friday","Day",1,2,"Cross intersection",3,80,"KNOX","METROPOLITAN SOUTH EAST REGION",-37.89925291,145.2303238,"Dry","Clear"
"T20190015459","16/8/19",08:10:00,"Struck Pedestrian","Friday","Day",1,2,"Not at intersection",3,50,"MONASH","METROPOLITAN SOUTH EAST REGION",-37.89812755,145.1239128,"Dry","Clear"
"T20190015460","26/4/19",08:30:00,"Collision with vehicle","Friday","Day",4,4,"Not at intersection",3,100,"HUME","METROPOLITAN NORTH WEST REGION",-37.69431584,144.9157642,"Wet","Raining"
"T20190015461","14/8/19",16:40:00,"Collision with vehicle","Wednesday","Unknown",2,2,"Not at intersection",3,999,"KINGSTON","METROPOLITAN SOUTH EAST REGION",-38.00750073,145.1059666,"Unknown","Not known"
"T20190015464","15/8/19",16:29:00,"Struck Pedestrian","Thursday","Day",1,2,"Not at intersection",3,50,"MONASH","METROPOLITAN SOUTH EAST REGION",-37.8791949,145.1626759,"Dry","Not known"
"T20190015465","24/7/19",17:15:00,"Collision with vehicle","Wednesday","Dark Street lights on",3,3,"Not at intersection",3,100,"DANDENONG","METROPOLITAN SOUTH EAST REGION",-37.95657212,145.2209462,"Dry","Clear"
"T20190015466","1/8/19",14:15:00,"Collision with vehicle","Thursday","Day",2,2,"Cross intersection",3,50,"HUME","METROPOLITAN NORTH WEST REGION",-37.6761452,144.9291596,"Dry","Clear"
"T20190015468","16/8/19",11:45:00,"Collision with vehicle","Friday","Day",2,3,"Not at intersection",3,60,"MELBOURNE","METROPOLITAN NORTH WEST REGION",-37.80510074,144.9589563,"Dry","Clear"
"T20190015471","16/8/19",13:18:00,"Collision with vehicle","Friday","Day",2,2,"Not at intersection",3,40,"HOBSONS BAY","METROPOLITAN NORTH WEST REGION",-37.85873097,144.8963045,"Wet","Raining"
"T20190015472","16/8/19",12:02:00,"Collision with vehicle","Friday","Day",3,4,"Not at intersection",3,60,"FRANKSTON","METROPOLITAN SOUTH EAST REGION",-38.1286019,145.1338081,"Dry","Clear"
"T20190015474","15/8/19",06:50:00,"Collision with vehicle","Thursday","Dusk/Dawn",2,2,"Not at intersection",3,60,"MARIBYRNONG","METROPOLITAN NORTH WEST REGION",-37.79478542,144.9026775,"Dry","Clear"
"T20190015475","15/8/19",17:55:00,"Collision with vehicle","Thursday","Dark Street lights on",3,3,"Not at intersection",3,999,"DAREBIN","METROPOLITAN NORTH WEST REGION",-37.78061254,145.0178539,"Dry","Clear"
"T20190015478","2/7/19",05:55:00,"Collision with vehicle","Tuesday","Dark Street lights on",2,2,"Cross intersection",3,80,"MONASH","METROPOLITAN SOUTH EAST REGION",-37.90412097,145.1612965,"Dry","Not known"
"T20190015479","8/8/19",13:40:00,"Collision with vehicle","Thursday","Day",2,2,"T intersection",3,100,"SOUTH GIPPSLAND","EASTERN REGION",-38.65006533,146.2197774,"Unknown","Not known"
"T20190015480","16/8/19",13:09:00,"Collision with vehicle","Friday","Day",2,2,"Not at intersection",3,50,"MARIBYRNONG","METROPOLITAN NORTH WEST REGION",-37.79043665,144.8770275,"Wet","Raining"
"T20190015481","16/8/19",10:35:00,"Collision with vehicle","Friday","Day",2,3,"Not at intersection",3,80,"MARIBYRNONG","METROPOLITAN NORTH WEST REGION",-37.80514275,144.8805925,"Dry","Clear"
"T20190015482","16/8/19",14:15:00,"Collision with vehicle","Friday","Day",2,2,"T intersection",3,60,"CASEY","METROPOLITAN SOUTH EAST REGION",-38.04220891,145.305948,"Wet","Raining"
"T20190015483","16/8/19",13:30:00,"Collision with a fixed object","Friday","Day",1,1,"Not at intersection",3,100,"CORANGAMITE","SOUTH WESTERN REGION",-38.52303762,142.8597376,"Dry","Clear"
"T20190015484","16/8/19",12:00:00,"Collision with vehicle","Friday","Day",2,3,"Not at intersection",3,80,"BAYSIDE","METROPOLITAN SOUTH EAST REGION",-37.91590937,145.0177674,"Wet","Not known"
"T20190015487","16/8/19",14:50:00,"Struck Pedestrian","Friday","Day",1,3,"Unknown",3,50,"GANNAWARRA","NORTHERN REGION",-35.73255667,143.9203205,"Dry","Clear"
"T20190015488","16/8/19",13:11:00,"Collision with vehicle","Friday","Day",2,2,"T intersection",3,60,"BALLARAT","WESTERN REGION",-37.58804385,143.8219146,"Wet","Raining"
"T20190015491","16/8/19",10:41:00,"Collision with vehicle","Friday","Day",2,2,"Not at intersection",3,80,"HUME","METROPOLITAN NORTH WEST REGION",-37.62956769,144.8364925,"Dry","Clear"
"T20190015491","16/8/19",10:41:00,"Collision with vehicle","Friday","Day",2,2,"Not at intersection",3,80,"HUME","METROPOLITAN NORTH WEST REGION",-37.62956769,144.8364925,"Dry","Strong winds"
"T20190015492","16/8/19",13:25:00,"Collision with vehicle","Friday","Day",2,2,"Cross intersection",3,60,"GEELONG","SOUTH WESTERN REGION",-38.1097684,144.334698,"Dry","Clear"
"T20190015500","16/8/19",09:30:00,"Struck Pedestrian","Friday","Day",1,2,"Not at intersection",3,50,"STONNINGTON","METROPOLITAN SOUTH EAST REGION",-37.86310795,145.0339304,"Dry","Clear"
"T20190015502","7/8/19",18:30:00,"Collision with vehicle","Wednesday","Dark Street lights on",2,3,"Cross intersection",3,80,"MELTON","METROPOLITAN NORTH WEST REGION",-37.75633381,144.739664,"Dry","Clear"
"T20190015504","16/8/19",16:14:00,"Collision with vehicle","Friday","Day",3,4,"Not at intersection",3,60,"STONNINGTON","METROPOLITAN SOUTH EAST REGION",-37.83627483,144.9869489,"Wet","Clear"
"T20190015508","16/8/19",06:50:00,"Collision with vehicle","Friday","Day",2,2,"T intersection",3,60,"GLEN EIRA","METROPOLITAN SOUTH EAST REGION",-37.86730273,145.0257354,"Dry","Clear"
"T20190015509","16/8/19",13:00:00,"Collision with vehicle","Friday","Day",2,3,"Not at intersection",1,80,"WODONGA","NORTH EASTERN REGION",-36.12824056,146.9124565,"Dry","Clear"
"T20190015511","16/8/19",19:25:00,"No collision and no object struck","Friday","Dark No street lights",1,4,"Not at intersection",3,100,"BENALLA","NORTH EASTERN REGION",-36.78010523,146.0095214,"Wet","Raining"
"T20190015512","16/8/19",16:36:00,"Collision with vehicle","Friday","Day",2,5,"T intersection",3,60,"MOONEE VALLEY","METROPOLITAN NORTH WEST REGION",-37.76589555,144.9130019,"Wet","Clear"
"T20190015514","16/8/19",16:20:00,"Collision with vehicle","Friday","Day",2,2,"Cross intersection",3,60,"MARIBYRNONG","METROPOLITAN NORTH WEST REGION",-37.79028439,144.9007995,"Wet","Clear"
"T20190015515","16/8/19",22:54:00,"Collision with vehicle","Friday","Dark Street lights on",2,2,"Cross intersection",2,70,"GEELONG","SOUTH WESTERN REGION",-38.16052552,144.3502997,"Wet","Clear"
"T20190015516","16/8/19",22:15:00,"Collision with vehicle","Friday","Dark Street lights on",2,4,"T intersection",3,60,"KINGSTON","METROPOLITAN SOUTH EAST REGION",-38.02593713,145.1010633,"Wet","Clear"
"T20190015521","16/8/19",23:49:00,"Collision with a fixed object","Friday","Dark Street lights on",1,1,"Not at intersection",1,60,"DAREBIN","METROPOLITAN NORTH WEST REGION",-37.76571879,145.0226002,"Dry","Clear"
"T20190015523","15/8/19",17:30:00,"collision with some other object","Thursday","Dusk/Dawn",2,2,"Not at intersection",2,60,"BENDIGO","NORTHERN REGION",-36.75958737,144.2622196,"Dry","Clear"
"T20190015525","16/8/19",22:33:00,"Struck Pedestrian","Friday","Dark Street lights on",1,2,"Cross intersection",2,80,"KNOX","METROPOLITAN SOUTH EAST REGION",-37.89348907,145.3092945,"Wet","Not known"
"T20190015526","17/8/19",00:15:00,"Vehicle overturned (no collision)","Saturday","Dark Street lights on",2,2,"Not at intersection",3,80,"BENDIGO","NORTHERN REGION",-36.92711105,144.7002656,"Dry","Clear"
"T20190015527","17/8/19",04:40:00,"Collision with vehicle","Saturday","Dark Street lights on",2,3,"T intersection",3,60,"MELBOURNE","METROPOLITAN NORTH WEST REGION",-37.81125711,144.991084,"Dry","Not known"
"T20190015529","17/8/19",07:00:00,"Collision with vehicle","Saturday","Day",2,2,"T intersection",3,60,"GLEN EIRA","METROPOLITAN SOUTH EAST REGION",-37.91864269,145.0512075,"Dry","Clear"
"T20190015533","17/8/19",06:50:00,"Collision with a fixed object","Saturday","Dusk/Dawn",1,1,"Not at intersection",3,50,"YARRA RANGES","METROPOLITAN SOUTH EAST REGION",-37.75753601,145.3238561,"Dry","Clear"
"T20190015534","17/8/19",08:30:00,"Struck Pedestrian","Saturday","Day",2,2,"T intersection",3,60,"GLEN EIRA","METROPOLITAN SOUTH EAST REGION",-37.87351088,145.0313994,"Dry","Clear"
"T20190015537","17/8/19",09:15:00,"Collision with vehicle","Saturday","Day",2,2,"Not at intersection",3,100,"EAST GIPPSLAND","EASTERN REGION",-37.82673343,147.5197319,"Dry","Clear"
"T20190015538","17/8/19",10:40:00,"Vehicle overturned (no collision)","Saturday","Day",1,1,"Not at intersection",3,50,"MOIRA","NORTH EASTERN REGION",-36.02636777,145.9963172,"Dry","Clear"
"T20190015542","17/8/19",10:55:00,"Collision with vehicle","Saturday","Day",2,2,"Cross intersection",3,70,"KNOX","METROPOLITAN SOUTH EAST REGION",-37.84407482,145.3000597,"Dry","Clear"
"T20190015546","14/6/19",12:20:00,"Collision with vehicle","Friday","Unknown",2,3,"Not at intersection",3,60,"MONASH","METROPOLITAN SOUTH EAST REGION",-37.88078585,145.0906719,"Unknown","Not known"
"T20190015549","17/8/19",11:15:00,"Collision with vehicle","Saturday","Day",2,3,"T intersection",3,80,"CASEY","METROPOLITAN SOUTH EAST REGION",-38.05355465,145.3013784,"Dry","Clear"
"T20190015550","9/8/19",17:15:00,"Collision with vehicle","Friday","Dark Street lights on",2,2,"Cross intersection",3,50,"BOROONDARA","METROPOLITAN SOUTH EAST REGION",-37.80296516,145.0295888,"Dry","Clear"
"T20190015553","17/8/19",10:30:00,"Collision with vehicle","Saturday","Day",2,2,"Cross intersection",3,60,"WARRNAMBOOL","SOUTH WESTERN REGION",-38.36827259,142.4933554,"Dry","Clear"
"T20190015554","5/8/19",05:45:00,"Collision with vehicle","Monday","Dusk/Dawn",3,3,"Not at intersection",3,100,"MELBOURNE","METROPOLITAN NORTH WEST REGION",-37.82984468,144.9196849,"Dry","Clear"
"T20190015555","17/8/19",13:32:00,"Collision with vehicle","Saturday","Day",2,2,"Cross intersection",3,50,"MORELAND","METROPOLITAN NORTH WEST REGION",-37.75287551,144.9709829,"Dry","Clear"
"T20190015557","15/8/19",17:40:00,"Collision with vehicle","Thursday","Day",2,3,"Not at intersection",3,100,"BOROONDARA","METROPOLITAN SOUTH EAST REGION",-37.78543011,145.1004087,"Unknown","Clear"
"T20190015558","17/8/19",11:00:00,"Struck Pedestrian","Saturday","Day",1,2,"Not at intersection",2,40,"BRIMBANK","METROPOLITAN NORTH WEST REGION",-37.75741775,144.8248406,"Dry","Clear"
"T20190015559","16/8/19",22:00:00,"Collision with a fixed object","Friday","Dark No street lights",1,1,"Not at intersection",3,60,"NILLUMBIK","METROPOLITAN NORTH WEST REGION",-37.59332051,145.2810792,"Wet","Clear"
"T20190015561","17/8/19",14:03:00,"Collision with vehicle","Saturday","Day",2,6,"T intersection",3,50,"KNOX","METROPOLITAN SOUTH EAST REGION",-37.9230649,145.2437236,"Dry","Clear"
"T20190015564","17/8/19",14:47:00,"Collision with a fixed object","Saturday","Day",1,2,"Not at intersection",3,100,"MILDURA","WESTERN REGION",-35.06637653,142.3650394,"Dry","Clear"
"T20190015565","17/8/19",17:00:00,"Collision with vehicle","Saturday","Day",2,5,"Not at intersection",3,100,"MURRINDINDI","NORTH EASTERN REGION",-37.4410131,145.3170572,"Wet","Clear"
"T20190015566","17/8/19",17:00:00,"Collision with a fixed object","Saturday","Day",2,2,"Not at intersection",3,70,"GEELONG","SOUTH WESTERN REGION",-38.11461961,144.3547119,"Dry","Clear"
"T20190015567","17/8/19",17:30:00,"collision with some other object","Saturday","Day",3,4,"Not at intersection",3,100,"MORELAND","METROPOLITAN NORTH WEST REGION",-37.69874133,144.8972532,"Dry","Clear"
"T20190015568","17/8/19",17:19:00,"Collision with vehicle","Saturday","Dusk/Dawn",2,2,"Not at intersection",3,80,"YARRA RANGES","METROPOLITAN SOUTH EAST REGION",-37.95297398,145.3446915,"Dry","Clear"
"T20190015569","28/7/19",13:30:00,"Collision with vehicle","Sunday","Day",2,4,"Cross intersection",3,50,"WARRNAMBOOL","SOUTH WESTERN REGION",-38.35777161,142.450919,"Dry","Clear"
"T20190015571","17/8/19",13:50:00,"Collision with vehicle","Saturday","Day",2,5,"Cross intersection",3,60,"DANDENONG","METROPOLITAN SOUTH EAST REGION",-37.933173,145.1569373,"Dry","Clear"
"T20190015573","17/8/19",17:20:00,"Struck Pedestrian","Saturday","Day",1,3,"Not at intersection",3,60,"MARIBYRNONG","METROPOLITAN NORTH WEST REGION",-37.80024304,144.9037576,"Dry","Clear"
"T20190015575","17/8/19",18:10:00,"Collision with vehicle","Saturday","Dark Street lights on",2,2,"T intersection",3,50,"DANDENONG","METROPOLITAN SOUTH EAST REGION",-37.96405165,145.2148882,"Dry","Clear"
"T20190015576","17/8/19",18:20:00,"Struck Pedestrian","Saturday","Dark Street lights on",1,3,"Not at intersection",3,80,"KINGSTON","METROPOLITAN SOUTH EAST REGION",-37.97656953,145.0665509,"Dry","Clear"
"T20190015577","17/8/19",19:49:00,"Collision with a fixed object","Saturday","Dark Street lights on",1,1,"Not at intersection",3,50,"BRIMBANK","METROPOLITAN NORTH WEST REGION",-37.75741775,144.8248406,"Dry","Not known"
"T20190015578","17/8/19",18:00:00,"Collision with vehicle","Saturday","Dark No street lights",2,3,"Not at intersection",3,100,"COLAC OTWAY","SOUTH WESTERN REGION",-38.72853248,143.4013286,"Dry","Clear"
"T20190015580","17/8/19",20:51:00,"Collision with vehicle","Saturday","Dark Street lights on",2,1,"Not at intersection",3,50,"DAREBIN","METROPOLITAN NORTH WEST REGION",-37.71093592,144.989638,"Dry","Not known"
"T20190015581","17/8/19",15:00:00,"Collision with vehicle","Saturday","Day",2,3,"T intersection",3,60,"MAROONDAH","METROPOLITAN SOUTH EAST REGION",-37.78370737,145.2839862,"Dry","Clear"
"T20190015584","2/8/19",14:45:00,"Collision with vehicle","Friday","Day",2,3,"Not at intersection",3,100,"MURRINDINDI","NORTH EASTERN REGION",-37.20497005,145.3904311,"Dry","Clear"
"T20190015585","17/8/19",18:10:00,"Collision with vehicle","Saturday","Dark No street lights",2,3,"Not at intersection",3,80,"YARRA RANGES","METROPOLITAN SOUTH EAST REGION",-37.7493093,145.7196955,"Dry","Clear"
"T20190015586","17/8/19",22:20:00,"Collision with vehicle","Saturday","Dark Street lights on",2,7,"Cross intersection",2,80,"DANDENONG","METROPOLITAN SOUTH EAST REGION",-37.99758482,145.162225,"Dry","Clear"
"T20190015587","18/8/19",01:59:00,"Collision with a fixed object","Sunday","Dark Street lights on",1,5,"Not at intersection",3,60,"BRIMBANK","METROPOLITAN NORTH WEST REGION",-37.7424175,144.7836725,"Wet","Raining"
"T20190015589","16/8/19",08:30:00,"Collision with vehicle","Friday","Day",2,2,"T intersection",3,60,"DAREBIN","METROPOLITAN NORTH WEST REGION",-37.76802897,144.9884538,"Unknown","Not known"
"T20190015590","18/8/19",00:13:00,"Collision with a fixed object","Sunday","Dark Street lights on",2,2,"Not at intersection",3,80,"WHITEHORSE","METROPOLITAN SOUTH EAST REGION",-37.80402116,145.177881,"Dry","Clear"
"T20190015593","17/8/19",19:10:00,"Struck Pedestrian","Saturday","Dark Street lights on",1,2,"T intersection",3,60,"GLEN EIRA","METROPOLITAN SOUTH EAST REGION",-37.91698351,145.0514956,"Dry","Clear"
"T20190015594","16/7/19",18:00:00,"Collision with vehicle","Tuesday","Dark Street lights on",3,3,"T intersection",3,999,"BANYULE","METROPOLITAN NORTH WEST REGION",-37.71877852,145.1138793,"Dry","Not known"
"T20190015599","18/8/19",07:45:00,"Collision with vehicle","Sunday","Day",2,3,"Cross intersection",3,60,"MELBOURNE","METROPOLITAN NORTH WEST REGION",-37.79965241,144.9550344,"Dry","Clear"
"T20190015600","9/7/19",18:40:00,"Collision with vehicle","Tuesday","Dark Street lights on",2,3,"T intersection",3,60,"FRANKSTON","METROPOLITAN SOUTH EAST REGION",-38.13278174,145.1414437,"Dry","Clear"
"T20190015605","18/8/19",09:50:00,"Collision with vehicle","Sunday","Day",3,3,"Cross intersection",3,60,"YARRA","METROPOLITAN NORTH WEST REGION",-37.79454816,144.9897162,"Dry","Clear"
"T20190015608","18/8/19",12:04:00,"Collision with vehicle","Sunday","Day",2,4,"Not at intersection",3,80,"YARRA RANGES","METROPOLITAN SOUTH EAST REGION",-37.76104797,145.310871,"Dry","Clear"
"T20190015611","17/8/19",17:35:00,"Collision with vehicle","Saturday","Dark Street lights on",2,3,"Cross intersection",3,60,"GEELONG","SOUTH WESTERN REGION",-38.02824008,144.4291934,"Dry","Clear"
"T20190015612","18/8/19",13:15:00,"Struck Pedestrian","Sunday","Day",1,2,"Not at intersection",3,999,"WYNDHAM","METROPOLITAN NORTH WEST REGION",-37.86898508,144.73124,"Dry","Clear"
"T20190015619","18/8/19",18:00:00,"Struck Pedestrian","Sunday","Dusk/Dawn",1,4,"Cross intersection",3,60,"FRANKSTON","METROPOLITAN SOUTH EAST REGION",-38.10345125,145.1258848,"Dry","Clear"
"T20190015620","18/8/19",16:50:00,"Collision with vehicle","Sunday","Dusk/Dawn",2,3,"Cross intersection",3,60,"CASEY","METROPOLITAN SOUTH EAST REGION",-38.02830844,145.2688147,"Wet","Raining"
"T20190015621","18/8/19",04:25:00,"Collision with a fixed object","Sunday","Dark No street lights",1,1,"Not at intersection",3,100,"MURRINDINDI","NORTH EASTERN REGION",-37.1864978,145.2521945,"Wet","Clear"
"T20190015622","4/8/19",11:25:00,"Collision with vehicle","Sunday","Day",2,2,"Not at intersection",3,60,"WHITEHORSE","METROPOLITAN SOUTH EAST REGION",-37.81548783,145.1567253,"Dry","Clear"
"T20190015623","18/8/19",17:25:00,"Collision with vehicle","Sunday","Dusk/Dawn",3,6,"Not at intersection",3,80,"WHITEHORSE","METROPOLITAN SOUTH EAST REGION",-37.83617715,145.1722194,"Wet","Clear"
"T20190015624","18/8/19",18:00:00,"Collision with vehicle","Sunday","Dusk/Dawn",2,2,"Not at intersection",2,50,"MONASH","METROPOLITAN SOUTH EAST REGION",-37.87803246,145.1785072,"Wet","Clear"
"T20190015625","18/8/19",17:15:00,"Collision with vehicle","Sunday","Dusk/Dawn",2,2,"Cross intersection",3,80,"KINGSTON","METROPOLITAN SOUTH EAST REGION",-38.00083045,145.105197,"Wet","Clear"
"T20190015628","18/8/19",20:25:00,"Collision with vehicle","Sunday","Dark Street lights on",2,2,"Cross intersection",3,60,"WYNDHAM","METROPOLITAN NORTH WEST REGION",-37.84847159,144.6883499,"Dry","Clear"
"T20190015636","18/8/19",23:45:00,"Collision with vehicle","Sunday","Dark No street lights",2,2,"Not at intersection",3,100,"MOYNE","SOUTH WESTERN REGION",-38.32343588,142.7357036,"Wet","Raining"
"T20190015636","18/8/19",23:45:00,"Collision with vehicle","Sunday","Dark No street lights",2,2,"Not at intersection",3,100,"MOYNE","SOUTH WESTERN REGION",-38.32343588,142.7357036,"Icy","Raining"
"T20190015639","18/8/19",15:40:00,"Collision with vehicle","Sunday","Day",2,5,"Cross intersection",3,80,"SURF COAST","SOUTH WESTERN REGION",-38.30865725,144.2648873,"Dry","Clear"
"T20190015642","27/6/19",15:00:00,"Collision with vehicle","Thursday","Day",2,2,"Not at intersection",3,110,"MOUNT ALEXANDER","NORTHERN REGION",-37.12840648,144.3870587,"Dry","Clear"
"T20190015644","18/8/19",15:40:00,"Collision with a fixed object","Sunday","Day",1,1,"Not at intersection",3,110,"MOORABOOL","WESTERN REGION",-37.68999616,144.5160626,"Wet","Clear"
"T20190015647","19/8/19",08:05:00,"Collision with vehicle","Monday","Day",5,5,"Cross intersection",2,70,"WHITEHORSE","METROPOLITAN SOUTH EAST REGION",-37.86201561,145.1692273,"Dry","Clear"
"T20190015648","26/6/19",16:00:00,"Collision with vehicle","Wednesday","Day",2,2,"Not at intersection",3,80,"MELTON","METROPOLITAN NORTH WEST REGION",-37.68285222,144.6352558,"Wet","Raining"
"T20190015655","19/8/19",08:08:00,"Collision with vehicle","Monday","Day",5,5,"Not at intersection",3,80,"MAROONDAH","METROPOLITAN SOUTH EAST REGION",-37.77603515,145.2925098,"Dry","Clear"
"T20190015659","16/8/19",17:40:00,"Collision with vehicle","Friday","Dusk/Dawn",2,2,"Not at intersection",3,100,"MOORABOOL","WESTERN REGION",-37.67198137,143.9368257,"Dry","Clear"
"T20190015660","19/8/19",10:36:00,"Collision with vehicle","Monday","Day",3,3,"Not at intersection",3,50,"DANDENONG","METROPOLITAN SOUTH EAST REGION",-37.99044498,145.2045093,"Dry","Clear"
"T20190015666","19/8/19",07:54:00,"Collision with vehicle","Monday","Day",3,3,"Cross intersection",3,80,"CASEY","METROPOLITAN SOUTH EAST REGION",-38.03960862,145.360339,"Dry","Clear"
"T20190015667","19/8/19",11:49:00,"Struck Pedestrian","Monday","Day",1,2,"Not at intersection",3,60,"GLEN EIRA","METROPOLITAN SOUTH EAST REGION",-37.88471993,145.0579128,"Dry","Clear"
"T20190015668","17/5/19",11:00:00,"Struck Pedestrian","Friday","Day",1,2,"Not at intersection",3,60,"GLEN EIRA","METROPOLITAN SOUTH EAST REGION",-37.91917968,145.0416154,"Unknown","Clear"
"T20190015671","19/8/19",12:55:00,"Collision with vehicle","Monday","Day",2,2,"Cross intersection",3,60,"MANNINGHAM","METROPOLITAN SOUTH EAST REGION",-37.75673882,145.1187373,"Dry","Clear"
"T20190015675","19/8/19",13:02:00,"Collision with a fixed object","Monday","Day",1,1,"Multiple intersection",3,100,"ARARAT","WESTERN REGION",-37.2075846,143.0205308,"Dry","Clear"
"T20190015676","19/8/19",14:15:00,"Collision with vehicle","Monday","Day",4,2,"T intersection",3,40,"MELBOURNE","METROPOLITAN NORTH WEST REGION",-37.80206093,144.9667012,"Wet","Raining"
"T20190015678","19/8/19",12:45:00,"Collision with a fixed object","Monday","Day",1,1,"Not at intersection",3,50,"MAROONDAH","METROPOLITAN SOUTH EAST REGION",-37.79144187,145.2713756,"Dry","Clear"
"T20190015680","19/8/19",14:20:00,"Collision with vehicle","Monday","Day",2,2,"Not at intersection",3,999,"BOROONDARA","METROPOLITAN SOUTH EAST REGION",-37.79518622,145.0636393,"Dry","Clear"
"T20190015682","19/8/19",12:53:00,"Struck Pedestrian","Monday","Day",1,3,"Not at intersection",1,40,"DAREBIN","METROPOLITAN NORTH WEST REGION",-37.76469229,144.9995648,"Dry","Clear"