"ACCIDENT_NO","ACCIDENTDATE","ACCIDENTTIME","Accident Type Desc","Day Week Description","Light Condition Desc","NO_OF_VEHICLES","NO_PERSONS","Road Geometry Desc","SEVERITY","SPEED_ZONE","LGA_NAME","REGION_NAME","Lat","Long","Surface Cond Desc","Atmosph Cond Desc"
"T20190015683","19/8/19",14:30:00,"Collision with vehicle","Monday","Day",2,3,"Not at intersection",3,60,"MONASH","METROPOLITAN SOUTH EAST REGION",-37.93235349,145.1559385,"Dry","Clear"
"T20190015684","2/8/19",00:30:00,"Struck Pedestrian","Friday","Dark Street lights on",1,2,"Not at intersection",3,40,"MELBOURNE","METROPOLITAN NORTH WEST REGION",-37.8170736,144.9649517,"Dry","Not known"
"T20190015689","18/8/19",09:40:00,"Collision with vehicle","Sunday","Day",2,6,"Cross intersection",3,80,"YARRA RANGES","METROPOLITAN SOUTH EAST REGION",-37.76128648,145.3104135,"Unknown","Not known"
"T20190015690","19/8/19",11:30:00,"Collision with vehicle","Monday","Unknown",2,2,"Not at intersection",3,999,"STONNINGTON","METROPOLITAN SOUTH EAST REGION",-37.85672218,144.9977226,"Unknown","Not known"
"T20190015694","19/8/19",15:34:00,"Collision with vehicle","Monday","Day",4,5,"Cross intersection",1,80,"KINGSTON","METROPOLITAN SOUTH EAST REGION",-37.97990833,145.1426762,"Dry","Clear"
"T20190015695","30/6/19",13:00:00,"No collision and no object struck","Sunday","Day",1,1,"Unknown",3,999,"BENALLA","NORTH EASTERN REGION",-36.90170835,145.9348885,"Dry","Clear"
"T20190015696","19/8/19",17:00:00,"Struck Pedestrian","Monday","Dusk/Dawn",1,2,"T intersection",2,60,"CASEY","METROPOLITAN SOUTH EAST REGION",-38.21386395,145.3815552,"Wet","Raining"
"T20190015698","19/8/19",19:15:00,"Collision with vehicle","Monday","Dark Street lights on",2,2,"Cross intersection",3,60,"WYNDHAM","METROPOLITAN NORTH WEST REGION",-37.87737275,144.6805312,"Dry","Clear"
"T20190015701","12/7/19",18:45:00,"Collision with vehicle","Friday","Dark Street lights unknown",2,5,"Not at intersection",3,80,"KINGSTON","METROPOLITAN SOUTH EAST REGION",-38.02713759,145.1302826,"Wet","Raining"
"T20190015702","11/8/19",11:11:00,"Collision with vehicle","Sunday","Day",2,2,"Not at intersection",3,50,"BASS COAST","EASTERN REGION",-38.60605188,145.5885362,"Dry","Clear"
"T20190015703","19/8/19",14:52:00,"Collision with vehicle","Monday","Day",3,1,"Not at intersection",3,50,"DAREBIN","METROPOLITAN NORTH WEST REGION",-37.78054317,145.0132993,"Wet","Raining"
"T20190015704","31/7/19",16:08:00,"Collision with vehicle","Wednesday","Unknown",3,3,"Not at intersection",3,80,"MOONEE VALLEY","METROPOLITAN NORTH WEST REGION",-37.73397023,144.9247218,"Dry","Not known"
"T20190015708","9/8/19",08:00:00,"Collision with vehicle","Friday","Day",3,3,"T intersection",3,80,"KNOX","METROPOLITAN SOUTH EAST REGION",-37.89315419,145.2552104,"Dry","Clear"
"T20190015712","31/3/19",10:55:00,"Collision with a fixed object","Sunday","Day",1,2,"Not at intersection",3,100,"CARDINIA","METROPOLITAN SOUTH EAST REGION",-38.03101453,145.4901982,"Wet","Raining"
"T20190015715","16/8/19",11:00:00,"Collision with vehicle","Friday","Day",2,4,"Cross intersection",3,50,"BANYULE","METROPOLITAN NORTH WEST REGION",-37.75980952,145.0715758,"Unknown","Clear"
"T20190015716","20/8/19",08:25:00,"Collision with vehicle","Tuesday","Day",2,2,"Cross intersection",3,50,"HOBSONS BAY","METROPOLITAN NORTH WEST REGION",-37.86498942,144.8881551,"Dry","Clear"
"T20190015717","20/8/19",08:09:00,"Collision with vehicle","Tuesday","Day",2,3,"Not at intersection",2,80,"MELBOURNE","METROPOLITAN NORTH WEST REGION",-37.83045207,144.8999268,"Dry","Clear"
"T20190015720","20/8/19",08:55:00,"collision with some other object","Tuesday","Day",1,2,"Not at intersection",3,60,"YARRA RANGES","METROPOLITAN SOUTH EAST REGION",-37.90893399,145.3640438,"Dry","Clear"
"T20190015721","9/8/19",07:40:00,"Collision with vehicle","Friday","Day",2,3,"Not at intersection",3,50,"BRIMBANK","METROPOLITAN NORTH WEST REGION",-37.77104599,144.7802273,"Dry","Clear"
"T20190015723","7/8/19",18:30:00,"Collision with vehicle","Wednesday","Dusk/Dawn",2,2,"Cross intersection",3,70,"GLEN EIRA","METROPOLITAN SOUTH EAST REGION",-37.90950628,145.085235,"Dry","Not known"
"T20190015724","20/8/19",06:20:00,"Collision with vehicle","Tuesday","Dark Street lights on",2,2,"Cross intersection",3,60,"MONASH","METROPOLITAN SOUTH EAST REGION",-37.88470431,145.1273552,"Dry","Clear"
"T20190015725","19/8/19",14:00:00,"Collision with vehicle","Monday","Day",2,3,"Not at intersection",3,60,"BANYULE","METROPOLITAN NORTH WEST REGION",-37.71970221,145.0811616,"Dry","Clear"
"T20190015726","17/8/19",18:30:00,"Collision with vehicle","Saturday","Unknown",2,3,"Not at intersection",3,80,"MELBOURNE","METROPOLITAN NORTH WEST REGION",-37.82950613,144.9197713,"Unknown","Clear"
"T20190015728","20/8/19",07:46:00,"Collision with a fixed object","Tuesday","Day",1,1,"Not at intersection",3,100,"BRIMBANK","METROPOLITAN NORTH WEST REGION",-37.80011831,144.794808,"Dry","Clear"
"T20190015729","13/8/19",17:00:00,"Vehicle overturned (no collision)","Tuesday","Day",1,1,"Cross intersection",2,60,"MELBOURNE","METROPOLITAN NORTH WEST REGION",-37.82321246,144.9608309,"Dry","Not known"
"T20190015731","4/5/19",18:50:00,"Collision with vehicle","Saturday","Unknown",2,3,"T intersection",2,60,"MAROONDAH","METROPOLITAN SOUTH EAST REGION",-37.79056819,145.2916341,"Unknown","Not known"
"T20190015734","17/8/19",16:00:00,"Collision with vehicle","Saturday","Day",2,4,"Cross intersection",3,80,"YARRA RANGES","METROPOLITAN SOUTH EAST REGION",-37.76128648,145.3104135,"Dry","Clear"
"T20190015735","14/8/19",15:35:00,"Collision with vehicle","Wednesday","Day",2,2,"Cross intersection",3,50,"CARDINIA","METROPOLITAN SOUTH EAST REGION",-38.07930937,145.4930252,"Dry","Clear"
"T20190015738","19/8/19",15:10:00,"Collision with vehicle","Monday","Day",2,3,"Not at intersection",3,60,"MURRINDINDI","NORTH EASTERN REGION",-37.09978115,145.618311,"Dry","Clear"
"T20190015739","20/8/19",09:31:00,"Collision with vehicle","Tuesday","Day",2,2,"Cross intersection",3,60,"SHEPPARTON","NORTH EASTERN REGION",-36.38086096,145.4133133,"Dry","Clear"
"T20190015740","19/8/19",16:40:00,"Collision with a fixed object","Monday","Day",1,2,"Not at intersection",3,50,"YARRA RANGES","METROPOLITAN SOUTH EAST REGION",-37.74535873,145.3314885,"Wet","Raining"
"T20190015741","20/8/19",10:15:00,"Collision with vehicle","Tuesday","Day",2,2,"T intersection",3,60,"BOROONDARA","METROPOLITAN SOUTH EAST REGION",-37.80542519,145.0291083,"Dry","Clear"
"T20190015743","20/8/19",13:40:00,"Collision with vehicle","Tuesday","Day",2,2,"T intersection",3,80,"HUME","METROPOLITAN NORTH WEST REGION",-37.66026892,144.9254462,"Dry","Clear"
"T20190015745","20/8/19",07:20:00,"Collision with a fixed object","Tuesday","Day",1,1,"Not at intersection",3,60,"MOORABOOL","WESTERN REGION",-37.66742204,144.4375068,"Dry","Clear"
"T20190015747","23/7/19",18:00:00,"Collision with vehicle","Tuesday","Dusk/Dawn",2,2,"Cross intersection",3,70,"MANNINGHAM","METROPOLITAN SOUTH EAST REGION",-37.76061284,145.2341808,"Unknown","Not known"
"T20190015748","20/8/19",11:50:00,"Collision with vehicle","Tuesday","Day",2,2,"Not at intersection",3,50,"KINGSTON","METROPOLITAN SOUTH EAST REGION",-37.98110586,145.1137776,"Dry","Clear"
"T20190015751","19/8/19",10:13:00,"Collision with vehicle","Monday","Day",2,2,"T intersection",3,80,"LATROBE","EASTERN REGION",-38.23679333,146.4231643,"Wet","Raining"
"T20190015759","24/7/19",06:35:00,"Collision with vehicle","Wednesday","Dusk/Dawn",2,4,"Not at intersection",3,60,"BRIMBANK","METROPOLITAN NORTH WEST REGION",-37.77264882,144.8295389,"Unknown","Clear"
"T20190015761","20/8/19",17:40:00,"Collision with vehicle","Tuesday","Dusk/Dawn",2,2,"Unknown",3,60,"MORNINGTON PENINSULA","METROPOLITAN SOUTH EAST REGION",-38.32948188,144.985296,"Dry","Clear"
"T20190015761","20/8/19",17:40:00,"Collision with vehicle","Tuesday","Dusk/Dawn",2,2,"Unknown",3,60,"MORNINGTON PENINSULA","METROPOLITAN SOUTH EAST REGION",-38.32948188,144.985296,"Dry","Strong winds"
"T20190015763","20/8/19",17:15:00,"Collision with vehicle","Tuesday","Day",3,4,"Not at intersection",3,100,"WHITTLESEA","METROPOLITAN NORTH WEST REGION",-37.68644848,145.0522884,"Dry","Clear"
"T20190015764","24/4/19",21:30:00,"Vehicle overturned (no collision)","Wednesday","Dark No street lights",1,1,"Not at intersection",3,50,"MURRINDINDI","NORTH EASTERN REGION",-37.18464249,145.7223166,"Wet","Clear"
"T20190015767","20/8/19",18:29:00,"Collision with vehicle","Tuesday","Dark Street lights on",2,2,"T intersection",3,50,"DAREBIN","METROPOLITAN NORTH WEST REGION",-37.75000405,145.0020263,"Dry","Clear"
"T20190015768","20/8/19",17:08:00,"Collision with vehicle","Tuesday","Day",2,2,"Cross intersection",3,50,"DAREBIN","METROPOLITAN NORTH WEST REGION",-37.7468243,144.9865991,"Dry","Clear"
"T20190015770","20/8/19",16:45:00,"Collision with vehicle","Tuesday","Day",2,2,"T intersection",3,50,"HOBSONS BAY","METROPOLITAN NORTH WEST REGION",-37.86349444,144.7753229,"Dry","Clear"
"T20190015771","20/8/19",13:10:00,"Collision with vehicle","Tuesday","Day",2,2,"Cross intersection",3,40,"PORT PHILLIP","METROPOLITAN NORTH WEST REGION",-37.87059748,144.9917861,"Dry","Clear"
"T20190015772","20/8/19",20:16:00,"No collision and no object struck","Tuesday","Dark Street lights on",1,1,"Not at intersection",3,70,"STONNINGTON","METROPOLITAN SOUTH EAST REGION",-37.85999962,145.0097679,"Dry","Clear"
"T20190015776","20/8/19",18:00:00,"Struck Pedestrian","Tuesday","Dark Street lights on",1,2,"Cross intersection",3,50,"BAYSIDE","METROPOLITAN SOUTH EAST REGION",-37.93518389,145.0359786,"Dry","Clear"
"T20190015779","20/8/19",18:45:00,"Struck Pedestrian","Tuesday","Dark Street lights unknown",1,2,"Cross intersection",3,60,"DAREBIN","METROPOLITAN NORTH WEST REGION",-37.77247916,145.0262863,"Dry","Clear"
"T20190015781","20/8/19",18:23:00,"Collision with vehicle","Tuesday","Dark Street lights on",2,2,"Cross intersection",3,60,"DAREBIN","METROPOLITAN NORTH WEST REGION",-37.74941273,144.9960261,"Dry","Clear"
"T20190015784","20/8/19",20:00:00,"Collision with vehicle","Tuesday","Dark Street lights on",2,2,"Not at intersection",3,60,"BAW BAW","EASTERN REGION",-38.20774193,146.1563251,"Wet","Raining"
"T20190015786","20/8/19",22:19:00,"Collision with vehicle","Tuesday","Dark Street lights on",2,2,"Cross intersection",3,999,"MAROONDAH","METROPOLITAN SOUTH EAST REGION",-37.8260664,145.2875843,"Wet","Raining"
"T20190015788","20/8/19",22:00:00,"Collision with vehicle","Tuesday","Dark No street lights",2,2,"Not at intersection",3,110,"MACEDON RANGES","NORTHERN REGION",-37.22527388,144.4297083,"Wet","Raining"
"T20190015794","20/8/19",23:24:00,"Collision with a fixed object","Tuesday","Dark Street lights on",1,2,"Not at intersection",3,60,"HOBSONS BAY","METROPOLITAN NORTH WEST REGION",-37.86776265,144.7616306,"Dry","Clear"
"T20190015799","24/6/19",13:42:00,"Collision with vehicle","Monday","Day",3,3,"Not at intersection",3,80,"DANDENONG","METROPOLITAN SOUTH EAST REGION",-37.92726256,145.1475098,"Dry","Clear"
"T20190015800","6/8/19",21:10:00,"Collision with vehicle","Tuesday","Dark Street lights on",4,4,"Not at intersection",3,999,"MELBOURNE","METROPOLITAN NORTH WEST REGION",-37.82202912,144.9655062,"Dry","Clear"
"T20190015801","18/6/19",07:00:00,"Fall from or in moving vehicle","Tuesday","Day",1,1,"Not at intersection",3,80,"ALPINE","NORTH EASTERN REGION",-36.70346756,146.8340551,"Dry","Clear"
"T20190015802","21/8/19",06:10:00,"Collision with vehicle","Wednesday","Dusk/Dawn",2,2,"Cross intersection",3,80,"DANDENONG","METROPOLITAN SOUTH EAST REGION",-38.0699674,145.178486,"Wet","Clear"
"T20190015806","4/8/19",23:45:00,"Vehicle overturned (no collision)","Sunday","Dark No street lights",1,2,"Not at intersection",3,999,"MOONEE VALLEY","METROPOLITAN NORTH WEST REGION",-37.78333296,144.9354951,"Unknown","Clear"
"T20190015807","21/8/19",07:55:00,"Struck Pedestrian","Wednesday","Day",1,2,"Cross intersection",2,50,"MORELAND","METROPOLITAN NORTH WEST REGION",-37.71882779,144.9725772,"Dry","Clear"
"T20190015808","18/8/19",08:20:00,"Collision with vehicle","Sunday","Day",2,2,"Cross intersection",3,60,"MONASH","METROPOLITAN SOUTH EAST REGION",-37.9139733,145.1218763,"Dry","Not known"
"T20190015810","16/8/19",15:50:00,"Collision with vehicle","Friday","Day",2,3,"Cross intersection",3,60,"HUME","METROPOLITAN NORTH WEST REGION",-37.68692249,144.9332198,"Unknown","Clear"
"T20190015811","21/8/19",09:04:00,"Collision with vehicle","Wednesday","Day",2,3,"Not at intersection",3,100,"MELTON","METROPOLITAN NORTH WEST REGION",-37.78772274,144.7487025,"Dry","Clear"
"T20190015813","13/8/19",18:50:00,"Collision with vehicle","Tuesday","Dark Street lights on",2,2,"Cross intersection",3,80,"CASEY","METROPOLITAN SOUTH EAST REGION",-37.97252077,145.2362598,"Dry","Clear"
"T20190015816","21/8/19",10:40:00,"Collision with vehicle","Wednesday","Day",2,2,"T intersection",3,80,"CASEY","METROPOLITAN SOUTH EAST REGION",-38.00086194,145.2744825,"Dry","Clear"
"T20190015817","31/7/19",18:20:00,"Collision with vehicle","Wednesday","Dark Street lights on",2,2,"Cross intersection",3,80,"GEELONG","SOUTH WESTERN REGION",-38.09143545,144.3563663,"Dry","Clear"
"T20190015818","15/8/19",17:00:00,"Collision with vehicle","Thursday","Day",2,3,"Cross intersection",3,999,"WHITEHORSE","METROPOLITAN SOUTH EAST REGION",-37.83750679,145.1113826,"Dry","Clear"
"T20190015821","21/8/19",09:41:00,"Struck Pedestrian","Wednesday","Day",1,3,"Cross intersection",2,999,"MELTON","METROPOLITAN NORTH WEST REGION",-37.66667592,144.59944,"Dry","Clear"
"T20190015827","21/8/19",11:40:00,"Struck Pedestrian","Wednesday","Day",1,3,"Cross intersection",3,40,"DAREBIN","METROPOLITAN NORTH WEST REGION",-37.74037139,145.0036473,"Dry","Clear"
"T20190015828","9/8/19",15:30:00,"Collision with vehicle","Friday","Day",2,2,"Not at intersection",3,60,"MOONEE VALLEY","METROPOLITAN NORTH WEST REGION",-37.77071668,144.9053563,"Unknown","Not known"
"T20190015832","21/8/19",11:05:00,"Struck Pedestrian","Wednesday","Day",1,2,"Not at intersection",3,40,"WARRNAMBOOL","SOUTH WESTERN REGION",-38.38000247,142.5199152,"Dry","Clear"
"T20190015833","21/8/19",12:30:00,"Collision with vehicle","Wednesday","Day",2,2,"Cross intersection",3,80,"DANDENONG","METROPOLITAN SOUTH EAST REGION",-37.99758482,145.162225,"Dry","Clear"
"T20190015834","20/8/19",18:29:00,"Collision with vehicle","Tuesday","Dark Street lights on",4,8,"T intersection",3,70,"WYNDHAM","METROPOLITAN NORTH WEST REGION",-37.8383784,144.7344008,"Dry","Clear"
"T20190015835","21/8/19",13:50:00,"Collision with vehicle","Wednesday","Day",3,1,"Not at intersection",3,60,"GLEN EIRA","METROPOLITAN SOUTH EAST REGION",-37.89317978,145.0563106,"Dry","Not known"
"T20190015836","21/8/19",12:05:00,"Collision with vehicle","Wednesday","Day",2,2,"T intersection",3,60,"STONNINGTON","METROPOLITAN SOUTH EAST REGION",-37.84298859,144.9855761,"Dry","Clear"
"T20190015837","21/8/19",13:29:00,"Collision with vehicle","Wednesday","Day",4,1,"Not at intersection",3,50,"HUME","METROPOLITAN NORTH WEST REGION",-37.67501561,144.9155119,"Dry","Clear"
"T20190015838","21/8/19",06:30:00,"Struck animal","Wednesday","Dusk/Dawn",1,1,"Not at intersection",3,80,"LATROBE","EASTERN REGION",-38.18669261,146.4547137,"Wet","Raining"
"T20190015839","21/8/19",10:30:00,"Collision with vehicle","Wednesday","Day",2,3,"T intersection",3,60,"WELLINGTON","EASTERN REGION",-38.55335037,146.6803357,"Dry","Clear"
"T20190015839","21/8/19",10:30:00,"Collision with vehicle","Wednesday","Day",2,3,"T intersection",3,60,"WELLINGTON","EASTERN REGION",-38.55335037,146.6803357,"Dry","Strong winds"
"T20190015841","21/8/19",15:20:00,"Struck Pedestrian","Wednesday","Day",1,3,"Not at intersection",3,50,"MOIRA","NORTH EASTERN REGION",-35.9291375,145.6540793,"Dry","Clear"
"T20190015842","21/8/19",14:49:00,"Collision with vehicle","Wednesday","Day",2,3,"Cross intersection",3,80,"FRANKSTON","METROPOLITAN SOUTH EAST REGION",-38.14664407,145.1358103,"Dry","Clear"
"T20190015846","20/8/19",10:05:00,"Collision with vehicle","Tuesday","Day",2,2,"Cross intersection",3,40,"DAREBIN","METROPOLITAN NORTH WEST REGION",-37.77323671,145.0261497,"Dry","Fog"
"T20190015847","10/8/19",09:45:00,"Vehicle overturned (no collision)","Saturday","Day",1,1,"Not at intersection",3,50,"KNOX","METROPOLITAN SOUTH EAST REGION",-37.88452325,145.2457785,"Unknown","Not known"
"T20190015848","21/8/19",16:00:00,"Struck Pedestrian","Wednesday","Day",1,2,"Not at intersection",3,60,"ALPINE","NORTH EASTERN REGION",-36.72898984,146.9721257,"Dry","Clear"
"T20190015850","16/8/19",11:45:00,"Collision with vehicle","Friday","Day",2,2,"T intersection",3,70,"MANNINGHAM","METROPOLITAN SOUTH EAST REGION",-37.78979919,145.1674205,"Unknown","Not known"
"T20190015851","19/2/19",18:30:00,"Collision with vehicle","Tuesday","Day",7,8,"Cross intersection",3,80,"KNOX","METROPOLITAN SOUTH EAST REGION",-37.85146942,145.2397847,"Dry","Clear"
"T20190015852","21/8/19",15:00:00,"Collision with vehicle","Wednesday","Day",2,3,"T intersection",2,60,"HOBSONS BAY","METROPOLITAN NORTH WEST REGION",-37.84326844,144.8462067,"Dry","Clear"
"T20190015855","21/8/19",17:50:00,"Collision with vehicle","Wednesday","Dusk/Dawn",2,2,"Cross intersection",3,50,"SHEPPARTON","NORTH EASTERN REGION",-36.38194355,145.405818,"Dry","Clear"
"T20190015857","19/8/19",19:00:00,"Collision with vehicle","Monday","Dark Street lights on",2,2,"Cross intersection",3,60,"CASEY","METROPOLITAN SOUTH EAST REGION",-38.03302378,145.2797155,"Dry","Not known"
"T20190015858","21/8/19",15:45:00,"Collision with vehicle","Wednesday","Day",2,2,"Not at intersection",3,80,"CASEY","METROPOLITAN SOUTH EAST REGION",-38.07717924,145.33488,"Dry","Clear"
"T20190015859","22/3/19",16:30:00,"Struck Pedestrian","Friday","Day",2,2,"Not at intersection",3,999,"BRIMBANK","METROPOLITAN NORTH WEST REGION",-37.77079144,144.7882818,"Dry","Clear"
"T20190015860","21/8/19",17:40:00,"Collision with vehicle","Wednesday","Dusk/Dawn",2,3,"Not at intersection",3,60,"YARRA","METROPOLITAN NORTH WEST REGION",-37.78522834,145.0252439,"Dry","Clear"
"T20190015861","21/8/19",15:33:00,"Collision with a fixed object","Wednesday","Day",1,1,"Not at intersection",3,60,"MANNINGHAM","METROPOLITAN SOUTH EAST REGION",-37.73425639,145.2613375,"Dry","Clear"
"T20190015868","15/8/19",19:00:00,"Collision with vehicle","Thursday","Dark Street lights on",2,2,"T intersection",3,50,"GLEN EIRA","METROPOLITAN SOUTH EAST REGION",-37.87166204,145.0350562,"Wet","Raining"
"T20190015869","21/8/19",18:25:00,"Collision with vehicle","Wednesday","Dark Street lights on",2,2,"T intersection",3,70,"MARIBYRNONG","METROPOLITAN NORTH WEST REGION",-37.78001251,144.8546095,"Dry","Clear"
"T20190015870","20/8/19",17:00:00,"Collision with vehicle","Tuesday","Dark Street lights off",2,2,"Cross intersection",3,60,"MELTON","METROPOLITAN NORTH WEST REGION",-37.70299688,144.5750589,"Dry","Clear"
"T20190015877","21/8/19",15:20:00,"Collision with vehicle","Wednesday","Day",3,3,"T intersection",3,40,"BANYULE","METROPOLITAN NORTH WEST REGION",-37.74096547,145.0872608,"Dry","Clear"
"T20190015878","21/8/19",20:33:00,"Collision with vehicle","Wednesday","Dark Street lights on",5,5,"Cross intersection",3,60,"BOROONDARA","METROPOLITAN SOUTH EAST REGION",-37.8657906,145.0927921,"Dry","Clear"
"T20190015879","21/8/19",23:20:00,"Collision with vehicle","Wednesday","Dark No street lights",2,2,"Not at intersection",3,60,"SURF COAST","SOUTH WESTERN REGION",-38.26244906,144.3931133,"Wet","Raining"
"T20190015881","21/8/19",06:19:00,"Collision with vehicle","Wednesday","Dark Street lights on",2,2,"Cross intersection",3,60,"YARRA RANGES","METROPOLITAN SOUTH EAST REGION",-37.76373645,145.3595251,"Wet","Clear"
"T20190015882","20/8/19",08:50:00,"Collision with vehicle","Tuesday","Day",2,2,"Not at intersection",3,80,"MONASH","METROPOLITAN SOUTH EAST REGION",-37.91900646,145.1612284,"Dry","Clear"
"T20190015883","24/5/19",16:55:00,"Collision with vehicle","Friday","Day",4,5,"Not at intersection",3,110,"LATROBE","EASTERN REGION",-38.22140871,146.3347805,"Dry","Clear"
"T20190015886","19/8/19",08:38:00,"Collision with vehicle","Monday","Day",2,4,"T intersection",3,60,"MELTON","METROPOLITAN NORTH WEST REGION",-37.695675,144.5764427,"Dry","Clear"
"T20190015887","15/8/19",20:00:00,"No collision and no object struck","Thursday","Dark Street lights on",1,1,"T intersection",3,60,"PORT PHILLIP","METROPOLITAN NORTH WEST REGION",-37.87203487,144.9896729,"Wet","Not known"
"T20190015891","5/8/19",16:14:00,"Vehicle overturned (no collision)","Monday","Day",2,2,"Not at intersection",3,999,"MORNINGTON PENINSULA","METROPOLITAN SOUTH EAST REGION",-38.23090453,145.0432179,"Dry","Clear"
"T20190015892","22/8/19",08:45:00,"Struck Pedestrian","Thursday","Day",1,2,"Cross intersection",3,60,"GEELONG","SOUTH WESTERN REGION",-38.15556911,144.3654123,"Dry","Clear"
"T20190015894","14/8/19",05:40:00,"Collision with vehicle","Wednesday","Unknown",2,2,"Not at intersection",3,999,"DANDENONG","METROPOLITAN SOUTH EAST REGION",-37.96601973,145.1817676,"Unknown","Not known"
"T20190015895","21/8/19",11:55:00,"Collision with vehicle","Wednesday","Day",2,4,"Cross intersection",3,60,"WELLINGTON","EASTERN REGION",-37.96492109,146.9729875,"Wet","Raining"
"T20190015896","22/8/19",06:50:00,"Collision with vehicle","Thursday","Day",2,2,"T intersection",3,80,"DANDENONG","METROPOLITAN SOUTH EAST REGION",-38.03455514,145.245072,"Dry","Clear"
"T20190015897","21/8/19",16:30:00,"Vehicle overturned (no collision)","Wednesday","Day",1,1,"Not at intersection",3,50,"CARDINIA","METROPOLITAN SOUTH EAST REGION",-38.04180905,145.3724701,"Dry","Clear"
"T20190015899","22/8/19",10:49:00,"Collision with a fixed object","Thursday","Day",1,1,"Cross intersection",3,80,"FRANKSTON","METROPOLITAN SOUTH EAST REGION",-38.10852876,145.1621267,"Wet","Clear"
"T20190015901","1/8/19",22:20:00,"Collision with vehicle","Thursday","Dark Street lights on",2,2,"Cross intersection",3,60,"BENDIGO","NORTHERN REGION",-36.75728058,144.2918285,"Dry","Clear"
"T20190015905","22/8/19",11:15:00,"Struck Pedestrian","Thursday","Day",1,2,"Not at intersection",3,60,"MONASH","METROPOLITAN SOUTH EAST REGION",-37.92324597,145.1200966,"Dry","Clear"
"T20190015907","22/8/19",08:10:00,"Collision with vehicle","Thursday","Day",2,2,"Not at intersection",3,50,"CASEY","METROPOLITAN SOUTH EAST REGION",-38.01380552,145.2827372,"Dry","Clear"
"T20190015909","22/8/19",11:38:00,"Collision with vehicle","Thursday","Day",2,2,"T intersection",3,60,"KNOX","METROPOLITAN SOUTH EAST REGION",-37.83777167,145.2835897,"Dry","Clear"
"T20190015910","22/8/19",06:55:00,"Struck Pedestrian","Thursday","Day",1,2,"Cross intersection",3,60,"STONNINGTON","METROPOLITAN SOUTH EAST REGION",-37.85330739,145.0524465,"Wet","Clear"
"T20190015911","18/8/19",10:45:00,"collision with some other object","Sunday","Day",1,1,"Not at intersection",3,80,"MORNINGTON PENINSULA","METROPOLITAN SOUTH EAST REGION",-38.22557858,145.0982465,"Dry","Clear"
"T20190015914","21/8/19",16:30:00,"Collision with vehicle","Wednesday","Day",2,2,"Cross intersection",3,999,"DANDENONG","METROPOLITAN SOUTH EAST REGION",-38.00425593,145.2174116,"Unknown","Clear"
"T20190015919","17/8/19",16:25:00,"collision with some other object","Saturday","Day",1,1,"Not at intersection",3,110,"MITCHELL","NORTHERN REGION",-36.9520883,145.1430806,"Dry","Clear"
"T20190015921","22/8/19",14:00:00,"Collision with vehicle","Thursday","Day",2,2,"T intersection",3,60,"WODONGA","NORTH EASTERN REGION",-36.11329848,146.8582965,"Dry","Clear"
"T20190015922","22/8/19",13:31:00,"Collision with a fixed object","Thursday","Day",1,1,"Not at intersection",3,100,"WELLINGTON","EASTERN REGION",-37.92002271,147.2671994,"Dry","Clear"
"T20190015924","22/8/19",15:45:00,"Struck animal","Thursday","Day",1,1,"Not at intersection",2,100,"WANGARATTA","NORTH EASTERN REGION",-36.90847463,146.2972513,"Dry","Clear"
"T20190015925","22/8/19",07:40:00,"Collision with vehicle","Thursday","Day",2,2,"T intersection",3,999,"MONASH","METROPOLITAN SOUTH EAST REGION",-37.89224112,145.1549636,"Dry","Clear"
"T20190015926","7/8/19",21:30:00,"Collision with vehicle","Wednesday","Dark Street lights on",2,2,"Not at intersection",3,40,"MELBOURNE","METROPOLITAN NORTH WEST REGION",-37.81224822,144.9546956,"Wet","Raining"
"T20190015928","22/8/19",10:15:00,"Collision with vehicle","Thursday","Day",2,2,"Cross intersection",3,70,"WHITEHORSE","METROPOLITAN SOUTH EAST REGION",-37.83468152,145.1727474,"Dry","Clear"
"T20190015931","6/7/19",15:00:00,"Vehicle overturned (no collision)","Saturday","Day",1,1,"Not at intersection",3,100,"INDIGO","NORTH EASTERN REGION",-36.22738221,146.7320651,"Dry","Not known"
"T20190015933","22/8/19",15:20:00,"Collision with vehicle","Thursday","Day",2,2,"Not at intersection",3,50,"BAYSIDE","METROPOLITAN SOUTH EAST REGION",-37.88478468,144.9969613,"Dry","Clear"
"T20190015936","17/7/19",20:40:00,"Collision with vehicle","Wednesday","Dark Street lights on",2,2,"Y intersection",3,60,"BASS COAST","EASTERN REGION",-38.48819638,145.4640999,"Wet","Raining"
"T20190015937","22/8/19",16:25:00,"Collision with vehicle","Thursday","Day",2,3,"Cross intersection",3,80,"WHITEHORSE","METROPOLITAN SOUTH EAST REGION",-37.8542367,145.1629471,"Dry","Clear"
"T20190015938","22/8/19",15:54:00,"Collision with vehicle","Thursday","Day",2,2,"T intersection",3,80,"KNOX","METROPOLITAN SOUTH EAST REGION",-37.91255852,145.2361669,"Dry","Clear"
"T20190015939","22/8/19",15:10:00,"Collision with vehicle","Thursday","Day",2,2,"Cross intersection",3,50,"DAREBIN","METROPOLITAN NORTH WEST REGION",-37.74597793,145.0188395,"Dry","Clear"