"ACCIDENT_NO","ACCIDENTDATE","ACCIDENTTIME","Accident Type Desc","Day Week Description","Light Condition Desc","NO_OF_VEHICLES","NO_PERSONS","Road Geometry Desc","SEVERITY","SPEED_ZONE","LGA_NAME","REGION_NAME","Lat","Long","Surface Cond Desc","Atmosph Cond Desc"
"T20190015940","22/8/19",14:55:00,"Struck Pedestrian","Thursday","Day",1,2,"Not at intersection",3,60,"MANNINGHAM","METROPOLITAN SOUTH EAST REGION",-37.77013934,145.0995992,"Dry","Clear"
"T20190015942","22/8/19",15:59:00,"Collision with vehicle","Thursday","Day",4,4,"Not at intersection",3,80,"MELBOURNE","METROPOLITAN NORTH WEST REGION",-37.82779339,144.9609758,"Dry","Clear"
"T20190015943","22/8/19",14:10:00,"Collision with vehicle","Thursday","Day",2,2,"Not at intersection",3,80,"CASEY","METROPOLITAN SOUTH EAST REGION",-38.11710338,145.3274936,"Dry","Clear"
"T20190015944","22/8/19",17:15:00,"Collision with vehicle","Thursday","Dusk/Dawn",2,3,"Cross intersection",3,50,"CASEY","METROPOLITAN SOUTH EAST REGION",-38.10997477,145.309718,"Dry","Clear"
"T20190015948","21/8/19",20:30:00,"Struck Pedestrian","Wednesday","Dark Street lights on",1,2,"Not at intersection",3,80,"FRANKSTON","METROPOLITAN SOUTH EAST REGION",-38.11284972,145.158802,"Dry","Clear"
"T20190015949","22/8/19",16:00:00,"Collision with vehicle","Thursday","Day",2,2,"T intersection",3,60,"MORNINGTON PENINSULA","METROPOLITAN SOUTH EAST REGION",-38.18621155,145.0912326,"Dry","Clear"
"T20190015952","22/8/19",19:58:00,"Collision with vehicle","Thursday","Dark Street lights on",2,2,"Cross intersection",3,80,"CASEY","METROPOLITAN SOUTH EAST REGION",-38.1177439,145.319267,"Dry","Clear"
"T20190015953","22/8/19",19:26:00,"Struck Pedestrian","Thursday","Dark No street lights",1,2,"Cross intersection",2,60,"WHITTLESEA","METROPOLITAN NORTH WEST REGION",-37.65074013,145.0243465,"Dry","Clear"
"T20190015955","10/8/19",00:30:00,"Collision with vehicle","Saturday","Dark Street lights on",2,4,"Not at intersection",3,40,"MELBOURNE","METROPOLITAN NORTH WEST REGION",-37.82244931,144.9610841,"Unknown","Not known"
"T20190015956","22/8/19",17:30:00,"Struck Pedestrian","Thursday","Dusk/Dawn",1,2,"Cross intersection",3,60,"FRANKSTON","METROPOLITAN SOUTH EAST REGION",-38.14164246,145.1276477,"Dry","Not known"
"T20190015958","22/8/19",18:35:00,"Collision with vehicle","Thursday","Dark Street lights on",2,2,"Cross intersection",3,70,"BRIMBANK","METROPOLITAN NORTH WEST REGION",-37.71085033,144.777979,"Dry","Clear"
"T20190015959","22/8/19",17:56:00,"Collision with a fixed object","Thursday","Dark No street lights",1,1,"Not at intersection",3,100,"ARARAT","WESTERN REGION",-37.33919621,143.1178034,"Icy","Clear"
"T20190015961","22/8/19",18:20:00,"Collision with vehicle","Thursday","Dark Street lights on",2,2,"Not at intersection",3,80,"CASEY","METROPOLITAN SOUTH EAST REGION",-38.01370579,145.3094343,"Dry","Clear"
"T20190015962","22/8/19",18:15:00,"Collision with vehicle","Thursday","Dark Street lights on",2,2,"Not at intersection",3,40,"YARRA","METROPOLITAN NORTH WEST REGION",-37.80694592,144.9896167,"Dry","Clear"
"T20190015963","22/8/19",22:10:00,"Collision with vehicle","Thursday","Dark Street lights on",2,4,"Cross intersection",2,80,"DANDENONG","METROPOLITAN SOUTH EAST REGION",-37.98355291,145.1459239,"Dry","Clear"
"T20190015965","15/7/19",18:30:00,"Collision with vehicle","Monday","Dark Street lights on",2,2,"Cross intersection",3,50,"MELBOURNE","METROPOLITAN NORTH WEST REGION",-37.81412955,144.9855789,"Dry","Clear"
"T20190015970","12/8/19",08:54:00,"Collision with vehicle","Monday","Day",2,2,"T intersection",3,60,"WHITEHORSE","METROPOLITAN SOUTH EAST REGION",-37.82672323,145.1041157,"Dry","Clear"
"T20190015972","23/8/19",08:40:00,"Struck Pedestrian","Friday","Day",2,3,"Not at intersection",3,40,"GEELONG","SOUTH WESTERN REGION",-38.153037,144.3731552,"Dry","Clear"
"T20190015973","23/8/19",08:15:00,"Struck Pedestrian","Friday","Day",1,2,"Cross intersection",3,50,"BENDIGO","NORTHERN REGION",-36.77324747,144.3052157,"Dry","Clear"
"T20190015975","23/8/19",08:35:00,"Collision with vehicle","Friday","Day",2,1,"Not at intersection",3,60,"GANNAWARRA","NORTHERN REGION",-35.7308965,143.9261752,"Dry","Clear"
"T20190015976","23/8/19",09:22:00,"Collision with vehicle","Friday","Day",3,3,"Not at intersection",3,60,"CASEY","METROPOLITAN SOUTH EAST REGION",-38.11261392,145.279934,"Dry","Clear"
"T20190015977","23/8/19",07:20:00,"Collision with vehicle","Friday","Day",2,4,"Not at intersection",3,80,"STRATHBOGIE","NORTH EASTERN REGION",-36.93029149,145.6650214,"Dry","Clear"
"T20190015978","23/8/19",08:40:00,"Collision with a fixed object","Friday","Day",1,4,"Not at intersection",3,100,"MOORABOOL","WESTERN REGION",-37.57653866,144.4564025,"Dry","Clear"
"T20190015979","23/8/19",07:40:00,"Collision with a fixed object","Friday","Day",1,2,"Multiple intersection",3,100,"DANDENONG","METROPOLITAN SOUTH EAST REGION",-37.94272321,145.20317,"Dry","Clear"
"T20190015981","23/8/19",07:55:00,"Collision with vehicle","Friday","Day",2,3,"T intersection",3,80,"HUME","METROPOLITAN NORTH WEST REGION",-37.63456605,144.9500266,"Dry","Clear"
"T20190015985","23/8/19",08:50:00,"Collision with vehicle","Friday","Day",3,5,"Not at intersection",3,60,"MORNINGTON PENINSULA","METROPOLITAN SOUTH EAST REGION",-38.33164348,144.9667515,"Dry","Clear"
"T20190015986","23/8/19",09:32:00,"Collision with a fixed object","Friday","Day",1,1,"Not at intersection",3,50,"CARDINIA","METROPOLITAN SOUTH EAST REGION",-38.06913475,145.4459584,"Dry","Clear"
"T20190015987","23/8/19",11:12:00,"Struck Pedestrian","Friday","Day",1,2,"Not at intersection",3,999,"BOROONDARA","METROPOLITAN SOUTH EAST REGION",-37.80091092,145.0634084,"Dry","Clear"
"T20190015991","23/8/19",12:20:00,"Collision with vehicle","Friday","Day",2,2,"Cross intersection",3,50,"WELLINGTON","EASTERN REGION",-37.96817631,146.9783754,"Dry","Clear"
"T20190015993","1/8/19",09:15:00,"Collision with vehicle","Thursday","Day",2,3,"Not at intersection",3,40,"MELBOURNE","METROPOLITAN NORTH WEST REGION",-37.80658126,144.9596372,"Unknown","Not known"
"T20190015994","22/8/19",10:10:00,"No collision and no object struck","Thursday","Day",1,1,"T intersection",3,50,"YARRA RANGES","METROPOLITAN SOUTH EAST REGION",-37.76955008,145.4271755,"Unknown","Clear"
"T20190015996","9/8/19",11:20:00,"Collision with vehicle","Friday","Unknown",2,2,"Not at intersection",3,50,"MAROONDAH","METROPOLITAN SOUTH EAST REGION",-37.79734316,145.280826,"Unknown","Not known"
"T20190015997","23/8/19",06:30:00,"Collision with vehicle","Friday","Day",2,2,"Not at intersection",3,100,"WYNDHAM","METROPOLITAN NORTH WEST REGION",-37.87049305,144.7480024,"Unknown","Clear"
"T20190016000","23/8/19",08:10:00,"Collision with vehicle","Friday","Day",2,2,"Not at intersection",3,40,"LATROBE","EASTERN REGION",-38.30938802,146.4236009,"Dry","Clear"
"T20190016001","23/8/19",12:59:00,"Collision with vehicle","Friday","Day",2,3,"T intersection",3,60,"MELBOURNE","METROPOLITAN NORTH WEST REGION",-37.84489258,144.9789981,"Dry","Clear"
"T20190016005","23/8/19",14:20:00,"Collision with vehicle","Friday","Day",2,2,"Cross intersection",3,60,"HUME","METROPOLITAN NORTH WEST REGION",-37.68613322,144.9268262,"Dry","Not known"
"T20190016006","23/8/19",11:05:00,"Collision with vehicle","Friday","Day",2,2,"Cross intersection",3,60,"MOONEE VALLEY","METROPOLITAN NORTH WEST REGION",-37.77052019,144.9052083,"Dry","Clear"
"T20190016007","23/8/19",12:40:00,"Collision with vehicle","Friday","Day",2,1,"Not at intersection",3,50,"MORELAND","METROPOLITAN NORTH WEST REGION",-37.71489639,144.9407508,"Dry","Clear"
"T20190016008","23/8/19",13:23:00,"Collision with vehicle","Friday","Day",2,2,"Not at intersection",3,40,"GLEN EIRA","METROPOLITAN SOUTH EAST REGION",-37.91895397,145.0424384,"Dry","Clear"
"T20190016011","23/8/19",15:30:00,"Vehicle overturned (no collision)","Friday","Day",2,2,"Not at intersection",3,60,"BALLARAT","WESTERN REGION",-37.57019311,143.8137535,"Dry","Clear"
"T20190016013","23/8/19",16:55:00,"Struck Pedestrian","Friday","Day",1,2,"Not at intersection",3,80,"BRIMBANK","METROPOLITAN NORTH WEST REGION",-37.7784353,144.7756721,"Dry","Clear"
"T20190016016","23/8/19",16:40:00,"Collision with vehicle","Friday","Day",3,3,"Cross intersection",3,80,"GEELONG","SOUTH WESTERN REGION",-38.25054671,144.3507791,"Dry","Clear"
"T20190016019","23/8/19",16:10:00,"Struck Pedestrian","Friday","Day",1,2,"Not at intersection",3,60,"PORT PHILLIP","METROPOLITAN NORTH WEST REGION",-37.83436069,144.9474421,"Dry","Clear"
"T20190016020","23/8/19",14:30:00,"Collision with vehicle","Friday","Day",2,2,"T intersection",3,999,"KNOX","METROPOLITAN SOUTH EAST REGION",-37.92958725,145.2328669,"Dry","Clear"
"T20190016021","23/8/19",17:00:00,"Collision with a fixed object","Friday","Day",1,1,"Not at intersection",3,60,"MARIBYRNONG","METROPOLITAN NORTH WEST REGION",-37.7944018,144.8629308,"Unknown","Clear"
"T20190016025","22/8/19",08:40:00,"Collision with vehicle","Thursday","Day",2,2,"Cross intersection",3,60,"DAREBIN","METROPOLITAN NORTH WEST REGION",-37.77438215,145.0188978,"Dry","Clear"
"T20190016026","23/8/19",15:12:00,"Collision with vehicle","Friday","Day",3,1,"Not at intersection",3,50,"BANYULE","METROPOLITAN NORTH WEST REGION",-37.73893346,145.0458743,"Dry","Clear"
"T20190016033","23/8/19",18:20:00,"Collision with a fixed object","Friday","Dark Street lights on",1,1,"Not at intersection",3,50,"MONASH","METROPOLITAN SOUTH EAST REGION",-37.91825,145.1125262,"Dry","Clear"
"T20190016034","23/8/19",22:20:00,"collision with some other object","Friday","Dark Street lights on",1,1,"T intersection",3,60,"GLEN EIRA","METROPOLITAN SOUTH EAST REGION",-37.89814689,145.0734657,"Dry","Clear"
"T20190016040","23/8/19",22:50:00,"Struck Pedestrian","Friday","Dark Street lights off",1,2,"Not at intersection",1,60,"WYNDHAM","METROPOLITAN NORTH WEST REGION",-37.89329306,144.6059124,"Dry","Clear"
"T20190016043","24/8/19",03:23:00,"Collision with a fixed object","Saturday","Dark Street lights unknown",1,2,"Not at intersection",2,100,"MOYNE","SOUTH WESTERN REGION",-38.38181499,142.1878496,"Dry","Clear"
"T20190016044","11/8/19",16:00:00,"Collision with vehicle","Sunday","Unknown",2,3,"Not at intersection",3,80,"BANYULE","METROPOLITAN NORTH WEST REGION",-37.70297919,145.0899206,"Unknown","Not known"
"T20190016045","23/8/19",08:04:00,"Collision with vehicle","Friday","Day",5,5,"Not at intersection",3,80,"DANDENONG","METROPOLITAN SOUTH EAST REGION",-37.95702346,145.1831918,"Dry","Clear"
"T20190016049","16/8/19",18:05:00,"Collision with vehicle","Friday","Day",4,4,"Not at intersection",3,80,"KNOX","METROPOLITAN SOUTH EAST REGION",-37.8736126,145.2491294,"Dry","Clear"
"T20190016050","23/8/19",23:50:00,"Collision with vehicle","Friday","Dark No street lights",2,3,"Not at intersection",3,100,"GOLDEN PLAINS","SOUTH WESTERN REGION",-38.00243764,144.155973,"Dry","Clear"
"T20190016052","24/8/19",10:20:00,"Collision with vehicle","Saturday","Day",2,4,"Cross intersection",2,70,"GEELONG","SOUTH WESTERN REGION",-38.05951939,144.3584027,"Dry","Clear"
"T20190016053","16/8/19",06:55:00,"Collision with vehicle","Friday","Unknown",3,3,"Cross intersection",3,999,"MARIBYRNONG","METROPOLITAN NORTH WEST REGION",-37.79851871,144.8883068,"Unknown","Not known"
"T20190016054","24/8/19",09:43:00,"Struck Pedestrian","Saturday","Day",1,2,"Cross intersection",3,40,"YARRA","METROPOLITAN NORTH WEST REGION",-37.83045478,144.9970749,"Dry","Clear"
"T20190016055","24/8/19",11:00:00,"Struck Pedestrian","Saturday","Day",1,3,"T intersection",3,60,"BAYSIDE","METROPOLITAN SOUTH EAST REGION",-37.95482214,145.0295946,"Dry","Clear"
"T20190016056","24/8/19",08:30:00,"Collision with vehicle","Saturday","Unknown",2,3,"T intersection",3,999,"WYNDHAM","METROPOLITAN NORTH WEST REGION",-37.89837763,144.642036,"Unknown","Not known"
"T20190016057","24/8/19",09:00:00,"Collision with vehicle","Saturday","Day",2,2,"Cross intersection",3,60,"MELTON","METROPOLITAN NORTH WEST REGION",-37.68757704,144.5675532,"Dry","Clear"
"T20190016059","24/8/19",09:45:00,"No collision and no object struck","Saturday","Day",1,1,"Not at intersection",3,100,"MANSFIELD","NORTH EASTERN REGION",-36.94316324,145.9227791,"Dry","Clear"
"T20190016060","23/8/19",13:09:00,"Collision with vehicle","Friday","Day",3,3,"T intersection",3,60,"BOROONDARA","METROPOLITAN SOUTH EAST REGION",-37.80732327,145.0275432,"Dry","Clear"
"T20190016061","11/8/19",09:00:00,"No collision and no object struck","Sunday","Day",1,1,"Not at intersection",3,100,"LODDON","NORTHERN REGION",-36.59228403,143.8419435,"Icy","Raining"
"T20190016062","24/8/19",11:26:00,"Collision with vehicle","Saturday","Day",2,6,"Cross intersection",3,70,"MAROONDAH","METROPOLITAN SOUTH EAST REGION",-37.81057142,145.2696033,"Dry","Clear"
"T20190016062","24/8/19",11:26:00,"Collision with vehicle","Saturday","Day",2,6,"Cross intersection",3,70,"MAROONDAH","METROPOLITAN SOUTH EAST REGION",-37.81057142,145.2696033,"Dry","Strong winds"
"T20190016066","24/8/19",09:30:00,"Collision with vehicle","Saturday","Day",2,7,"Not at intersection",3,80,"MELBOURNE","METROPOLITAN NORTH WEST REGION",-37.78903866,144.9378543,"Dry","Clear"
"T20190016066","24/8/19",09:30:00,"Collision with vehicle","Saturday","Day",2,7,"Not at intersection",3,80,"MELBOURNE","METROPOLITAN NORTH WEST REGION",-37.78903866,144.9378543,"Dry","Strong winds"
"T20190016068","24/8/19",09:30:00,"Collision with vehicle","Saturday","Day",2,2,"Not at intersection",3,100,"BRIMBANK","METROPOLITAN NORTH WEST REGION",-37.80089483,144.8021758,"Dry","Not known"
"T20190016068","24/8/19",09:30:00,"Collision with vehicle","Saturday","Day",2,2,"Not at intersection",3,100,"BRIMBANK","METROPOLITAN NORTH WEST REGION",-37.80089483,144.8021758,"Icy","Not known"
"T20190016069","24/8/19",11:17:00,"Collision with vehicle","Saturday","Day",2,7,"T intersection",3,80,"CASEY","METROPOLITAN SOUTH EAST REGION",-38.07178744,145.2977492,"Dry","Clear"
"T20190016070","24/8/19",12:25:00,"Collision with vehicle","Saturday","Day",2,4,"T intersection",3,80,"CASEY","METROPOLITAN SOUTH EAST REGION",-38.01418965,145.2901475,"Dry","Clear"
"T20190016071","24/8/19",08:45:00,"Collision with vehicle","Saturday","Day",2,2,"T intersection",3,100,"SWAN HILL","NORTHERN REGION",-34.62488595,142.753802,"Dry","Clear"
"T20190016074","24/8/19",13:00:00,"Vehicle overturned (no collision)","Saturday","Day",1,2,"Not at intersection",3,40,"DANDENONG","METROPOLITAN SOUTH EAST REGION",-38.05861429,145.2080289,"Dry","Clear"
"T20190016075","16/8/19",14:30:00,"Collision with vehicle","Friday","Day",2,2,"Cross intersection",3,50,"DAREBIN","METROPOLITAN NORTH WEST REGION",-37.74023983,145.0022663,"Unknown","Not known"
"T20190016080","21/8/19",10:50:00,"Collision with vehicle","Wednesday","Day",2,3,"Cross intersection",3,50,"HOBSONS BAY","METROPOLITAN NORTH WEST REGION",-37.82863585,144.8726394,"Dry","Clear"
"T20190016081","17/8/19",16:00:00,"Collision with vehicle","Saturday","Day",2,2,"Cross intersection",3,60,"HOBSONS BAY","METROPOLITAN NORTH WEST REGION",-37.87050791,144.7600715,"Dry","Clear"
"T20190016082","24/8/19",13:05:00,"Collision with vehicle","Saturday","Day",2,2,"Cross intersection",3,60,"WYNDHAM","METROPOLITAN NORTH WEST REGION",-37.88901998,144.6526765,"Dry","Clear"
"T20190016083","24/8/19",14:25:00,"Collision with vehicle","Saturday","Day",2,1,"Not at intersection",3,60,"WHITEHORSE","METROPOLITAN SOUTH EAST REGION",-37.81118508,145.1576682,"Dry","Clear"
"T20190016084","24/8/19",14:00:00,"Struck animal","Saturday","Day",1,1,"Not at intersection",3,100,"MURRINDINDI","NORTH EASTERN REGION",-37.48715677,145.643085,"Dry","Clear"
"T20190016090","24/8/19",14:00:00,"Collision with a fixed object","Saturday","Day",1,2,"Not at intersection",3,100,"BENDIGO","NORTHERN REGION",-36.74484101,144.111178,"Dry","Clear"
"T20190016091","24/8/19",16:59:00,"Struck Pedestrian","Saturday","Dusk/Dawn",1,2,"T intersection",3,60,"MELBOURNE","METROPOLITAN NORTH WEST REGION",-37.79576031,144.958044,"Dry","Clear"
"T20190016093","24/8/19",12:04:00,"Struck Pedestrian","Saturday","Day",1,2,"Cross intersection",1,60,"GLEN EIRA","METROPOLITAN SOUTH EAST REGION",-37.889858,145.0214098,"Dry","Clear"
"T20190016095","24/8/19",10:35:00,"Collision with vehicle","Saturday","Day",4,8,"Not at intersection",3,60,"KINGSTON","METROPOLITAN SOUTH EAST REGION",-37.9293045,145.0813915,"Dry","Clear"
"T20190016096","23/8/19",18:00:00,"Struck Pedestrian","Friday","Dark Street lights on",1,2,"Cross intersection",2,60,"WHITEHORSE","METROPOLITAN SOUTH EAST REGION",-37.82958582,145.1216623,"Dry","Clear"
"T20190016097","23/8/19",08:45:00,"Collision with vehicle","Friday","Day",2,3,"Not at intersection",3,50,"YARRA","METROPOLITAN NORTH WEST REGION",-37.78463258,144.9724618,"Dry","Clear"
"T20190016098","24/8/19",17:23:00,"Collision with a fixed object","Saturday","Day",1,1,"Not at intersection",3,70,"GLEN EIRA","METROPOLITAN SOUTH EAST REGION",-37.88003251,145.0487989,"Dry","Clear"
"T20190016100","24/8/19",18:15:00,"Collision with vehicle","Saturday","Dark Street lights on",3,4,"Not at intersection",3,60,"MORELAND","METROPOLITAN NORTH WEST REGION",-37.73976185,144.9508899,"Wet","Raining"
"T20190016101","24/8/19",16:00:00,"Collision with vehicle","Saturday","Day",2,3,"T intersection",3,70,"MANNINGHAM","METROPOLITAN SOUTH EAST REGION",-37.7527716,145.1370482,"Dry","Clear"
"T20190016103","24/8/19",19:42:00,"Collision with vehicle","Saturday","Dark Street lights on",2,2,"T intersection",3,50,"WHITTLESEA","METROPOLITAN NORTH WEST REGION",-37.67315484,145.0604049,"Wet","Raining"
"T20190016103","24/8/19",19:42:00,"Collision with vehicle","Saturday","Dark Street lights on",2,2,"T intersection",3,50,"WHITTLESEA","METROPOLITAN NORTH WEST REGION",-37.67315484,145.0604049,"Wet","Strong winds"
"T20190016104","24/8/19",17:58:00,"No collision and no object struck","Saturday","Dark Street lights on",1,1,"T intersection",3,50,"DAREBIN","METROPOLITAN NORTH WEST REGION",-37.70699296,144.987441,"Dry","Clear"
"T20190016106","24/8/19",16:19:00,"Collision with vehicle","Saturday","Day",2,2,"Not at intersection",2,60,"NILLUMBIK","METROPOLITAN NORTH WEST REGION",-37.55983059,145.3311076,"Dry","Clear"
"T20190016108","24/8/19",18:50:00,"Collision with vehicle","Saturday","Dusk/Dawn",2,2,"Cross intersection",3,60,"YARRA","METROPOLITAN NORTH WEST REGION",-37.80575168,144.977207,"Wet","Raining"
"T20190016110","24/8/19",20:30:00,"collision with some other object","Saturday","Dark Street lights on",1,1,"Not at intersection",3,60,"MELBOURNE","METROPOLITAN NORTH WEST REGION",-37.82056107,144.9569129,"Wet","Raining"
"T20190016111","24/8/19",20:35:00,"Collision with vehicle","Saturday","Dark Street lights on",2,4,"Not at intersection",3,50,"GEELONG","SOUTH WESTERN REGION",-38.16698528,144.5668529,"Unknown","Clear"
"T20190016115","24/8/19",19:39:00,"Collision with a fixed object","Saturday","Dark No street lights",1,6,"Not at intersection",3,100,"GLENELG","SOUTH WESTERN REGION",-38.16363853,141.2895921,"Wet","Raining"
"T20190016115","24/8/19",19:39:00,"Collision with a fixed object","Saturday","Dark No street lights",1,6,"Not at intersection",3,100,"GLENELG","SOUTH WESTERN REGION",-38.16363853,141.2895921,"Wet","Strong winds"
"T20190016116","28/3/19",21:30:00,"Collision with vehicle","Thursday","Unknown",2,1,"Multiple intersection",3,60,"MELBOURNE","METROPOLITAN NORTH WEST REGION",-37.8209025,144.9689062,"Unknown","Not known"
"T20190016118","1/8/19",19:14:00,"Struck Pedestrian","Thursday","Dark Street lights on",1,2,"Cross intersection",3,60,"GLEN EIRA","METROPOLITAN SOUTH EAST REGION",-37.87267383,145.0247121,"Dry","Clear"
"T20190016120","5/8/19",12:20:00,"Collision with vehicle","Monday","Day",2,2,"Not at intersection",3,999,"MELBOURNE","METROPOLITAN NORTH WEST REGION",-37.81640966,144.952926,"Dry","Clear"
"T20190016121","24/8/19",22:02:00,"Collision with a fixed object","Saturday","Dark Street lights on",1,1,"Not at intersection",3,100,"WHITTLESEA","METROPOLITAN NORTH WEST REGION",-37.63506389,144.9931387,"Dry","Clear"
"T20190016123","24/8/19",18:12:00,"Collision with vehicle","Saturday","Dark Street lights on",2,2,"T intersection",3,60,"DAREBIN","METROPOLITAN NORTH WEST REGION",-37.78407807,145.0096296,"Wet","Raining"
"T20190016124","10/8/19",11:30:00,"No collision and no object struck","Saturday","Day",1,1,"Not at intersection",3,60,"STONNINGTON","METROPOLITAN SOUTH EAST REGION",-37.84558363,144.9850448,"Dry","Clear"
"T20190016127","25/8/19",00:30:00,"Collision with vehicle","Sunday","Dark No street lights",2,2,"Not at intersection",3,110,"BENALLA","NORTH EASTERN REGION",-36.57441743,145.9885603,"Dry","Clear"
"T20190016128","24/8/19",22:30:00,"Collision with vehicle","Saturday","Dark No street lights",3,1,"Not at intersection",3,60,"YARRA RANGES","METROPOLITAN SOUTH EAST REGION",-37.75025251,145.3413668,"Dry","Clear"
"T20190016136","25/8/19",04:15:00,"Collision with a fixed object","Sunday","Dark Street lights on",1,2,"Not at intersection",3,70,"BRIMBANK","METROPOLITAN NORTH WEST REGION",-37.75942244,144.7768972,"Dry","Clear"
"T20190016137","17/8/19",14:00:00,"Collision with vehicle","Saturday","Day",2,4,"Not at intersection",3,60,"WHITTLESEA","METROPOLITAN NORTH WEST REGION",-37.67789327,145.0698222,"Dry","Clear"
"T20190016138","25/8/19",07:20:00,"Collision with vehicle","Sunday","Day",2,2,"Not at intersection",3,60,"MARIBYRNONG","METROPOLITAN NORTH WEST REGION",-37.78055048,144.8590699,"Dry","Clear"
"T20190016139","25/8/19",09:37:00,"Struck Pedestrian","Sunday","Day",1,3,"Cross intersection",3,50,"KINGSTON","METROPOLITAN SOUTH EAST REGION",-37.96542772,145.0558357,"Dry","Clear"
"T20190016141","25/8/19",09:10:00,"Collision with vehicle","Sunday","Day",2,2,"Not at intersection",3,60,"KNOX","METROPOLITAN SOUTH EAST REGION",-37.8721373,145.259847,"Dry","Clear"
"T20190016142","25/8/19",05:45:00,"Collision with a fixed object","Sunday","Dark Street lights on",1,1,"Not at intersection",3,80,"CASEY","METROPOLITAN SOUTH EAST REGION",-37.97595371,145.2655078,"Dry","Clear"
"T20190016143","25/8/19",08:10:00,"Collision with a fixed object","Sunday","Day",1,1,"Not at intersection",3,60,"WHITTLESEA","METROPOLITAN NORTH WEST REGION",-37.66140499,145.0726555,"Dry","Not known"
"T20190016144","25/8/19",09:30:00,"Collision with vehicle","Sunday","Day",2,3,"Cross intersection",3,50,"KINGSTON","METROPOLITAN SOUTH EAST REGION",-37.97498152,145.0738995,"Dry","Clear"
"T20190016145","25/8/19",09:40:00,"Collision with a fixed object","Sunday","Day",1,4,"Not at intersection",3,80,"SOUTH GIPPSLAND","EASTERN REGION",-38.33223416,145.7249624,"Wet","Raining"
"T20190016146","25/8/19",11:00:00,"Collision with vehicle","Sunday","Day",2,7,"Multiple intersection",3,60,"BANYULE","METROPOLITAN NORTH WEST REGION",-37.68949919,145.1134727,"Dry","Clear"
"T20190016147","25/8/19",11:35:00,"Collision with a fixed object","Sunday","Day",1,1,"Not at intersection",2,80,"YARRA RANGES","METROPOLITAN SOUTH EAST REGION",-37.84189841,145.4864554,"Wet","Clear"
"T20190016148","25/8/19",12:20:00,"Collision with a fixed object","Sunday","Day",1,1,"T intersection",3,50,"WHITEHORSE","METROPOLITAN SOUTH EAST REGION",-37.80086526,145.125899,"Dry","Clear"
"T20190016150","25/8/19",11:42:00,"Collision with a fixed object","Sunday","Day",1,1,"Not at intersection",3,60,"STONNINGTON","METROPOLITAN SOUTH EAST REGION",-37.85440441,145.0022002,"Dry","Clear"
"T20190016154","25/8/19",12:15:00,"Struck Pedestrian","Sunday","Day",1,3,"Not at intersection",3,50,"WYNDHAM","METROPOLITAN NORTH WEST REGION",-37.89210582,144.671232,"Dry","Clear"
"T20190016155","25/8/19",10:06:00,"Collision with vehicle","Sunday","Day",2,3,"Cross intersection",3,50,"WYNDHAM","METROPOLITAN NORTH WEST REGION",-37.8986656,144.7389644,"Dry","Clear"
"T20190016156","25/8/19",07:00:00,"Collision with vehicle","Sunday","Day",2,2,"T intersection",3,60,"DAREBIN","METROPOLITAN NORTH WEST REGION",-37.71707947,145.0105538,"Dry","Not known"
"T20190016158","25/8/19",14:58:00,"Collision with vehicle","Sunday","Day",2,3,"Not at intersection",3,80,"MELTON","METROPOLITAN NORTH WEST REGION",-37.69217461,144.7450688,"Dry","Clear"
"T20190016160","25/8/19",15:10:00,"Vehicle overturned (no collision)","Sunday","Day",1,2,"Not at intersection",3,100,"BENDIGO","NORTHERN REGION",-36.73613143,144.6305077,"Dry","Clear"
"T20190016161","24/8/19",18:15:00,"Collision with vehicle","Saturday","Dark Street lights on",2,3,"Not at intersection",3,60,"HUME","METROPOLITAN NORTH WEST REGION",-37.63205391,144.9286772,"Dry","Not known"
"T20190016162","26/7/19",18:00:00,"Collision with vehicle","Friday","Dusk/Dawn",5,5,"T intersection",3,60,"YARRA RANGES","METROPOLITAN SOUTH EAST REGION",-37.7825409,145.3115174,"Dry","Smoke"
"T20190016163","25/8/19",16:10:00,"Collision with vehicle","Sunday","Day",2,3,"Cross intersection",3,60,"WARRNAMBOOL","SOUTH WESTERN REGION",-38.37620506,142.4803181,"Dry","Clear"
"T20190016165","25/8/19",16:18:00,"Collision with a fixed object","Sunday","Day",1,1,"Not at intersection",3,100,"CARDINIA","METROPOLITAN SOUTH EAST REGION",-38.27411077,145.7093905,"Wet","Clear"
"T20190016168","25/8/19",18:30:00,"Collision with a fixed object","Sunday","Dark Street lights on",1,2,"T intersection",3,50,"BRIMBANK","METROPOLITAN NORTH WEST REGION",-37.79649391,144.8290674,"Wet","Clear"
"T20190016169","25/8/19",17:37:00,"Collision with vehicle","Sunday","Dusk/Dawn",2,3,"T intersection",3,80,"BRIMBANK","METROPOLITAN NORTH WEST REGION",-37.77616296,144.8203904,"Dry","Clear"
"T20190016170","25/8/19",13:30:00,"Collision with vehicle","Sunday","Day",2,2,"Not at intersection",3,60,"MARIBYRNONG","METROPOLITAN NORTH WEST REGION",-37.76907717,144.8787643,"Dry","Clear"
"T20190016183","26/8/19",06:15:00,"Collision with vehicle","Monday","Dusk/Dawn",2,3,"Cross intersection",3,80,"KNOX","METROPOLITAN SOUTH EAST REGION",-37.92802776,145.2331547,"Wet","Raining"