"ACCIDENT_NO","ACCIDENTDATE","ACCIDENTTIME","Accident Type Desc","Day Week Description","Light Condition Desc","NO_OF_VEHICLES","NO_PERSONS","Road Geometry Desc","SEVERITY","SPEED_ZONE","LGA_NAME","REGION_NAME","Lat","Long","Surface Cond Desc","Atmosph Cond Desc"
"T20190016184","26/8/19",06:50:00,"Collision with vehicle","Monday","Day",2,2,"T intersection",3,999,"MOONEE VALLEY","METROPOLITAN NORTH WEST REGION",-37.78333296,144.9354951,"Dry","Clear"
"T20190016185","26/8/19",07:30:00,"Collision with vehicle","Monday","Day",2,2,"Cross intersection",3,60,"BANYULE","METROPOLITAN NORTH WEST REGION",-37.75663787,145.0696135,"Dry","Clear"
"T20190016186","7/8/19",18:30:00,"Collision with vehicle","Wednesday","Dusk/Dawn",2,2,"Not at intersection",3,999,"MARIBYRNONG","METROPOLITAN NORTH WEST REGION",-37.80673498,144.9046569,"Dry","Clear"
"T20190016187","25/8/19",15:45:00,"Collision with vehicle","Sunday","Day",2,3,"T intersection",3,50,"CASEY","METROPOLITAN SOUTH EAST REGION",-37.98272982,145.240366,"Dry","Clear"
"T20190016188","25/8/19",12:45:00,"Collision with a fixed object","Sunday","Day",1,2,"T intersection",2,100,"BAW BAW","EASTERN REGION",-37.74914058,146.4444847,"Dry","Clear"
"T20190016196","23/8/19",12:45:00,"Collision with vehicle","Friday","Day",2,2,"T intersection",3,60,"STONNINGTON","METROPOLITAN SOUTH EAST REGION",-37.84469195,145.0390501,"Dry","Clear"
"T20190016200","21/8/19",14:05:00,"Collision with vehicle","Wednesday","Day",2,2,"Not at intersection",3,40,"MORELAND","METROPOLITAN NORTH WEST REGION",-37.74676865,144.9656431,"Unknown","Clear"
"T20190016201","14/8/19",05:00:00,"Struck animal","Wednesday","Dark No street lights",1,1,"Not at intersection",3,100,"WELLINGTON","EASTERN REGION",-38.05733267,146.9669566,"Dry","Fog"
"T20190016202","23/8/19",17:30:00,"Collision with vehicle","Friday","Dusk/Dawn",2,2,"Not at intersection",3,40,"WYNDHAM","METROPOLITAN NORTH WEST REGION",-37.91975913,144.6307797,"Dry","Clear"
"T20190016203","26/8/19",10:55:00,"Collision with a fixed object","Monday","Day",1,3,"Not at intersection",3,50,"CASEY","METROPOLITAN SOUTH EAST REGION",-37.99619172,145.3318359,"Dry","Clear"
"T20190016204","25/8/19",11:15:00,"Collision with vehicle","Sunday","Day",2,3,"Not at intersection",3,60,"GLEN EIRA","METROPOLITAN SOUTH EAST REGION",-37.92033256,145.0509076,"Dry","Clear"
"T20190016206","21/8/19",17:00:00,"Collision with vehicle","Wednesday","Unknown",2,1,"Cross intersection",3,999,"CASEY","METROPOLITAN SOUTH EAST REGION",-38.04573719,145.3410657,"Unknown","Clear"
"T20190016207","22/8/19",03:30:00,"Collision with vehicle","Thursday","Dark Street lights on",3,3,"Cross intersection",3,40,"MELBOURNE","METROPOLITAN NORTH WEST REGION",-37.81755491,144.9900128,"Dry","Not known"
"T20190016209","26/8/19",12:00:00,"Collision with a fixed object","Monday","Day",1,1,"Not at intersection",3,60,"NILLUMBIK","METROPOLITAN NORTH WEST REGION",-37.60557856,145.1919218,"Dry","Clear"
"T20190016210","26/8/19",08:33:00,"Collision with vehicle","Monday","Day",2,2,"Not at intersection",3,100,"MORNINGTON PENINSULA","METROPOLITAN SOUTH EAST REGION",-38.27066638,145.0886476,"Dry","Clear"
"T20190016213","15/8/19",17:13:00,"Collision with vehicle","Thursday","Day",2,2,"Not at intersection",3,60,"HUME","METROPOLITAN NORTH WEST REGION",-37.66721961,144.9544226,"Dry","Clear"
"T20190016214","26/8/19",11:45:00,"Collision with vehicle","Monday","Day",2,3,"Cross intersection",3,60,"MELBOURNE","METROPOLITAN NORTH WEST REGION",-37.79255198,144.9584548,"Dry","Clear"
"T20190016216","26/8/19",11:45:00,"Collision with a fixed object","Monday","Day",1,1,"Not at intersection",3,100,"BENDIGO","NORTHERN REGION",-36.48715064,144.4004523,"Dry","Clear"
"T20190016217","19/8/19",08:20:00,"Collision with vehicle","Monday","Day",2,2,"Cross intersection",3,999,"CASEY","METROPOLITAN SOUTH EAST REGION",-38.07452985,145.3356263,"Unknown","Not known"
"T20190016219","26/8/19",10:50:00,"Collision with vehicle","Monday","Day",2,3,"Cross intersection",3,100,"CAMPASPE","NORTHERN REGION",-36.25464264,145.1036073,"Dry","Clear"
"T20190016221","12/8/19",05:55:00,"No collision and no object struck","Monday","Dark Street lights on",1,1,"Cross intersection",3,40,"MELBOURNE","METROPOLITAN NORTH WEST REGION",-37.81477043,144.9690022,"Wet","Raining"
"T20190016223","24/8/19",11:00:00,"Collision with vehicle","Saturday","Day",3,3,"Cross intersection",3,60,"MORELAND","METROPOLITAN NORTH WEST REGION",-37.74131367,144.9665974,"Dry","Clear"
"T20190016224","26/8/19",14:45:00,"Collision with vehicle","Monday","Day",2,2,"Cross intersection",3,80,"FRANKSTON","METROPOLITAN SOUTH EAST REGION",-38.11835863,145.1490799,"Dry","Clear"
"T20190016225","15/8/19",20:07:00,"Collision with vehicle","Thursday","Dark Street lights on",2,5,"Cross intersection",3,70,"CASEY","METROPOLITAN SOUTH EAST REGION",-38.08210882,145.2764842,"Dry","Clear"
"T20190016227","14/8/19",19:00:00,"Collision with vehicle","Wednesday","Dusk/Dawn",2,2,"Not at intersection",3,40,"YARRA","METROPOLITAN NORTH WEST REGION",-37.80775086,144.9768779,"Dry","Clear"
"T20190016228","22/6/19",11:30:00,"Struck animal","Saturday","Day",1,1,"Not at intersection",3,100,"ARARAT","WESTERN REGION",-37.25486259,143.2209664,"Dry","Clear"
"T20190016230","24/8/19",19:00:00,"Collision with vehicle","Saturday","Dark Street lights on",2,3,"Cross intersection",3,60,"BALLARAT","WESTERN REGION",-37.53891024,143.8222955,"Dry","Not known"
"T20190016232","26/8/19",10:40:00,"Collision with vehicle","Monday","Day",2,2,"Cross intersection",3,50,"WYNDHAM","METROPOLITAN NORTH WEST REGION",-37.90108932,144.6497779,"Wet","Raining"
"T20190016234","26/8/19",16:10:00,"Collision with vehicle","Monday","Day",2,2,"T intersection",3,70,"HUME","METROPOLITAN NORTH WEST REGION",-37.66972896,144.9551145,"Dry","Not known"
"T20190016236","26/8/19",17:25:00,"Collision with vehicle","Monday","Day",2,2,"Cross intersection",3,50,"HUME","METROPOLITAN NORTH WEST REGION",-37.60741505,144.9171734,"Dry","Clear"
"T20190016237","21/8/19",15:50:00,"Collision with vehicle","Wednesday","Day",2,2,"T intersection",3,999,"MELBOURNE","METROPOLITAN NORTH WEST REGION",-37.82175685,144.9657833,"Unknown","Clear"
"T20190016238","26/8/19",16:30:00,"Collision with vehicle","Monday","Day",9,11,"Not at intersection",3,100,"HUME","METROPOLITAN NORTH WEST REGION",-37.69429776,144.9156245,"Dry","Clear"
"T20190016240","23/8/19",08:00:00,"Collision with vehicle","Friday","Day",2,2,"T intersection",3,100,"NORTHERN GRAMPIANS","WESTERN REGION",-36.63712342,143.1959518,"Dry","Clear"
"T20190016242","9/8/19",11:45:00,"Collision with vehicle","Friday","Day",2,2,"Not at intersection",3,60,"DAREBIN","METROPOLITAN NORTH WEST REGION",-37.74787868,145.0279115,"Wet","Raining"
"T20190016243","26/8/19",19:09:00,"Struck Pedestrian","Monday","Dark Street lights on",1,2,"Not at intersection",3,60,"KINGSTON","METROPOLITAN SOUTH EAST REGION",-37.9424328,145.0642319,"Dry","Clear"
"T20190016245","16/8/19",16:30:00,"Collision with vehicle","Friday","Day",4,4,"Not at intersection",3,80,"BRIMBANK","METROPOLITAN NORTH WEST REGION",-37.72025586,144.8400574,"Wet","Not known"
"T20190016247","26/8/19",17:00:00,"Collision with vehicle","Monday","Day",2,2,"Cross intersection",2,60,"EAST GIPPSLAND","EASTERN REGION",-37.87942421,147.9862536,"Dry","Clear"
"T20190016253","25/8/19",13:00:00,"Collision with vehicle","Sunday","Day",2,2,"Cross intersection",2,50,"HOBSONS BAY","METROPOLITAN NORTH WEST REGION",-37.85194403,144.8628274,"Dry","Clear"
"T20190016254","26/8/19",15:57:00,"Collision with a fixed object","Monday","Day",1,1,"Not at intersection",1,50,"WHITEHORSE","METROPOLITAN SOUTH EAST REGION",-37.83912678,145.1688824,"Dry","Clear"
"T20190016255","26/8/19",15:40:00,"Collision with vehicle","Monday","Day",2,2,"T intersection",3,999,"HOBSONS BAY","METROPOLITAN NORTH WEST REGION",-37.82742973,144.8291494,"Dry","Clear"
"T20190016259","18/4/19",09:35:00,"Collision with vehicle","Thursday","Day",2,2,"Cross intersection",3,50,"BANYULE","METROPOLITAN NORTH WEST REGION",-37.74943577,145.0530446,"Unknown","Clear"
"T20190016260","26/8/19",17:20:00,"Collision with vehicle","Monday","Day",2,3,"T intersection",3,60,"MONASH","METROPOLITAN SOUTH EAST REGION",-37.87196783,145.1462688,"Dry","Clear"
"T20190016261","26/8/19",04:45:00,"Collision with vehicle","Monday","Dark Street lights on",2,3,"Cross intersection",3,50,"GEELONG","SOUTH WESTERN REGION",-38.15556911,144.3654123,"Dry","Clear"
"T20190016264","27/8/19",03:30:00,"Collision with a fixed object","Tuesday","Dark No street lights",1,5,"T intersection",2,100,"WODONGA","NORTH EASTERN REGION",-36.19092429,146.9663836,"Dry","Clear"
"T20190016268","17/8/19",16:50:00,"Collision with vehicle","Saturday","Day",2,3,"Cross intersection",3,50,"CAMPASPE","NORTHERN REGION",-36.36006919,144.7030159,"Dry","Clear"
"T20190016270","6/8/19",08:00:00,"Collision with vehicle","Tuesday","Day",2,2,"Cross intersection",3,40,"YARRA","METROPOLITAN NORTH WEST REGION",-37.78141954,144.967064,"Dry","Clear"
"T20190016272","27/8/19",08:40:00,"Collision with vehicle","Tuesday","Day",2,2,"T intersection",3,60,"GLEN EIRA","METROPOLITAN SOUTH EAST REGION",-37.87685567,145.0354461,"Dry","Clear"
"T20190016278","27/8/19",08:40:00,"Collision with vehicle","Tuesday","Day",2,2,"Not at intersection",3,100,"WHITTLESEA","METROPOLITAN NORTH WEST REGION",-37.68654753,144.9859475,"Dry","Clear"
"T20190016279","27/8/19",07:40:00,"Struck Pedestrian","Tuesday","Day",1,2,"T intersection",2,80,"WHITTLESEA","METROPOLITAN NORTH WEST REGION",-37.6960422,145.059354,"Dry","Clear"
"T20190016282","25/7/19",09:15:00,"Collision with vehicle","Thursday","Unknown",2,2,"Not at intersection",3,60,"YARRA RANGES","METROPOLITAN SOUTH EAST REGION",-37.75730606,145.357186,"Unknown","Not known"
"T20190016283","26/8/19",22:00:00,"Collision with a fixed object","Monday","Dark No street lights",1,1,"Not at intersection",3,100,"MOYNE","SOUTH WESTERN REGION",-38.3625055,142.7614318,"Dry","Clear"
"T20190016285","27/8/19",12:00:00,"Struck Pedestrian","Tuesday","Day",1,2,"T intersection",3,50,"MANNINGHAM","METROPOLITAN SOUTH EAST REGION",-37.79112977,145.170858,"Dry","Not known"
"T20190016287","6/6/19",09:51:00,"Collision with vehicle","Thursday","Day",2,2,"Cross intersection",3,50,"MACEDON RANGES","NORTHERN REGION",-37.49200874,144.5904185,"Dry","Clear"
"T20190016289","27/8/19",08:15:00,"Collision with vehicle","Tuesday","Day",2,2,"Not at intersection",3,110,"MACEDON RANGES","NORTHERN REGION",-37.36589514,144.5482892,"Dry","Clear"
"T20190016293","27/8/19",09:15:00,"Collision with vehicle","Tuesday","Day",2,3,"Not at intersection",3,60,"MONASH","METROPOLITAN SOUTH EAST REGION",-37.8748516,145.1718217,"Dry","Clear"
"T20190016295","23/7/19",14:22:00,"Collision with vehicle","Tuesday","Day",2,2,"T intersection",3,80,"BANYULE","METROPOLITAN NORTH WEST REGION",-37.69521706,145.0922991,"Dry","Clear"
"T20190016296","24/8/19",16:30:00,"Collision with vehicle","Saturday","Day",2,4,"T intersection",3,60,"WANGARATTA","NORTH EASTERN REGION",-36.33617076,146.2960936,"Dry","Clear"
"T20190016297","30/1/19",17:15:00,"Collision with vehicle","Wednesday","Day",2,2,"T intersection",3,60,"GLEN EIRA","METROPOLITAN SOUTH EAST REGION",-37.87003739,145.0087208,"Wet","Raining"
"T20190016298","27/8/19",06:30:00,"Collision with vehicle","Tuesday","Day",2,2,"T intersection",3,50,"CARDINIA","METROPOLITAN SOUTH EAST REGION",-38.08114768,145.4479394,"Dry","Not known"
"T20190016299","27/8/19",13:33:00,"Collision with vehicle","Tuesday","Day",2,3,"Y intersection",3,60,"BAW BAW","EASTERN REGION",-38.16453412,145.9389246,"Dry","Clear"
"T20190016300","27/8/19",09:20:00,"Collision with vehicle","Tuesday","Day",2,2,"Not at intersection",3,60,"STONNINGTON","METROPOLITAN SOUTH EAST REGION",-37.87721755,145.086082,"Dry","Clear"
"T20190016303","27/8/19",06:30:00,"Collision with vehicle","Tuesday","Day",2,2,"Cross intersection",3,40,"PORT PHILLIP","METROPOLITAN NORTH WEST REGION",-37.8380122,144.9367846,"Dry","Clear"
"T20190016304","27/8/19",08:45:00,"Collision with vehicle","Tuesday","Day",3,4,"Not at intersection",3,999,"CASEY","METROPOLITAN SOUTH EAST REGION",-38.02648522,145.3036124,"Dry","Clear"
"T20190016305","24/8/19",16:42:00,"Collision with vehicle","Saturday","Unknown",2,4,"Not at intersection",3,999,"DAREBIN","METROPOLITAN NORTH WEST REGION",-37.7165201,145.0423878,"Unknown","Not known"
"T20190016306","29/6/19",17:55:00,"collision with some other object","Saturday","Dark No street lights",1,1,"Not at intersection",3,80,"MOIRA","NORTH EASTERN REGION",-35.95346998,145.6779662,"Wet","Raining"
"T20190016307","27/8/19",13:00:00,"Collision with vehicle","Tuesday","Day",2,2,"Cross intersection",3,50,"SURF COAST","SOUTH WESTERN REGION",-38.32128953,144.3246813,"Dry","Clear"
"T20190016308","27/8/19",10:23:00,"Collision with vehicle","Tuesday","Day",4,6,"Not at intersection",3,100,"PYRENEES","WESTERN REGION",-37.43280856,143.4415821,"Dry","Clear"
"T20190016309","23/8/19",15:30:00,"Collision with vehicle","Friday","Unknown",2,2,"Cross intersection",3,999,"MELBOURNE","METROPOLITAN NORTH WEST REGION",-37.81129897,144.9618087,"Unknown","Not known"
"T20190016310","11/8/19",02:30:00,"No collision and no object struck","Sunday","Dark Street lights unknown",1,1,"Not at intersection",3,60,"STONNINGTON","METROPOLITAN SOUTH EAST REGION",-37.85254842,145.0369336,"Wet","Raining"
"T20190016311","27/8/19",08:46:00,"Collision with vehicle","Tuesday","Day",2,3,"Not at intersection",3,60,"MARIBYRNONG","METROPOLITAN NORTH WEST REGION",-37.8006087,144.8715325,"Dry","Clear"
"T20190016315","27/8/19",00:10:00,"Collision with vehicle","Tuesday","Dark No street lights",2,2,"Not at intersection",3,110,"BALLARAT","WESTERN REGION",-37.4679468,143.6218973,"Dry","Not known"
"T20190016316","27/8/19",07:00:00,"collision with some other object","Tuesday","Day",2,2,"Cross intersection",3,100,"BRIMBANK","METROPOLITAN NORTH WEST REGION",-37.78158051,144.7912604,"Dry","Clear"
"T20190016317","27/8/19",10:00:00,"Collision with vehicle","Tuesday","Day",2,4,"Not at intersection",3,70,"MELBOURNE","METROPOLITAN NORTH WEST REGION",-37.79255198,144.9584548,"Dry","Clear"
"T20190016319","27/8/19",07:55:00,"Collision with vehicle","Tuesday","Day",2,2,"Cross intersection",3,40,"DAREBIN","METROPOLITAN NORTH WEST REGION",-37.73949759,144.9946867,"Dry","Clear"
"T20190016320","27/8/19",15:00:00,"Collision with vehicle","Tuesday","Day",2,4,"Cross intersection",3,60,"DANDENONG","METROPOLITAN SOUTH EAST REGION",-37.99343913,145.2225536,"Dry","Clear"
"T20190016322","5/5/19",15:00:00,"Fall from or in moving vehicle","Sunday","Day",1,1,"Not at intersection",3,888,"YARRA RANGES","METROPOLITAN SOUTH EAST REGION",-37.69833391,145.8600169,"Unknown","Clear"
"T20190016323","27/8/19",08:20:00,"Collision with vehicle","Tuesday","Day",2,2,"Cross intersection",3,60,"BALLARAT","WESTERN REGION",-37.59286014,143.8314112,"Dry","Clear"
"T20190016324","27/8/19",16:10:00,"Collision with vehicle","Tuesday","Day",2,2,"T intersection",3,40,"BRIMBANK","METROPOLITAN NORTH WEST REGION",-37.78124877,144.8327167,"Dry","Clear"
"T20190016326","27/8/19",16:30:00,"Collision with vehicle","Tuesday","Day",2,2,"T intersection",3,60,"MELTON","METROPOLITAN NORTH WEST REGION",-37.71433042,144.5729017,"Dry","Clear"
"T20190016327","27/8/19",16:40:00,"Collision with vehicle","Tuesday","Day",2,2,"Cross intersection",3,60,"MONASH","METROPOLITAN SOUTH EAST REGION",-37.86691182,145.1026667,"Dry","Clear"
"T20190016328","26/8/19",16:00:00,"Collision with vehicle","Monday","Day",3,3,"T intersection",3,60,"CASEY","METROPOLITAN SOUTH EAST REGION",-38.06617948,145.2664085,"Dry","Not known"
"T20190016329","27/8/19",16:55:00,"Collision with vehicle","Tuesday","Day",2,5,"T intersection",3,80,"LATROBE","EASTERN REGION",-38.21802993,146.4756639,"Dry","Clear"
"T20190016335","27/8/19",18:55:00,"Collision with vehicle","Tuesday","Dark Street lights on",2,4,"Not at intersection",3,60,"KINGSTON","METROPOLITAN SOUTH EAST REGION",-37.95344308,145.078992,"Dry","Clear"
"T20190016337","21/8/19",17:15:00,"collision with some other object","Wednesday","Day",1,3,"Not at intersection",3,999,"HUME","METROPOLITAN NORTH WEST REGION",-37.5977267,144.7556498,"Unknown","Clear"
"T20190016339","27/8/19",18:36:00,"Collision with vehicle","Tuesday","Dark Street lights on",4,6,"Cross intersection",3,60,"MELTON","METROPOLITAN NORTH WEST REGION",-37.68559009,144.5498472,"Dry","Clear"
"T20190016340","19/8/19",16:18:00,"Collision with vehicle","Monday","Day",2,2,"Cross intersection",3,80,"CASEY","METROPOLITAN SOUTH EAST REGION",-38.14784087,145.2454982,"Dry","Not known"
"T20190016342","27/8/19",18:00:00,"Collision with a fixed object","Tuesday","Dark Street lights off",1,1,"Not at intersection",3,50,"WHITTLESEA","METROPOLITAN NORTH WEST REGION",-37.64849622,145.0835976,"Dry","Clear"
"T20190016344","27/8/19",05:30:00,"Collision with vehicle","Tuesday","Dark No street lights",2,2,"Not at intersection",3,70,"MANNINGHAM","METROPOLITAN SOUTH EAST REGION",-37.76828962,145.199875,"Dry","Clear"
"T20190016354","21/8/19",11:15:00,"Collision with vehicle","Wednesday","Day",2,2,"Cross intersection",3,80,"WYNDHAM","METROPOLITAN NORTH WEST REGION",-37.8441433,144.781858,"Dry","Not known"
"T20190016355","28/8/19",06:30:00,"Collision with vehicle","Wednesday","Day",2,2,"T intersection",3,80,"MOORABOOL","WESTERN REGION",-37.77674861,144.4363589,"Dry","Clear"
"T20190016356","27/8/19",17:02:00,"Struck Pedestrian","Tuesday","Dusk/Dawn",1,2,"Not at intersection",3,999,"BOROONDARA","METROPOLITAN SOUTH EAST REGION",-37.81998855,145.0162004,"Dry","Clear"
"T20190016360","28/8/19",06:15:00,"Collision with a fixed object","Wednesday","Dusk/Dawn",1,1,"Not at intersection",3,70,"MELBOURNE","METROPOLITAN NORTH WEST REGION",-37.80278123,144.9263833,"Dry","Clear"
"T20190016362","28/8/19",07:25:00,"Collision with vehicle","Wednesday","Day",3,3,"Not at intersection",3,80,"BRIMBANK","METROPOLITAN NORTH WEST REGION",-37.71228043,144.8313982,"Dry","Clear"
"T20190016363","28/8/19",08:15:00,"Collision with vehicle","Wednesday","Day",2,4,"Not at intersection",3,100,"CORANGAMITE","SOUTH WESTERN REGION",-38.2929172,143.1176277,"Dry","Clear"
"T20190016364","13/8/19",06:56:00,"Collision with vehicle","Tuesday","Day",2,2,"T intersection",3,999,"WHITEHORSE","METROPOLITAN SOUTH EAST REGION",-37.85065191,145.0980214,"Wet","Not known"
"T20190016366","22/8/19",10:15:00,"Collision with vehicle","Thursday","Day",2,3,"Not at intersection",3,50,"CARDINIA","METROPOLITAN SOUTH EAST REGION",-38.07624155,145.4803077,"Dry","Not known"
"T20190016367","28/8/19",11:00:00,"Collision with vehicle","Wednesday","Day",2,2,"Y intersection",3,60,"FRANKSTON","METROPOLITAN SOUTH EAST REGION",-38.14611531,145.1253813,"Dry","Clear"
"T20190016368","15/8/19",10:10:00,"Collision with vehicle","Thursday","Unknown",2,1,"Not at intersection",3,80,"DANDENONG","METROPOLITAN SOUTH EAST REGION",-38.06480486,145.2007526,"Unknown","Not known"
"T20190016370","28/8/19",09:10:00,"Collision with a fixed object","Wednesday","Day",1,1,"Not at intersection",3,100,"MITCHELL","NORTHERN REGION",-37.13795253,145.2330028,"Dry","Clear"
"T20190016372","1/6/19",11:00:00,"Fall from or in moving vehicle","Saturday","Day",1,1,"Not at intersection",3,999,"CAMPASPE","NORTHERN REGION",-36.63586234,145.0318898,"Unknown","Not known"
"T20190016373","28/8/19",11:21:00,"Collision with vehicle","Wednesday","Day",2,2,"Cross intersection",3,80,"WHITEHORSE","METROPOLITAN SOUTH EAST REGION",-37.85475631,145.1694168,"Dry","Clear"
"T20190016374","22/8/19",09:29:00,"Collision with vehicle","Thursday","Day",2,3,"T intersection",3,60,"BAW BAW","EASTERN REGION",-38.15662862,145.9187558,"Wet","Clear"
"T20190016375","28/8/19",10:00:00,"Vehicle overturned (no collision)","Wednesday","Day",1,2,"Not at intersection",3,80,"EAST GIPPSLAND","EASTERN REGION",-37.54391941,148.5349362,"Dry","Clear"
"T20190016377","28/8/19",12:00:00,"Struck Pedestrian","Wednesday","Day",1,2,"Not at intersection",2,30,"MANNINGHAM","METROPOLITAN SOUTH EAST REGION",-37.76124552,145.1687522,"Dry","Clear"
"T20190016378","28/8/19",06:30:00,"Collision with vehicle","Wednesday","Day",2,2,"Cross intersection",3,60,"FRANKSTON","METROPOLITAN SOUTH EAST REGION",-38.108668,145.1385246,"Dry","Not known"
"T20190016379","28/8/19",12:00:00,"Collision with vehicle","Wednesday","Day",2,2,"T intersection",3,999,"WHITTLESEA","METROPOLITAN NORTH WEST REGION",-37.68456277,145.0686325,"Dry","Clear"
"T20190016382","27/8/19",16:53:00,"Collision with vehicle","Tuesday","Day",2,3,"Cross intersection",3,70,"GEELONG","SOUTH WESTERN REGION",-38.18917951,144.4642899,"Dry","Clear"
"T20190016383","21/8/19",07:00:00,"Collision with vehicle","Wednesday","Dusk/Dawn",2,2,"Cross intersection",3,60,"DAREBIN","METROPOLITAN NORTH WEST REGION",-37.73767807,145.0010592,"Dry","Not known"
"T20190016385","27/8/19",13:14:00,"Collision with vehicle","Tuesday","Day",2,2,"Cross intersection",3,50,"WYNDHAM","METROPOLITAN NORTH WEST REGION",-37.88798922,144.6135381,"Dry","Clear"
"T20190016386","28/8/19",12:50:00,"Collision with vehicle","Wednesday","Day",2,3,"Cross intersection",3,60,"STONNINGTON","METROPOLITAN SOUTH EAST REGION",-37.84725575,144.9847564,"Wet","Raining"
"T20190016387","28/8/19",08:40:00,"Collision with vehicle","Wednesday","Day",2,2,"Not at intersection",3,40,"YARRA","METROPOLITAN NORTH WEST REGION",-37.78398024,144.9727974,"Dry","Clear"
"T20190016388","6/4/19",23:30:00,"Collision with a fixed object","Saturday","Dark No street lights",1,2,"Not at intersection",3,80,"YARRA RANGES","METROPOLITAN SOUTH EAST REGION",-37.5559306,145.4781103,"Dry","Clear"
"T20190016389","28/8/19",15:07:00,"Collision with vehicle","Wednesday","Day",2,2,"Cross intersection",3,50,"BANYULE","METROPOLITAN NORTH WEST REGION",-37.70745621,145.0832784,"Wet","Raining"
"T20190016391","28/8/19",05:50:00,"Collision with vehicle","Wednesday","Dusk/Dawn",3,5,"Not at intersection",3,100,"BRIMBANK","METROPOLITAN NORTH WEST REGION",-37.80937117,144.8079692,"Dry","Clear"
"T20190016393","22/7/19",09:15:00,"Collision with vehicle","Monday","Day",2,2,"Not at intersection",3,100,"BOROONDARA","METROPOLITAN SOUTH EAST REGION",-37.79086988,145.044462,"Dry","Clear"
"T20190016395","28/8/19",15:20:00,"Struck Pedestrian","Wednesday","Day",1,2,"Not at intersection",3,40,"CASEY","METROPOLITAN SOUTH EAST REGION",-38.03496346,145.2616969,"Wet","Raining"
"T20190016396","28/8/19",11:00:00,"Collision with a fixed object","Wednesday","Day",1,1,"Not at intersection",3,999,"YARRA RANGES","METROPOLITAN SOUTH EAST REGION",-37.96199002,145.3543493,"Muddy","Clear"
"T20190016397","24/8/19",11:00:00,"Collision with vehicle","Saturday","Day",2,2,"Not at intersection",3,100,"MOIRA","NORTH EASTERN REGION",-36.04008714,145.2081371,"Dry","Clear"
"T20190016402","28/8/19",12:10:00,"Collision with vehicle","Wednesday","Day",2,2,"T intersection",3,60,"WHITEHORSE","METROPOLITAN SOUTH EAST REGION",-37.80180478,145.1595604,"Wet","Raining"
"T20190016407","27/6/19",22:15:00,"Collision with a fixed object","Thursday","Dark No street lights",1,1,"Not at intersection",2,80,"COLAC OTWAY","SOUTH WESTERN REGION",-38.21657727,143.5764094,"Wet","Raining"
"T20190016408","28/8/19",17:10:00,"Collision with vehicle","Wednesday","Day",3,3,"Cross intersection",3,60,"STONNINGTON","METROPOLITAN SOUTH EAST REGION",-37.85465868,145.0522587,"Wet","Clear"
"T20190016409","28/8/19",17:40:00,"Collision with vehicle","Wednesday","Day",2,2,"Cross intersection",3,50,"WODONGA","NORTH EASTERN REGION",-36.13819748,146.8869389,"Dry","Clear"
"T20190016411","28/8/19",18:16:00,"Struck Pedestrian","Wednesday","Dark Street lights on",1,2,"Cross intersection",3,60,"YARRA","METROPOLITAN NORTH WEST REGION",-37.79022412,144.9948269,"Wet","Raining"
"T20190016413","28/8/19",12:15:00,"Collision with vehicle","Wednesday","Day",3,3,"Not at intersection",3,70,"MONASH","METROPOLITAN SOUTH EAST REGION",-37.90633965,145.160907,"Wet","Raining"
"T20190016414","26/8/19",15:30:00,"Collision with vehicle","Monday","Day",2,2,"Cross intersection",3,999,"MONASH","METROPOLITAN SOUTH EAST REGION",-37.90012502,145.1744463,"Unknown","Not known"
"T20190016416","28/8/19",12:00:00,"Collision with a fixed object","Wednesday","Day",1,1,"Cross intersection",3,50,"GEELONG","SOUTH WESTERN REGION",-38.18661762,144.320999,"Dry","Clear"
"T20190016417","27/7/19",09:30:00,"Vehicle overturned (no collision)","Saturday","Day",1,1,"Not at intersection",3,999,"MOORABOOL","WESTERN REGION",-37.74680425,144.1030403,"Dry","Not known"
"T20190016420","28/8/19",18:15:00,"Collision with a fixed object","Wednesday","Dark No street lights",1,2,"Not at intersection",3,100,"MURRINDINDI","NORTH EASTERN REGION",-37.38079351,145.5296412,"Wet","Clear"
"T20190016421","28/8/19",17:58:00,"Collision with vehicle","Wednesday","Dark Street lights on",2,2,"Cross intersection",2,60,"BOROONDARA","METROPOLITAN SOUTH EAST REGION",-37.79209331,145.0928935,"Wet","Raining"
"T20190016423","25/8/19",15:50:00,"Collision with vehicle","Sunday","Day",2,2,"Cross intersection",3,60,"CASEY","METROPOLITAN SOUTH EAST REGION",-38.11303495,145.2827853,"Dry","Clear"
"T20190016424","22/8/19",06:30:00,"No collision and no object struck","Thursday","Dark Street lights on",1,1,"Not at intersection",3,80,"DANDENONG","METROPOLITAN SOUTH EAST REGION",-37.92720673,145.1474217,"Wet","Raining"
"T20190016425","28/8/19",18:15:00,"Collision with vehicle","Wednesday","Dark Street lights on",3,3,"Not at intersection",3,60,"STONNINGTON","METROPOLITAN SOUTH EAST REGION",-37.86313736,145.0341543,"Wet","Clear"