"ACCIDENT_NO","ACCIDENTDATE","ACCIDENTTIME","Accident Type Desc","Day Week Description","Light Condition Desc","NO_OF_VEHICLES","NO_PERSONS","Road Geometry Desc","SEVERITY","SPEED_ZONE","LGA_NAME","REGION_NAME","Lat","Long","Surface Cond Desc","Atmosph Cond Desc"
"T20190016428","28/8/19",21:17:00,"Collision with vehicle","Wednesday","Dark Street lights on",3,2,"Not at intersection",3,60,"GLEN EIRA","METROPOLITAN SOUTH EAST REGION",-37.90678354,145.0251468,"Wet","Clear"
"T20190016431","28/8/19",19:54:00,"Struck Pedestrian","Wednesday","Dark Street lights on",1,2,"Cross intersection",3,60,"MORELAND","METROPOLITAN NORTH WEST REGION",-37.71868998,144.9630054,"Wet","Raining"
"T20190016432","28/8/19",21:23:00,"Collision with vehicle","Wednesday","Dark Street lights on",2,2,"T intersection",3,60,"BOROONDARA","METROPOLITAN SOUTH EAST REGION",-37.81588347,145.0596398,"Wet","Raining"
"T20190016435","28/8/19",17:50:00,"Collision with vehicle","Wednesday","Dusk/Dawn",2,2,"Cross intersection",3,60,"BALLARAT","WESTERN REGION",-37.56054224,143.8444444,"Wet","Raining"
"T20190016436","28/8/19",18:05:00,"Struck Pedestrian","Wednesday","Day",1,4,"Cross intersection",3,60,"MILDURA","WESTERN REGION",-34.21099073,142.1413662,"Wet","Raining"
"T20190016438","28/8/19",19:20:00,"Collision with vehicle","Wednesday","Dark Street lights on",2,4,"T intersection",3,60,"HUME","METROPOLITAN NORTH WEST REGION",-37.56376399,144.890961,"Wet","Raining"
"T20190016442","29/8/19",00:20:00,"Collision with a fixed object","Thursday","Dark Street lights on",1,1,"Not at intersection",3,60,"WARRNAMBOOL","SOUTH WESTERN REGION",-38.38360976,142.4776262,"Wet","Clear"
"T20190016445","28/8/19",22:50:00,"Collision with vehicle","Wednesday","Dark No street lights",2,3,"Not at intersection",3,110,"MOORABOOL","WESTERN REGION",-37.68511144,144.4788615,"Wet","Raining"
"T20190016446","29/8/19",00:58:00,"No collision and no object struck","Thursday","Dark No street lights",1,1,"Not at intersection",3,100,"CASEY","METROPOLITAN SOUTH EAST REGION",-37.99757949,145.2526382,"Wet","Raining"
"T20190016446","29/8/19",00:58:00,"No collision and no object struck","Thursday","Dark No street lights",1,1,"Not at intersection",3,100,"CASEY","METROPOLITAN SOUTH EAST REGION",-37.99757949,145.2526382,"Wet","Fog"
"T20190016450","16/8/19",15:45:00,"Collision with vehicle","Friday","Day",2,2,"Cross intersection",3,80,"CARDINIA","METROPOLITAN SOUTH EAST REGION",-38.06300494,145.4372955,"Dry","Not known"
"T20190016452","29/8/19",02:06:00,"Collision with a fixed object","Thursday","Dark Street lights on",1,1,"Not at intersection",3,70,"MANNINGHAM","METROPOLITAN SOUTH EAST REGION",-37.76532204,145.1840688,"Wet","Fog"
"T20190016453","29/8/19",05:15:00,"Collision with vehicle","Thursday","Dark Street lights on",2,1,"Not at intersection",3,60,"WARRNAMBOOL","SOUTH WESTERN REGION",-38.38631832,142.5044386,"Dry","Clear"
"T20190016456","27/8/19",13:15:00,"Struck Pedestrian","Tuesday","Day",1,2,"Not at intersection",3,60,"MITCHELL","NORTHERN REGION",-37.42297263,144.9775211,"Dry","Clear"
"T20190016458","29/8/19",06:00:00,"Collision with vehicle","Thursday","Dusk/Dawn",2,3,"T intersection",3,80,"CASEY","METROPOLITAN SOUTH EAST REGION",-38.00206944,145.3117564,"Wet","Clear"
"T20190016459","28/8/19",14:25:00,"Struck Pedestrian","Wednesday","Day",1,2,"Cross intersection",3,60,"LATROBE","EASTERN REGION",-38.23474468,146.4316254,"Dry","Clear"
"T20190016461","29/8/19",07:55:00,"Collision with vehicle","Thursday","Day",2,14,"T intersection",3,80,"MARIBYRNONG","METROPOLITAN NORTH WEST REGION",-37.81189776,144.8667133,"Dry","Clear"
"T20190016463","27/8/19",15:30:00,"Collision with vehicle","Tuesday","Day",2,2,"Not at intersection",3,999,"YARRA","METROPOLITAN NORTH WEST REGION",-37.8054816,144.9745882,"Dry","Clear"
"T20190016466","25/8/19",15:30:00,"No collision and no object struck","Sunday","Day",1,1,"Not at intersection",3,888,"MANSFIELD","NORTH EASTERN REGION",-36.89890069,145.8769753,"Unknown","Clear"
"T20190016469","29/8/19",07:56:00,"Collision with vehicle","Thursday","Day",3,5,"Multiple intersection",3,80,"MONASH","METROPOLITAN SOUTH EAST REGION",-37.91724614,145.1589696,"Wet","Clear"
"T20190016470","29/8/19",08:30:00,"Collision with vehicle","Thursday","Day",3,3,"Not at intersection",3,70,"NILLUMBIK","METROPOLITAN NORTH WEST REGION",-37.69086194,145.1453692,"Wet","Clear"
"T20190016471","29/8/19",09:10:00,"Collision with vehicle","Thursday","Day",3,4,"Not at intersection",3,60,"CASEY","METROPOLITAN SOUTH EAST REGION",-38.03440695,145.3432023,"Dry","Clear"
"T20190016474","29/8/19",10:30:00,"Collision with vehicle","Thursday","Day",2,5,"Not at intersection",3,80,"FRANKSTON","METROPOLITAN SOUTH EAST REGION",-38.19937561,145.1910927,"Dry","Clear"
"T20190016475","22/8/19",09:50:00,"Collision with vehicle","Thursday","Day",2,2,"T intersection",3,100,"LATROBE","EASTERN REGION",-38.26315368,146.4345874,"Dry","Clear"
"T20190016476","28/8/19",18:30:00,"Collision with vehicle","Wednesday","Dark Street lights on",2,2,"T intersection",3,60,"MAROONDAH","METROPOLITAN SOUTH EAST REGION",-37.80453809,145.2302968,"Wet","Clear"
"T20190016477","28/8/19",21:50:00,"Collision with vehicle","Wednesday","Dark Street lights on",2,3,"Not at intersection",3,40,"MELBOURNE","METROPOLITAN NORTH WEST REGION",-37.81002155,144.9661768,"Wet","Clear"
"T20190016478","27/8/19",20:00:00,"No collision and no object struck","Tuesday","Dusk/Dawn",1,1,"Not at intersection",3,80,"YARRA RANGES","METROPOLITAN SOUTH EAST REGION",-37.69098968,145.3752629,"Unknown","Not known"
"T20190016479","25/8/19",12:30:00,"Vehicle overturned (no collision)","Sunday","Unknown",1,1,"Not at intersection",3,999,"LATROBE","EASTERN REGION",-38.40154639,146.4284782,"Unknown","Not known"
"T20190016480","29/8/19",13:00:00,"Collision with vehicle","Thursday","Day",2,2,"T intersection",3,60,"BAYSIDE","METROPOLITAN SOUTH EAST REGION",-37.96841799,145.0121313,"Dry","Clear"
"T20190016481","29/8/19",12:10:00,"Collision with a fixed object","Thursday","Day",1,1,"Not at intersection",3,50,"GEELONG","SOUTH WESTERN REGION",-38.13891598,144.3367052,"Dry","Clear"
"T20190016482","29/8/19",11:06:00,"Struck Pedestrian","Thursday","Day",1,2,"Not at intersection",3,999,"BAYSIDE","METROPOLITAN SOUTH EAST REGION",-37.91384838,145.0029518,"Dry","Clear"
"T20190016485","29/8/19",13:05:00,"Collision with vehicle","Thursday","Day",2,3,"Not at intersection",3,60,"MARIBYRNONG","METROPOLITAN NORTH WEST REGION",-37.78165378,144.8693628,"Dry","Clear"
"T20190016487","19/7/19",20:20:00,"Collision with vehicle","Friday","Dark Street lights on",2,2,"Cross intersection",3,80,"CASEY","METROPOLITAN SOUTH EAST REGION",-38.11634626,145.307647,"Dry","Clear"
"T20190016489","29/8/19",13:09:00,"Collision with vehicle","Thursday","Day",3,4,"Cross intersection",3,60,"SHEPPARTON","NORTH EASTERN REGION",-36.36667145,145.4022437,"Dry","Clear"
"T20190016490","29/8/19",08:00:00,"Collision with vehicle","Thursday","Day",2,2,"T intersection",3,60,"WHITEHORSE","METROPOLITAN SOUTH EAST REGION",-37.82592347,145.1371508,"Dry","Clear"
"T20190016493","29/8/19",13:20:00,"Collision with vehicle","Thursday","Day",2,2,"Not at intersection",3,110,"MITCHELL","NORTHERN REGION",-37.01593094,145.1026472,"Dry","Clear"
"T20190016494","29/8/19",13:20:00,"Collision with vehicle","Thursday","Day",2,2,"Not at intersection",2,50,"MELBOURNE","METROPOLITAN NORTH WEST REGION",-37.81351966,144.9579981,"Dry","Clear"
"T20190016495","16/8/19",15:55:00,"Collision with vehicle","Friday","Day",3,3,"Cross intersection",2,80,"CASEY","METROPOLITAN SOUTH EAST REGION",-38.07416078,145.2713313,"Dry","Clear"
"T20190016496","25/7/19",04:48:00,"Collision with vehicle","Thursday","Dark Street lights unknown",2,2,"Not at intersection",3,100,"CASEY","METROPOLITAN SOUTH EAST REGION",-38.00989675,145.250842,"Unknown","Not known"
"T20190016499","29/8/19",14:06:00,"Collision with vehicle","Thursday","Day",2,2,"Cross intersection",3,60,"HUME","METROPOLITAN NORTH WEST REGION",-37.58105328,144.7367504,"Dry","Clear"
"T20190016500","29/8/19",15:23:00,"Collision with vehicle","Thursday","Day",4,5,"Not at intersection",3,70,"DAREBIN","METROPOLITAN NORTH WEST REGION",-37.69219986,144.9703695,"Dry","Clear"
"T20190016501","29/8/19",15:30:00,"Collision with vehicle","Thursday","Day",2,3,"T intersection",3,60,"DANDENONG","METROPOLITAN SOUTH EAST REGION",-37.9680332,145.1981521,"Dry","Clear"
"T20190016502","27/8/19",08:30:00,"Collision with vehicle","Tuesday","Day",2,2,"T intersection",3,50,"MELBOURNE","METROPOLITAN NORTH WEST REGION",-37.80314488,144.9695531,"Dry","Clear"
"T20190016503","29/8/19",15:50:00,"Vehicle overturned (no collision)","Thursday","Day",1,1,"Not at intersection",3,100,"MOORABOOL","WESTERN REGION",-37.49803907,143.9651091,"Dry","Clear"
"T20190016505","16/8/19",18:48:00,"Collision with vehicle","Friday","Dark Street lights on",3,5,"Not at intersection",3,80,"HUME","METROPOLITAN NORTH WEST REGION",-37.64053406,144.9289897,"Wet","Raining"
"T20190016506","28/8/19",20:15:00,"Collision with vehicle","Wednesday","Dark Street lights unknown",2,2,"Not at intersection",3,999,"GLEN EIRA","METROPOLITAN SOUTH EAST REGION",-37.8779135,145.04528,"Dry","Clear"
"T20190016509","29/8/19",17:36:00,"Collision with vehicle","Thursday","Day",2,2,"Cross intersection",3,70,"WYNDHAM","METROPOLITAN NORTH WEST REGION",-37.84637597,144.669466,"Dry","Clear"
"T20190016510","29/8/19",17:45:00,"Collision with vehicle","Thursday","Dusk/Dawn",2,2,"T intersection",3,50,"HORSHAM","WESTERN REGION",-36.71343725,142.2049081,"Dry","Clear"
"T20190016513","20/8/19",18:30:00,"Collision with vehicle","Tuesday","Dusk/Dawn",3,3,"Cross intersection",3,60,"GLEN EIRA","METROPOLITAN SOUTH EAST REGION",-37.90662286,145.0617617,"Dry","Clear"
"T20190016514","29/8/19",16:53:00,"Collision with vehicle","Thursday","Day",2,2,"Not at intersection",3,100,"MANNINGHAM","METROPOLITAN SOUTH EAST REGION",-37.7912879,145.1061019,"Dry","Clear"
"T20190016515","28/8/19",16:48:00,"Collision with vehicle","Wednesday","Dusk/Dawn",2,2,"T intersection",3,50,"MOONEE VALLEY","METROPOLITAN NORTH WEST REGION",-37.751474,144.9088509,"Wet","Raining"
"T20190016516","3/5/19",15:00:00,"Collision with vehicle","Friday","Day",2,2,"Not at intersection",3,80,"DANDENONG","METROPOLITAN SOUTH EAST REGION",-37.9567732,145.2261883,"Dry","Clear"
"T20190016517","16/7/19",18:15:00,"Collision with vehicle","Tuesday","Dusk/Dawn",2,2,"Not at intersection",3,60,"FRANKSTON","METROPOLITAN SOUTH EAST REGION",-38.10478987,145.1632696,"Wet","Clear"
"T20190016519","29/8/19",19:35:00,"Collision with vehicle","Thursday","Dark Street lights on",2,3,"Cross intersection",3,60,"KINGSTON","METROPOLITAN SOUTH EAST REGION",-37.98217377,145.071351,"Dry","Clear"
"T20190016522","29/8/19",19:00:00,"Struck Pedestrian","Thursday","Dark Street lights on",1,3,"T intersection",3,50,"DANDENONG","METROPOLITAN SOUTH EAST REGION",-37.99952649,145.1516002,"Dry","Clear"
"T20190016524","29/8/19",21:15:00,"Collision with vehicle","Thursday","Dark Street lights on",2,2,"Not at intersection",3,60,"YARRA RANGES","METROPOLITAN SOUTH EAST REGION",-37.78359944,145.3822274,"Dry","Clear"
"T20190016525","29/8/19",15:30:00,"Collision with vehicle","Thursday","Day",2,2,"T intersection",3,80,"CASEY","METROPOLITAN SOUTH EAST REGION",-38.15991374,145.3185669,"Dry","Clear"
"T20190016528","29/8/19",21:05:00,"Collision with a fixed object","Thursday","Dark No street lights",1,2,"Not at intersection",3,100,"EAST GIPPSLAND","EASTERN REGION",-37.77624641,147.5984737,"Dry","Clear"
"T20190016529","26/8/19",11:50:00,"Collision with vehicle","Monday","Day",2,4,"Multiple intersection",3,80,"FRANKSTON","METROPOLITAN SOUTH EAST REGION",-38.15576522,145.167458,"Dry","Clear"
"T20190016531","29/8/19",21:30:00,"Collision with vehicle","Thursday","Dark Street lights on",2,2,"T intersection",3,60,"KINGSTON","METROPOLITAN SOUTH EAST REGION",-38.04919393,145.1144354,"Dry","Clear"
"T20190016532","29/8/19",20:20:00,"Collision with vehicle","Thursday","Dark Street lights on",4,5,"Cross intersection",2,60,"WODONGA","NORTH EASTERN REGION",-36.12313443,146.878136,"Dry","Clear"
"T20190016533","30/8/19",02:30:00,"Collision with a fixed object","Friday","Dark Street lights on",1,1,"Not at intersection",3,60,"BAYSIDE","METROPOLITAN SOUTH EAST REGION",-37.88330628,144.9925292,"Dry","Clear"
"T20190016536","30/8/19",07:25:00,"Collision with vehicle","Friday","Day",2,3,"T intersection",3,80,"CASEY","METROPOLITAN SOUTH EAST REGION",-38.19310834,145.3504618,"Dry","Clear"
"T20190016537","23/8/19",15:30:00,"Collision with vehicle","Friday","Day",3,5,"T intersection",3,60,"WHITEHORSE","METROPOLITAN SOUTH EAST REGION",-37.82415937,145.1522185,"Dry","Clear"
"T20190016538","9/8/19",16:15:00,"Collision with vehicle","Friday","Day",3,6,"Cross intersection",3,60,"SOUTHERN GRAMPIANS","SOUTH WESTERN REGION",-37.74197011,142.0350702,"Dry","Clear"
"T20190016539","30/8/19",08:10:00,"Collision with vehicle","Friday","Day",2,2,"Not at intersection",3,60,"MELTON","METROPOLITAN NORTH WEST REGION",-37.76075534,144.7550822,"Dry","Clear"
"T20190016542","28/8/19",07:30:00,"Collision with a fixed object","Wednesday","Day",1,1,"T intersection",3,50,"CARDINIA","METROPOLITAN SOUTH EAST REGION",-37.93585635,145.4890163,"Dry","Clear"
"T20190016543","30/8/19",09:00:00,"Collision with a fixed object","Friday","Day",1,1,"Not at intersection",3,50,"CASEY","METROPOLITAN SOUTH EAST REGION",-38.1053011,145.2806169,"Dry","Clear"
"T20190016544","10/8/19",03:19:00,"Collision with a fixed object","Saturday","Dark Street lights on",1,1,"Not at intersection",3,60,"MAROONDAH","METROPOLITAN SOUTH EAST REGION",-37.81704461,145.2226689,"Dry","Clear"
"T20190016545","21/8/19",14:45:00,"Collision with vehicle","Wednesday","Unknown",2,2,"Cross intersection",3,80,"GEELONG","SOUTH WESTERN REGION",-38.16720109,144.422311,"Unknown","Not known"
"T20190016547","28/6/19",16:50:00,"Struck Pedestrian","Friday","Dusk/Dawn",1,1,"Not at intersection",2,40,"WHITTLESEA","METROPOLITAN NORTH WEST REGION",-37.59368602,145.0902651,"Dry","Clear"
"T20190016551","30/8/19",11:00:00,"Collision with a fixed object","Friday","Day",1,1,"T intersection",3,999,"FRANKSTON","METROPOLITAN SOUTH EAST REGION",-38.15880164,145.1400055,"Dry","Clear"
"T20190016552","29/8/19",15:15:00,"Collision with vehicle","Thursday","Day",2,2,"T intersection",3,60,"GLEN EIRA","METROPOLITAN SOUTH EAST REGION",-37.89622536,145.0652969,"Dry","Not known"
"T20190016553","30/8/19",11:15:00,"Collision with vehicle","Friday","Day",2,2,"Cross intersection",3,70,"YARRA","METROPOLITAN NORTH WEST REGION",-37.80961145,144.9913709,"Dry","Clear"
"T20190016554","30/8/19",11:00:00,"Vehicle overturned (no collision)","Friday","Day",1,1,"T intersection",3,60,"YARRA RANGES","METROPOLITAN SOUTH EAST REGION",-37.78452209,145.382086,"Wet","Not known"
"T20190016555","30/8/19",07:50:00,"Collision with vehicle","Friday","Day",2,2,"Cross intersection",3,60,"BENDIGO","NORTHERN REGION",-36.76929013,144.2886234,"Dry","Clear"
"T20190016556","27/8/19",15:15:00,"Collision with vehicle","Tuesday","Day",2,2,"Multiple intersection",3,60,"MELBOURNE","METROPOLITAN NORTH WEST REGION",-37.79298205,144.9645145,"Dry","Clear"
"T20190016557","27/8/19",15:16:00,"Struck Pedestrian","Tuesday","Day",2,3,"Not at intersection",3,60,"MARIBYRNONG","METROPOLITAN NORTH WEST REGION",-37.77545106,144.8846123,"Dry","Not known"
"T20190016558","23/8/19",14:45:00,"Collision with vehicle","Friday","Unknown",2,2,"Cross intersection",3,999,"DANDENONG","METROPOLITAN SOUTH EAST REGION",-37.99011095,145.2146901,"Unknown","Not known"
"T20190016559","30/8/19",09:40:00,"Collision with vehicle","Friday","Day",2,2,"Not at intersection",3,100,"LATROBE","EASTERN REGION",-38.23792552,146.3459731,"Dry","Clear"
"T20190016564","29/8/19",21:46:00,"Struck Pedestrian","Thursday","Dark Street lights on",1,3,"T intersection",1,80,"MONASH","METROPOLITAN SOUTH EAST REGION",-37.91567843,145.1345543,"Dry","Clear"
"T20190016566","22/8/19",16:30:00,"Collision with vehicle","Thursday","Day",2,2,"Not at intersection",3,40,"MELBOURNE","METROPOLITAN NORTH WEST REGION",-37.8148811,144.9532346,"Dry","Clear"
"T20190016567","30/8/19",10:30:00,"Vehicle overturned (no collision)","Friday","Day",1,1,"T intersection",3,50,"MONASH","METROPOLITAN SOUTH EAST REGION",-37.86236264,145.0988553,"Unknown","Not known"
"T20190016571","30/8/19",13:57:00,"Collision with vehicle","Friday","Day",2,4,"Cross intersection",3,70,"MANNINGHAM","METROPOLITAN SOUTH EAST REGION",-37.77606537,145.0788172,"Dry","Clear"
"T20190016573","30/8/19",12:09:00,"Struck Pedestrian","Friday","Day",1,2,"Multiple intersection",3,60,"MONASH","METROPOLITAN SOUTH EAST REGION",-37.90937511,145.1886027,"Dry","Clear"
"T20190016574","30/8/19",13:00:00,"Collision with vehicle","Friday","Day",2,4,"T intersection",3,60,"MOONEE VALLEY","METROPOLITAN NORTH WEST REGION",-37.7205702,144.8915636,"Dry","Clear"
"T20190016575","28/8/19",05:25:00,"collision with some other object","Wednesday","Dark No street lights",1,1,"Not at intersection",3,90,"MORNINGTON PENINSULA","METROPOLITAN SOUTH EAST REGION",-38.40977494,144.9905564,"Unknown","Not known"
"T20190016577","25/8/19",17:30:00,"Collision with vehicle","Sunday","Day",2,3,"Cross intersection",3,999,"CASEY","METROPOLITAN SOUTH EAST REGION",-38.02624854,145.3066272,"Dry","Clear"
"T20190016578","16/8/19",15:00:00,"Collision with vehicle","Friday","Day",2,2,"Not at intersection",3,80,"WHITTLESEA","METROPOLITAN NORTH WEST REGION",-37.64974549,145.0054128,"Wet","Raining"
"T20190016580","29/8/19",21:30:00,"Collision with vehicle","Thursday","Dark Street lights on",3,3,"Not at intersection",3,60,"WHITEHORSE","METROPOLITAN SOUTH EAST REGION",-37.82177105,145.1526837,"Dry","Clear"
"T20190016581","28/8/19",14:45:00,"Collision with vehicle","Wednesday","Day",3,3,"Cross intersection",3,80,"CASEY","METROPOLITAN SOUTH EAST REGION",-38.05043401,145.2576064,"Wet","Raining"
"T20190016582","29/8/19",13:22:00,"Collision with vehicle","Thursday","Day",2,3,"Not at intersection",3,100,"BASS COAST","EASTERN REGION",-38.57349465,145.7157797,"Unknown","Clear"
"T20190016585","5/5/19",12:00:00,"Fall from or in moving vehicle","Sunday","Unknown",1,3,"T intersection",3,80,"CARDINIA","METROPOLITAN SOUTH EAST REGION",-37.98345443,145.6424353,"Unknown","Clear"
"T20190016586","15/8/19",20:00:00,"Vehicle overturned (no collision)","Thursday","Dark Street lights on",1,1,"Not at intersection",3,50,"BENDIGO","NORTHERN REGION",-36.77734948,144.3019799,"Dry","Not known"
"T20190016587","21/7/19",17:51:00,"Collision with vehicle","Sunday","Dark Street lights on",2,1,"Not at intersection",3,70,"MORELAND","METROPOLITAN NORTH WEST REGION",-37.6959259,144.958977,"Dry","Clear"
"T20190016588","30/8/19",15:40:00,"Collision with vehicle","Friday","Day",4,4,"Not at intersection",3,80,"BRIMBANK","METROPOLITAN NORTH WEST REGION",-37.69735191,144.7807714,"Dry","Clear"
"T20190016589","30/8/19",16:00:00,"Collision with vehicle","Friday","Day",2,2,"T intersection",3,80,"MOIRA","NORTH EASTERN REGION",-35.92045466,145.6403756,"Dry","Clear"
"T20190016591","30/8/19",15:26:00,"Collision with a fixed object","Friday","Day",1,1,"Not at intersection",1,40,"MELBOURNE","METROPOLITAN NORTH WEST REGION",-37.81699805,144.9531965,"Dry","Not known"
"T20190016594","30/8/19",15:28:00,"Collision with vehicle","Friday","Day",2,3,"Cross intersection",2,80,"FRANKSTON","METROPOLITAN SOUTH EAST REGION",-38.1840198,145.1418814,"Dry","Clear"
"T20190016598","30/8/19",18:10:00,"Collision with vehicle","Friday","Dusk/Dawn",2,2,"T intersection",3,60,"HUME","METROPOLITAN NORTH WEST REGION",-37.61140106,144.9276518,"Dry","Clear"
"T20190016601","30/8/19",17:00:00,"Struck Pedestrian","Friday","Day",1,2,"T intersection",3,50,"WYNDHAM","METROPOLITAN NORTH WEST REGION",-37.88199271,144.6998276,"Dry","Clear"
"T20190016602","30/8/19",19:11:00,"Collision with vehicle","Friday","Dark Street lights unknown",2,2,"Not at intersection",3,80,"CASEY","METROPOLITAN SOUTH EAST REGION",-37.98968109,145.3142635,"Unknown","Not known"
"T20190016603","30/8/19",16:02:00,"Collision with vehicle","Friday","Day",3,4,"Not at intersection",3,60,"MELTON","METROPOLITAN NORTH WEST REGION",-37.72470445,144.7570081,"Dry","Clear"
"T20190016605","30/8/19",16:30:00,"Collision with vehicle","Friday","Day",2,4,"T intersection",3,60,"WHITEHORSE","METROPOLITAN SOUTH EAST REGION",-37.81206323,145.1400445,"Dry","Not known"
"T20190016606","30/8/19",17:12:00,"Collision with vehicle","Friday","Day",2,2,"T intersection",3,60,"FRANKSTON","METROPOLITAN SOUTH EAST REGION",-38.14117575,145.1477336,"Dry","Clear"
"T20190016607","25/8/19",00:10:00,"Collision with a fixed object","Sunday","Dark Street lights unknown",1,1,"Not at intersection",3,999,"YARRA","METROPOLITAN NORTH WEST REGION",-37.82499948,144.9919035,"Dry","Not known"
"T20190016608","30/8/19",15:15:00,"Collision with vehicle","Friday","Day",2,2,"Unknown",3,80,"STONNINGTON","METROPOLITAN SOUTH EAST REGION",-37.84995265,145.0490626,"Dry","Clear"
"T20190016609","30/8/19",17:25:00,"Collision with vehicle","Friday","Day",2,3,"Cross intersection",3,60,"MORELAND","METROPOLITAN NORTH WEST REGION",-37.75153354,144.9765425,"Dry","Clear"
"T20190016612","25/8/19",00:30:00,"Collision with a fixed object","Sunday","Dark Street lights on",1,1,"Cross intersection",3,60,"CASEY","METROPOLITAN SOUTH EAST REGION",-38.01443798,145.3319861,"Unknown","Not known"
"T20190016614","30/8/19",19:38:00,"Collision with vehicle","Friday","Dark Street lights on",3,6,"Not at intersection",2,999,"MOONEE VALLEY","METROPOLITAN NORTH WEST REGION",-37.75129423,144.865696,"Dry","Clear"
"T20190016615","30/8/19",17:57:00,"Collision with vehicle","Friday","Dusk/Dawn",2,1,"Not at intersection",3,60,"BENDIGO","NORTHERN REGION",-36.74671372,144.3071948,"Dry","Clear"
"T20190016617","17/8/19",18:30:00,"Collision with vehicle","Saturday","Dusk/Dawn",2,4,"Not at intersection",3,999,"MELBOURNE","METROPOLITAN NORTH WEST REGION",-37.82519326,144.9484925,"Dry","Clear"
"T20190016618","30/8/19",16:25:00,"Collision with vehicle","Friday","Day",2,2,"Not at intersection",3,60,"MELBOURNE","METROPOLITAN NORTH WEST REGION",-37.79527618,144.9753381,"Dry","Clear"
"T20190016619","30/8/19",14:00:00,"Collision with vehicle","Friday","Day",4,4,"T intersection",3,60,"BANYULE","METROPOLITAN NORTH WEST REGION",-37.70096069,145.0683799,"Dry","Not known"
"T20190016621","30/8/19",17:50:00,"Collision with vehicle","Friday","Dusk/Dawn",3,5,"T intersection",2,60,"DANDENONG","METROPOLITAN SOUTH EAST REGION",-37.9461158,145.1415186,"Dry","Clear"
"T20190016622","30/8/19",16:30:00,"Collision with vehicle","Friday","Day",4,4,"Not at intersection",3,80,"CASEY","METROPOLITAN SOUTH EAST REGION",-38.02292682,145.3020925,"Dry","Clear"
"T20190016623","30/8/19",20:45:00,"Collision with vehicle","Friday","Dark Street lights on",2,5,"Not at intersection",3,60,"MELBOURNE","METROPOLITAN NORTH WEST REGION",-37.80858864,144.9545647,"Dry","Clear"
"T20190016624","30/8/19",16:20:00,"Collision with vehicle","Friday","Day",2,4,"Not at intersection",3,60,"MELTON","METROPOLITAN NORTH WEST REGION",-37.68634528,144.5677891,"Dry","Clear"
"T20190016629","30/8/19",20:52:00,"Collision with vehicle","Friday","Dark Street lights on",2,2,"Not at intersection",3,60,"PORT PHILLIP","METROPOLITAN NORTH WEST REGION",-37.82910699,144.9633645,"Dry","Clear"
"T20190016635","30/8/19",20:44:00,"Collision with vehicle","Friday","Dark Street lights on",2,3,"Cross intersection",3,80,"KNOX","METROPOLITAN SOUTH EAST REGION",-37.86879938,145.2351966,"Dry","Clear"
"T20190016637","31/8/19",00:08:00,"Collision with a fixed object","Saturday","Dark No street lights",1,1,"Not at intersection",3,80,"EAST GIPPSLAND","EASTERN REGION",-37.79661126,147.6404085,"Dry","Clear"
"T20190016639","30/8/19",23:10:00,"Collision with vehicle","Friday","Dark Street lights on",2,2,"Cross intersection",3,80,"KINGSTON","METROPOLITAN SOUTH EAST REGION",-37.95941936,145.1127719,"Dry","Clear"
"T20190016641","31/8/19",00:05:00,"Collision with a fixed object","Saturday","Dark No street lights",1,1,"Not at intersection",3,80,"CASEY","METROPOLITAN SOUTH EAST REGION",-38.02806187,145.3758995,"Dry","Fog"
"T20190016646","31/8/19",05:00:00,"Collision with a fixed object","Saturday","Dark Street lights on",1,1,"T intersection",3,80,"MELTON","METROPOLITAN NORTH WEST REGION",-37.73764469,144.5765503,"Dry","Clear"
"T20190016648","31/8/19",05:50:00,"Collision with a fixed object","Saturday","Dusk/Dawn",1,1,"Not at intersection",3,60,"LATROBE","EASTERN REGION",-38.20784749,146.2733849,"Wet","Clear"
"T20190016649","29/8/19",17:12:00,"Collision with vehicle","Thursday","Dusk/Dawn",2,2,"Not at intersection",3,60,"MONASH","METROPOLITAN SOUTH EAST REGION",-37.9218361,145.1203672,"Dry","Clear"
"T20190016650","28/8/19",08:00:00,"Collision with vehicle","Wednesday","Day",2,2,"Cross intersection",3,60,"BALLARAT","WESTERN REGION",-37.58739658,143.8259879,"Dry","Clear"
"T20190016651","30/8/19",14:20:00,"Collision with a fixed object","Friday","Day",1,1,"Not at intersection",3,100,"GOLDEN PLAINS","SOUTH WESTERN REGION",-37.92202612,144.171488,"Dry","Clear"
"T20190016652","28/8/19",10:50:00,"Collision with vehicle","Wednesday","Day",2,2,"Not at intersection",3,70,"FRANKSTON","METROPOLITAN SOUTH EAST REGION",-38.0954356,145.1758126,"Dry","Clear"
"T20190016653","31/8/19",06:00:00,"Vehicle overturned (no collision)","Saturday","Dark No street lights",2,5,"Not at intersection",2,100,"NORTHERN GRAMPIANS","WESTERN REGION",-36.97683851,142.6202001,"Dry","Clear"
"T20190016657","30/8/19",18:43:00,"Collision with vehicle","Friday","Dark Street lights on",2,3,"Not at intersection",3,40,"BENDIGO","NORTHERN REGION",-36.77800957,144.296327,"Dry","Clear"