"ACCIDENT_NO","ACCIDENTDATE","ACCIDENTTIME","Accident Type Desc","Day Week Description","Light Condition Desc","NO_OF_VEHICLES","NO_PERSONS","Road Geometry Desc","SEVERITY","SPEED_ZONE","LGA_NAME","REGION_NAME","Lat","Long","Surface Cond Desc","Atmosph Cond Desc"
"T20190016658","28/8/19",10:29:00,"Collision with vehicle","Wednesday","Day",2,2,"Not at intersection",3,999,"BOROONDARA","METROPOLITAN SOUTH EAST REGION",-37.79120655,145.095622,"Dry","Clear"
"T20190016660","31/8/19",09:09:00,"Collision with vehicle","Saturday","Day",3,3,"Not at intersection",3,100,"LATROBE","EASTERN REGION",-38.29830288,146.4177791,"Dry","Clear"
"T20190016661","31/8/19",08:01:00,"Collision with a fixed object","Saturday","Day",1,2,"Not at intersection",3,80,"WHITEHORSE","METROPOLITAN SOUTH EAST REGION",-37.85111972,145.1699576,"Dry","Clear"
"T20190016662","31/8/19",05:00:00,"Collision with vehicle","Saturday","Dark Street lights unknown",2,2,"Cross intersection",3,80,"MELTON","METROPOLITAN NORTH WEST REGION",-37.7994055,144.752126,"Unknown","Clear"
"T20190016665","31/8/19",10:35:00,"Collision with vehicle","Saturday","Day",2,3,"Cross intersection",3,80,"FRANKSTON","METROPOLITAN SOUTH EAST REGION",-38.15751287,145.1349606,"Dry","Clear"
"T20190016666","9/8/19",10:30:00,"collision with some other object","Friday","Day",1,1,"Not at intersection",3,999,"INDIGO","NORTH EASTERN REGION",-36.40517994,146.756716,"Muddy","Clear"
"T20190016668","31/8/19",09:30:00,"Collision with vehicle","Saturday","Day",2,2,"T intersection",3,60,"BRIMBANK","METROPOLITAN NORTH WEST REGION",-37.77910891,144.8283749,"Dry","Clear"
"T20190016671","31/8/19",11:30:00,"Collision with vehicle","Saturday","Day",4,5,"Not at intersection",3,60,"PORT PHILLIP","METROPOLITAN NORTH WEST REGION",-37.84861864,144.9503277,"Dry","Clear"
"T20190016672","31/8/19",13:00:00,"No collision and no object struck","Saturday","Day",1,1,"T intersection",3,50,"BAW BAW","EASTERN REGION",-38.12971757,145.935566,"Dry","Clear"
"T20190016674","31/8/19",10:50:00,"Collision with vehicle","Saturday","Day",2,2,"T intersection",3,60,"BAYSIDE","METROPOLITAN SOUTH EAST REGION",-37.96841799,145.0121313,"Dry","Clear"
"T20190016675","31/8/19",10:35:00,"Collision with vehicle","Saturday","Day",2,2,"Not at intersection",2,60,"DAREBIN","METROPOLITAN NORTH WEST REGION",-37.7139492,145.0380605,"Dry","Clear"
"T20190016676","30/8/19",15:40:00,"Collision with vehicle","Friday","Day",2,2,"Not at intersection",3,80,"BENDIGO","NORTHERN REGION",-36.79841714,144.2435507,"Dry","Clear"
"T20190016677","31/8/19",11:34:00,"Collision with a fixed object","Saturday","Day",1,1,"Not at intersection",3,100,"EAST GIPPSLAND","EASTERN REGION",-37.90146488,147.6455403,"Dry","Clear"
"T20190016678","31/8/19",14:20:00,"Collision with vehicle","Saturday","Day",2,2,"T intersection",3,70,"YARRA RANGES","METROPOLITAN SOUTH EAST REGION",-37.74967728,145.3365823,"Dry","Clear"
"T20190016679","18/6/19",08:15:00,"Collision with vehicle","Tuesday","Day",5,5,"Not at intersection",2,80,"STONNINGTON","METROPOLITAN SOUTH EAST REGION",-37.89274127,145.0871198,"Dry","Clear"
"T20190016680","31/8/19",14:00:00,"No collision and no object struck","Saturday","Day",1,1,"Not at intersection",3,80,"SURF COAST","SOUTH WESTERN REGION",-38.49950276,144.00896,"Dry","Clear"
"T20190016681","31/8/19",14:15:00,"Collision with a fixed object","Saturday","Day",1,1,"Cross intersection",2,60,"MONASH","METROPOLITAN SOUTH EAST REGION",-37.89975604,145.1904374,"Dry","Clear"
"T20190016682","31/8/19",13:35:00,"Collision with vehicle","Saturday","Day",2,2,"Not at intersection",3,70,"MELTON","METROPOLITAN NORTH WEST REGION",-37.739918,144.6871563,"Dry","Clear"
"T20190016685","31/8/19",15:20:00,"Collision with vehicle","Saturday","Day",2,2,"Not at intersection",3,40,"DAREBIN","METROPOLITAN NORTH WEST REGION",-37.76453966,144.9995918,"Dry","Clear"
"T20190016690","31/8/19",14:10:00,"Collision with a fixed object","Saturday","Day",1,1,"Not at intersection",3,100,"ALPINE","NORTH EASTERN REGION",-36.41326841,147.0368611,"Dry","Clear"
"T20190016691","31/8/19",14:50:00,"Collision with vehicle","Saturday","Day",3,3,"Not at intersection",3,60,"STONNINGTON","METROPOLITAN SOUTH EAST REGION",-37.88895555,145.0889801,"Dry","Clear"
"T20190016694","31/8/19",15:29:00,"Collision with vehicle","Saturday","Day",2,2,"Not at intersection",3,999,"KINGSTON","METROPOLITAN SOUTH EAST REGION",-38.06938922,145.1412643,"Dry","Clear"
"T20190016695","31/8/19",15:45:00,"Collision with a fixed object","Saturday","Day",1,2,"T intersection",3,50,"GLEN EIRA","METROPOLITAN SOUTH EAST REGION",-37.91467288,145.0288514,"Dry","Clear"
"T20190016696","5/7/19",19:50:00,"Collision with vehicle","Friday","Dark Street lights on",2,2,"Multiple intersection",3,100,"MOONEE VALLEY","METROPOLITAN NORTH WEST REGION",-37.73062204,144.8752858,"Dry","Clear"
"T20190016697","31/8/19",14:11:00,"Collision with vehicle","Saturday","Day",2,4,"Not at intersection",3,60,"WHITTLESEA","METROPOLITAN NORTH WEST REGION",-37.68349449,145.0295034,"Dry","Clear"
"T20190016702","31/8/19",00:10:00,"Collision with a fixed object","Saturday","Dark Street lights on",1,1,"T intersection",3,60,"CASEY","METROPOLITAN SOUTH EAST REGION",-38.07964903,145.2553568,"Dry","Clear"
"T20190016703","31/8/19",16:50:00,"Collision with vehicle","Saturday","Day",2,2,"Not at intersection",3,999,"MOORABOOL","WESTERN REGION",-37.62591362,143.9225301,"Dry","Clear"
"T20190016704","31/8/19",17:50:00,"Collision with vehicle","Saturday","Dusk/Dawn",5,7,"Not at intersection",3,80,"MELBOURNE","METROPOLITAN NORTH WEST REGION",-37.82737079,144.9623986,"Dry","Clear"
"T20190016705","31/8/19",16:25:00,"Collision with vehicle","Saturday","Day",3,3,"Not at intersection",3,60,"BAW BAW","EASTERN REGION",-37.92738235,145.9616145,"Dry","Clear"
"T20190016713","31/8/19",12:10:00,"collision with some other object","Saturday","Day",1,1,"Not at intersection",2,999,"LATROBE","EASTERN REGION",-38.37675669,146.5135799,"Dry","Clear"
"T20190016714","31/8/19",14:45:00,"Collision with a fixed object","Saturday","Day",2,3,"Not at intersection",3,50,"SHEPPARTON","NORTH EASTERN REGION",-36.38937852,145.3543278,"Dry","Clear"
"T20190016715","31/8/19",18:00:00,"Collision with vehicle","Saturday","Dark No street lights",2,2,"Not at intersection",3,80,"DANDENONG","METROPOLITAN SOUTH EAST REGION",-37.96624086,145.1938042,"Dry","Clear"
"T20190016716","31/8/19",05:30:00,"Collision with a fixed object","Saturday","Dark Street lights on",2,3,"Cross intersection",3,50,"GEELONG","SOUTH WESTERN REGION",-38.18085262,144.39445,"Dry","Clear"
"T20190016719","31/8/19",20:00:00,"Struck Pedestrian","Saturday","Unknown",1,2,"T intersection",3,50,"BANYULE","METROPOLITAN NORTH WEST REGION",-37.75081106,145.0364973,"Dry","Clear"
"T20190016720","31/8/19",20:07:00,"Collision with vehicle","Saturday","Dark Street lights on",2,5,"Cross intersection",3,70,"WYNDHAM","METROPOLITAN NORTH WEST REGION",-37.8845916,144.7328495,"Dry","Clear"
"T20190016723","31/8/19",21:09:00,"Collision with vehicle","Saturday","Dark Street lights on",3,1,"Not at intersection",3,50,"DAREBIN","METROPOLITAN NORTH WEST REGION",-37.75923564,145.0169595,"Dry","Clear"
"T20190016724","31/8/19",16:00:00,"Collision with a fixed object","Saturday","Dusk/Dawn",1,3,"Not at intersection",3,100,"WELLINGTON","EASTERN REGION",-37.41956627,147.1217638,"Muddy","Clear"
"T20190016727","31/8/19",23:15:00,"Collision with a fixed object","Saturday","Dark Street lights on",1,1,"Not at intersection",3,80,"BRIMBANK","METROPOLITAN NORTH WEST REGION",-37.73755157,144.8217717,"Dry","Clear"
"T20190016728","31/8/19",23:24:00,"Collision with vehicle","Saturday","Dark Street lights on",2,3,"Not at intersection",2,80,"CARDINIA","METROPOLITAN SOUTH EAST REGION",-38.05630234,145.3886463,"Dry","Clear"
"T20190016733","31/8/19",21:00:00,"Collision with a fixed object","Saturday","Dark Street lights on",1,1,"Not at intersection",2,70,"WYNDHAM","METROPOLITAN NORTH WEST REGION",-37.83256784,144.6768733,"Dry","Clear"
"T20190016734","1/9/19",00:30:00,"Collision with a fixed object","Sunday","Dark No street lights",1,2,"Not at intersection",3,100,"BENALLA","NORTH EASTERN REGION",-36.6296816,145.8662734,"Dry","Clear"
"T20190016737","1/9/19",03:10:00,"Collision with a fixed object","Sunday","Dark Street lights on",1,2,"Not at intersection",3,60,"MELBOURNE","METROPOLITAN NORTH WEST REGION",-37.78756396,144.9239593,"Dry","Clear"
"T20190016740","31/8/19",11:08:00,"Collision with vehicle","Saturday","Day",2,2,"T intersection",3,60,"KINGSTON","METROPOLITAN SOUTH EAST REGION",-37.9797791,145.1268335,"Dry","Clear"
"T20190016742","29/8/19",11:30:00,"Collision with vehicle","Thursday","Day",2,2,"Not at intersection",3,40,"GEELONG","SOUTH WESTERN REGION",-38.03022332,144.3770205,"Dry","Clear"
"T20190016749","1/9/19",09:18:00,"Collision with vehicle","Sunday","Day",3,3,"Multiple intersection",3,999,"CASEY","METROPOLITAN SOUTH EAST REGION",-38.02585672,145.2486289,"Dry","Clear"
"T20190016750","1/9/19",10:55:00,"Collision with vehicle","Sunday","Day",2,5,"T intersection",3,60,"KINGSTON","METROPOLITAN SOUTH EAST REGION",-38.00754948,145.087158,"Dry","Clear"
"T20190016751","28/7/19",16:40:00,"Collision with vehicle","Sunday","Day",2,5,"Not at intersection",3,50,"BENDIGO","NORTHERN REGION",-36.73955666,144.2972896,"Dry","Clear"
"T20190016754","1/9/19",09:00:00,"Collision with vehicle","Sunday","Day",2,6,"Not at intersection",3,30,"YARRA","METROPOLITAN NORTH WEST REGION",-37.7984439,144.9874845,"Dry","Clear"
"T20190016755","1/9/19",12:35:00,"Collision with vehicle","Sunday","Day",3,4,"Cross intersection",3,999,"KNOX","METROPOLITAN SOUTH EAST REGION",-37.9255921,145.2137941,"Dry","Clear"
"T20190016756","1/9/19",11:00:00,"Collision with a fixed object","Sunday","Day",1,1,"Not at intersection",3,100,"LATROBE","EASTERN REGION",-38.08084642,146.6079899,"Dry","Clear"
"T20190016757","1/9/19",13:00:00,"Collision with vehicle","Sunday","Day",2,1,"Not at intersection",3,60,"WHITEHORSE","METROPOLITAN SOUTH EAST REGION",-37.81133941,145.1604634,"Dry","Clear"
"T20190016758","1/9/19",11:38:00,"Collision with vehicle","Sunday","Day",3,4,"Not at intersection",3,60,"WYNDHAM","METROPOLITAN NORTH WEST REGION",-37.83902136,144.7437692,"Dry","Clear"
"T20190016759","1/9/19",13:56:00,"Collision with vehicle","Sunday","Day",2,2,"Cross intersection",3,60,"BAYSIDE","METROPOLITAN SOUTH EAST REGION",-37.97219808,145.0522401,"Dry","Clear"
"T20190016761","1/9/19",14:00:00,"Collision with vehicle","Sunday","Day",3,4,"Not at intersection",3,80,"STONNINGTON","METROPOLITAN SOUTH EAST REGION",-37.88458482,145.0663138,"Dry","Clear"
"T20190016763","1/9/19",10:49:00,"Collision with a fixed object","Sunday","Day",1,2,"Not at intersection",3,80,"COLAC OTWAY","SOUTH WESTERN REGION",-38.68213781,143.7211263,"Wet","Clear"
"T20190016764","30/8/19",14:00:00,"Collision with vehicle","Friday","Day",2,2,"Cross intersection",3,80,"FRANKSTON","METROPOLITAN SOUTH EAST REGION",-38.15317797,145.1327491,"Dry","Clear"
"T20190016766","1/9/19",14:05:00,"Collision with vehicle","Sunday","Day",2,5,"T intersection",2,70,"FRANKSTON","METROPOLITAN SOUTH EAST REGION",-38.12932113,145.1242418,"Dry","Clear"
"T20190016769","1/9/19",15:10:00,"Struck Pedestrian","Sunday","Day",1,2,"Not at intersection",3,50,"KNOX","METROPOLITAN SOUTH EAST REGION",-37.87648148,145.2154292,"Dry","Clear"
"T20190016771","29/8/19",17:10:00,"Struck Pedestrian","Thursday","Dusk/Dawn",1,2,"Cross intersection",3,999,"BANYULE","METROPOLITAN NORTH WEST REGION",-37.70285488,145.1008536,"Unknown","Not known"
"T20190016772","1/9/19",11:15:00,"Vehicle overturned (no collision)","Sunday","Day",1,1,"Not at intersection",3,100,"CARDINIA","METROPOLITAN SOUTH EAST REGION",-38.28470763,145.6095695,"Dry","Clear"
"T20190016773","1/9/19",15:56:00,"Collision with vehicle","Sunday","Day",2,3,"Not at intersection",2,50,"DAREBIN","METROPOLITAN NORTH WEST REGION",-37.71765971,145.0021429,"Wet","Raining"
"T20190016774","19/8/19",09:30:00,"Collision with vehicle","Monday","Day",3,3,"Not at intersection",3,80,"MURRINDINDI","NORTH EASTERN REGION",-37.59010479,145.6427081,"Wet","Fog"
"T20190016775","1/9/19",16:17:00,"Collision with a fixed object","Sunday","Day",1,1,"Not at intersection",3,80,"SOUTH GIPPSLAND","EASTERN REGION",-38.48176377,145.7561801,"Dry","Clear"
"T20190016776","1/9/19",17:30:00,"Collision with vehicle","Sunday","Dusk/Dawn",2,2,"Cross intersection",3,80,"MONASH","METROPOLITAN SOUTH EAST REGION",-37.91142365,145.1222957,"Wet","Raining"
"T20190016777","1/9/19",17:10:00,"Collision with a fixed object","Sunday","Dusk/Dawn",1,2,"Not at intersection",3,100,"SOUTH GIPPSLAND","EASTERN REGION",-38.34388141,145.7488139,"Wet","Raining"
"T20190016778","1/9/19",18:00:00,"Struck Pedestrian","Sunday","Dark Street lights unknown",1,2,"Not at intersection",2,999,NA,NA,NA,NA,"Unknown","Clear"
"T20190016784","1/9/19",19:45:00,"Collision with vehicle","Sunday","Dark Street lights on",2,1,"Not at intersection",3,50,"MORELAND","METROPOLITAN NORTH WEST REGION",-37.70677526,144.9247336,"Wet","Clear"
"T20190016785","1/9/19",15:00:00,"Collision with a fixed object","Sunday","Day",1,1,"Not at intersection",3,80,"CORANGAMITE","SOUTH WESTERN REGION",-38.23649153,143.110127,"Dry","Clear"
"T20190016788","2/9/19",06:22:00,"Struck Pedestrian","Monday","Day",1,3,"Cross intersection",3,60,"MARIBYRNONG","METROPOLITAN NORTH WEST REGION",-37.80007487,144.8929536,"Dry","Clear"
"T20190016789","28/8/19",15:30:00,"Collision with vehicle","Wednesday","Day",2,1,"Not at intersection",3,60,"MAROONDAH","METROPOLITAN SOUTH EAST REGION",-37.80763029,145.2273124,"Wet","Raining"
"T20190016791","2/9/19",06:45:00,"Collision with vehicle","Monday","Dusk/Dawn",2,2,"T intersection",3,60,"MOONEE VALLEY","METROPOLITAN NORTH WEST REGION",-37.75603109,144.9080367,"Dry","Clear"
"T20190016792","1/9/19",19:25:00,"Collision with vehicle","Sunday","Dark Street lights on",2,1,"Not at intersection",3,60,"GEELONG","SOUTH WESTERN REGION",-38.09310478,144.3658869,"Dry","Clear"
"T20190016794","2/9/19",07:45:00,"Collision with vehicle","Monday","Day",2,2,"Cross intersection",3,50,"BENALLA","NORTH EASTERN REGION",-36.54660894,145.9868905,"Dry","Clear"
"T20190016796","2/9/19",07:44:00,"Collision with vehicle","Monday","Day",2,2,"Cross intersection",2,50,"BOROONDARA","METROPOLITAN SOUTH EAST REGION",-37.86664795,145.075766,"Wet","Clear"
"T20190016797","31/8/19",12:30:00,"Vehicle overturned (no collision)","Saturday","Day",1,1,"Not at intersection",2,999,"MURRINDINDI","NORTH EASTERN REGION",-37.51170204,145.7543529,"Dry","Clear"
"T20190016800","2/9/19",07:30:00,"Vehicle overturned (no collision)","Monday","Day",1,1,"Multiple intersection",3,80,"NILLUMBIK","METROPOLITAN NORTH WEST REGION",-37.68622467,145.068127,"Dry","Clear"
"T20190016803","29/8/19",06:05:00,"Collision with vehicle","Thursday","Dark Street lights on",2,2,"Cross intersection",3,60,"MELTON","METROPOLITAN NORTH WEST REGION",-37.68814772,144.5674438,"Wet","Clear"
"T20190016804","2/9/19",08:26:00,"Vehicle overturned (no collision)","Monday","Day",1,1,"Not at intersection",3,80,"MORNINGTON PENINSULA","METROPOLITAN SOUTH EAST REGION",-38.3285602,145.1829957,"Wet","Clear"
"T20190016806","2/9/19",08:30:00,"Collision with a fixed object","Monday","Day",1,1,"Multiple intersection",3,60,"HOBSONS BAY","METROPOLITAN NORTH WEST REGION",-37.82495341,144.8531396,"Dry","Clear"
"T20190016807","2/9/19",09:05:00,"Struck Pedestrian","Monday","Day",1,2,"T intersection",3,50,"BRIMBANK","METROPOLITAN NORTH WEST REGION",-37.74430178,144.8005121,"Dry","Clear"
"T20190016809","2/9/19",09:50:00,"Collision with vehicle","Monday","Day",2,3,"Multiple intersection",3,60,"DANDENONG","METROPOLITAN SOUTH EAST REGION",-37.933173,145.1569373,"Dry","Clear"
"T20190016811","28/8/19",17:45:00,"Collision with a fixed object","Wednesday","Dusk/Dawn",1,1,"Not at intersection",3,100,"MITCHELL","NORTHERN REGION",-37.06610094,145.3421147,"Wet","Not known"
"T20190016813","2/9/19",09:16:00,"Collision with vehicle","Monday","Day",3,5,"T intersection",3,60,"HOBSONS BAY","METROPOLITAN NORTH WEST REGION",-37.83324183,144.8671701,"Dry","Clear"
"T20190016815","2/9/19",12:29:00,"Collision with vehicle","Monday","Day",2,2,"T intersection",3,60,"BRIMBANK","METROPOLITAN NORTH WEST REGION",-37.74245847,144.7840459,"Dry","Clear"
"T20190016816","2/9/19",13:10:00,"Collision with vehicle","Monday","Day",2,2,"Cross intersection",3,80,"MORNINGTON PENINSULA","METROPOLITAN SOUTH EAST REGION",-38.238575,145.189242,"Dry","Clear"
"T20190016818","1/9/19",09:00:00,"No collision and no object struck","Sunday","Day",1,1,"Not at intersection",3,100,"MACEDON RANGES","NORTHERN REGION",-37.4744949,144.4768448,"Unknown","Clear"
"T20190016820","2/9/19",07:50:00,"Collision with vehicle","Monday","Day",2,2,"T intersection",3,70,"KINGSTON","METROPOLITAN SOUTH EAST REGION",-37.93910072,145.0795825,"Unknown","Clear"
"T20190016821","2/9/19",13:50:00,"Struck Pedestrian","Monday","Day",1,1,"Not at intersection",3,50,"GANNAWARRA","NORTHERN REGION",-35.81007442,144.2209461,"Dry","Clear"
"T20190016822","2/9/19",13:00:00,"Collision with vehicle","Monday","Day",2,4,"Cross intersection",3,60,"LATROBE","EASTERN REGION",-38.23646367,146.4226346,"Dry","Clear"
"T20190016823","18/8/19",13:20:00,"Collision with a fixed object","Sunday","Day",1,4,"Not at intersection",3,100,"BULOKE","NORTHERN REGION",-35.71523019,142.8541921,"Wet","Raining"
"T20190016823","18/8/19",13:20:00,"Collision with a fixed object","Sunday","Day",1,4,"Not at intersection",3,100,"BULOKE","NORTHERN REGION",-35.71523019,142.8541921,"Wet","Strong winds"
"T20190016823","18/8/19",13:20:00,"Collision with a fixed object","Sunday","Day",1,4,"Not at intersection",3,100,"BULOKE","NORTHERN REGION",-35.71523019,142.8541921,"Muddy","Raining"
"T20190016823","18/8/19",13:20:00,"Collision with a fixed object","Sunday","Day",1,4,"Not at intersection",3,100,"BULOKE","NORTHERN REGION",-35.71523019,142.8541921,"Muddy","Strong winds"
"T20190016824","2/9/19",13:30:00,"Collision with a fixed object","Monday","Day",1,1,"T intersection",3,40,"MELBOURNE","METROPOLITAN NORTH WEST REGION",-37.80008699,144.9670364,"Dry","Clear"
"T20190016827","2/9/19",09:02:00,"Collision with vehicle","Monday","Day",2,2,"Not at intersection",3,60,"MELBOURNE","METROPOLITAN NORTH WEST REGION",-37.78950671,144.9445706,"Dry","Not known"
"T20190016828","27/8/19",16:00:00,"Collision with vehicle","Tuesday","Day",2,2,"Not at intersection",3,40,"BOROONDARA","METROPOLITAN SOUTH EAST REGION",-37.81589905,145.0366014,"Dry","Clear"
"T20190016829","1/9/19",16:45:00,"Collision with vehicle","Sunday","Day",2,2,"Cross intersection",3,60,"MANNINGHAM","METROPOLITAN SOUTH EAST REGION",-37.76061284,145.2341808,"Wet","Raining"
"T20190016832","2/9/19",15:10:00,"Collision with vehicle","Monday","Day",2,2,"Not at intersection",3,80,"CASEY","METROPOLITAN SOUTH EAST REGION",-38.05523829,145.2439519,"Dry","Clear"
"T20190016833","2/9/19",15:25:00,"Collision with a fixed object","Monday","Day",1,1,"Not at intersection",3,80,"ALPINE","NORTH EASTERN REGION",-36.69673538,147.1618466,"Dry","Clear"
"T20190016838","2/9/19",15:45:00,"Collision with vehicle","Monday","Day",2,2,"Not at intersection",3,100,"MONASH","METROPOLITAN SOUTH EAST REGION",-37.8860634,145.1054734,"Dry","Clear"
"T20190016839","2/9/19",06:50:00,"Collision with vehicle","Monday","Dusk/Dawn",3,3,"Multiple intersection",3,999,"YARRA RANGES","METROPOLITAN SOUTH EAST REGION",-37.93039001,145.3598743,"Wet","Raining"
"T20190016840","1/8/19",13:45:00,"Collision with vehicle","Thursday","Day",3,1,"Not at intersection",3,50,"WHITEHORSE","METROPOLITAN SOUTH EAST REGION",-37.815548,145.1196641,"Dry","Clear"
"T20190016842","31/8/19",15:00:00,"Collision with vehicle","Saturday","Day",2,3,"Not at intersection",3,80,"DANDENONG","METROPOLITAN SOUTH EAST REGION",-38.06674008,145.1531511,"Unknown","Not known"
"T20190016843","2/9/19",17:24:00,"Collision with vehicle","Monday","Dusk/Dawn",2,3,"Not at intersection",3,60,"MORNINGTON PENINSULA","METROPOLITAN SOUTH EAST REGION",-38.22284314,145.1749131,"Dry","Clear"
"T20190016845","30/8/19",05:50:00,"Collision with vehicle","Friday","Dusk/Dawn",2,2,"Cross intersection",3,999,"WYNDHAM","METROPOLITAN NORTH WEST REGION",-37.84071436,144.7620808,"Unknown","Not known"
"T20190016846","2/9/19",19:05:00,"Struck Pedestrian","Monday","Dark Street lights on",2,2,"T intersection",3,50,"CASEY","METROPOLITAN SOUTH EAST REGION",-38.0824905,145.2790314,"Dry","Clear"
"T20190016847","28/8/19",08:15:00,"Collision with vehicle","Wednesday","Day",3,4,"Not at intersection",3,80,"HOBSONS BAY","METROPOLITAN NORTH WEST REGION",-37.82549348,144.8289656,"Dry","Clear"
"T20190016848","22/5/19",08:20:00,"Collision with vehicle","Wednesday","Day",2,2,"T intersection",3,70,"WYNDHAM","METROPOLITAN NORTH WEST REGION",-37.88260828,144.6632526,"Dry","Clear"
"T20190016849","2/9/19",18:30:00,"Struck Pedestrian","Monday","Dark Street lights on",1,2,"Cross intersection",3,70,"YARRA","METROPOLITAN NORTH WEST REGION",-37.80504853,144.9921205,"Dry","Clear"
"T20190016850","26/7/19",18:25:00,"Collision with vehicle","Friday","Dusk/Dawn",2,2,"Cross intersection",3,60,"MORELAND","METROPOLITAN NORTH WEST REGION",-37.73150992,144.9385005,"Wet","Raining"
"T20190016853","31/8/19",12:20:00,"Collision with vehicle","Saturday","Day",3,3,"Not at intersection",3,60,"MORELAND","METROPOLITAN NORTH WEST REGION",-37.75698786,144.977548,"Dry","Not known"
"T20190016856","2/9/19",15:47:00,"Collision with vehicle","Monday","Day",2,2,"Cross intersection",3,60,"CASEY","METROPOLITAN SOUTH EAST REGION",-38.11070866,145.2650407,"Dry","Clear"
"T20190016860","3/9/19",01:50:00,"Vehicle overturned (no collision)","Tuesday","Dark Street lights on",1,1,"T intersection",3,60,"HUME","METROPOLITAN NORTH WEST REGION",-37.58733167,144.9359008,"Dry","Clear"
"T20190016861","30/8/19",16:28:00,"Collision with vehicle","Friday","Day",2,2,"T intersection",3,60,"WYNDHAM","METROPOLITAN NORTH WEST REGION",-37.85331049,144.6496934,"Dry","Clear"
"T20190016863","2/9/19",08:35:00,"Collision with vehicle","Monday","Day",2,2,"Not at intersection",2,40,"GLEN EIRA","METROPOLITAN SOUTH EAST REGION",-37.92282854,145.0723613,"Dry","Clear"
"T20190016864","3/9/19",08:00:00,"Collision with vehicle","Tuesday","Day",3,3,"Not at intersection",3,60,"BALLARAT","WESTERN REGION",-37.58442952,143.8068532,"Dry","Clear"
"T20190016865","2/9/19",16:50:00,"Collision with vehicle","Monday","Dusk/Dawn",2,2,"Not at intersection",3,40,"MELBOURNE","METROPOLITAN NORTH WEST REGION",-37.81718346,144.9616969,"Dry","Clear"
"T20190016866","3/9/19",08:45:00,"Collision with vehicle","Tuesday","Day",4,5,"Cross intersection",3,60,"DANDENONG","METROPOLITAN SOUTH EAST REGION",-37.99142462,145.1962893,"Dry","Clear"
"T20190016867","19/8/19",10:30:00,"Collision with vehicle","Monday","Day",2,2,"Cross intersection",3,70,"HUME","METROPOLITAN NORTH WEST REGION",-37.68440107,144.8829135,"Unknown","Not known"
"T20190016870","3/9/19",10:10:00,"Collision with vehicle","Tuesday","Day",2,2,"Not at intersection",3,60,"MELBOURNE","METROPOLITAN NORTH WEST REGION",-37.8097324,144.9355544,"Dry","Clear"
"T20190016873","3/9/19",10:10:00,"Collision with vehicle","Tuesday","Day",2,2,"T intersection",3,80,"CASEY","METROPOLITAN SOUTH EAST REGION",-38.08477958,145.2777362,"Dry","Clear"
"T20190016874","2/9/19",14:14:00,"Collision with vehicle","Monday","Day",2,3,"Not at intersection",3,70,"KNOX","METROPOLITAN SOUTH EAST REGION",-37.84597326,145.2369858,"Dry","Clear"
"T20190016875","3/9/19",06:30:00,"Collision with vehicle","Tuesday","Day",3,4,"Multiple intersection",3,100,"WYNDHAM","METROPOLITAN NORTH WEST REGION",-37.81536003,144.8083452,"Dry","Clear"
"T20190016877","2/9/19",17:35:00,"Vehicle overturned (no collision)","Monday","Dusk/Dawn",1,1,"Not at intersection",3,100,"TOWONG","NORTH EASTERN REGION",-36.21345149,147.8630739,"Dry","Clear"
"T20190016878","3/9/19",08:39:00,"Collision with vehicle","Tuesday","Day",2,2,"Cross intersection",3,40,"MELBOURNE","METROPOLITAN NORTH WEST REGION",-37.80629056,144.9498088,"Dry","Clear"
"T20190016880","23/8/19",16:45:00,"Collision with vehicle","Friday","Day",2,2,"Not at intersection",3,80,"MORNINGTON PENINSULA","METROPOLITAN SOUTH EAST REGION",-38.17483504,145.0967089,"Dry","Clear"
"T20190016881","28/8/19",05:15:00,"Collision with vehicle","Wednesday","Dark No street lights",2,2,"Not at intersection",3,100,"HUME","METROPOLITAN NORTH WEST REGION",-37.69802431,144.8977938,"Unknown","Not known"
"T20190016882","3/9/19",04:45:00,"Collision with a fixed object","Tuesday","Dark No street lights",1,2,"Not at intersection",3,100,"BENDIGO","NORTHERN REGION",-36.98795064,144.5921854,"Wet","Clear"
"T20190016884","3/9/19",12:20:00,"Collision with vehicle","Tuesday","Day",2,2,"T intersection",3,60,"KINGSTON","METROPOLITAN SOUTH EAST REGION",-37.96826722,145.0790277,"Dry","Clear"
"T20190016886","3/9/19",12:30:00,"Struck Pedestrian","Tuesday","Day",1,2,"Not at intersection",3,999,"MORNINGTON PENINSULA","METROPOLITAN SOUTH EAST REGION",-38.4152667,144.8234396,"Dry","Clear"
"T20190016887","3/9/19",12:15:00,"Collision with vehicle","Tuesday","Day",2,2,"Not at intersection",3,100,"MONASH","METROPOLITAN SOUTH EAST REGION",-37.89341015,145.1372241,"Dry","Clear"
"T20190016888","3/9/19",07:30:00,"Collision with vehicle","Tuesday","Day",2,2,"T intersection",3,100,"SOUTH GIPPSLAND","EASTERN REGION",-38.66962272,146.3907153,"Wet","Clear"
"T20190016890","3/9/19",10:54:00,"Collision with a fixed object","Tuesday","Day",1,1,"Not at intersection",2,100,"INDIGO","NORTH EASTERN REGION",-36.3761605,146.7326764,"Dry","Clear"
"T20190016892","2/9/19",15:35:00,"Collision with vehicle","Monday","Day",2,2,"T intersection",3,50,"MELTON","METROPOLITAN NORTH WEST REGION",-37.71498735,144.5785005,"Unknown","Clear"