"ACCIDENT_NO","ACCIDENTDATE","ACCIDENTTIME","Accident Type Desc","Day Week Description","Light Condition Desc","NO_OF_VEHICLES","NO_PERSONS","Road Geometry Desc","SEVERITY","SPEED_ZONE","LGA_NAME","REGION_NAME","Lat","Long","Surface Cond Desc","Atmosph Cond Desc"
"T20190016893","2/9/19",19:39:00,"Collision with vehicle","Monday","Dark Street lights on",2,2,"Cross intersection",3,60,"PORT PHILLIP","METROPOLITAN NORTH WEST REGION",-37.85917445,145.0013338,"Dry","Clear"
"T20190016894","2/8/19",16:00:00,"Struck Pedestrian","Friday","Dusk/Dawn",1,2,"Not at intersection",3,999,"CASEY","METROPOLITAN SOUTH EAST REGION",-38.04671861,145.2771836,"Dry","Not known"
"T20190016895","3/9/19",11:20:00,"Vehicle overturned (no collision)","Tuesday","Day",1,1,"Not at intersection",3,100,"CORANGAMITE","SOUTH WESTERN REGION",-38.04887911,143.4523693,"Dry","Clear"
"T20190016896","3/9/19",10:45:00,"Collision with vehicle","Tuesday","Day",3,4,"Not at intersection",3,100,"BRIMBANK","METROPOLITAN NORTH WEST REGION",-37.72286615,144.866345,"Dry","Clear"
"T20190016897","26/8/19",15:30:00,"Collision with vehicle","Monday","Day",2,3,"Not at intersection",3,100,"HUME","METROPOLITAN NORTH WEST REGION",-37.54739602,144.9441068,"Dry","Clear"
"T20190016898","3/9/19",13:03:00,"Collision with vehicle","Tuesday","Day",2,3,"T intersection",3,999,"MELTON","METROPOLITAN NORTH WEST REGION",-37.68312619,144.6612387,"Dry","Clear"
"T20190016899","29/8/19",14:00:00,"Collision with vehicle","Thursday","Day",2,3,"Not at intersection",3,100,"MONASH","METROPOLITAN SOUTH EAST REGION",-37.92109127,145.1748656,"Dry","Clear"
"T20190016900","31/8/19",14:00:00,"Collision with vehicle","Saturday","Day",2,2,"T intersection",3,80,"WHITTLESEA","METROPOLITAN NORTH WEST REGION",-37.68184117,145.0691256,"Dry","Not known"
"T20190016901","19/8/19",18:05:00,"Collision with vehicle","Monday","Dark Street lights on",2,2,"Not at intersection",3,60,"GLEN EIRA","METROPOLITAN SOUTH EAST REGION",-37.90408134,145.0415418,"Dry","Clear"
"T20190016903","3/9/19",12:45:00,"Vehicle overturned (no collision)","Tuesday","Day",1,1,"Not at intersection",3,80,"MANSFIELD","NORTH EASTERN REGION",-37.10188938,146.0171447,"Dry","Clear"
"T20190016904","3/9/19",13:25:00,"Struck Pedestrian","Tuesday","Day",1,3,"Not at intersection",3,40,"MELBOURNE","METROPOLITAN NORTH WEST REGION",-37.80986999,144.97054,"Dry","Clear"
"T20190016906","3/9/19",13:23:00,"Collision with vehicle","Tuesday","Day",2,2,"Not at intersection",3,999,"KNOX","METROPOLITAN SOUTH EAST REGION",-37.83506007,145.2872133,"Dry","Clear"
"T20190016908","3/9/19",13:00:00,"Collision with a fixed object","Tuesday","Day",1,1,"Not at intersection",3,100,"GEELONG","SOUTH WESTERN REGION",-38.17223399,144.4538881,"Dry","Clear"
"T20190016909","3/9/19",08:10:00,"Collision with a fixed object","Tuesday","Day",2,3,"Not at intersection",3,100,"HOBSONS BAY","METROPOLITAN NORTH WEST REGION",-37.82574234,144.8320503,"Dry","Clear"
"T20190016910","27/6/19",06:08:00,"Collision with vehicle","Thursday","Dark Street lights on",5,5,"Not at intersection",3,100,"BRIMBANK","METROPOLITAN NORTH WEST REGION",-37.74644188,144.8390817,"Dry","Clear"
"T20190016911","3/9/19",10:02:00,"Collision with vehicle","Tuesday","Day",2,2,"Not at intersection",3,60,"MELTON","METROPOLITAN NORTH WEST REGION",-37.72309254,144.7432018,"Dry","Clear"
"T20190016912","3/9/19",15:15:00,"Collision with vehicle","Tuesday","Day",3,3,"Multiple intersection",3,100,"CASEY","METROPOLITAN SOUTH EAST REGION",-38.04732761,145.3459659,"Dry","Clear"
"T20190016913","3/9/19",15:50:00,"Collision with vehicle","Tuesday","Day",4,9,"Cross intersection",3,80,"KINGSTON","METROPOLITAN SOUTH EAST REGION",-37.97990833,145.1426762,"Dry","Clear"
"T20190016915","3/9/19",15:45:00,"Collision with vehicle","Tuesday","Day",2,2,"Not at intersection",3,999,"WYNDHAM","METROPOLITAN NORTH WEST REGION",-37.85028375,144.7041793,"Dry","Clear"
"T20190016916","2/9/19",15:19:00,"No collision and no object struck","Monday","Day",1,3,"Not at intersection",3,60,"CENTRAL GOLDFIELDS","WESTERN REGION",-37.03509487,143.743465,"Dry","Clear"
"T20190016917","3/9/19",06:30:00,"Struck animal","Tuesday","Unknown",1,1,"Not at intersection",3,80,"HUME","METROPOLITAN NORTH WEST REGION",-37.63228858,144.8605428,"Dry","Not known"
"T20190016918","3/9/19",15:30:00,"Collision with vehicle","Tuesday","Day",2,2,"T intersection",3,80,"HUME","METROPOLITAN NORTH WEST REGION",-37.67398695,144.9560171,"Dry","Clear"
"T20190016919","31/8/19",15:30:00,"Collision with vehicle","Saturday","Unknown",2,4,"Not at intersection",3,999,"HOBSONS BAY","METROPOLITAN NORTH WEST REGION",-37.87088886,144.8332259,"Unknown","Not known"
"T20190016921","3/9/19",17:30:00,"Struck Pedestrian","Tuesday","Unknown",1,2,"Not at intersection",3,999,"MONASH","METROPOLITAN SOUTH EAST REGION",-37.87997814,145.1629492,"Dry","Clear"
"T20190016925","30/8/19",19:15:00,"Collision with vehicle","Friday","Unknown",2,4,"Not at intersection",3,999,"WYNDHAM","METROPOLITAN NORTH WEST REGION",-37.90552521,144.7525996,"Unknown","Not known"
"T20190016926","2/9/19",09:30:00,"Collision with vehicle","Monday","Day",3,4,"T intersection",3,999,"MONASH","METROPOLITAN SOUTH EAST REGION",-37.89658469,145.0984144,"Unknown","Clear"
"T20190016929","3/9/19",17:20:00,"Collision with a fixed object","Tuesday","Day",1,1,"Not at intersection",3,100,"EAST GIPPSLAND","EASTERN REGION",-37.85284291,147.544351,"Dry","Clear"
"T20190016930","3/9/19",17:05:00,"Collision with vehicle","Tuesday","Day",2,2,"Not at intersection",3,80,"KNOX","METROPOLITAN SOUTH EAST REGION",-37.92877605,145.2327911,"Dry","Clear"
"T20190016931","3/9/19",08:00:00,"Collision with vehicle","Tuesday","Day",3,3,"Not at intersection",3,70,"MONASH","METROPOLITAN SOUTH EAST REGION",-37.88831495,145.1642405,"Unknown","Not known"
"T20190016932","3/9/19",15:40:00,"Collision with vehicle","Tuesday","Day",2,2,"Not at intersection",3,70,"GEELONG","SOUTH WESTERN REGION",-38.1242695,144.3371998,"Dry","Clear"
"T20190016933","3/9/19",09:00:00,"Collision with vehicle","Tuesday","Day",2,3,"T intersection",3,999,"BRIMBANK","METROPOLITAN NORTH WEST REGION",-37.71536343,144.8036031,"Dry","Not known"
"T20190016935","3/9/19",18:26:00,"Collision with vehicle","Tuesday","Dark Street lights on",2,4,"Cross intersection",3,60,"MONASH","METROPOLITAN SOUTH EAST REGION",-37.88028127,145.0907589,"Dry","Not known"
"T20190016937","3/9/19",19:20:00,"Collision with a fixed object","Tuesday","Dark Street lights on",1,1,"Not at intersection",2,60,"BENDIGO","NORTHERN REGION",-36.75351553,144.2605631,"Dry","Clear"
"T20190016939","3/9/19",19:40:00,"Collision with a fixed object","Tuesday","Dark No street lights",1,1,"T intersection",2,60,"YARRA RANGES","METROPOLITAN SOUTH EAST REGION",-37.7629527,145.3652406,"Dry","Clear"
"T20190016940","3/9/19",17:04:00,"Collision with vehicle","Tuesday","Day",2,3,"Not at intersection",3,80,"HUME","METROPOLITAN NORTH WEST REGION",-37.6776113,144.8649304,"Dry","Clear"
"T20190016941","7/8/19",22:45:00,"No collision and no object struck","Wednesday","Dark Street lights on",1,1,"T intersection",3,80,"KNOX","METROPOLITAN SOUTH EAST REGION",-37.87686771,145.2195161,"Wet","Raining"
"T20190016943","3/9/19",00:30:00,"Collision with vehicle","Tuesday","Dark Street lights on",3,1,"Not at intersection",3,70,"DANDENONG","METROPOLITAN SOUTH EAST REGION",-37.96887395,145.1867671,"Dry","Clear"
"T20190016944","25/7/19",20:30:00,"Collision with a fixed object","Thursday","Dark Street lights on",1,1,"Cross intersection",3,60,"WANGARATTA","NORTH EASTERN REGION",-36.44957726,146.4313631,"Dry","Clear"
"T20190016945","3/9/19",20:22:00,"Collision with vehicle","Tuesday","Dark Street lights on",2,1,"T intersection",3,50,"HUME","METROPOLITAN NORTH WEST REGION",-37.63737757,144.9262495,"Dry","Clear"
"T20190016950","4/9/19",02:02:00,"Vehicle overturned (no collision)","Wednesday","Dark Street lights on",2,3,"T intersection",3,60,"MOONEE VALLEY","METROPOLITAN NORTH WEST REGION",-37.73732773,144.8923318,"Dry","Clear"
"T20190016952","3/9/19",16:30:00,"Collision with vehicle","Tuesday","Day",3,3,"Not at intersection",3,70,"MANNINGHAM","METROPOLITAN SOUTH EAST REGION",-37.77081955,145.1344334,"Dry","Clear"
"T20190016953","31/8/19",12:05:00,"Collision with vehicle","Saturday","Day",4,4,"T intersection",3,60,"KNOX","METROPOLITAN SOUTH EAST REGION",-37.86161284,145.2664832,"Dry","Clear"
"T20190016954","4/9/19",08:20:00,"Collision with vehicle","Wednesday","Day",2,2,"Cross intersection",3,60,"SOUTHERN GRAMPIANS","SOUTH WESTERN REGION",-37.742643,142.0396918,"Dry","Clear"
"T20190016955","26/8/19",09:38:00,"collision with some other object","Monday","Day",1,1,"T intersection",3,90,"MORNINGTON PENINSULA","METROPOLITAN SOUTH EAST REGION",-38.33885366,145.1061172,"Wet","Clear"
"T20190016956","4/9/19",08:20:00,"Vehicle overturned (no collision)","Wednesday","Day",1,1,"T intersection",3,60,"NILLUMBIK","METROPOLITAN NORTH WEST REGION",-37.68884485,145.2342917,"Dry","Clear"
"T20190016957","4/9/19",08:00:00,"Collision with vehicle","Wednesday","Day",2,9,"Cross intersection",3,60,"MOONEE VALLEY","METROPOLITAN NORTH WEST REGION",-37.75594002,144.9260982,"Dry","Clear"
"T20190016958","31/8/19",13:30:00,"Vehicle overturned (no collision)","Saturday","Day",1,1,"Not at intersection",3,100,"EAST GIPPSLAND","EASTERN REGION",-37.84010315,147.9937445,"Dry","Not known"
"T20190016960","3/9/19",17:30:00,"Collision with vehicle","Tuesday","Day",2,2,"Cross intersection",3,40,"MELBOURNE","METROPOLITAN SOUTH EAST REGION",-37.83063297,144.9878452,"Dry","Not known"
"T20190016961","3/9/19",17:20:00,"Collision with vehicle","Tuesday","Day",3,6,"Cross intersection",3,60,"KNOX","METROPOLITAN SOUTH EAST REGION",-37.86041147,145.267073,"Dry","Clear"
"T20190016962","4/9/19",06:25:00,"Collision with vehicle","Wednesday","Day",2,2,"T intersection",3,60,"MANNINGHAM","METROPOLITAN SOUTH EAST REGION",-37.76945877,145.23038,"Dry","Clear"
"T20190016965","4/9/19",09:30:00,"Collision with vehicle","Wednesday","Day",2,2,"Not at intersection",3,999,"WYNDHAM","METROPOLITAN NORTH WEST REGION",-37.83055093,144.6920115,"Dry","Clear"
"T20190016966","15/8/19",09:25:00,"No collision and no object struck","Thursday","Day",1,1,"Not at intersection",3,50,"MORNINGTON PENINSULA","METROPOLITAN SOUTH EAST REGION",-38.30770863,145.1886851,"Dry","Clear"
"T20190016967","4/9/19",10:40:00,"Collision with vehicle","Wednesday","Day",2,3,"T intersection",3,80,"LATROBE","EASTERN REGION",-38.21561742,146.4760068,"Dry","Clear"
"T20190016968","17/8/19",15:40:00,"Collision with vehicle","Saturday","Unknown",2,2,"Cross intersection",3,70,"HUME","METROPOLITAN NORTH WEST REGION",-37.59186069,144.894577,"Unknown","Not known"
"T20190016970","23/8/19",13:00:00,"Collision with vehicle","Friday","Day",3,3,"T intersection",3,60,"MORELAND","METROPOLITAN NORTH WEST REGION",-37.70451398,144.9603687,"Dry","Not known"
"T20190016971","4/9/19",10:30:00,"Collision with vehicle","Wednesday","Day",2,2,"Not at intersection",3,50,"MORELAND","METROPOLITAN NORTH WEST REGION",-37.74292559,144.9637222,"Dry","Clear"
"T20190016975","29/7/19",19:10:00,"Collision with a fixed object","Monday","Dark No street lights",1,1,"Not at intersection",3,80,"HUME","METROPOLITAN NORTH WEST REGION",-37.58722672,144.858116,"Wet","Raining"
"T20190016976","28/8/19",14:45:00,"Struck Pedestrian","Wednesday","Day",1,2,"Not at intersection",2,999,"MELBOURNE","METROPOLITAN NORTH WEST REGION",-37.80648548,144.9629264,"Wet","Not known"
"T20190016979","4/9/19",09:00:00,"Collision with vehicle","Wednesday","Day",2,2,"Not at intersection",2,50,"CASEY","METROPOLITAN SOUTH EAST REGION",-38.00668182,145.3170558,"Dry","Clear"
"T20190016981","4/9/19",08:30:00,"Collision with vehicle","Wednesday","Day",2,2,"Cross intersection",3,60,"DAREBIN","METROPOLITAN NORTH WEST REGION",-37.74454133,144.9974737,"Dry","Clear"
"T20190016983","4/9/19",11:30:00,"Collision with a fixed object","Wednesday","Day",1,1,"Not at intersection",3,100,"WYNDHAM","METROPOLITAN NORTH WEST REGION",-37.83617344,144.5497597,"Dry","Clear"
"T20190016984","31/8/19",16:15:00,"Collision with vehicle","Saturday","Day",2,3,"Not at intersection",3,60,"MORNINGTON PENINSULA","METROPOLITAN SOUTH EAST REGION",-38.36010466,145.1974484,"Dry","Clear"
"T20190016985","3/9/19",16:35:00,"Collision with vehicle","Tuesday","Day",2,4,"T intersection",3,100,"YARRA RANGES","METROPOLITAN SOUTH EAST REGION",-37.69317784,145.5191562,"Dry","Clear"
"T20190016986","2/9/19",21:39:00,"Collision with a fixed object","Monday","Dark No street lights",1,2,"Not at intersection",3,70,"MELTON","METROPOLITAN NORTH WEST REGION",-37.6823709,144.6194091,"Dry","Clear"
"T20190016988","9/4/19",18:30:00,"Collision with a fixed object","Tuesday","Unknown",1,1,"Not at intersection",3,60,"WHITTLESEA","METROPOLITAN NORTH WEST REGION",-37.66239989,145.0481306,"Wet","Raining"
"T20190016989","2/8/19",07:25:00,"Collision with vehicle","Friday","Day",7,7,"Not at intersection",3,100,"WHITEHORSE","METROPOLITAN SOUTH EAST REGION",-37.80221956,145.1851208,"Wet","Clear"
"T20190016992","20/8/19",09:00:00,"Collision with vehicle","Tuesday","Day",2,2,"Not at intersection",3,100,"CARDINIA","METROPOLITAN SOUTH EAST REGION",-38.07409376,145.3989695,"Dry","Clear"
"T20190016993","29/8/19",19:00:00,"Collision with vehicle","Thursday","Day",2,2,"Cross intersection",3,80,"BENDIGO","NORTHERN REGION",-36.69596542,144.3179071,"Dry","Clear"
"T20190016994","4/9/19",14:02:00,"Collision with vehicle","Wednesday","Day",2,1,"T intersection",3,50,"GEELONG","SOUTH WESTERN REGION",-38.19216728,144.3278527,"Dry","Clear"
"T20190016995","3/9/19",16:05:00,"Collision with vehicle","Tuesday","Day",2,2,"Cross intersection",3,80,"HUME","METROPOLITAN NORTH WEST REGION",-37.62762183,144.8183763,"Dry","Clear"
"T20190016997","4/9/19",16:05:00,"Collision with vehicle","Wednesday","Day",2,2,"Cross intersection",3,60,"MARIBYRNONG","METROPOLITAN NORTH WEST REGION",-37.79766504,144.8623831,"Dry","Clear"
"T20190016998","4/9/19",15:30:00,"Collision with vehicle","Wednesday","Day",2,3,"T intersection",3,80,"CARDINIA","METROPOLITAN SOUTH EAST REGION",-38.07205319,145.4863771,"Dry","Clear"
"T20190017000","4/9/19",16:20:00,"Struck Pedestrian","Wednesday","Day",1,2,"Not at intersection",3,80,"HUME","METROPOLITAN NORTH WEST REGION",-37.64266341,144.946496,"Dry","Clear"
"T20190017003","4/9/19",15:30:00,"Collision with vehicle","Wednesday","Day",2,3,"Cross intersection",3,80,"MAROONDAH","METROPOLITAN SOUTH EAST REGION",-37.83209757,145.2873171,"Dry","Clear"
"T20190017004","4/9/19",17:00:00,"Collision with vehicle","Wednesday","Day",2,2,"Cross intersection",3,60,"DAREBIN","METROPOLITAN NORTH WEST REGION",-37.74732744,145.0217746,"Dry","Not known"
"T20190017005","2/8/19",20:21:00,"Collision with vehicle","Friday","Dark Street lights on",2,2,"T intersection",3,60,"WARRNAMBOOL","SOUTH WESTERN REGION",-38.36827259,142.4933554,"Wet","Clear"
"T20190017006","25/6/19",09:50:00,"Collision with vehicle","Tuesday","Unknown",2,3,"Not at intersection",3,100,"KNOX","METROPOLITAN SOUTH EAST REGION",-37.8981041,145.2149286,"Unknown","Not known"
"T20190017007","18/8/19",16:00:00,"Collision with vehicle","Sunday","Unknown",2,2,"Not at intersection",3,999,"MACEDON RANGES","NORTHERN REGION",-37.51613503,144.5623527,"Unknown","Not known"
"T20190017008","4/9/19",18:00:00,"Vehicle overturned (no collision)","Wednesday","Day",2,2,"T intersection",3,80,"WHITEHORSE","METROPOLITAN SOUTH EAST REGION",-37.85404286,145.1631015,"Dry","Clear"
"T20190017010","24/8/19",10:45:00,"Fall from or in moving vehicle","Saturday","Day",1,1,"T intersection",3,60,"MONASH","METROPOLITAN SOUTH EAST REGION",-37.86960324,145.1028041,"Unknown","Not known"
"T20190017013","4/9/19",17:35:00,"Collision with vehicle","Wednesday","Day",2,2,"T intersection",3,60,"YARRA","METROPOLITAN NORTH WEST REGION",-37.82004501,145.0132874,"Dry","Clear"
"T20190017015","4/9/19",17:30:00,"Collision with vehicle","Wednesday","Day",3,6,"Cross intersection",3,50,"WHITTLESEA","METROPOLITAN NORTH WEST REGION",-37.51181374,145.1155694,"Dry","Not known"
"T20190017016","4/9/19",16:35:00,"Collision with vehicle","Wednesday","Day",3,4,"T intersection",3,50,"MAROONDAH","METROPOLITAN SOUTH EAST REGION",-37.83471486,145.2706475,"Dry","Clear"
"T20190017018","21/8/19",14:00:00,"Collision with vehicle","Wednesday","Day",2,2,"T intersection",3,50,"WHITTLESEA","METROPOLITAN NORTH WEST REGION",-37.67187463,145.0176,"Dry","Clear"
"T20190017021","4/9/19",20:04:00,"Struck Pedestrian","Wednesday","Dark Street lights on",1,2,"Cross intersection",3,60,"STONNINGTON","METROPOLITAN SOUTH EAST REGION",-37.83476155,144.9872627,"Wet","Raining"
"T20190017022","3/9/19",07:58:00,"Collision with vehicle","Tuesday","Day",2,2,"Cross intersection",3,40,"MORELAND","METROPOLITAN NORTH WEST REGION",-37.77611653,144.9606042,"Unknown","Not known"
"T20190017023","4/9/19",17:20:00,"Collision with vehicle","Wednesday","Day",2,2,"Cross intersection",3,50,"HOBSONS BAY","METROPOLITAN NORTH WEST REGION",-37.86553425,144.9014215,"Dry","Clear"
"T20190017024","4/9/19",18:25:00,"Collision with a fixed object","Wednesday","Dark Street lights on",1,1,"T intersection",2,60,"BAW BAW","EASTERN REGION",-38.11174497,145.7679017,"Dry","Clear"
"T20190017025","4/9/19",19:50:00,"Collision with vehicle","Wednesday","Dark Street lights on",2,2,"Cross intersection",3,60,"KNOX","METROPOLITAN SOUTH EAST REGION",-37.83862517,145.2710825,"Wet","Raining"
"T20190017030","4/9/19",22:12:00,"Collision with vehicle","Wednesday","Unknown",2,2,"Not at intersection",3,999,"WHITTLESEA","METROPOLITAN NORTH WEST REGION",-37.65283579,145.0330006,"Dry","Clear"
"T20190017031","4/9/19",17:00:00,"Collision with vehicle","Wednesday","Day",2,2,"Cross intersection",3,60,"BOROONDARA","METROPOLITAN SOUTH EAST REGION",-37.8473377,145.0685459,"Dry","Clear"
"T20190017035","5/9/19",06:15:00,"Struck Pedestrian","Thursday","Dark Street lights on",1,2,"Cross intersection",3,60,"BOROONDARA","METROPOLITAN SOUTH EAST REGION",-37.8657906,145.0927921,"Wet","Clear"
"T20190017036","4/9/19",16:05:00,"Collision with vehicle","Wednesday","Day",2,7,"Not at intersection",3,70,"BAW BAW","EASTERN REGION",-38.14124511,145.8721025,"Dry","Clear"
"T20190017040","4/9/19",18:02:00,"Collision with vehicle","Wednesday","Dark Street lights on",2,2,"Cross intersection",3,70,"BRIMBANK","METROPOLITAN NORTH WEST REGION",-37.769604,144.7713681,"Dry","Clear"
"T20190017041","31/8/19",15:30:00,"Collision with vehicle","Saturday","Day",2,3,"T intersection",3,40,"GLEN EIRA","METROPOLITAN SOUTH EAST REGION",-37.88519211,145.0578218,"Dry","Clear"
"T20190017043","4/9/19",06:15:00,"Collision with vehicle","Wednesday","Dark Street lights on",2,2,"Cross intersection",3,60,"MONASH","METROPOLITAN SOUTH EAST REGION",-37.89025746,145.1762937,"Dry","Not known"
"T20190017044","4/9/19",18:15:00,"Collision with vehicle","Wednesday","Dark Street lights unknown",2,2,"Multiple intersection",3,80,"CASEY","METROPOLITAN SOUTH EAST REGION",-38.00382701,145.2529187,"Dry","Clear"
"T20190017045","5/9/19",08:55:00,"Collision with vehicle","Thursday","Day",2,2,"T intersection",3,60,"PORT PHILLIP","METROPOLITAN NORTH WEST REGION",-37.8831055,144.9786969,"Dry","Clear"
"T20190017046","5/9/19",08:05:00,"Collision with a fixed object","Thursday","Day",1,2,"Not at intersection",3,60,"WELLINGTON","EASTERN REGION",-37.44298453,146.5248092,"Wet","Not known"
"T20190017047","5/9/19",07:35:00,"collision with some other object","Thursday","Day",1,1,"Not at intersection",3,80,"MARIBYRNONG","METROPOLITAN NORTH WEST REGION",-37.82440407,144.8735391,"Dry","Clear"
"T20190017048","4/9/19",21:05:00,"Collision with a fixed object","Wednesday","Dark No street lights",1,1,"Not at intersection",3,100,"SOUTH GIPPSLAND","EASTERN REGION",-38.29302645,145.6269226,"Wet","Clear"
"T20190017051","5/9/19",09:20:00,"Collision with a fixed object","Thursday","Day",1,2,"Not at intersection",2,70,"FRANKSTON","METROPOLITAN SOUTH EAST REGION",-38.11899977,145.2087187,"Dry","Clear"
"T20190017052","5/9/19",09:00:00,"No collision and no object struck","Thursday","Day",2,2,"T intersection",3,50,"KNOX","METROPOLITAN SOUTH EAST REGION",-37.88797936,145.2919564,"Dry","Clear"
"T20190017054","5/9/19",06:30:00,"Collision with vehicle","Thursday","Day",2,2,"Not at intersection",3,50,"HOBSONS BAY","METROPOLITAN NORTH WEST REGION",-37.85607209,144.8440099,"Dry","Not known"
"T20190017055","30/8/19",18:00:00,"Collision with vehicle","Friday","Dusk/Dawn",2,2,"T intersection",3,40,"YARRA RANGES","METROPOLITAN SOUTH EAST REGION",-37.75708026,145.3413322,"Unknown","Not known"
"T20190017056","24/8/19",19:50:00,"Struck Pedestrian","Saturday","Dark Street lights on",1,3,"Cross intersection",3,70,"PORT PHILLIP","METROPOLITAN NORTH WEST REGION",-37.85779019,144.9922389,"Wet","Raining"
"T20190017058","30/7/19",23:00:00,"Collision with a fixed object","Tuesday","Dark No street lights",1,3,"Not at intersection",3,60,"YARRA RANGES","METROPOLITAN SOUTH EAST REGION",-37.87817557,145.3520137,"Dry","Clear"
"T20190017061","5/9/19",11:40:00,"Collision with vehicle","Thursday","Day",2,3,"Cross intersection",3,50,"BENDIGO","NORTHERN REGION",-36.75103091,144.2846628,"Dry","Clear"
"T20190017062","5/9/19",09:45:00,"Collision with vehicle","Thursday","Day",2,4,"Not at intersection",3,60,"MORELAND","METROPOLITAN NORTH WEST REGION",-37.73587983,144.9821581,"Dry","Clear"
"T20190017063","5/9/19",06:08:00,"Collision with vehicle","Thursday","Dusk/Dawn",3,3,"Not at intersection",3,80,"DANDENONG","METROPOLITAN SOUTH EAST REGION",-38.00389007,145.2159182,"Wet","Raining"
"T20190017066","5/9/19",10:20:00,"Collision with vehicle","Thursday","Day",2,2,"Cross intersection",3,100,"CAMPASPE","NORTHERN REGION",-36.27110704,144.617214,"Wet","Clear"
"T20190017070","4/9/19",14:15:00,"Collision with vehicle","Wednesday","Day",2,2,"T intersection",3,60,"MANNINGHAM","METROPOLITAN SOUTH EAST REGION",-37.80404953,145.1892539,"Dry","Clear"
"T20190017071","25/8/19",12:30:00,"Collision with vehicle","Sunday","Day",2,3,"T intersection",3,100,"LATROBE","EASTERN REGION",-38.2825599,146.3207053,"Dry","Clear"
"T20190017073","4/9/19",15:28:00,"Collision with vehicle","Wednesday","Day",2,2,"Not at intersection",3,40,"DANDENONG","METROPOLITAN SOUTH EAST REGION",-37.97919402,145.1685786,"Dry","Clear"
"T20190017075","9/1/19",15:10:00,"Collision with vehicle","Wednesday","Day",2,2,"Cross intersection",3,80,"DANDENONG","METROPOLITAN SOUTH EAST REGION",-38.07175382,145.1944475,"Dry","Clear"
"T20190017079","26/8/19",15:00:00,"Collision with vehicle","Monday","Day",2,2,"Not at intersection",3,50,"MORELAND","METROPOLITAN NORTH WEST REGION",-37.70413946,144.9156465,"Dry","Not known"
"T20190017080","5/9/19",11:45:00,"Collision with vehicle","Thursday","Day",2,3,"T intersection",3,60,"HUME","METROPOLITAN NORTH WEST REGION",-37.63582802,144.9230238,"Dry","Clear"
"T20190017081","5/9/19",14:00:00,"Collision with vehicle","Thursday","Day",2,3,"Cross intersection",3,60,"WHITEHORSE","METROPOLITAN SOUTH EAST REGION",-37.82772015,145.1128912,"Dry","Not known"
"T20190017083","5/9/19",10:20:00,"Collision with vehicle","Thursday","Day",3,3,"Not at intersection",3,40,"WYNDHAM","METROPOLITAN NORTH WEST REGION",-37.8267655,144.6923712,"Dry","Clear"
"T20190017084","5/9/19",13:55:00,"No collision and no object struck","Thursday","Day",1,1,"Cross intersection",3,50,"MELTON","METROPOLITAN NORTH WEST REGION",-37.66551894,144.538014,"Dry","Clear"
"T20190017086","5/9/19",09:54:00,"No collision and no object struck","Thursday","Day",1,1,"Not at intersection",2,60,"MACEDON RANGES","NORTHERN REGION",-37.38976833,144.5958923,"Dry","Clear"
"T20190017090","5/9/19",07:48:00,"Collision with vehicle","Thursday","Day",2,2,"Not at intersection",3,60,"HUME","METROPOLITAN NORTH WEST REGION",-37.69939257,144.8871352,"Dry","Clear"
"T20190017091","5/9/19",13:10:00,"Collision with vehicle","Thursday","Day",3,2,"Not at intersection",3,50,"MARIBYRNONG","METROPOLITAN NORTH WEST REGION",-37.81042739,144.897876,"Dry","Clear"
"T20190017092","5/9/19",09:30:00,"Collision with vehicle","Thursday","Day",2,3,"Cross intersection",2,50,"CASEY","METROPOLITAN SOUTH EAST REGION",-37.99508608,145.23803,"Dry","Clear"
"T20190017095","13/8/19",12:00:00,"Collision with vehicle","Tuesday","Day",2,2,"Not at intersection",3,80,"KNOX","METROPOLITAN SOUTH EAST REGION",-37.85961867,145.207366,"Dry","Clear"
"T20190017099","5/9/19",08:10:00,"Collision with vehicle","Thursday","Day",2,2,"Cross intersection",3,30,"YARRA","METROPOLITAN NORTH WEST REGION",-37.79566479,144.98795,"Dry","Clear"
"T20190017100","3/9/19",11:58:00,"Collision with vehicle","Tuesday","Day",2,2,"Cross intersection",3,60,"BOROONDARA","METROPOLITAN SOUTH EAST REGION",-37.84548072,145.0449742,"Dry","Not known"
"T20190017101","4/9/19",19:30:00,"Struck Pedestrian","Wednesday","Dark Street lights on",1,2,"Not at intersection",3,50,"DANDENONG","METROPOLITAN SOUTH EAST REGION",-37.9527305,145.15703,"Wet","Clear"
"T20190017104","28/8/19",07:27:00,"Collision with vehicle","Wednesday","Day",2,2,"Not at intersection",3,999,"BANYULE","METROPOLITAN NORTH WEST REGION",-37.75039052,145.0511243,"Dry","Not known"
"T20190017106","5/9/19",17:00:00,"Collision with vehicle","Thursday","Day",4,5,"Not at intersection",3,60,"KNOX","METROPOLITAN SOUTH EAST REGION",-37.86409282,145.2855279,"Dry","Clear"
"T20190017107","5/9/19",15:55:00,"Collision with vehicle","Thursday","Day",2,3,"Not at intersection",3,50,"LATROBE","EASTERN REGION",-38.19007794,146.5582001,"Dry","Clear"
"T20190017108","5/9/19",16:35:00,"Collision with vehicle","Thursday","Day",2,2,"T intersection",3,60,"MELBOURNE","METROPOLITAN NORTH WEST REGION",-37.82549712,144.9571132,"Dry","Clear"