"ACCIDENT_NO","ACCIDENTDATE","ACCIDENTTIME","Accident Type Desc","Day Week Description","Light Condition Desc","NO_OF_VEHICLES","NO_PERSONS","Road Geometry Desc","SEVERITY","SPEED_ZONE","LGA_NAME","REGION_NAME","Lat","Long","Surface Cond Desc","Atmosph Cond Desc"
"T20190017109","24/8/19",04:35:00,"Struck animal","Saturday","Dark No street lights",1,4,"Not at intersection",3,110,"WODONGA","NORTH EASTERN REGION",-36.08100418,146.7764893,"Dry","Clear"
"T20190017110","5/9/19",19:20:00,"Collision with vehicle","Thursday","Dark Street lights on",2,2,"Multiple intersection",3,70,"NILLUMBIK","METROPOLITAN NORTH WEST REGION",-37.68622467,145.068127,"Dry","Clear"
"T20190017112","5/9/19",16:45:00,"Collision with vehicle","Thursday","Day",2,2,"Cross intersection",2,110,"STRATHBOGIE","NORTH EASTERN REGION",-36.70683732,145.2002104,"Dry","Clear"
"T20190017115","5/9/19",18:40:00,"Collision with vehicle","Thursday","Dark Street lights unknown",2,2,"Cross intersection",3,60,"CASEY","METROPOLITAN SOUTH EAST REGION",-38.02906555,145.3008908,"Dry","Clear"
"T20190017116","5/9/19",18:45:00,"Collision with a fixed object","Thursday","Dark No street lights",1,1,"Not at intersection",3,100,"CAMPASPE","NORTHERN REGION",-36.25273592,144.8398699,"Dry","Clear"
"T20190017119","5/9/19",18:26:00,"Collision with a fixed object","Thursday","Dark Street lights on",1,1,"Not at intersection",3,100,"WYNDHAM","METROPOLITAN NORTH WEST REGION",-37.81990577,144.8098389,"Dry","Clear"
"T20190017121","5/9/19",22:04:00,"Collision with vehicle","Thursday","Dark Street lights on",2,4,"T intersection",3,50,"WELLINGTON","EASTERN REGION",-38.09423774,147.0738426,"Wet","Raining"
"T20190017122","5/9/19",16:15:00,"Collision with vehicle","Thursday","Day",5,6,"Not at intersection",3,70,"FRANKSTON","METROPOLITAN SOUTH EAST REGION",-38.15067085,145.1341224,"Dry","Clear"
"T20190017123","5/9/19",21:50:00,"Struck Pedestrian","Thursday","Dark Street lights on",1,2,"T intersection",3,70,"WHITEHORSE","METROPOLITAN SOUTH EAST REGION",-37.81650817,145.192323,"Dry","Clear"
"T20190017126","5/9/19",18:18:00,"Collision with vehicle","Thursday","Dark No street lights",2,4,"Not at intersection",3,80,"HUME","METROPOLITAN NORTH WEST REGION",-37.53830599,144.9285373,"Wet","Clear"
"T20190017127","3/9/19",23:15:00,"Vehicle overturned (no collision)","Tuesday","Dark Street lights on",1,1,"Not at intersection",3,40,"STONNINGTON","METROPOLITAN SOUTH EAST REGION",-37.8519779,144.9943018,"Dry","Clear"
"T20190017129","27/8/19",07:58:00,"Collision with vehicle","Tuesday","Day",3,3,"Not at intersection",3,100,"HUME","METROPOLITAN NORTH WEST REGION",-37.69091875,144.971689,"Dry","Not known"
"T20190017131","1/8/19",09:45:00,"Collision with vehicle","Thursday","Day",3,3,"Not at intersection",3,60,"WHITTLESEA","METROPOLITAN NORTH WEST REGION",-37.6848601,145.013061,"Dry","Clear"
"T20190017134","31/7/19",10:49:00,"Struck Pedestrian","Wednesday","Day",1,2,"Not at intersection",3,70,"WHITTLESEA","METROPOLITAN NORTH WEST REGION",-37.65791214,145.0773474,"Dry","Clear"
"T20190017136","6/9/19",00:00:00,"Collision with vehicle","Friday","Dark No street lights",2,2,"T intersection",2,80,"CASEY","METROPOLITAN SOUTH EAST REGION",-38.03675797,145.2478159,"Wet","Raining"
"T20190017137","12/6/19",09:15:00,"Collision with vehicle","Wednesday","Day",2,2,"Y intersection",3,60,"CARDINIA","METROPOLITAN SOUTH EAST REGION",-38.17776736,145.5704957,"Dry","Clear"
"T20190017138","17/6/19",11:00:00,"Collision with vehicle","Monday","Day",2,2,"Not at intersection",3,60,"WYNDHAM","METROPOLITAN NORTH WEST REGION",-37.87951422,144.7014005,"Dry","Not known"
"T20190017140","28/8/19",13:19:00,"Collision with vehicle","Wednesday","Day",2,2,"T intersection",3,50,"MAROONDAH","METROPOLITAN SOUTH EAST REGION",-37.78939678,145.2918663,"Wet","Raining"
"T20190017142","6/9/19",07:40:00,"Collision with vehicle","Friday","Day",2,2,"Not at intersection",3,60,"BANYULE","METROPOLITAN NORTH WEST REGION",-37.70120145,145.0708057,"Wet","Clear"
"T20190017145","5/9/19",14:18:00,"Vehicle overturned (no collision)","Thursday","Unknown",1,1,"T intersection",3,40,"WHITTLESEA","METROPOLITAN NORTH WEST REGION",-37.69674899,145.0561122,"Unknown","Not known"
"T20190017146","6/9/19",08:15:00,"Collision with vehicle","Friday","Day",2,2,"Cross intersection",3,70,"DANDENONG","METROPOLITAN SOUTH EAST REGION",-38.03447911,145.234642,"Wet","Not known"
"T20190017147","6/9/19",08:28:00,"Collision with vehicle","Friday","Day",2,3,"Cross intersection",3,100,"WELLINGTON","EASTERN REGION",-38.1192392,146.860256,"Wet","Raining"
"T20190017150","6/9/19",10:40:00,"Collision with vehicle","Friday","Day",2,2,"Cross intersection",3,80,"DANDENONG","METROPOLITAN SOUTH EAST REGION",-38.07175382,145.1944475,"Dry","Clear"
"T20190017151","6/9/19",10:55:00,"Collision with vehicle","Friday","Day",2,2,"Not at intersection",3,50,"MORELAND","METROPOLITAN NORTH WEST REGION",-37.76462163,144.9734791,"Dry","Clear"
"T20190017153","4/9/19",21:30:00,"Collision with vehicle","Wednesday","Dark Street lights unknown",2,2,"T intersection",3,60,"WYNDHAM","METROPOLITAN NORTH WEST REGION",-37.87036382,144.6913823,"Dry","Clear"
"T20190017154","26/7/19",09:50:00,"Collision with vehicle","Friday","Day",2,2,"Cross intersection",3,70,"MONASH","METROPOLITAN SOUTH EAST REGION",-37.90362085,145.1613894,"Dry","Clear"
"T20190017156","3/9/19",21:30:00,"Collision with vehicle","Tuesday","Dark Street lights on",2,2,"Cross intersection",3,50,"GLENELG","SOUTH WESTERN REGION",-38.34840967,141.6036229,"Dry","Clear"
"T20190017157","13/8/19",16:00:00,"No collision and no object struck","Tuesday","Day",1,1,"T intersection",3,50,"GEELONG","SOUTH WESTERN REGION",-38.17736871,144.3952415,"Dry","Clear"
"T20190017158","31/8/19",14:40:00,"Collision with a fixed object","Saturday","Day",1,1,"Not at intersection",3,80,"YARRA RANGES","METROPOLITAN SOUTH EAST REGION",-37.70400372,145.5808397,"Wet","Clear"
"T20190017158","31/8/19",14:40:00,"Collision with a fixed object","Saturday","Day",1,1,"Not at intersection",3,80,"YARRA RANGES","METROPOLITAN SOUTH EAST REGION",-37.70400372,145.5808397,"Muddy","Clear"
"T20190017164","6/9/19",10:30:00,"Collision with vehicle","Friday","Day",2,2,"Cross intersection",3,70,"BRIMBANK","METROPOLITAN NORTH WEST REGION",-37.76958242,144.7712896,"Dry","Clear"
"T20190017167","5/9/19",10:33:00,"Struck Pedestrian","Thursday","Day",1,2,"T intersection",3,60,"MELBOURNE","METROPOLITAN NORTH WEST REGION",-37.79410501,144.9480687,"Dry","Clear"
"T20190017169","21/1/19",15:35:00,"Collision with vehicle","Monday","Day",2,3,"Dead end",3,999,"KINGSTON","METROPOLITAN SOUTH EAST REGION",-38.0108426,145.104613,"Unknown","Not known"
"T20190017170","5/9/19",06:10:00,"Collision with a fixed object","Thursday","Dusk/Dawn",1,1,"Not at intersection",3,100,"GEELONG","SOUTH WESTERN REGION",-38.00329789,144.3510466,"Dry","Fog"
"T20190017173","6/9/19",12:30:00,"Collision with vehicle","Friday","Day",2,2,"Not at intersection",3,110,"WANGARATTA","NORTH EASTERN REGION",-36.4510558,146.2405476,"Wet","Clear"
"T20190017175","6/9/19",13:30:00,"Collision with vehicle","Friday","Day",2,2,"Cross intersection",3,50,"GEELONG","SOUTH WESTERN REGION",-38.13392261,144.3411119,"Dry","Clear"
"T20190017176","22/8/19",18:31:00,"Collision with vehicle","Thursday","Dark Street lights on",4,4,"Not at intersection",3,60,"MARIBYRNONG","METROPOLITAN NORTH WEST REGION",-37.79390688,144.8984857,"Dry","Clear"
"T20190017177","6/9/19",13:52:00,"Collision with a fixed object","Friday","Day",1,1,"Not at intersection",1,60,"HUME","METROPOLITAN NORTH WEST REGION",-37.63306336,144.9288329,"Dry","Clear"
"T20190017179","6/9/19",16:00:00,"Collision with vehicle","Friday","Day",2,3,"Cross intersection",3,60,"WODONGA","NORTH EASTERN REGION",-36.14860457,146.8738559,"Dry","Clear"
"T20190017180","5/9/19",18:50:00,"Collision with vehicle","Thursday","Dark Street lights on",3,3,"Not at intersection",3,60,"STONNINGTON","METROPOLITAN SOUTH EAST REGION",-37.85667672,145.0518369,"Wet","Not known"
"T20190017181","6/9/19",14:05:00,"Collision with vehicle","Friday","Day",2,2,"Cross intersection",3,60,"GEELONG","SOUTH WESTERN REGION",-38.14131913,144.294518,"Dry","Clear"
"T20190017183","29/8/19",08:05:00,"Collision with vehicle","Thursday","Day",4,4,"Not at intersection",3,80,"MAROONDAH","METROPOLITAN SOUTH EAST REGION",-37.82478846,145.2927288,"Dry","Clear"
"T20190017184","6/9/19",14:53:00,"Collision with vehicle","Friday","Day",10,10,"Not at intersection",3,80,"KINGSTON","METROPOLITAN SOUTH EAST REGION",-37.94711935,145.0445815,"Wet","Raining"
"T20190017185","6/9/19",08:00:00,"Collision with a fixed object","Friday","Day",1,2,"Not at intersection",3,100,"GLENELG","SOUTH WESTERN REGION",-37.58500077,141.3165614,"Wet","Raining"
"T20190017188","2/9/19",07:45:00,"Collision with vehicle","Monday","Day",2,2,"Cross intersection",3,40,"YARRA","METROPOLITAN NORTH WEST REGION",-37.78491733,144.9750694,"Dry","Clear"
"T20190017189","9/8/19",08:00:00,"Collision with vehicle","Friday","Day",3,3,"T intersection",3,80,"DANDENONG","METROPOLITAN SOUTH EAST REGION",-38.02493245,145.1339349,"Wet","Raining"
"T20190017190","5/9/19",18:30:00,"Collision with vehicle","Thursday","Dark Street lights on",2,2,"T intersection",3,60,"MELBOURNE","METROPOLITAN NORTH WEST REGION",-37.78900493,144.9384336,"Dry","Clear"
"T20190017191","6/9/19",16:55:00,"Collision with vehicle","Friday","Day",2,4,"T intersection",3,60,"WHITTLESEA","METROPOLITAN NORTH WEST REGION",-37.51185517,145.1138234,"Wet","Clear"
"T20190017192","6/9/19",14:55:00,"Collision with vehicle","Friday","Day",2,3,"Cross intersection",3,60,"DANDENONG","METROPOLITAN SOUTH EAST REGION",-37.99138755,145.2090109,"Wet","Raining"
"T20190017193","6/9/19",16:10:00,"Collision with vehicle","Friday","Day",2,2,"T intersection",3,80,"STONNINGTON","METROPOLITAN SOUTH EAST REGION",-37.86419728,145.0232149,"Dry","Clear"
"T20190017195","6/9/19",15:50:00,"Collision with vehicle","Friday","Day",3,7,"T intersection",3,80,"KNOX","METROPOLITAN SOUTH EAST REGION",-37.87487722,145.2536983,"Wet","Raining"
"T20190017196","6/9/19",14:30:00,"Collision with vehicle","Friday","Day",2,2,"Cross intersection",3,50,"CARDINIA","METROPOLITAN SOUTH EAST REGION",-38.07206017,145.4307753,"Wet","Raining"
"T20190017197","2/9/19",17:45:00,"Collision with vehicle","Monday","Day",2,2,"Not at intersection",3,80,"MORNINGTON PENINSULA","METROPOLITAN SOUTH EAST REGION",-38.21407569,145.110511,"Dry","Not known"
"T20190017200","6/9/19",19:50:00,"Collision with vehicle","Friday","Dark Street lights on",2,2,"Not at intersection",3,50,"KNOX","METROPOLITAN SOUTH EAST REGION",-37.8593866,145.2520987,"Wet","Raining"
"T20190017204","6/9/19",19:20:00,"Struck Pedestrian","Friday","Dark No street lights",1,2,"Not at intersection",3,30,"CASEY","METROPOLITAN SOUTH EAST REGION",-37.990818,145.2435733,"Wet","Raining"
"T20190017205","6/9/19",17:50:00,"Collision with vehicle","Friday","Dark Street lights on",2,4,"Cross intersection",3,100,"WELLINGTON","EASTERN REGION",-38.06802317,147.0738017,"Wet","Raining"
"T20190017210","6/9/19",14:40:00,"Collision with vehicle","Friday","Day",2,5,"Not at intersection",1,100,"MOIRA","NORTH EASTERN REGION",-36.16888143,145.4318613,"Wet","Raining"
"T20190017210","6/9/19",14:40:00,"Collision with vehicle","Friday","Day",2,5,"Not at intersection",1,100,"MOIRA","NORTH EASTERN REGION",-36.16888143,145.4318613,"Wet","Strong winds"
"T20190017210","6/9/19",14:40:00,"Collision with vehicle","Friday","Day",2,5,"Not at intersection",1,100,"MOIRA","NORTH EASTERN REGION",-36.16888143,145.4318613,"Icy","Raining"
"T20190017210","6/9/19",14:40:00,"Collision with vehicle","Friday","Day",2,5,"Not at intersection",1,100,"MOIRA","NORTH EASTERN REGION",-36.16888143,145.4318613,"Icy","Strong winds"
"T20190017213","6/9/19",21:25:00,"Collision with a fixed object","Friday","Dark Street lights on",1,1,"T intersection",3,50,"GEELONG","SOUTH WESTERN REGION",-38.0885984,144.3379032,"Dry","Clear"
"T20190017215","6/9/19",06:15:00,"Collision with vehicle","Friday","Dusk/Dawn",2,2,"Not at intersection",3,100,"HOBSONS BAY","METROPOLITAN NORTH WEST REGION",-37.86789833,144.7701625,"Dry","Clear"
"T20190017220","6/9/19",22:10:00,"Collision with vehicle","Friday","Dark Street lights on",2,1,"Not at intersection",3,60,"MORELAND","METROPOLITAN NORTH WEST REGION",-37.74197939,144.9721483,"Wet","Raining"
"T20190017221","27/8/19",09:30:00,"Collision with vehicle","Tuesday","Day",2,3,"Not at intersection",3,40,"YARRA","METROPOLITAN NORTH WEST REGION",-37.80615465,144.9810178,"Dry","Clear"
"T20190017228","7/9/19",07:50:00,"Collision with vehicle","Saturday","Day",2,2,"Not at intersection",3,50,"MELBOURNE","METROPOLITAN NORTH WEST REGION",-37.78504617,144.9648134,"Wet","Raining"
"T20190017230","6/9/19",14:40:00,"Collision with vehicle","Friday","Day",2,2,"Not at intersection",3,40,"MELBOURNE","METROPOLITAN NORTH WEST REGION",-37.81787544,144.9583031,"Unknown","Not known"
"T20190017231","7/9/19",07:25:00,"Collision with vehicle","Saturday","Day",2,2,"T intersection",3,60,"MELTON","METROPOLITAN NORTH WEST REGION",-37.6731002,144.5725239,"Dry","Clear"
"T20190017233","7/9/19",09:40:00,"Collision with vehicle","Saturday","Day",2,3,"Not at intersection",3,60,"YARRA RANGES","METROPOLITAN SOUTH EAST REGION",-37.92512434,145.3590166,"Wet","Raining"
"T20190017234","7/9/19",09:17:00,"Collision with vehicle","Saturday","Day",2,3,"Cross intersection",3,60,"GLEN EIRA","METROPOLITAN SOUTH EAST REGION",-37.91165193,145.0428659,"Dry","Clear"
"T20190017237","2/9/19",13:25:00,"Collision with vehicle","Monday","Day",2,2,"Cross intersection",3,80,"CASEY","METROPOLITAN SOUTH EAST REGION",-38.08959184,145.3325615,"Dry","Clear"
"T20190017239","7/9/19",01:00:00,"Struck Pedestrian","Saturday","Dark Street lights on",1,2,"Not at intersection",3,40,"YARRA","METROPOLITAN NORTH WEST REGION",-37.79817714,144.9769712,"Dry","Clear"
"T20190017240","7/9/19",11:50:00,"Collision with a fixed object","Saturday","Day",1,2,"Cross intersection",3,100,"MORNINGTON PENINSULA","METROPOLITAN SOUTH EAST REGION",-38.2165111,145.1293452,"Dry","Clear"
"T20190017241","7/9/19",10:40:00,"Collision with vehicle","Saturday","Day",2,3,"Not at intersection",3,60,"BALLARAT","WESTERN REGION",-37.57047163,143.8158157,"Wet","Raining"
"T20190017242","25/7/19",15:00:00,"Collision with vehicle","Thursday","Day",2,2,"T intersection",3,60,"BRIMBANK","METROPOLITAN NORTH WEST REGION",-37.74533433,144.8007695,"Dry","Clear"
"T20190017243","6/9/19",08:25:00,"Collision with vehicle","Friday","Day",2,2,"Cross intersection",3,60,"GEELONG","SOUTH WESTERN REGION",-38.16170393,144.3541106,"Dry","Not known"
"T20190017244","12/7/19",11:30:00,"Collision with vehicle","Friday","Day",2,2,"Cross intersection",3,40,"MELBOURNE","METROPOLITAN NORTH WEST REGION",-37.81469505,144.957763,"Dry","Raining"
"T20190017245","7/9/19",12:16:00,"Collision with a fixed object","Saturday","Day",1,1,"Not at intersection",3,100,"WHITTLESEA","METROPOLITAN NORTH WEST REGION",-37.69029961,144.9784288,"Wet","Clear"
"T20190017246","7/9/19",10:25:00,"Collision with vehicle","Saturday","Day",2,2,"T intersection",3,80,"CASEY","METROPOLITAN SOUTH EAST REGION",-38.00274736,145.2453596,"Dry","Clear"
"T20190017246","7/9/19",10:25:00,"Collision with vehicle","Saturday","Day",2,2,"T intersection",3,80,"CASEY","METROPOLITAN SOUTH EAST REGION",-38.00274736,145.2453596,"Wet","Clear"
"T20190017247","7/9/19",11:10:00,"Struck animal","Saturday","Day",1,5,"Not at intersection",3,60,"SURF COAST","SOUTH WESTERN REGION",-38.33887126,144.3069477,"Wet","Clear"
"T20190017249","7/9/19",13:21:00,"Collision with vehicle","Saturday","Day",2,4,"Not at intersection",3,40,"MELBOURNE","METROPOLITAN NORTH WEST REGION",-37.8188619,144.9625972,"Wet","Raining"
"T20190017250","30/8/19",22:56:00,"Collision with a fixed object","Friday","Dark No street lights",1,1,"Not at intersection",3,60,"BAW BAW","EASTERN REGION",-38.09893233,145.7732029,"Dry","Clear"
"T20190017251","7/9/19",10:25:00,"Collision with vehicle","Saturday","Day",2,2,"Not at intersection",3,90,"YARRA RANGES","METROPOLITAN SOUTH EAST REGION",-37.7757555,145.488686,"Wet","Raining"
"T20190017255","7/9/19",13:50:00,"Collision with vehicle","Saturday","Day",2,5,"Not at intersection",3,60,"YARRA RANGES","METROPOLITAN SOUTH EAST REGION",-37.66378581,145.5132935,"Wet","Raining"
"T20190017258","10/5/19",12:00:00,"Collision with vehicle","Friday","Unknown",4,5,"T intersection",2,60,"WHITEHORSE","METROPOLITAN SOUTH EAST REGION",-37.82672323,145.1041157,"Unknown","Not known"
"T20190017260","7/9/19",14:47:00,"No collision and no object struck","Saturday","Day",1,1,"Not at intersection",2,50,"DANDENONG","METROPOLITAN SOUTH EAST REGION",-37.94159717,145.1641526,"Dry","Clear"
"T20190017261","7/9/19",15:45:00,"Struck Pedestrian","Saturday","Day",1,2,"Not at intersection",3,60,"BRIMBANK","METROPOLITAN NORTH WEST REGION",-37.74434596,144.8008782,"Dry","Clear"
"T20190017262","7/9/19",14:50:00,"Collision with a fixed object","Saturday","Day",1,2,"Not at intersection",3,100,"BENALLA","NORTH EASTERN REGION",-36.36467593,146.1317762,"Dry","Clear"
"T20190017263","7/9/19",15:15:00,"Collision with vehicle","Saturday","Day",8,3,"Not at intersection",2,40,"DAREBIN","METROPOLITAN NORTH WEST REGION",-37.75365359,145.0014244,"Dry","Clear"
"T20190017269","7/9/19",12:28:00,"Collision with vehicle","Saturday","Day",2,2,"T intersection",3,60,"BANYULE","METROPOLITAN NORTH WEST REGION",-37.72708473,145.1135035,"Wet","Clear"
"T20190017270","7/9/19",17:09:00,"Collision with vehicle","Saturday","Day",2,3,"Cross intersection",3,100,"MOIRA","NORTH EASTERN REGION",-35.94067732,145.6597773,"Dry","Clear"
"T20190017271","7/9/19",16:10:00,"Collision with vehicle","Saturday","Day",2,2,"Cross intersection",3,50,"MELBOURNE","METROPOLITAN NORTH WEST REGION",-37.80506276,144.9676968,"Dry","Clear"
"T20190017272","7/9/19",17:48:00,"Collision with vehicle","Saturday","Dark Street lights on",3,7,"Not at intersection",3,100,"MONASH","METROPOLITAN SOUTH EAST REGION",-37.88516015,145.09783,"Wet","Clear"
"T20190017275","6/9/19",20:10:00,"Collision with vehicle","Friday","Dark Street lights on",2,2,"T intersection",3,70,"WYNDHAM","METROPOLITAN NORTH WEST REGION",-37.8240751,144.8239854,"Dry","Clear"
"T20190017278","7/9/19",19:29:00,"Collision with vehicle","Saturday","Dark Street lights on",2,2,"Cross intersection",3,50,"SHEPPARTON","NORTH EASTERN REGION",-36.38315669,145.3989143,"Dry","Clear"
"T20190017279","7/9/19",18:00:00,"Collision with vehicle","Saturday","Dark Street lights on",2,3,"Cross intersection",3,60,"MORELAND","METROPOLITAN NORTH WEST REGION",-37.75876518,144.9745115,"Dry","Clear"
"T20190017280","6/9/19",18:45:00,"Struck Pedestrian","Friday","Dark Street lights on",1,2,"Multiple intersection",3,60,"HUME","METROPOLITAN NORTH WEST REGION",-37.69120114,144.881991,"Dry","Clear"
"T20190017283","7/9/19",06:20:00,"Collision with vehicle","Saturday","Dusk/Dawn",2,2,"Cross intersection",3,60,"MELBOURNE","METROPOLITAN NORTH WEST REGION",-37.80681485,144.9643708,"Dry","Clear"
"T20190017285","7/9/19",20:10:00,"Collision with vehicle","Saturday","Dark Street lights on",2,1,"Not at intersection",3,50,"MANNINGHAM","METROPOLITAN SOUTH EAST REGION",-37.78069379,145.177209,"Dry","Clear"
"T20190017287","7/9/19",22:10:00,"Collision with vehicle","Saturday","Dark Street lights on",2,3,"Cross intersection",3,60,"DANDENONG","METROPOLITAN SOUTH EAST REGION",-37.99987974,145.218229,"Dry","Clear"
"T20190017288","7/9/19",06:30:00,"Collision with vehicle","Saturday","Dusk/Dawn",2,2,"Not at intersection",3,50,"DAREBIN","METROPOLITAN NORTH WEST REGION",-37.77564752,145.0186856,"Dry","Clear"
"T20190017291","7/9/19",04:55:00,"collision with some other object","Saturday","Dark No street lights",1,1,"Not at intersection",3,80,"BAW BAW","EASTERN REGION",-38.17475075,145.8009372,"Wet","Not known"
"T20190017292","7/9/19",22:20:00,"Vehicle overturned (no collision)","Saturday","Dark Street lights on",1,2,"T intersection",3,50,"GEELONG","SOUTH WESTERN REGION",-38.25063311,144.5499511,"Wet","Raining"
"T20190017293","7/9/19",21:34:00,"Collision with vehicle","Saturday","Dark No street lights",2,1,"Not at intersection",1,50,"CASEY","METROPOLITAN SOUTH EAST REGION",-38.01440324,145.2678776,"Wet","Clear"
"T20190017295","7/9/19",18:30:00,"Collision with vehicle","Saturday","Dark Street lights on",2,2,"Not at intersection",3,80,"MORELAND","METROPOLITAN NORTH WEST REGION",-37.75906234,144.9381431,"Wet","Clear"
"T20190017298","26/8/19",19:35:00,"Struck Pedestrian","Monday","Dark No street lights",1,2,"T intersection",3,40,"DANDENONG","METROPOLITAN SOUTH EAST REGION",-37.96667371,145.1766737,"Dry","Clear"
"T20190017299","8/9/19",00:06:00,"Collision with vehicle","Sunday","Dark Street lights on",3,3,"T intersection",3,60,"WHITTLESEA","METROPOLITAN NORTH WEST REGION",-37.68184117,145.0691256,"Dry","Clear"
"T20190017301","8/9/19",02:03:00,"No collision and no object struck","Sunday","Dark No street lights",1,2,"Not at intersection",2,100,"GLENELG","SOUTH WESTERN REGION",-37.52512226,141.0271522,"Wet","Clear"
"T20190017302","8/9/19",05:45:00,"Collision with vehicle","Sunday","Dusk/Dawn",2,2,"T intersection",3,50,"HUME","METROPOLITAN NORTH WEST REGION",-37.5756248,144.7287695,"Dry","Clear"
"T20190017303","4/9/19",13:56:00,"Collision with vehicle","Wednesday","Day",2,2,"Cross intersection",3,60,"MARIBYRNONG","METROPOLITAN NORTH WEST REGION",-37.81282451,144.8834656,"Dry","Clear"
"T20190017307","8/9/19",07:08:00,"Struck Pedestrian","Sunday","Day",2,4,"T intersection",3,50,"BRIMBANK","METROPOLITAN NORTH WEST REGION",-37.70034084,144.8033264,"Dry","Fog"
"T20190017311","30/8/19",11:30:00,"Collision with vehicle","Friday","Unknown",2,2,"Not at intersection",3,50,"HUME","METROPOLITAN NORTH WEST REGION",-37.64454842,144.9184773,"Unknown","Not known"
"T20190017313","23/8/19",04:30:00,"Collision with vehicle","Friday","Dark Street lights on",2,2,"Not at intersection",3,50,"GEELONG","SOUTH WESTERN REGION",-38.21212606,144.311127,"Unknown","Clear"
"T20190017314","7/9/19",07:10:00,"Collision with vehicle","Saturday","Dusk/Dawn",2,3,"Multiple intersection",3,80,"CASEY","METROPOLITAN SOUTH EAST REGION",-38.04399703,145.3414662,"Dry","Clear"
"T20190017315","13/7/19",17:45:00,"Collision with vehicle","Saturday","Dark Street lights on",2,2,"Not at intersection",3,60,"BAW BAW","EASTERN REGION",-38.16577419,145.9325994,"Wet","Clear"
"T20190017317","8/9/19",08:00:00,"Collision with a fixed object","Sunday","Day",1,1,"Not at intersection",3,80,"YARRA RANGES","METROPOLITAN SOUTH EAST REGION",-37.8428978,145.5234289,"Dry","Clear"
"T20190017319","8/9/19",10:50:00,"Collision with vehicle","Sunday","Day",3,5,"T intersection",3,70,"FRANKSTON","METROPOLITAN SOUTH EAST REGION",-38.14822255,145.1451265,"Dry","Clear"
"T20190017320","8/9/19",09:00:00,"Collision with vehicle","Sunday","Day",3,4,"T intersection",2,60,"MONASH","METROPOLITAN SOUTH EAST REGION",-37.87574629,145.1789579,"Dry","Clear"
"T20190017322","8/9/19",10:08:00,"Collision with a fixed object","Sunday","Day",1,1,"Not at intersection",3,100,"CORANGAMITE","SOUTH WESTERN REGION",-38.34009002,143.3681937,"Wet","Raining"
"T20190017323","8/9/19",13:10:00,"Collision with vehicle","Sunday","Day",2,2,"Not at intersection",3,60,"CASEY","METROPOLITAN SOUTH EAST REGION",-38.01478061,145.2715851,"Wet","Raining"
"T20190017323","8/9/19",13:10:00,"Collision with vehicle","Sunday","Day",2,2,"Not at intersection",3,60,"CASEY","METROPOLITAN SOUTH EAST REGION",-38.01478061,145.2715851,"Muddy","Raining"
"T20190017325","8/9/19",05:00:00,"Collision with vehicle","Sunday","Dark Street lights unknown",2,3,"T intersection",3,80,"MURRINDINDI","NORTH EASTERN REGION",-37.32139395,145.2881479,"Unknown","Not known"
"T20190017326","8/8/19",08:40:00,"Collision with vehicle","Thursday","Day",3,3,"Cross intersection",3,70,"WHITEHORSE","METROPOLITAN SOUTH EAST REGION",-37.81323751,145.1768291,"Dry","Clear"
"T20190017327","8/9/19",13:20:00,"Collision with vehicle","Sunday","Day",4,5,"T intersection",3,70,"MELBOURNE","METROPOLITAN NORTH WEST REGION",-37.81094628,144.9911387,"Wet","Raining"
"T20190017328","8/9/19",14:15:00,"Collision with vehicle","Sunday","Day",2,2,"Cross intersection",2,60,"DAREBIN","METROPOLITAN NORTH WEST REGION",-37.74079742,145.0291151,"Wet","Raining"
"T20190017330","5/9/19",14:20:00,"Collision with vehicle","Thursday","Day",2,3,"T intersection",3,60,"LATROBE","EASTERN REGION",-38.23121871,146.4319379,"Dry","Clear"
"T20190017331","8/9/19",14:55:00,"Collision with vehicle","Sunday","Day",2,8,"T intersection",3,60,"YARRA RANGES","METROPOLITAN SOUTH EAST REGION",-37.65253048,145.3762713,"Wet","Raining"
"T20190017332","8/9/19",14:41:00,"Collision with a fixed object","Sunday","Day",1,2,"Not at intersection",3,80,"ALPINE","NORTH EASTERN REGION",-36.77221394,147.2139324,"Wet","Raining"
"T20190017333","8/9/19",13:50:00,"collision with some other object","Sunday","Day",1,1,"Not at intersection",3,100,"MOYNE","SOUTH WESTERN REGION",-38.20316671,142.1030231,"Dry","Raining"
"T20190017333","8/9/19",13:50:00,"collision with some other object","Sunday","Day",1,1,"Not at intersection",3,100,"MOYNE","SOUTH WESTERN REGION",-38.20316671,142.1030231,"Dry","Strong winds"
"T20190017334","23/8/19",19:40:00,"Collision with vehicle","Friday","Dark Street lights unknown",2,2,"Not at intersection",3,100,"MELTON","METROPOLITAN NORTH WEST REGION",-37.70712148,144.6280752,"Dry","Clear"
"T20190017337","8/9/19",16:15:00,"Collision with a fixed object","Sunday","Day",1,4,"Not at intersection",3,80,"CASEY","METROPOLITAN SOUTH EAST REGION",-38.21308953,145.4147098,"Wet","Raining"