"ACCIDENT_NO","ACCIDENTDATE","ACCIDENTTIME","Accident Type Desc","Day Week Description","Light Condition Desc","NO_OF_VEHICLES","NO_PERSONS","Road Geometry Desc","SEVERITY","SPEED_ZONE","LGA_NAME","REGION_NAME","Lat","Long","Surface Cond Desc","Atmosph Cond Desc"
"T20190017338","8/9/19",16:10:00,"Collision with vehicle","Sunday","Day",2,3,"Cross intersection",3,60,"MORELAND","METROPOLITAN NORTH WEST REGION",-37.77806504,144.9784197,"Dry","Clear"
"T20190017342","8/9/19",18:50:00,"Struck Pedestrian","Sunday","Dark Street lights on",1,3,"Cross intersection",3,60,"WHITEHORSE","METROPOLITAN SOUTH EAST REGION",-37.81643838,145.1936819,"Wet","Clear"
"T20190017346","8/9/19",19:40:00,"Collision with vehicle","Sunday","Dark No street lights",2,2,"Not at intersection",3,100,"HUME","METROPOLITAN NORTH WEST REGION",-37.53433635,144.884131,"Wet","Raining"
"T20190017347","16/8/19",14:45:00,"Collision with vehicle","Friday","Day",2,2,"Cross intersection",3,80,"DANDENONG","METROPOLITAN SOUTH EAST REGION",-38.07179657,145.1952163,"Wet","Not known"
"T20190017348","8/9/19",19:36:00,"Collision with vehicle","Sunday","Dark No street lights",3,4,"Not at intersection",3,100,"MITCHELL","NORTHERN REGION",-37.43640153,144.9775551,"Wet","Not known"
"T20190017350","8/9/19",19:27:00,"Collision with a fixed object","Sunday","Dark No street lights",1,3,"Not at intersection",3,100,"CARDINIA","METROPOLITAN SOUTH EAST REGION",-37.94908185,145.3841035,"Wet","Raining"
"T20190017351","6/9/19",12:45:00,"Collision with vehicle","Friday","Day",2,1,"Not at intersection",2,60,"BAYSIDE","METROPOLITAN SOUTH EAST REGION",-37.994183,145.0395435,"Dry","Clear"
"T20190017352","8/9/19",22:45:00,"No collision and no object struck","Sunday","Unknown",2,2,"Cross intersection",3,70,"MELBOURNE","METROPOLITAN NORTH WEST REGION",-37.81755491,144.9900128,"Dry","Clear"
"T20190017358","9/9/19",02:21:00,"Collision with a fixed object","Monday","Dark Street lights on",1,1,"T intersection",3,40,"STONNINGTON","METROPOLITAN SOUTH EAST REGION",-37.85260017,144.9988376,"Wet","Raining"
"T20190017360","9/9/19",01:30:00,"Collision with a fixed object","Monday","Dark Street lights on",1,1,"Not at intersection",3,60,"BOROONDARA","METROPOLITAN SOUTH EAST REGION",-37.80946181,145.060864,"Wet","Raining"
"T20190017364","8/9/19",23:45:00,"Collision with a fixed object","Sunday","Dark Street lights on",1,3,"Not at intersection",1,50,"MACEDON RANGES","NORTHERN REGION",-37.47930685,144.5796523,"Wet","Raining"
"T20190017365","8/9/19",08:50:00,"Collision with a fixed object","Sunday","Day",1,3,"Not at intersection",3,100,"BALLARAT","WESTERN REGION",-37.55894889,143.9171811,"Wet","Raining"
"T20190017368","26/8/19",07:21:00,"Collision with vehicle","Monday","Day",2,2,"Cross intersection",2,80,"FRANKSTON","METROPOLITAN SOUTH EAST REGION",-38.10538053,145.1678759,"Dry","Clear"
"T20190017370","5/8/19",11:45:00,"Collision with vehicle","Monday","Unknown",2,3,"Not at intersection",3,60,"DAREBIN","METROPOLITAN NORTH WEST REGION",-37.71287214,145.0461095,"Unknown","Not known"
"T20190017372","11/4/19",22:00:00,"Collision with vehicle","Thursday","Dark Street lights on",2,3,"Cross intersection",3,60,"HUME","METROPOLITAN NORTH WEST REGION",-37.61643337,144.9134234,"Dry","Clear"
"T20190017374","9/9/19",10:40:00,"Struck Pedestrian","Monday","Day",1,2,"Not at intersection",2,50,"WODONGA","NORTH EASTERN REGION",-36.1239542,146.8886308,"Dry","Clear"
"T20190017376","9/9/19",10:20:00,"Collision with a fixed object","Monday","Day",1,2,"Not at intersection",3,50,"KINGSTON","METROPOLITAN SOUTH EAST REGION",-38.01614494,145.1365813,"Wet","Clear"
"T20190017379","3/9/19",21:00:00,"Struck Pedestrian","Tuesday","Dark No street lights",1,2,"Not at intersection",3,60,"YARRA RANGES","METROPOLITAN SOUTH EAST REGION",-37.64887712,145.5267146,"Dry","Clear"
"T20190017380","16/8/19",15:00:00,"Collision with a fixed object","Friday","Day",1,1,"Not at intersection",3,999,"MILDURA","WESTERN REGION",-34.252993,142.2266841,"Dry","Clear"
"T20190017383","30/6/19",15:20:00,"Collision with vehicle","Sunday","Day",2,4,"T intersection",3,80,"CASEY","METROPOLITAN SOUTH EAST REGION",-38.12716948,145.3255104,"Dry","Clear"
"T20190017385","9/9/19",12:30:00,"Collision with vehicle","Monday","Day",2,6,"Cross intersection",2,60,"YARRA RANGES","METROPOLITAN SOUTH EAST REGION",-37.80188398,145.3079995,"Dry","Clear"
"T20190017386","9/9/19",12:30:00,"Struck Pedestrian","Monday","Day",1,2,"T intersection",3,40,"MELBOURNE","METROPOLITAN NORTH WEST REGION",-37.80967638,144.9554812,"Dry","Clear"
"T20190017387","30/8/19",16:31:00,"Collision with vehicle","Friday","Day",2,2,"T intersection",3,60,"DANDENONG","METROPOLITAN SOUTH EAST REGION",-37.92478941,145.1435207,"Dry","Clear"
"T20190017388","9/9/19",11:45:00,"Collision with vehicle","Monday","Day",4,2,"Not at intersection",3,40,"HUME","METROPOLITAN NORTH WEST REGION",-37.66346498,144.9312465,"Dry","Clear"
"T20190017390","5/9/19",16:30:00,"Collision with vehicle","Thursday","Day",2,5,"T intersection",3,80,"CASEY","METROPOLITAN SOUTH EAST REGION",-38.1411285,145.30683,"Dry","Clear"
"T20190017391","9/9/19",10:20:00,"Collision with vehicle","Monday","Day",2,3,"Not at intersection",3,60,"BAW BAW","EASTERN REGION",-38.14052411,145.8676957,"Dry","Clear"
"T20190017393","9/9/19",13:15:00,"Struck Pedestrian","Monday","Day",1,2,"T intersection",2,40,"MELBOURNE","METROPOLITAN NORTH WEST REGION",-37.80509713,144.9631668,"Wet","Raining"
"T20190017394","6/9/19",19:45:00,"Collision with vehicle","Friday","Dark Street lights unknown",2,3,"T intersection",2,999,"DANDENONG","METROPOLITAN SOUTH EAST REGION",-37.93774642,145.1943655,"Wet","Clear"
"T20190017399","9/9/19",15:43:00,"Collision with vehicle","Monday","Day",2,3,"Cross intersection",3,60,"ARARAT","WESTERN REGION",-37.28519016,142.9339117,"Dry","Clear"
"T20190017400","9/9/19",15:45:00,"Collision with vehicle","Monday","Day",2,2,"Cross intersection",3,50,"MACEDON RANGES","NORTHERN REGION",-37.45942465,144.6785528,"Dry","Clear"
"T20190017404","9/9/19",15:35:00,"Collision with vehicle","Monday","Day",2,3,"Cross intersection",3,60,"BENDIGO","NORTHERN REGION",-36.75981324,144.245145,"Dry","Clear"
"T20190017406","5/9/19",07:50:00,"Collision with vehicle","Thursday","Unknown",2,2,"T intersection",3,999,"KINGSTON","METROPOLITAN SOUTH EAST REGION",-38.01212535,145.0901405,"Unknown","Not known"
"T20190017408","9/9/19",17:15:00,"Collision with vehicle","Monday","Dusk/Dawn",2,2,"Cross intersection",3,80,"COLAC OTWAY","SOUTH WESTERN REGION",-38.31199583,143.6857618,"Dry","Clear"
"T20190017409","9/9/19",18:50:00,"Collision with vehicle","Monday","Dark Street lights on",2,2,"Cross intersection",3,60,"DANDENONG","METROPOLITAN SOUTH EAST REGION",-37.9873071,145.18326,"Wet","Raining"
"T20190017410","16/8/19",18:10:00,"Collision with vehicle","Friday","Dusk/Dawn",2,2,"Cross intersection",3,70,"BRIMBANK","METROPOLITAN NORTH WEST REGION",-37.73430671,144.7810733,"Wet","Raining"
"T20190017411","9/9/19",07:55:00,"Struck Pedestrian","Monday","Dusk/Dawn",1,3,"T intersection",3,50,"HUME","METROPOLITAN NORTH WEST REGION",-37.60523886,144.9373026,"Wet","Raining"
"T20190017412","9/9/19",19:30:00,"Fall from or in moving vehicle","Monday","Dark Street lights on",1,2,"Not at intersection",3,60,"MORELAND","METROPOLITAN NORTH WEST REGION",-37.73842115,144.9392531,"Dry","Clear"
"T20190017413","8/9/19",05:00:00,"collision with some other object","Sunday","Dark No street lights",1,1,"Not at intersection",3,100,"CARDINIA","METROPOLITAN SOUTH EAST REGION",-38.24580462,145.6897712,"Wet","Not known"
"T20190017415","29/5/19",06:20:00,"Struck Pedestrian","Wednesday","Unknown",1,2,"Cross intersection",3,40,"PORT PHILLIP","METROPOLITAN NORTH WEST REGION",-37.86916098,144.9965891,"Dry","Not known"
"T20190017418","29/7/19",17:45:00,"Collision with vehicle","Monday","Dark Street lights on",2,3,"Not at intersection",3,60,"STONNINGTON","METROPOLITAN SOUTH EAST REGION",-37.85378877,145.0076003,"Dry","Not known"
"T20190017418","29/7/19",17:45:00,"Collision with vehicle","Monday","Dark Street lights on",2,3,"Not at intersection",3,60,"STONNINGTON","METROPOLITAN SOUTH EAST REGION",-37.85378877,145.0076003,"Wet","Not known"
"T20190017426","10/9/19",06:29:00,"Collision with vehicle","Tuesday","Day",3,4,"Not at intersection",3,80,"GEELONG","SOUTH WESTERN REGION",-38.06597711,144.3804906,"Dry","Clear"
"T20190017427","24/8/19",13:00:00,"No collision and no object struck","Saturday","Day",1,1,"Not at intersection",3,999,"BAW BAW","EASTERN REGION",-38.02114321,146.0244625,"Unknown","Not known"
"T20190017429","10/5/19",12:00:00,"Vehicle overturned (no collision)","Friday","Day",1,1,"Not at intersection",3,50,"MOONEE VALLEY","METROPOLITAN NORTH WEST REGION",-37.77218555,144.9203683,"Wet","Raining"
"T20190017431","9/9/19",15:45:00,"Collision with vehicle","Monday","Day",2,4,"Not at intersection",3,60,"WARRNAMBOOL","SOUTH WESTERN REGION",-38.38065988,142.4852892,"Dry","Clear"
"T20190017433","10/9/19",09:07:00,"Collision with vehicle","Tuesday","Day",2,2,"Cross intersection",3,40,"EAST GIPPSLAND","EASTERN REGION",-37.82677398,147.6213589,"Dry","Clear"
"T20190017437","10/9/19",08:02:00,"Collision with vehicle","Tuesday","Day",2,3,"Cross intersection",3,40,"MELBOURNE","METROPOLITAN NORTH WEST REGION",-37.81835683,144.9566289,"Dry","Clear"
"T20190017441","10/9/19",06:40:00,"Collision with vehicle","Tuesday","Unknown",2,2,"Not at intersection",3,100,"MONASH","METROPOLITAN SOUTH EAST REGION",-37.92409139,145.178086,"Unknown","Not known"
"T20190017442","10/9/19",10:20:00,"Collision with vehicle","Tuesday","Day",2,2,"Cross intersection",3,50,"CAMPASPE","NORTHERN REGION",-36.1243574,144.7485954,"Dry","Clear"
"T20190017445","10/9/19",10:45:00,"Collision with a fixed object","Tuesday","Day",1,2,"T intersection",3,100,"LODDON","NORTHERN REGION",-36.37094115,144.1330053,"Dry","Clear"
"T20190017446","10/9/19",12:58:00,"Collision with vehicle","Tuesday","Day",2,2,"Cross intersection",3,999,"GLEN EIRA","METROPOLITAN SOUTH EAST REGION",-37.91502199,145.067378,"Dry","Not known"
"T20190017447","3/9/19",16:00:00,"Struck animal","Tuesday","Day",1,1,"Not at intersection",3,100,"MANSFIELD","NORTH EASTERN REGION",-36.94431593,146.2803929,"Dry","Clear"
"T20190017448","24/8/19",14:15:00,"Collision with a fixed object","Saturday","Day",1,1,"Cross intersection",3,40,"MORELAND","METROPOLITAN NORTH WEST REGION",-37.76151711,144.9538901,"Dry","Clear"
"T20190017451","9/9/19",10:56:00,"Collision with vehicle","Monday","Day",2,2,"Not at intersection",2,100,"CARDINIA","METROPOLITAN SOUTH EAST REGION",-38.07390859,145.3978193,"Wet","Clear"
"T20190017453","10/9/19",10:38:00,"Collision with vehicle","Tuesday","Day",2,2,"Cross intersection",3,80,"CASEY","METROPOLITAN SOUTH EAST REGION",-37.99828418,145.2750702,"Dry","Clear"
"T20190017454","10/9/19",12:45:00,"Collision with vehicle","Tuesday","Day",2,2,"Not at intersection",3,70,"MAROONDAH","METROPOLITAN SOUTH EAST REGION",-37.82233696,145.3012638,"Dry","Clear"
"T20190017458","10/9/19",09:51:00,"Collision with vehicle","Tuesday","Day",2,2,"T intersection",3,60,"MONASH","METROPOLITAN SOUTH EAST REGION",-37.87393426,145.1293476,"Dry","Not known"
"T20190017459","10/9/19",12:58:00,"Struck Pedestrian","Tuesday","Day",1,2,"Not at intersection",3,999,"BAW BAW","EASTERN REGION",-38.16146934,145.9312997,"Dry","Not known"
"T20190017461","10/9/19",13:45:00,"collision with some other object","Tuesday","Day",1,2,"Not at intersection",3,60,"BALLARAT","WESTERN REGION",-37.5656524,143.8864699,"Dry","Clear"
"T20190017462","9/8/19",06:30:00,"Collision with vehicle","Friday","Day",2,2,"Not at intersection",3,999,"MONASH","METROPOLITAN SOUTH EAST REGION",-37.91598329,145.1703982,"Unknown","Not known"
"T20190017468","19/7/19",16:12:00,"Collision with a fixed object","Friday","Day",1,1,"Not at intersection",3,40,"STONNINGTON","METROPOLITAN SOUTH EAST REGION",-37.8343925,145.0175802,"Dry","Clear"
"T20190017469","22/7/19",15:30:00,"Collision with vehicle","Monday","Day",2,3,"Not at intersection",3,60,"MONASH","METROPOLITAN SOUTH EAST REGION",-37.88220655,145.0904145,"Dry","Clear"
"T20190017470","10/9/19",06:10:00,"Collision with a fixed object","Tuesday","Dusk/Dawn",1,1,"Not at intersection",3,60,"YARRA RANGES","METROPOLITAN SOUTH EAST REGION",-37.65497243,145.5056279,"Dry","Not known"
"T20190017471","7/9/19",04:20:00,"Collision with a fixed object","Saturday","Dark Street lights on",1,2,"Y intersection",3,70,"MARIBYRNONG","METROPOLITAN NORTH WEST REGION",-37.7945676,144.9003857,"Dry","Clear"
"T20190017473","10/9/19",15:05:00,"Collision with vehicle","Tuesday","Day",2,4,"Cross intersection",3,50,"BANYULE","METROPOLITAN NORTH WEST REGION",-37.75375689,145.0624904,"Dry","Clear"
"T20190017474","10/9/19",16:39:00,"Collision with vehicle","Tuesday","Day",2,2,"Cross intersection",3,60,"BENDIGO","NORTHERN REGION",-36.75728058,144.2918285,"Dry","Clear"
"T20190017475","22/8/19",00:50:00,"Collision with a fixed object","Thursday","Dark Street lights unknown",1,1,"Not at intersection",3,70,"KINGSTON","METROPOLITAN SOUTH EAST REGION",-37.98730848,145.1165381,"Wet","Raining"
"T20190017477","28/8/19",16:30:00,"Collision with vehicle","Wednesday","Unknown",2,2,"Not at intersection",3,999,"CARDINIA","METROPOLITAN SOUTH EAST REGION",-38.0908974,145.4891274,"Wet","Raining"
"T20190017478","10/9/19",07:20:00,"Collision with vehicle","Tuesday","Dusk/Dawn",3,3,"Not at intersection",3,999,"KINGSTON","METROPOLITAN SOUTH EAST REGION",-37.98664726,145.109515,"Wet","Clear"
"T20190017479","3/9/19",17:15:00,"Collision with vehicle","Tuesday","Dusk/Dawn",2,2,"T intersection",3,60,"MONASH","METROPOLITAN SOUTH EAST REGION",-37.89547891,145.1249947,"Dry","Clear"
"T20190017481","9/9/19",23:00:00,"Struck Pedestrian","Monday","Dark No street lights",1,2,"Cross intersection",3,40,"MELBOURNE","METROPOLITAN NORTH WEST REGION",-37.80923867,144.9523651,"Unknown","Clear"
"T20190017483","6/9/19",05:40:00,"Collision with a fixed object","Friday","Dark Street lights on",1,2,"Not at intersection",3,50,"YARRA RANGES","METROPOLITAN SOUTH EAST REGION",-37.764525,145.3261087,"Wet","Raining"
"T20190017484","10/9/19",17:00:00,"Collision with vehicle","Tuesday","Day",2,3,"Not at intersection",3,40,"MELBOURNE","METROPOLITAN NORTH WEST REGION",-37.81649472,144.9631045,"Dry","Not known"
"T20190017485","2/9/19",17:40:00,"Collision with vehicle","Monday","Dusk/Dawn",2,2,"Cross intersection",2,60,"KNOX","METROPOLITAN SOUTH EAST REGION",-37.89168259,145.2577006,"Dry","Clear"
"T20190017488","10/9/19",16:50:00,"Collision with vehicle","Tuesday","Day",2,3,"Not at intersection",2,100,"GOLDEN PLAINS","SOUTH WESTERN REGION",-37.8140566,144.1941567,"Dry","Clear"
"T20190017489","9/9/19",14:30:00,"Collision with vehicle","Monday","Day",2,2,"Not at intersection",3,40,"GLEN EIRA","METROPOLITAN SOUTH EAST REGION",-37.88385387,145.0076888,"Unknown","Not known"
"T20190017491","10/9/19",16:30:00,"Collision with vehicle","Tuesday","Day",3,3,"Not at intersection",3,80,"NILLUMBIK","METROPOLITAN NORTH WEST REGION",-37.68757442,145.0782151,"Dry","Clear"
"T20190017494","10/9/19",15:05:00,"Collision with vehicle","Tuesday","Day",2,2,"T intersection",3,50,"BALLARAT","WESTERN REGION",-37.54657665,143.7967893,"Dry","Clear"
"T20190017496","10/9/19",21:21:00,"Collision with vehicle","Tuesday","Dark Street lights on",2,2,"T intersection",3,100,"MILDURA","WESTERN REGION",-34.26062677,142.1803105,"Dry","Clear"
"T20190017497","10/9/19",16:55:00,"Collision with a fixed object","Tuesday","Day",1,1,"Not at intersection",3,60,"ALPINE","NORTH EASTERN REGION",-36.57271145,146.7403898,"Dry","Clear"
"T20190017500","10/9/19",20:40:00,"Struck Pedestrian","Tuesday","Dark Street lights on",1,7,"Cross intersection",3,60,"DAREBIN","METROPOLITAN NORTH WEST REGION",-37.7397155,145.0196905,"Dry","Clear"
"T20190017501","10/9/19",14:15:00,"Collision with vehicle","Tuesday","Day",2,2,"Cross intersection",3,60,"WHITTLESEA","METROPOLITAN NORTH WEST REGION",-37.621321,145.0118421,"Dry","Clear"
"T20190017502","10/9/19",14:33:00,"Struck Pedestrian","Tuesday","Day",1,3,"Not at intersection",3,50,"MELTON","METROPOLITAN NORTH WEST REGION",-37.68357064,144.5813115,"Dry","Clear"
"T20190017503","28/8/19",10:30:00,"Collision with vehicle","Wednesday","Day",2,2,"Not at intersection",3,60,"MANNINGHAM","METROPOLITAN SOUTH EAST REGION",-37.79549399,145.1180097,"Unknown","Not known"
"T20190017505","11/9/19",00:57:00,"Struck animal","Wednesday","Dark No street lights",1,1,"Not at intersection",3,100,"WELLINGTON","EASTERN REGION",-38.10966565,146.8906908,"Dry","Clear"
"T20190017507","3/9/19",17:45:00,"Collision with vehicle","Tuesday","Dark Street lights on",2,2,"Not at intersection",3,60,"MELBOURNE","METROPOLITAN NORTH WEST REGION",-37.79130655,144.9196256,"Dry","Clear"
"T20190017509","11/9/19",06:30:00,"Collision with vehicle","Wednesday","Dusk/Dawn",2,1,"Not at intersection",3,50,"WHITTLESEA","METROPOLITAN NORTH WEST REGION",-37.65694332,145.0644336,"Dry","Clear"
"T20190017510","1/8/19",23:20:00,"Collision with vehicle","Thursday","Dark Street lights on",2,3,"Not at intersection",3,80,"WHITEHORSE","METROPOLITAN SOUTH EAST REGION",-37.85617118,145.180708,"Wet","Raining"
"T20190017513","6/9/19",06:15:00,"Collision with vehicle","Friday","Day",2,2,"T intersection",3,60,"BANYULE","METROPOLITAN NORTH WEST REGION",-37.72702045,145.1135825,"Wet","Not known"
"T20190017514","10/9/19",11:00:00,"Collision with vehicle","Tuesday","Day",2,3,"T intersection",3,60,"DANDENONG","METROPOLITAN SOUTH EAST REGION",-37.96299642,145.2061427,"Dry","Clear"
"T20190017515","11/9/19",07:39:00,"Collision with vehicle","Wednesday","Day",3,5,"Cross intersection",3,60,"MONASH","METROPOLITAN SOUTH EAST REGION",-37.8808707,145.0947719,"Dry","Clear"
"T20190017516","11/9/19",07:55:00,"Collision with vehicle","Wednesday","Day",3,3,"Not at intersection",3,80,"BANYULE","METROPOLITAN NORTH WEST REGION",-37.70298067,145.0898407,"Dry","Clear"
"T20190017518","10/9/19",11:00:00,"Struck Pedestrian","Tuesday","Day",1,2,"T intersection",3,40,"GEELONG","SOUTH WESTERN REGION",-38.15105168,144.3577487,"Dry","Clear"
"T20190017523","11/9/19",09:00:00,"Collision with vehicle","Wednesday","Day",2,2,"Not at intersection",3,40,"MORELAND","METROPOLITAN NORTH WEST REGION",-37.76477341,144.9625087,"Dry","Clear"
"T20190017525","5/5/19",14:45:00,"Collision with vehicle","Sunday","Day",2,2,"T intersection",3,70,"CASEY","METROPOLITAN SOUTH EAST REGION",-38.10888595,145.2907113,"Dry","Clear"
"T20190017528","11/9/19",09:40:00,"Collision with vehicle","Wednesday","Day",2,2,"Not at intersection",3,100,"MAROONDAH","METROPOLITAN SOUTH EAST REGION",-37.82765555,145.2173095,"Dry","Clear"
"T20190017529","9/8/19",06:45:00,"Collision with vehicle","Friday","Dark Street lights on",3,3,"Not at intersection",3,80,"DANDENONG","METROPOLITAN SOUTH EAST REGION",-38.00088084,145.1875395,"Wet","Raining"
"T20190017530","11/9/19",07:35:00,"Struck Pedestrian","Wednesday","Day",1,2,"Not at intersection",3,60,"HOBSONS BAY","METROPOLITAN NORTH WEST REGION",-37.82749479,144.8811154,"Dry","Clear"
"T20190017531","6/9/19",06:30:00,"No collision and no object struck","Friday","Unknown",1,1,"Not at intersection",3,60,"STONNINGTON","METROPOLITAN SOUTH EAST REGION",-37.84183129,145.015182,"Wet","Not known"
"T20190017532","11/9/19",08:15:00,"Collision with vehicle","Wednesday","Day",2,2,"T intersection",3,40,"DAREBIN","METROPOLITAN NORTH WEST REGION",-37.77433732,144.9979922,"Dry","Clear"
"T20190017534","11/9/19",08:20:00,"Collision with vehicle","Wednesday","Day",2,3,"Not at intersection",3,80,"BENDIGO","NORTHERN REGION",-36.74879246,144.3262974,"Dry","Clear"
"T20190017536","14/8/19",06:25:00,"Collision with vehicle","Wednesday","Dark Street lights on",2,2,"Cross intersection",3,60,"BENDIGO","NORTHERN REGION",-36.71388038,144.3199892,"Dry","Clear"
"T20190017537","11/9/19",08:48:00,"Collision with vehicle","Wednesday","Day",2,2,"Not at intersection",3,60,"MONASH","METROPOLITAN SOUTH EAST REGION",-37.8617791,145.1503974,"Dry","Clear"
"T20190017539","9/9/19",15:00:00,"Collision with vehicle","Monday","Day",2,2,"T intersection",3,80,"KINGSTON","METROPOLITAN SOUTH EAST REGION",-37.9737551,145.0642537,"Dry","Clear"
"T20190017543","11/9/19",10:14:00,"Collision with vehicle","Wednesday","Day",3,4,"Not at intersection",3,80,"MELBOURNE","METROPOLITAN NORTH WEST REGION",-37.82559696,144.942346,"Dry","Clear"
"T20190017544","10/9/19",18:10:00,"Collision with vehicle","Tuesday","Day",2,2,"T intersection",3,60,"BANYULE","METROPOLITAN NORTH WEST REGION",-37.70406051,145.0979594,"Dry","Clear"
"T20190017546","11/9/19",08:25:00,"Collision with vehicle","Wednesday","Day",2,2,"Not at intersection",3,999,"WHITTLESEA","METROPOLITAN NORTH WEST REGION",-37.67868395,144.9987294,"Dry","Clear"
"T20190017551","11/9/19",08:00:00,"Collision with vehicle","Wednesday","Day",2,2,"T intersection",3,40,"MORELAND","METROPOLITAN NORTH WEST REGION",-37.74541317,144.9353286,"Dry","Clear"
"T20190017552","11/9/19",10:40:00,"Collision with vehicle","Wednesday","Day",2,2,"Not at intersection",3,100,"BRIMBANK","METROPOLITAN NORTH WEST REGION",-37.74245245,144.8462205,"Dry","Clear"
"T20190017553","29/8/19",14:18:00,"Collision with vehicle","Thursday","Unknown",2,3,"T intersection",3,50,"HUME","METROPOLITAN NORTH WEST REGION",-37.60794071,144.9271827,"Unknown","Not known"
"T20190017555","11/9/19",12:27:00,"Struck Pedestrian","Wednesday","Day",1,4,"Cross intersection",2,60,"MILDURA","WESTERN REGION",-34.18938799,142.1571906,"Dry","Clear"
"T20190017556","11/9/19",13:30:00,"Collision with vehicle","Wednesday","Day",2,3,"Cross intersection",3,60,"MELTON","METROPOLITAN NORTH WEST REGION",-37.71010819,144.7407496,"Dry","Clear"
"T20190017557","11/9/19",13:30:00,"Collision with vehicle","Wednesday","Day",4,6,"Not at intersection",3,70,"WYNDHAM","METROPOLITAN NORTH WEST REGION",-37.87905463,144.6189955,"Dry","Clear"
"T20190017560","11/9/19",14:00:00,"Collision with vehicle","Wednesday","Day",2,2,"T intersection",2,50,"GLENELG","SOUTH WESTERN REGION",-38.33370536,141.6008723,"Dry","Clear"
"T20190017562","11/9/19",14:30:00,"Collision with vehicle","Wednesday","Unknown",2,4,"Cross intersection",3,70,"MANNINGHAM","METROPOLITAN SOUTH EAST REGION",-37.78833256,145.1048411,"Dry","Clear"
"T20190017563","9/9/19",20:12:00,"Struck Pedestrian","Monday","Dark Street lights on",1,2,"Cross intersection",3,60,"STONNINGTON","METROPOLITAN SOUTH EAST REGION",-37.87597515,145.0481743,"Dry","Clear"
"T20190017564","11/9/19",13:10:00,"Collision with vehicle","Wednesday","Day",2,2,"Cross intersection",3,60,"DAREBIN","METROPOLITAN NORTH WEST REGION",-37.76819656,145.0270645,"Dry","Clear"
"T20190017565","3/9/19",15:00:00,"Collision with vehicle","Tuesday","Day",2,2,"Not at intersection",3,40,"BALLARAT","WESTERN REGION",-37.56327001,143.8630052,"Dry","Clear"
"T20190017566","11/9/19",08:40:00,"Collision with vehicle","Wednesday","Day",2,2,"Not at intersection",3,100,"MONASH","METROPOLITAN SOUTH EAST REGION",-37.89764169,145.1484065,"Dry","Clear"
"T20190017567","11/9/19",12:50:00,"Collision with vehicle","Wednesday","Day",2,3,"Cross intersection",3,60,"MELTON","METROPOLITAN NORTH WEST REGION",-37.73098413,144.7416192,"Dry","Clear"
"T20190017568","3/9/19",16:55:00,"Collision with vehicle","Tuesday","Dusk/Dawn",2,2,"Cross intersection",3,80,"CARDINIA","METROPOLITAN SOUTH EAST REGION",-38.0610442,145.4148178,"Unknown","Not known"
"T20190017569","12/8/19",15:20:00,"Struck Pedestrian","Monday","Day",1,2,"Not at intersection",3,40,"BANYULE","METROPOLITAN NORTH WEST REGION",-37.74336665,145.0838781,"Dry","Clear"
"T20190017571","11/9/19",13:10:00,"Collision with a fixed object","Wednesday","Day",1,1,"Not at intersection",1,100,"MURRINDINDI","NORTH EASTERN REGION",-37.15186363,145.3267939,"Dry","Clear"
"T20190017573","11/9/19",15:50:00,"Collision with vehicle","Wednesday","Day",2,2,"T intersection",3,90,"CAMPASPE","NORTHERN REGION",-36.15172481,144.782312,"Dry","Clear"
"T20190017576","11/9/19",15:42:00,"Collision with vehicle","Wednesday","Day",2,3,"T intersection",3,80,"YARRA RANGES","METROPOLITAN SOUTH EAST REGION",-37.7766188,145.3634059,"Dry","Clear"
"T20190017577","10/9/19",08:30:00,"Collision with vehicle","Tuesday","Day",2,2,"Cross intersection",3,80,"BAW BAW","EASTERN REGION",-38.20589336,146.166158,"Dry","Clear"
"T20190017578","11/9/19",16:20:00,"Collision with vehicle","Wednesday","Day",2,2,"Not at intersection",3,60,"DAREBIN","METROPOLITAN NORTH WEST REGION",-37.76096686,144.9926915,"Dry","Clear"
"T20190017580","10/9/19",15:30:00,"Collision with vehicle","Tuesday","Day",3,3,"Not at intersection",3,70,"WYNDHAM","METROPOLITAN NORTH WEST REGION",-37.85378851,144.6682348,"Dry","Not known"
"T20190017581","11/9/19",15:30:00,"Collision with vehicle","Wednesday","Day",3,3,"Not at intersection",3,60,"MORELAND","METROPOLITAN NORTH WEST REGION",-37.75366891,144.9490749,"Dry","Not known"
"T20190017582","10/9/19",16:00:00,"Struck Pedestrian","Tuesday","Day",1,2,"Cross intersection",2,70,"BRIMBANK","METROPOLITAN NORTH WEST REGION",-37.77919476,144.8471851,"Dry","Clear"
"T20190017583","11/9/19",17:10:00,"Struck Pedestrian","Wednesday","Dusk/Dawn",1,4,"Not at intersection",3,50,"WHITTLESEA","METROPOLITAN NORTH WEST REGION",-37.63068714,145.0160327,"Dry","Clear"
"T20190017584","10/9/19",08:40:00,"Struck Pedestrian","Tuesday","Day",1,6,"Not at intersection",3,40,"MELTON","METROPOLITAN NORTH WEST REGION",-37.71361498,144.7280055,"Dry","Clear"
"T20190017585","11/9/19",16:09:00,"Collision with vehicle","Wednesday","Day",2,2,"Not at intersection",3,60,"BAYSIDE","METROPOLITAN SOUTH EAST REGION",-37.91349394,144.9862565,"Dry","Clear"