"ACCIDENT_NO","ACCIDENTDATE","ACCIDENTTIME","Accident Type Desc","Day Week Description","Light Condition Desc","NO_OF_VEHICLES","NO_PERSONS","Road Geometry Desc","SEVERITY","SPEED_ZONE","LGA_NAME","REGION_NAME","Lat","Long","Surface Cond Desc","Atmosph Cond Desc"
"T20190017587","4/9/19",17:30:00,"Collision with vehicle","Wednesday","Day",3,3,"T intersection",3,60,"BANYULE","METROPOLITAN NORTH WEST REGION",-37.75347164,145.0522714,"Dry","Not known"
"T20190017589","11/9/19",17:52:00,"Collision with vehicle","Wednesday","Day",2,2,"Cross intersection",3,40,"YARRA","METROPOLITAN NORTH WEST REGION",-37.79927769,144.9873448,"Dry","Clear"
"T20190017590","11/9/19",18:30:00,"Collision with vehicle","Wednesday","Dusk/Dawn",2,1,"Not at intersection",3,50,"MONASH","METROPOLITAN SOUTH EAST REGION",-37.8649947,145.0970118,"Dry","Clear"
"T20190017591","11/9/19",18:35:00,"Struck Pedestrian","Wednesday","Dark Street lights on",1,3,"T intersection",3,60,"HOBSONS BAY","METROPOLITAN NORTH WEST REGION",-37.83848649,144.8470158,"Dry","Clear"
"T20190017593","11/9/19",18:24:00,"Collision with vehicle","Wednesday","Dark Street lights on",2,2,"T intersection",3,60,"MORELAND","METROPOLITAN NORTH WEST REGION",-37.75416943,144.9533325,"Dry","Clear"
"T20190017594","11/9/19",07:29:00,"Collision with vehicle","Wednesday","Unknown",2,3,"Not at intersection",3,999,"MANNINGHAM","METROPOLITAN SOUTH EAST REGION",-37.77511992,145.0914999,"Dry","Not known"
"T20190017596","11/9/19",20:40:00,"Collision with vehicle","Wednesday","Unknown",2,2,"T intersection",3,60,"MONASH","METROPOLITAN SOUTH EAST REGION",-37.88078146,145.1093203,"Unknown","Not known"
"T20190017597","11/9/19",18:35:00,"Collision with vehicle","Wednesday","Day",2,2,"T intersection",3,60,"BOROONDARA","METROPOLITAN SOUTH EAST REGION",-37.81877131,145.0590905,"Dry","Clear"
"T20190017601","11/9/19",18:25:00,"Collision with vehicle","Wednesday","Dark Street lights on",2,1,"Not at intersection",3,60,"GEELONG","SOUTH WESTERN REGION",-38.13040794,144.3562629,"Dry","Clear"
"T20190017602","11/9/19",09:00:00,"Collision with vehicle","Wednesday","Day",2,2,"Cross intersection",3,50,"MELBOURNE","METROPOLITAN NORTH WEST REGION",-37.81316686,144.9514354,"Dry","Clear"
"T20190017605","11/9/19",17:20:00,"Collision with vehicle","Wednesday","Dusk/Dawn",2,2,"Cross intersection",3,60,"WYNDHAM","METROPOLITAN NORTH WEST REGION",-37.87190777,144.7253047,"Dry","Clear"
"T20190017607","11/3/19",11:15:00,"Collision with vehicle","Monday","Day",2,4,"Cross intersection",2,40,"MELBOURNE","METROPOLITAN NORTH WEST REGION",-37.8196135,144.9600172,"Unknown","Clear"
"T20190017608","11/9/19",05:50:00,"Collision with vehicle","Wednesday","Dark Street lights on",2,2,"Cross intersection",3,60,"HUME","METROPOLITAN NORTH WEST REGION",-37.58329943,144.9350098,"Dry","Clear"
"T20190017610","11/9/19",17:15:00,"Collision with a fixed object","Wednesday","Day",2,1,"Cross intersection",3,50,"GLEN EIRA","METROPOLITAN SOUTH EAST REGION",-37.88574658,145.004142,"Dry","Clear"
"T20190017612","11/9/19",17:20:00,"Collision with vehicle","Wednesday","Dusk/Dawn",2,2,"Not at intersection",2,999,"DANDENONG","METROPOLITAN SOUTH EAST REGION",-37.98355726,145.2125277,"Dry","Not known"
"T20190017613","11/9/19",17:08:00,"Collision with vehicle","Wednesday","Day",2,4,"T intersection",3,999,"MANNINGHAM","METROPOLITAN SOUTH EAST REGION",-37.77949076,145.1232399,"Unknown","Not known"
"T20190017614","10/9/19",06:30:00,"Collision with vehicle","Tuesday","Day",3,3,"Not at intersection",3,80,"MELTON","METROPOLITAN NORTH WEST REGION",-37.68997562,144.7245067,"Dry","Clear"
"T20190017617","12/9/19",01:30:00,"Collision with vehicle","Thursday","Dark Street lights on",2,6,"Cross intersection",3,40,"PORT PHILLIP","METROPOLITAN NORTH WEST REGION",-37.83483894,144.9464039,"Dry","Clear"
"T20190017618","11/9/19",22:35:00,"Collision with vehicle","Wednesday","Dark Street lights on",2,2,"Cross intersection",3,70,"WYNDHAM","METROPOLITAN NORTH WEST REGION",-37.83203408,144.6728745,"Dry","Clear"
"T20190017619","11/9/19",23:10:00,"Collision with vehicle","Wednesday","Dark Street lights on",2,2,"Cross intersection",3,60,"BENDIGO","NORTHERN REGION",-36.74999877,144.2832314,"Dry","Clear"
"T20190017621","11/9/19",23:16:00,"Collision with a fixed object","Wednesday","Dark No street lights",1,2,"Not at intersection",3,80,"BAW BAW","EASTERN REGION",-38.26646425,146.1812247,"Dry","Clear"
"T20190017623","10/9/19",21:55:00,"collision with some other object","Tuesday","Dark Street lights unknown",1,4,"T intersection",2,50,"YARRA RANGES","METROPOLITAN SOUTH EAST REGION",-37.76984271,145.3009149,"Dry","Clear"
"T20190017624","12/9/19",02:30:00,"Collision with vehicle","Thursday","Dark No street lights",2,2,"Not at intersection",2,110,"MOORABOOL","WESTERN REGION",-37.55672395,144.0804204,"Dry","Clear"
"T20190017624","12/9/19",02:30:00,"Collision with vehicle","Thursday","Dark No street lights",2,2,"Not at intersection",2,110,"MOORABOOL","WESTERN REGION",-37.55672395,144.0804204,"Dry","Strong winds"
"T20190017625","12/9/19",06:30:00,"Collision with vehicle","Thursday","Day",2,3,"Cross intersection",3,60,"WHITTLESEA","METROPOLITAN NORTH WEST REGION",-37.65611212,145.0799417,"Dry","Clear"
"T20190017626","31/8/19",11:30:00,"Vehicle overturned (no collision)","Saturday","Day",1,1,"Not at intersection",2,999,"SURF COAST","SOUTH WESTERN REGION",-38.34588834,144.1470725,"Unknown","Not known"
"T20190017629","11/9/19",12:49:00,"Collision with vehicle","Wednesday","Day",2,2,"Cross intersection",3,60,"STONNINGTON","METROPOLITAN SOUTH EAST REGION",-37.84928289,145.0123171,"Dry","Clear"
"T20190017631","12/9/19",06:40:00,"Struck animal","Thursday","Day",1,1,"Not at intersection",3,100,"MURRINDINDI","NORTH EASTERN REGION",-37.32255916,145.3153878,"Dry","Clear"
"T20190017632","12/9/19",09:40:00,"Collision with vehicle","Thursday","Day",3,4,"Cross intersection",3,80,"HUME","METROPOLITAN NORTH WEST REGION",-37.69247332,144.8660272,"Dry","Clear"
"T20190017635","12/9/19",07:20:00,"Collision with vehicle","Thursday","Day",2,2,"T intersection",3,80,"WHITEHORSE","METROPOLITAN SOUTH EAST REGION",-37.81835901,145.1684454,"Dry","Clear"
"T20190017637","6/8/19",17:30:00,"Collision with vehicle","Tuesday","Unknown",2,2,"Not at intersection",3,80,"WHITTLESEA","METROPOLITAN NORTH WEST REGION",-37.64717295,144.9771933,"Unknown","Not known"
"T20190017640","12/9/19",11:00:00,"Collision with a fixed object","Thursday","Day",1,2,"Not at intersection",2,80,"CARDINIA","METROPOLITAN SOUTH EAST REGION",-38.05556331,145.3802273,"Dry","Clear"
"T20190017643","11/9/19",18:00:00,"Collision with vehicle","Wednesday","Dusk/Dawn",2,2,"Not at intersection",3,999,"DAREBIN","METROPOLITAN NORTH WEST REGION",-37.77924673,145.0180819,"Dry","Clear"
"T20190017644","12/9/19",10:57:00,"Collision with vehicle","Thursday","Day",2,2,"T intersection",3,100,"HUME","METROPOLITAN NORTH WEST REGION",-37.56575413,144.7603177,"Dry","Clear"
"T20190017645","4/7/19",05:20:00,"No collision and no object struck","Thursday","Dark No street lights",1,1,"Not at intersection",3,60,"MOYNE","SOUTH WESTERN REGION",-38.32867792,142.5376764,"Unknown","Not known"
"T20190017646","12/9/19",12:30:00,"Collision with vehicle","Thursday","Day",2,4,"T intersection",3,60,"BALLARAT","WESTERN REGION",-37.5409285,143.8218878,"Dry","Clear"
"T20190017647","12/9/19",07:44:00,"Collision with vehicle","Thursday","Day",2,4,"Cross intersection",3,50,"DAREBIN","METROPOLITAN NORTH WEST REGION",-37.69667418,145.0184621,"Dry","Clear"
"T20190017649","12/9/19",12:18:00,"Collision with vehicle","Thursday","Day",2,2,"Not at intersection",3,50,"QUEENSCLIFFE","SOUTH WESTERN REGION",-38.26552048,144.6622088,"Dry","Clear"
"T20190017651","12/9/19",07:23:00,"Collision with vehicle","Thursday","Day",2,2,"T intersection",3,60,"BANYULE","METROPOLITAN NORTH WEST REGION",-37.77757626,145.0374982,"Dry","Clear"
"T20190017652","7/9/19",10:40:00,"Collision with vehicle","Saturday","Day",3,4,"Not at intersection",3,100,"WHITTLESEA","METROPOLITAN NORTH WEST REGION",-37.55531532,145.1095081,"Wet","Raining"
"T20190017652","7/9/19",10:40:00,"Collision with vehicle","Saturday","Day",3,4,"Not at intersection",3,100,"WHITTLESEA","METROPOLITAN NORTH WEST REGION",-37.55531532,145.1095081,"Wet","Strong winds"
"T20190017653","12/9/19",11:54:00,"Collision with vehicle","Thursday","Day",2,2,"T intersection",3,80,"MOIRA","NORTH EASTERN REGION",-35.92045466,145.6403756,"Dry","Clear"
"T20190017655","21/8/19",08:00:00,"Collision with vehicle","Wednesday","Day",2,2,"Not at intersection",3,40,"BOROONDARA","METROPOLITAN SOUTH EAST REGION",-37.84034306,145.0417394,"Dry","Clear"
"T20190017656","12/9/19",12:27:00,"Vehicle overturned (no collision)","Thursday","Day",1,1,"Not at intersection",3,100,"CENTRAL GOLDFIELDS","WESTERN REGION",-36.92927693,143.7191472,"Dry","Clear"
"T20190017659","12/9/19",11:00:00,"Collision with vehicle","Thursday","Day",3,5,"T intersection",3,60,"BRIMBANK","METROPOLITAN NORTH WEST REGION",-37.75832126,144.8105384,"Dry","Clear"
"T20190017660","12/9/19",10:15:00,"Collision with vehicle","Thursday","Day",2,2,"Not at intersection",3,70,"WELLINGTON","EASTERN REGION",-38.09534436,147.0684955,"Dry","Clear"
"T20190017661","11/9/19",19:06:00,"Collision with vehicle","Wednesday","Dark Street lights on",2,3,"T intersection",3,60,"KNOX","METROPOLITAN SOUTH EAST REGION",-37.86516424,145.2854655,"Dry","Clear"
"T20190017664","3/7/19",11:45:00,"Collision with vehicle","Wednesday","Day",2,2,"Cross intersection",3,50,"CASEY","METROPOLITAN SOUTH EAST REGION",-38.02040031,145.3066568,"Dry","Clear"
"T20190017665","12/9/19",15:05:00,"Collision with vehicle","Thursday","Day",2,2,"Cross intersection",3,60,"SWAN HILL","NORTHERN REGION",-35.33833957,143.5608659,"Dry","Clear"
"T20190017666","12/9/19",15:45:00,"Collision with vehicle","Thursday","Day",2,2,"Cross intersection",3,40,"MELBOURNE","METROPOLITAN NORTH WEST REGION",-37.81326853,144.9627082,"Dry","Clear"
"T20190017668","12/9/19",15:34:00,"Collision with vehicle","Thursday","Day",2,2,"T intersection",3,60,"BRIMBANK","METROPOLITAN NORTH WEST REGION",-37.71391539,144.8622356,"Dry","Clear"
"T20190017669","12/9/19",15:35:00,"Struck Pedestrian","Thursday","Day",1,3,"Not at intersection",3,40,"DANDENONG","METROPOLITAN SOUTH EAST REGION",-37.97821533,145.2084612,"Dry","Clear"
"T20190017676","12/9/19",14:40:00,"Collision with a fixed object","Thursday","Day",1,1,"Not at intersection",3,100,"CORANGAMITE","SOUTH WESTERN REGION",-38.55859023,143.1596963,"Dry","Clear"
"T20190017677","12/9/19",16:23:00,"Collision with vehicle","Thursday","Day",3,3,"Not at intersection",3,60,"GEELONG","SOUTH WESTERN REGION",-38.08186654,144.3393711,"Dry","Clear"
"T20190017678","12/9/19",08:50:00,"Struck Pedestrian","Thursday","Day",1,2,"Not at intersection",3,999,"BAYSIDE","METROPOLITAN SOUTH EAST REGION",-37.95786487,145.019835,"Dry","Clear"
"T20190017682","11/9/19",18:20:00,"Collision with vehicle","Wednesday","Dark Street lights on",5,5,"Multiple intersection",3,70,"WYNDHAM","METROPOLITAN NORTH WEST REGION",-37.87522643,144.7374234,"Dry","Clear"
"T20190017686","12/9/19",19:15:00,"Collision with vehicle","Thursday","Dark Street lights on",2,2,"Cross intersection",3,60,"MORELAND","METROPOLITAN NORTH WEST REGION",-37.76482795,144.9437662,"Dry","Clear"
"T20190017687","12/9/19",17:00:00,"Collision with a fixed object","Thursday","Day",1,1,"Not at intersection",3,60,"BRIMBANK","METROPOLITAN NORTH WEST REGION",-37.76551903,144.8309158,"Wet","Raining"
"T20190017688","12/9/19",18:12:00,"Collision with vehicle","Thursday","Dusk/Dawn",2,2,"Cross intersection",3,50,"BAYSIDE","METROPOLITAN SOUTH EAST REGION",-37.91812093,144.9991209,"Dry","Clear"
"T20190017693","12/9/19",16:23:00,"Collision with a fixed object","Thursday","Day",1,1,"Not at intersection",3,110,"MITCHELL","NORTHERN REGION",-37.49290849,144.9632583,"Dry","Not known"
"T20190017695","12/9/19",20:00:00,"Struck Pedestrian","Thursday","Dark No street lights",1,2,"T intersection",3,50,"WYNDHAM","METROPOLITAN NORTH WEST REGION",-37.86947299,144.6908497,"Dry","Clear"
"T20190017696","12/9/19",16:07:00,"Collision with a fixed object","Thursday","Day",1,2,"Not at intersection",2,70,"SOUTH GIPPSLAND","EASTERN REGION",-38.38305936,146.1492101,"Dry","Clear"
"T20190017698","12/9/19",18:00:00,"Collision with vehicle","Thursday","Dark Street lights on",5,6,"Cross intersection",3,50,"MELBOURNE","METROPOLITAN NORTH WEST REGION",-37.83414554,144.9825237,"Dry","Clear"
"T20190017700","11/9/19",17:00:00,"Collision with vehicle","Wednesday","Dusk/Dawn",2,3,"Cross intersection",3,60,"STONNINGTON","METROPOLITAN SOUTH EAST REGION",-37.86007437,145.0570723,"Dry","Clear"
"T20190017703","20/6/19",18:10:00,"Collision with vehicle","Thursday","Dark Street lights on",3,3,"Not at intersection",3,70,"CARDINIA","METROPOLITAN SOUTH EAST REGION",-38.05408984,145.3797229,"Wet","Raining"
"T20190017704","12/9/19",22:36:00,"Collision with vehicle","Thursday","Dark Street lights on",2,1,"Not at intersection",3,60,"WELLINGTON","EASTERN REGION",-38.10270376,147.060852,"Dry","Clear"
"T20190017705","16/8/19",15:30:00,"Collision with vehicle","Friday","Unknown",2,2,"Not at intersection",3,60,"BRIMBANK","METROPOLITAN NORTH WEST REGION",-37.70282904,144.7751488,"Unknown","Not known"
"T20190017707","26/8/19",23:33:00,"Collision with vehicle","Monday","Dark Street lights on",2,3,"T intersection",3,80,"HUME","METROPOLITAN NORTH WEST REGION",-37.63944119,144.9194811,"Dry","Clear"
"T20190017709","13/9/19",00:58:00,"Collision with a fixed object","Friday","Dark Street lights on",1,1,"T intersection",3,60,"BOROONDARA","METROPOLITAN SOUTH EAST REGION",-37.78403968,145.0627864,"Dry","Clear"
"T20190017711","7/9/19",13:00:00,"Struck Pedestrian","Saturday","Day",1,2,"Cross intersection",3,40,"PORT PHILLIP","METROPOLITAN NORTH WEST REGION",-37.83078671,144.9595485,"Unknown","Clear"
"T20190017712","13/9/19",00:30:00,"Collision with a fixed object","Friday","Dark No street lights",1,1,"Not at intersection",2,100,"HORSHAM","WESTERN REGION",-37.10085747,142.1871925,"Dry","Fog"
"T20190017715","13/9/19",06:27:00,"Vehicle overturned (no collision)","Friday","Day",2,3,"Not at intersection",3,60,"MORELAND","METROPOLITAN NORTH WEST REGION",-37.77838735,144.9715398,"Dry","Clear"
"T20190017717","13/9/19",08:17:00,"Collision with vehicle","Friday","Day",2,5,"T intersection",3,50,"BALLARAT","WESTERN REGION",-37.53953771,143.8403161,"Dry","Clear"
"T20190017719","28/8/19",13:50:00,"Collision with vehicle","Wednesday","Day",2,2,"T intersection",3,60,"WHITEHORSE","METROPOLITAN SOUTH EAST REGION",-37.85334953,145.0951109,"Wet","Raining"
"T20190017720","12/9/19",20:37:00,"Collision with a fixed object","Thursday","Dark Street lights on",1,2,"Not at intersection",2,50,"MONASH","METROPOLITAN SOUTH EAST REGION",-37.89087849,145.1583524,"Dry","Clear"
"T20190017722","12/9/19",23:00:00,"Struck Pedestrian","Thursday","Dark Street lights on",1,2,"Cross intersection",3,60,"MELBOURNE","METROPOLITAN NORTH WEST REGION",-37.82595467,144.9573233,"Dry","Not known"
"T20190017723","13/9/19",08:07:00,"Collision with vehicle","Friday","Day",2,2,"Not at intersection",3,60,"MONASH","METROPOLITAN SOUTH EAST REGION",-37.86586328,145.093432,"Dry","Clear"
"T20190017724","1/9/19",14:43:00,"Collision with a fixed object","Sunday","Day",1,1,"Not at intersection",3,80,"MANSFIELD","NORTH EASTERN REGION",-36.93335426,146.2176546,"Dry","Clear"
"T20190017725","10/9/19",10:45:00,"Collision with vehicle","Tuesday","Day",3,4,"Not at intersection",3,70,"DAREBIN","METROPOLITAN NORTH WEST REGION",-37.69503894,145.0121934,"Dry","Clear"
"T20190017727","5/9/19",08:30:00,"collision with some other object","Thursday","Day",1,1,"Not at intersection",3,40,"MELBOURNE","METROPOLITAN NORTH WEST REGION",-37.82670082,144.9795958,"Dry","Clear"
"T20190017728","13/9/19",08:52:00,"Collision with vehicle","Friday","Day",2,3,"Not at intersection",3,40,"MELBOURNE","METROPOLITAN NORTH WEST REGION",-37.80994811,144.9702717,"Dry","Clear"
"T20190017729","13/9/19",08:19:00,"Collision with vehicle","Friday","Day",2,2,"Not at intersection",3,80,"STONNINGTON","METROPOLITAN SOUTH EAST REGION",-37.85019476,145.0494439,"Dry","Clear"
"T20190017732","13/9/19",10:42:00,"Collision with vehicle","Friday","Day",2,4,"T intersection",3,60,"WYNDHAM","METROPOLITAN NORTH WEST REGION",-37.89383743,144.6804807,"Dry","Clear"
"T20190017733","7/8/19",15:50:00,"Collision with vehicle","Wednesday","Unknown",2,2,"Not at intersection",3,60,"WHITEHORSE","METROPOLITAN SOUTH EAST REGION",-37.83155125,145.1457962,"Unknown","Not known"
"T20190017734","10/9/19",12:57:00,"No collision and no object struck","Tuesday","Day",1,1,"Cross intersection",2,50,"MOORABOOL","WESTERN REGION",-37.47262134,144.3062574,"Dry","Clear"
"T20190017735","13/9/19",11:40:00,"Vehicle overturned (no collision)","Friday","Day",1,1,"Not at intersection",3,100,"WHITTLESEA","METROPOLITAN NORTH WEST REGION",-37.68900403,144.9863718,"Dry","Clear"
"T20190017739","13/9/19",12:44:00,"Collision with vehicle","Friday","Day",2,2,"Not at intersection",3,60,"BALLARAT","WESTERN REGION",-37.53223505,143.84934,"Dry","Clear"
"T20190017740","13/9/19",10:50:00,"Collision with a fixed object","Friday","Unknown",1,2,"Not at intersection",1,888,"BAW BAW","EASTERN REGION",-37.81704115,146.434037,"Muddy","Not known"
"T20190017742","13/9/19",13:15:00,"Collision with vehicle","Friday","Day",2,3,"Not at intersection",3,50,"HUME","METROPOLITAN NORTH WEST REGION",-37.5792706,144.7313816,"Dry","Clear"
"T20190017743","13/9/19",08:55:00,"Collision with vehicle","Friday","Day",2,2,"T intersection",3,60,"CASEY","METROPOLITAN SOUTH EAST REGION",-37.98453618,145.2400202,"Dry","Clear"
"T20190017744","3/9/19",08:47:00,"Collision with vehicle","Tuesday","Day",2,2,"Cross intersection",3,60,"BOROONDARA","METROPOLITAN SOUTH EAST REGION",-37.80170436,145.0694842,"Dry","Clear"
"T20190017745","13/9/19",14:00:00,"Collision with vehicle","Friday","Day",4,4,"T intersection",3,60,"HOBSONS BAY","METROPOLITAN NORTH WEST REGION",-37.84406478,144.8460719,"Dry","Clear"
"T20190017746","4/9/19",22:30:00,"Collision with vehicle","Wednesday","Dark Street lights unknown",2,2,"Not at intersection",3,999,"WHITEHORSE","METROPOLITAN SOUTH EAST REGION",-37.82018956,145.1234163,"Wet","Raining"
"T20190017747","13/9/19",12:15:00,"Collision with vehicle","Friday","Day",2,3,"Cross intersection",3,50,"GLEN EIRA","METROPOLITAN SOUTH EAST REGION",-37.87268807,144.9988251,"Dry","Clear"
"T20190017750","13/9/19",13:30:00,"Struck Pedestrian","Friday","Day",1,2,"Cross intersection",3,40,"GEELONG","SOUTH WESTERN REGION",-38.14961375,144.3567677,"Dry","Clear"
"T20190017751","7/9/19",12:00:00,"Collision with vehicle","Saturday","Day",2,2,"Not at intersection",3,80,"DANDENONG","METROPOLITAN SOUTH EAST REGION",-38.00179074,145.2260223,"Dry","Clear"
"T20190017752","12/9/19",07:59:00,"Collision with vehicle","Thursday","Day",2,2,"Cross intersection",3,60,"CASEY","METROPOLITAN SOUTH EAST REGION",-37.99828418,145.2750702,"Dry","Clear"
"T20190017753","13/9/19",14:39:00,"Collision with vehicle","Friday","Day",2,2,"Not at intersection",3,50,"CARDINIA","METROPOLITAN SOUTH EAST REGION",-38.06072906,145.4840423,"Dry","Clear"
"T20190017756","13/9/19",12:30:00,"Collision with vehicle","Friday","Day",2,2,"Not at intersection",3,80,"MARIBYRNONG","METROPOLITAN NORTH WEST REGION",-37.82438829,144.8596079,"Dry","Clear"
"T20190017758","13/9/19",14:00:00,"Collision with vehicle","Friday","Day",2,2,"Cross intersection",3,40,"DANDENONG","METROPOLITAN SOUTH EAST REGION",-37.98621376,145.2125127,"Dry","Clear"
"T20190017759","13/9/19",15:52:00,"Struck Pedestrian","Friday","Day",1,2,"Multiple intersection",3,999,"BOROONDARA","METROPOLITAN SOUTH EAST REGION",-37.79912163,145.0303172,"Dry","Clear"
"T20190017760","13/9/19",15:40:00,"Struck Pedestrian","Friday","Day",1,2,"Not at intersection",3,40,"WARRNAMBOOL","SOUTH WESTERN REGION",-38.38838667,142.5001799,"Dry","Clear"
"T20190017764","13/9/19",17:00:00,"Collision with vehicle","Friday","Day",2,3,"Not at intersection",3,70,"YARRA RANGES","METROPOLITAN SOUTH EAST REGION",-37.77368683,145.3304161,"Dry","Clear"
"T20190017765","13/9/19",17:20:00,"Collision with vehicle","Friday","Dusk/Dawn",2,3,"Cross intersection",3,70,"MANNINGHAM","METROPOLITAN SOUTH EAST REGION",-37.75789303,145.1185364,"Dry","Clear"
"T20190017766","13/9/19",15:40:00,"Collision with vehicle","Friday","Day",2,2,"Cross intersection",3,50,"BAW BAW","EASTERN REGION",-38.21008638,146.1518915,"Dry","Clear"
"T20190017767","8/7/19",16:20:00,"Struck Pedestrian","Monday","Day",1,2,"T intersection",3,999,"GLEN EIRA","METROPOLITAN SOUTH EAST REGION",-37.88496693,145.006103,"Unknown","Not known"
"T20190017769","13/9/19",16:40:00,"Collision with vehicle","Friday","Day",4,4,"Not at intersection",3,80,"CASEY","METROPOLITAN SOUTH EAST REGION",-38.04736514,145.3406524,"Dry","Clear"
"T20190017772","13/9/19",16:24:00,"Collision with vehicle","Friday","Day",2,2,"Cross intersection",3,70,"GEELONG","SOUTH WESTERN REGION",-38.21960827,144.337915,"Dry","Clear"
"T20190017773","13/9/19",20:30:00,"Collision with vehicle","Friday","Dark Street lights on",2,6,"T intersection",3,60,"PORT PHILLIP","METROPOLITAN SOUTH EAST REGION",-37.86283424,145.0100476,"Dry","Clear"
"T20190017776","12/9/19",18:00:00,"Collision with vehicle","Thursday","Day",2,2,"Multiple intersection",3,80,"WHITTLESEA","METROPOLITAN NORTH WEST REGION",-37.68700813,145.0673115,"Dry","Clear"
"T20190017777","13/9/19",21:35:00,"Collision with vehicle","Friday","Dark Street lights on",2,4,"Cross intersection",3,60,"BENDIGO","NORTHERN REGION",-36.75836661,144.2681334,"Dry","Clear"
"T20190017778","13/9/19",19:30:00,"Collision with vehicle","Friday","Unknown",2,3,"Cross intersection",3,999,"WHITTLESEA","METROPOLITAN NORTH WEST REGION",-37.65063551,145.0758487,"Unknown","Not known"
"T20190017780","13/9/19",21:30:00,"Collision with vehicle","Friday","Dark Street lights unknown",3,3,"Not at intersection",3,70,"GEELONG","SOUTH WESTERN REGION",-38.20818611,144.3400627,"Dry","Clear"
"T20190017781","14/9/19",02:05:00,"Struck Pedestrian","Saturday","Dark Street lights on",1,2,"Cross intersection",3,60,"BALLARAT","WESTERN REGION",-37.562107,143.857737,"Dry","Clear"
"T20190017782","20/8/19",07:45:00,"Collision with vehicle","Tuesday","Unknown",2,3,"Cross intersection",3,40,"MELBOURNE","METROPOLITAN NORTH WEST REGION",-37.81371239,144.957323,"Unknown","Not known"
"T20190017787","14/9/19",03:19:00,"Collision with vehicle","Saturday","Dark No street lights",2,2,"Not at intersection",3,110,"MITCHELL","NORTHERN REGION",-37.44192064,144.981378,"Dry","Clear"
"T20190017788","14/9/19",06:15:00,"Collision with vehicle","Saturday","Day",2,2,"Cross intersection",3,80,"FRANKSTON","METROPOLITAN SOUTH EAST REGION",-38.15626391,145.1706745,"Dry","Clear"
"T20190017789","7/7/19",01:05:00,"Collision with a fixed object","Sunday","Dark No street lights",1,1,"Not at intersection",3,80,"MORNINGTON PENINSULA","METROPOLITAN SOUTH EAST REGION",-38.29752193,145.0779353,"Dry","Clear"
"T20190017790","14/9/19",07:10:00,"Collision with a fixed object","Saturday","Day",1,1,"Not at intersection",3,80,"MELBOURNE","METROPOLITAN NORTH WEST REGION",-37.82609388,144.9812689,"Dry","Clear"
"T20190017791","14/9/19",06:46:00,"Vehicle overturned (no collision)","Saturday","Unknown",1,1,"Not at intersection",3,60,"MACEDON RANGES","NORTHERN REGION",-37.45629938,144.6635355,"Dry","Clear"
"T20190017792","14/9/19",08:45:00,"Collision with vehicle","Saturday","Day",3,3,"Not at intersection",3,40,"BANYULE","METROPOLITAN NORTH WEST REGION",-37.73941519,145.1051423,"Dry","Clear"
"T20190017793","14/9/19",09:30:00,"Collision with vehicle","Saturday","Day",2,2,"Cross intersection",3,50,"MORELAND","METROPOLITAN NORTH WEST REGION",-37.76344966,144.9555488,"Dry","Not known"
"T20190017794","14/9/19",07:30:00,"Collision with vehicle","Saturday","Day",2,2,"Not at intersection",3,40,"MELBOURNE","METROPOLITAN NORTH WEST REGION",-37.81148142,144.9674951,"Dry","Clear"
"T20190017795","14/9/19",08:55:00,"Collision with a fixed object","Saturday","Day",2,2,"T intersection",3,60,"STONNINGTON","METROPOLITAN SOUTH EAST REGION",-37.84305488,145.0253358,"Dry","Clear"
"T20190017797","12/9/19",12:55:00,"Collision with vehicle","Thursday","Day",2,2,"Not at intersection",3,60,"BRIMBANK","METROPOLITAN NORTH WEST REGION",-37.6945236,144.766023,"Dry","Clear"
"T20190017798","13/9/19",16:15:00,"Collision with vehicle","Friday","Day",2,2,"Not at intersection",3,80,"WHITTLESEA","METROPOLITAN NORTH WEST REGION",-37.65177251,145.0871131,"Dry","Clear"
"T20190017799","14/9/19",11:20:00,"No collision and no object struck","Saturday","Day",1,1,"Cross intersection",3,60,"CARDINIA","METROPOLITAN SOUTH EAST REGION",-38.08386426,145.491989,"Dry","Clear"
"T20190017801","11/9/19",15:13:00,"Collision with vehicle","Wednesday","Day",3,5,"Not at intersection",3,40,"SWAN HILL","NORTHERN REGION",-35.33526941,143.5519307,"Dry","Clear"
"T20190017803","10/9/19",08:45:00,"Collision with vehicle","Tuesday","Day",2,2,"Cross intersection",3,50,"BAYSIDE","METROPOLITAN SOUTH EAST REGION",-37.94607927,145.0196356,"Wet","Clear"
"T20190017804","9/8/19",18:00:00,"Collision with vehicle","Friday","Unknown",2,2,"Not at intersection",3,60,"MOIRA","NORTH EASTERN REGION",-36.05775889,145.2040826,"Unknown","Clear"
"T20190017807","14/9/19",12:50:00,"Struck Pedestrian","Saturday","Day",1,2,"Not at intersection",2,80,"KINGSTON","METROPOLITAN SOUTH EAST REGION",-37.97521207,145.0654428,"Dry","Not known"
"T20190017808","14/9/19",12:15:00,"Collision with vehicle","Saturday","Day",3,1,"Not at intersection",3,40,"WHITEHORSE","METROPOLITAN SOUTH EAST REGION",-37.81231744,145.1225082,"Dry","Clear"