"ACCIDENT_NO","ACCIDENTDATE","ACCIDENTTIME","Accident Type Desc","Day Week Description","Light Condition Desc","NO_OF_VEHICLES","NO_PERSONS","Road Geometry Desc","SEVERITY","SPEED_ZONE","LGA_NAME","REGION_NAME","Lat","Long","Surface Cond Desc","Atmosph Cond Desc"
"T20190017811","13/9/19",12:30:00,"Collision with vehicle","Friday","Day",3,3,"Not at intersection",3,60,"YARRA","METROPOLITAN NORTH WEST REGION",-37.82621309,145.0070996,"Dry","Clear"
"T20190017813","14/9/19",12:10:00,"collision with some other object","Saturday","Day",1,1,"Not at intersection",3,100,"TOWONG","NORTH EASTERN REGION",-36.13357189,147.828238,"Dry","Clear"
"T20190017814","14/9/19",12:18:00,"Collision with vehicle","Saturday","Day",2,2,"T intersection",2,60,"PORT PHILLIP","METROPOLITAN NORTH WEST REGION",-37.88658039,144.9831415,"Dry","Clear"
"T20190017816","14/9/19",13:43:00,"Collision with vehicle","Saturday","Day",3,4,"T intersection",2,80,"YARRA RANGES","METROPOLITAN SOUTH EAST REGION",-37.96117797,145.3611396,"Dry","Clear"
"T20190017817","2/8/19",16:05:00,"Collision with vehicle","Friday","Day",2,4,"T intersection",3,60,"KINGSTON","METROPOLITAN SOUTH EAST REGION",-37.95471978,145.0764836,"Dry","Clear"
"T20190017821","10/9/19",08:10:00,"Collision with vehicle","Tuesday","Day",2,2,"Not at intersection",3,40,"YARRA","METROPOLITAN NORTH WEST REGION",-37.81614219,145.0016974,"Unknown","Clear"
"T20190017823","11/9/19",07:48:00,"Struck Pedestrian","Wednesday","Day",1,2,"Cross intersection",3,999,"YARRA","METROPOLITAN NORTH WEST REGION",-37.79405305,144.9882123,"Unknown","Clear"
"T20190017824","14/9/19",15:00:00,"Collision with vehicle","Saturday","Day",2,3,"Cross intersection",3,60,"MELBOURNE","METROPOLITAN NORTH WEST REGION",-37.82219648,144.9499619,"Dry","Clear"
"T20190017825","28/8/19",06:55:00,"Collision with vehicle","Wednesday","Dusk/Dawn",2,2,"Not at intersection",3,80,"YARRA RANGES","METROPOLITAN SOUTH EAST REGION",-37.76104636,145.3340838,"Dry","Clear"
"T20190017826","14/9/19",16:53:00,"Collision with vehicle","Saturday","Day",3,3,"Not at intersection",3,60,"GEELONG","SOUTH WESTERN REGION",-38.1701794,144.3903862,"Dry","Clear"
"T20190017827","6/9/19",08:45:00,"Collision with vehicle","Friday","Day",2,2,"Multiple intersection",3,999,"MOONEE VALLEY","METROPOLITAN NORTH WEST REGION",-37.78125308,144.9326075,"Unknown","Not known"
"T20190017830","6/9/19",10:02:00,"Collision with vehicle","Friday","Day",2,2,"Not at intersection",3,60,"NILLUMBIK","METROPOLITAN NORTH WEST REGION",-37.68940801,145.1128225,"Dry","Clear"
"T20190017831","14/9/19",16:22:00,"Collision with vehicle","Saturday","Day",2,2,"T intersection",3,60,"MONASH","METROPOLITAN SOUTH EAST REGION",-37.91365428,145.0844895,"Dry","Clear"
"T20190017832","14/9/19",15:58:00,"No collision and no object struck","Saturday","Day",1,1,"Not at intersection",3,50,"WHITTLESEA","METROPOLITAN NORTH WEST REGION",-37.57847724,145.0631328,"Dry","Clear"
"T20190017833","14/9/19",18:55:00,"Collision with vehicle","Saturday","Dark Street lights on",2,2,"Not at intersection",3,60,"STONNINGTON","METROPOLITAN SOUTH EAST REGION",-37.85155183,145.0424853,"Dry","Clear"
"T20190017834","14/9/19",15:39:00,"Collision with vehicle","Saturday","Day",2,2,"T intersection",3,80,"YARRA RANGES","METROPOLITAN SOUTH EAST REGION",-37.69218021,145.3836314,"Dry","Clear"
"T20190017835","14/9/19",17:24:00,"Collision with vehicle","Saturday","Day",2,3,"Cross intersection",3,60,"WYNDHAM","METROPOLITAN NORTH WEST REGION",-37.81538776,144.6568537,"Dry","Clear"
"T20190017838","14/9/19",17:40:00,"Collision with a fixed object","Saturday","Day",1,1,"Not at intersection",3,100,"BENDIGO","NORTHERN REGION",-36.95461803,144.7694473,"Dry","Clear"
"T20190017839","14/9/19",20:00:00,"Collision with vehicle","Saturday","Dark No street lights",2,2,"Not at intersection",3,80,"BAW BAW","EASTERN REGION",-38.10711453,145.7817207,"Dry","Clear"
"T20190017841","14/9/19",21:20:00,"Collision with vehicle","Saturday","Dark Street lights on",2,4,"T intersection",3,60,"YARRA","METROPOLITAN NORTH WEST REGION",-37.80911068,144.9863749,"Dry","Clear"
"T20190017842","14/9/19",20:00:00,"Struck Pedestrian","Saturday","Dark No street lights",1,2,"Not at intersection",3,70,"CASEY","METROPOLITAN SOUTH EAST REGION",-38.02877197,145.2716582,"Dry","Clear"
"T20190017844","14/9/19",19:30:00,"Collision with vehicle","Saturday","Dark Street lights on",2,1,"Not at intersection",3,50,"HUME","METROPOLITAN NORTH WEST REGION",-37.57117838,144.9062918,"Dry","Clear"
"T20190017845","15/9/19",01:30:00,"Collision with a fixed object","Sunday","Dark Street lights on",1,1,"Not at intersection",2,60,"MORNINGTON PENINSULA","METROPOLITAN SOUTH EAST REGION",-38.34122328,145.1746428,"Dry","Clear"
"T20190017846","14/9/19",17:05:00,"Collision with vehicle","Saturday","Day",2,2,"Not at intersection",3,60,"STONNINGTON","METROPOLITAN SOUTH EAST REGION",-37.87659726,145.086869,"Dry","Clear"
"T20190017847","15/9/19",02:12:00,"Collision with vehicle","Sunday","Dark Street lights on",2,2,"Cross intersection",3,70,"HUME","METROPOLITAN NORTH WEST REGION",-37.6896786,144.9583987,"Wet","Clear"
"T20190017848","14/9/19",23:47:00,"Collision with vehicle","Saturday","Dark Street lights on",2,3,"Cross intersection",3,60,"PORT PHILLIP","METROPOLITAN NORTH WEST REGION",-37.87618788,144.9921974,"Wet","Raining"
"T20190017851","15/9/19",00:26:00,"Collision with vehicle","Sunday","Dark Street lights on",2,5,"Cross intersection",3,60,"GEELONG","SOUTH WESTERN REGION",-38.16170392,144.3541106,"Dry","Clear"
"T20190017859","2/9/19",08:15:00,"Collision with vehicle","Monday","Day",2,2,"Cross intersection",3,50,"MANNINGHAM","METROPOLITAN SOUTH EAST REGION",-37.75559143,145.127972,"Dry","Clear"
"T20190017860","6/9/19",17:49:00,"Collision with vehicle","Friday","Dusk/Dawn",3,3,"T intersection",3,60,"MAROONDAH","METROPOLITAN SOUTH EAST REGION",-37.79556158,145.235212,"Wet","Raining"
"T20190017861","15/9/19",06:10:00,"Collision with vehicle","Sunday","Day",2,2,"Cross intersection",3,60,"MAROONDAH","METROPOLITAN SOUTH EAST REGION",-37.79964372,145.2898163,"Dry","Clear"
"T20190017862","7/9/19",10:45:00,"Collision with vehicle","Saturday","Day",2,2,"Cross intersection",3,50,"BOROONDARA","METROPOLITAN SOUTH EAST REGION",-37.79503384,145.0699767,"Unknown","Clear"
"T20190017863","15/9/19",08:20:00,"Collision with vehicle","Sunday","Day",2,3,"Not at intersection",3,50,"ALPINE","NORTH EASTERN REGION",-36.72808811,146.9587776,"Dry","Clear"
"T20190017866","14/9/19",14:52:00,"Collision with a fixed object","Saturday","Day",1,1,"Not at intersection",3,50,"MAROONDAH","METROPOLITAN SOUTH EAST REGION",-37.7967408,145.2450658,"Dry","Clear"
"T20190017867","14/9/19",09:02:00,"Collision with a fixed object","Saturday","Day",1,1,"Not at intersection",3,50,"MORELAND","METROPOLITAN NORTH WEST REGION",-37.72873507,144.9453483,"Dry","Clear"
"T20190017869","21/8/19",08:00:00,"Collision with vehicle","Wednesday","Unknown",2,2,"Not at intersection",3,999,"WHITTLESEA","METROPOLITAN NORTH WEST REGION",-37.64380061,144.9916255,"Unknown","Not known"
"T20190017870","15/9/19",11:27:00,"Vehicle overturned (no collision)","Sunday","Day",1,2,"Not at intersection",3,80,"WHITTLESEA","METROPOLITAN NORTH WEST REGION",-37.49016542,145.2123662,"Wet","Clear"
"T20190017871","15/9/19",13:30:00,"Collision with vehicle","Sunday","Day",4,4,"T intersection",3,999,"HOBSONS BAY","METROPOLITAN NORTH WEST REGION",-37.87550762,144.7960217,"Dry","Clear"
"T20190017872","15/9/19",09:00:00,"Struck Pedestrian","Sunday","Day",1,2,"Not at intersection",3,100,"CASEY","METROPOLITAN SOUTH EAST REGION",-37.98953787,145.2522885,"Dry","Clear"
"T20190017873","15/9/19",12:15:00,"Collision with vehicle","Sunday","Day",2,1,"Not at intersection",3,50,"MANNINGHAM","METROPOLITAN SOUTH EAST REGION",-37.78289758,145.1359631,"Dry","Clear"
"T20190017874","15/9/19",11:44:00,"collision with some other object","Sunday","Day",1,1,"T intersection",3,999,"MACEDON RANGES","NORTHERN REGION",-37.2231712,144.6538834,"Muddy","Clear"
"T20190017882","24/5/19",08:30:00,"Collision with vehicle","Friday","Day",2,2,"T intersection",3,50,"CASEY","METROPOLITAN SOUTH EAST REGION",-38.07529919,145.2557737,"Dry","Clear"
"T20190017883","15/9/19",10:20:00,"Other accident","Sunday","Day",1,1,"Not at intersection",3,80,"YARRA RANGES","METROPOLITAN SOUTH EAST REGION",-37.5985548,145.6375938,"Dry","Clear"
"T20190017887","15/9/19",15:00:00,"Vehicle overturned (no collision)","Sunday","Day",1,2,"Not at intersection",3,80,"WYNDHAM","METROPOLITAN NORTH WEST REGION",-37.93685962,144.7280063,"Wet","Clear"
"T20190017889","15/9/19",15:12:00,"Struck Pedestrian","Sunday","Day",1,2,"Not at intersection",2,50,"HUME","METROPOLITAN NORTH WEST REGION",-37.58871123,144.7018788,"Dry","Clear"
"T20190017891","15/9/19",14:45:00,"Vehicle overturned (no collision)","Sunday","Day",1,19,"Not at intersection",2,100,"CORANGAMITE","SOUTH WESTERN REGION",-38.46718007,143.217896,"Wet","Raining"
"T20190017892","15/9/19",16:50:00,"Collision with vehicle","Sunday","Day",2,4,"Cross intersection",2,70,"BRIMBANK","METROPOLITAN NORTH WEST REGION",-37.72791587,144.7974032,"Dry","Clear"
"T20190017894","15/9/19",17:00:00,"Vehicle overturned (no collision)","Sunday","Dusk/Dawn",1,2,"Not at intersection",3,100,"NILLUMBIK","METROPOLITAN NORTH WEST REGION",-37.57026534,145.2033667,"Wet","Raining"
"T20190017894","15/9/19",17:00:00,"Vehicle overturned (no collision)","Sunday","Dusk/Dawn",1,2,"Not at intersection",3,100,"NILLUMBIK","METROPOLITAN NORTH WEST REGION",-37.57026534,145.2033667,"Muddy","Raining"
"T20190017897","15/9/19",17:06:00,"Collision with vehicle","Sunday","Dusk/Dawn",2,4,"T intersection",3,70,"CASEY","METROPOLITAN SOUTH EAST REGION",-38.10364814,145.2822397,"Wet","Raining"
"T20190017900","15/9/19",18:32:00,"Collision with a fixed object","Sunday","Dark Street lights on",1,1,"Cross intersection",3,50,"WHITEHORSE","METROPOLITAN SOUTH EAST REGION",-37.83888954,145.1141264,"Wet","Raining"
"T20190017902","15/9/19",17:48:00,"Vehicle overturned (no collision)","Sunday","Dusk/Dawn",1,1,"Not at intersection",2,80,"MOUNT ALEXANDER","NORTHERN REGION",-37.06896158,144.1894011,"Dry","Clear"
"T20190017903","15/9/19",18:03:00,"Collision with vehicle","Sunday","Dark Street lights on",2,4,"Not at intersection",3,60,"MONASH","METROPOLITAN SOUTH EAST REGION",-37.87740926,145.1474073,"Wet","Raining"
"T20190017906","15/9/19",19:16:00,"Collision with vehicle","Sunday","Dark Street lights on",2,5,"Cross intersection",3,80,"CASEY","METROPOLITAN SOUTH EAST REGION",-38.01810783,145.3083503,"Wet","Raining"
"T20190017907","13/9/19",22:30:00,"Collision with a fixed object","Friday","Dark No street lights",1,4,"Not at intersection",3,100,"MOIRA","NORTH EASTERN REGION",-36.15656699,145.8903253,"Dry","Clear"
"T20190017908","15/9/19",18:45:00,"Struck Pedestrian","Sunday","Dark Street lights on",1,2,"Cross intersection",2,60,"WHITEHORSE","METROPOLITAN SOUTH EAST REGION",-37.80914446,145.1405585,"Wet","Raining"
"T20190017909","15/9/19",19:28:00,"Collision with a fixed object","Sunday","Dark No street lights",1,2,"Not at intersection",2,80,"MELTON","METROPOLITAN NORTH WEST REGION",-37.66667592,144.59944,"Wet","Raining"
"T20190017910","15/9/19",20:03:00,"Struck Pedestrian","Sunday","Dark Street lights on",1,2,"Cross intersection",3,60,"BOROONDARA","METROPOLITAN SOUTH EAST REGION",-37.84810777,145.0755555,"Wet","Raining"
"T20190017911","15/9/19",21:00:00,"Collision with a fixed object","Sunday","Dark Street lights on",1,1,"Cross intersection",3,70,"MAROONDAH","METROPOLITAN SOUTH EAST REGION",-37.8129403,145.2475399,"Wet","Raining"
"T20190017913","13/9/19",08:16:00,"Vehicle overturned (no collision)","Friday","Day",1,1,"Not at intersection",3,40,"MELBOURNE","METROPOLITAN NORTH WEST REGION",-37.80466247,144.9662517,"Dry","Clear"
"T20190017916","28/6/19",11:18:00,"Collision with vehicle","Friday","Day",2,2,"T intersection",3,60,"DANDENONG","METROPOLITAN SOUTH EAST REGION",-37.93913911,145.2106826,"Dry","Clear"
"T20190017921","23/8/19",13:17:00,"Collision with vehicle","Friday","Day",2,2,"Not at intersection",3,60,"HUME","METROPOLITAN NORTH WEST REGION",-37.6857566,144.9237819,"Dry","Clear"
"T20190017924","16/9/19",08:18:00,"Struck Pedestrian","Monday","Day",1,2,"Not at intersection",3,40,"MOORABOOL","WESTERN REGION",-37.68708275,144.4367739,"Dry","Clear"
"T20190017926","16/9/19",08:30:00,"Collision with a fixed object","Monday","Day",1,3,"Not at intersection",3,50,"YARRA RANGES","METROPOLITAN SOUTH EAST REGION",-37.78285494,145.3681005,"Wet","Clear"
"T20190017928","16/9/19",08:45:00,"No collision and no object struck","Monday","Day",1,1,"T intersection",2,60,"WHITEHORSE","METROPOLITAN SOUTH EAST REGION",-37.81538434,145.1024214,"Wet","Clear"
"T20190017931","20/8/19",10:25:00,"Collision with vehicle","Tuesday","Day",2,2,"Cross intersection",3,80,"BANYULE","METROPOLITAN NORTH WEST REGION",-37.7031684,145.0898273,"Dry","Clear"
"T20190017932","16/9/19",07:19:00,"Collision with vehicle","Monday","Day",2,5,"Not at intersection",3,100,"GEELONG","SOUTH WESTERN REGION",-38.00804714,144.4795886,"Dry","Clear"
"T20190017934","5/9/19",07:15:00,"Collision with vehicle","Thursday","Dusk/Dawn",2,1,"Not at intersection",3,50,"MONASH","METROPOLITAN SOUTH EAST REGION",-37.9080432,145.1691232,"Unknown","Not known"
"T20190017939","16/9/19",10:40:00,"Vehicle overturned (no collision)","Monday","Day",1,2,"Not at intersection",3,100,"BENALLA","NORTH EASTERN REGION",-36.61225076,146.1175847,"Wet","Raining"
"T20190017942","16/9/19",10:00:00,"Vehicle overturned (no collision)","Monday","Day",1,1,"Not at intersection",3,50,"YARRA RANGES","METROPOLITAN SOUTH EAST REGION",-37.7433175,145.5971058,"Wet","Clear"
"T20190017943","16/9/19",12:25:00,"Collision with vehicle","Monday","Day",2,2,"T intersection",2,60,"WANGARATTA","NORTH EASTERN REGION",-36.36001114,146.3158533,"Wet","Clear"
"T20190017944","9/9/19",15:50:00,"Collision with vehicle","Monday","Day",2,2,"Not at intersection",3,999,"STONNINGTON","METROPOLITAN SOUTH EAST REGION",-37.83831861,145.0051283,"Dry","Not known"
"T20190017945","16/9/19",09:20:00,"Collision with a fixed object","Monday","Day",1,2,"Not at intersection",3,60,"MELBOURNE","METROPOLITAN NORTH WEST REGION",-37.79486557,144.9136976,"Dry","Clear"
"T20190017946","16/9/19",12:20:00,"Collision with vehicle","Monday","Day",3,5,"Cross intersection",3,80,"CASEY","METROPOLITAN SOUTH EAST REGION",-38.04268641,145.2521242,"Dry","Clear"
"T20190017948","16/9/19",12:35:00,"Collision with vehicle","Monday","Day",2,4,"Cross intersection",3,80,"CASEY","METROPOLITAN SOUTH EAST REGION",-37.97269177,145.2382597,"Dry","Clear"
"T20190017949","9/9/19",17:30:00,"Collision with vehicle","Monday","Unknown",2,3,"Cross intersection",3,60,"MOONEE VALLEY","METROPOLITAN NORTH WEST REGION",-37.75085793,144.861974,"Unknown","Not known"
"T20190017950","15/9/19",21:00:00,"Struck Pedestrian","Sunday","Dark Street lights on",1,2,"Cross intersection",3,999,"BOROONDARA","METROPOLITAN SOUTH EAST REGION",-37.82874117,145.0342131,"Wet","Raining"
"T20190017951","16/9/19",12:58:00,"Collision with vehicle","Monday","Day",2,2,"Cross intersection",3,60,"WHITTLESEA","METROPOLITAN NORTH WEST REGION",-37.67881501,145.0694098,"Dry","Clear"
"T20190017952","16/9/19",13:20:00,"Collision with vehicle","Monday","Day",2,2,"Cross intersection",3,80,"GEELONG","SOUTH WESTERN REGION",-38.24203084,144.2779915,"Dry","Clear"
"T20190017954","8/8/19",09:00:00,"Collision with vehicle","Thursday","Day",2,2,"T intersection",3,80,"FRANKSTON","METROPOLITAN SOUTH EAST REGION",-38.19402894,145.1350979,"Dry","Clear"
"T20190017955","25/4/19",04:40:00,"Struck animal","Thursday","Dusk/Dawn",1,1,"Not at intersection",3,999,"HUME","METROPOLITAN NORTH WEST REGION",-37.53334837,144.8858295,"Unknown","Not known"
"T20190017957","12/9/19",16:50:00,"Collision with vehicle","Thursday","Day",2,2,"T intersection",3,70,"GEELONG","SOUTH WESTERN REGION",-38.17101148,144.3933479,"Dry","Not known"
"T20190017958","17/1/19",06:00:00,"Struck animal","Thursday","Dark No street lights",1,3,"Not at intersection",3,100,"NORTHERN GRAMPIANS","WESTERN REGION",-36.89359321,143.3401476,"Unknown","Not known"
"T20190017962","29/4/19",13:00:00,"Fall from or in moving vehicle","Monday","Unknown",1,1,"Not at intersection",3,999,"BAW BAW","EASTERN REGION",-38.00147408,146.0458837,"Unknown","Not known"
"T20190017964","16/9/19",13:24:00,"Collision with a fixed object","Monday","Day",1,2,"T intersection",3,50,"WYNDHAM","METROPOLITAN NORTH WEST REGION",-37.842594,144.7214214,"Dry","Clear"
"T20190017965","16/9/19",15:45:00,"Collision with a fixed object","Monday","Day",1,5,"T intersection",3,50,"WYNDHAM","METROPOLITAN NORTH WEST REGION",-37.84966261,144.6982086,"Dry","Clear"
"T20190017967","10/9/19",17:00:00,"Collision with vehicle","Tuesday","Day",2,2,"Cross intersection",3,40,"MORELAND","METROPOLITAN NORTH WEST REGION",-37.77586969,144.9710474,"Dry","Clear"
"T20190017968","26/8/19",14:38:00,"Collision with a fixed object","Monday","Unknown",2,3,"Cross intersection",3,60,"MILDURA","WESTERN REGION",-34.23229775,142.1253921,"Dry","Clear"
"T20190017969","6/9/19",18:30:00,"Collision with vehicle","Friday","Dark Street lights unknown",2,3,"Not at intersection",3,40,"YARRA","METROPOLITAN NORTH WEST REGION",-37.7999162,144.9937136,"Unknown","Not known"
"T20190017970","16/9/19",15:10:00,"Collision with vehicle","Monday","Day",2,2,"T intersection",3,60,"GEELONG","SOUTH WESTERN REGION",-38.12984202,144.3319387,"Dry","Clear"
"T20190017973","16/9/19",07:30:00,"Struck Pedestrian","Monday","Day",1,2,"Not at intersection",3,999,"BRIMBANK","METROPOLITAN NORTH WEST REGION",-37.74039917,144.7796506,"Dry","Clear"
"T20190017975","14/9/19",10:20:00,"Collision with vehicle","Saturday","Unknown",2,3,"T intersection",3,60,"MELBOURNE","METROPOLITAN NORTH WEST REGION",-37.79409748,144.915096,"Unknown","Not known"
"T20190017976","16/9/19",16:37:00,"Collision with vehicle","Monday","Day",2,2,"T intersection",2,50,"DANDENONG","METROPOLITAN SOUTH EAST REGION",-37.95818404,145.1849752,"Dry","Clear"
"T20190017979","16/9/19",15:50:00,"Collision with vehicle","Monday","Day",2,2,"T intersection",3,60,"BENDIGO","NORTHERN REGION",-36.74274761,144.2111997,"Dry","Not known"
"T20190017986","14/9/19",20:10:00,"Collision with vehicle","Saturday","Dark Street lights on",2,2,"Cross intersection",3,50,"NILLUMBIK","METROPOLITAN NORTH WEST REGION",-37.63749859,145.1943942,"Dry","Clear"
"T20190017991","16/9/19",17:15:00,"Collision with vehicle","Monday","Day",2,3,"Cross intersection",3,80,"SOUTHERN GRAMPIANS","SOUTH WESTERN REGION",-37.72281679,141.9945398,"Dry","Clear"
"T20190017993","16/9/19",19:55:00,"Collision with vehicle","Monday","Dark Street lights on",2,2,"T intersection",3,999,"WYNDHAM","METROPOLITAN NORTH WEST REGION",-37.87678046,144.6757358,"Dry","Clear"
"T20190017995","16/9/19",18:55:00,"Collision with vehicle","Monday","Dark Street lights on",2,2,"Cross intersection",3,60,"DAREBIN","METROPOLITAN NORTH WEST REGION",-37.77438215,145.0188978,"Dry","Clear"
"T20190017996","16/9/19",20:30:00,"No collision and no object struck","Monday","Dark No street lights",1,1,"Not at intersection",3,100,"MANSFIELD","NORTH EASTERN REGION",-37.18939352,146.1456577,"Dry","Clear"
"T20190017997","29/8/19",09:30:00,"Collision with vehicle","Thursday","Day",2,4,"Cross intersection",3,50,"WARRNAMBOOL","SOUTH WESTERN REGION",-38.38752843,142.486975,"Dry","Clear"
"T20190017998","26/5/19",21:00:00,"Collision with vehicle","Sunday","Dark Street lights on",2,2,"T intersection",3,80,"KINGSTON","METROPOLITAN SOUTH EAST REGION",-37.97990833,145.1426762,"Wet","Raining"
"T20190017999","16/9/19",22:18:00,"Collision with vehicle","Monday","Dark Street lights on",2,3,"Not at intersection",3,60,"WHITEHORSE","METROPOLITAN SOUTH EAST REGION",-37.84586316,145.0964221,"Dry","Clear"
"T20190018001","17/9/19",01:30:00,"Collision with a fixed object","Tuesday","Dark Street lights on",1,1,"Not at intersection",3,70,"GEELONG","SOUTH WESTERN REGION",-38.11296735,144.3547363,"Dry","Clear"
"T20190018004","17/9/19",01:55:00,"Collision with vehicle","Tuesday","Dark Street lights on",2,2,"Not at intersection",3,60,"DAREBIN","METROPOLITAN NORTH WEST REGION",-37.76988987,144.9912958,"Dry","Clear"
"T20190018008","17/9/19",02:47:00,"Collision with a fixed object","Tuesday","Dark No street lights",1,1,"Not at intersection",3,60,"GEELONG","SOUTH WESTERN REGION",-38.15061421,144.7163087,"Dry","Clear"
"T20190018009","17/9/19",06:18:00,"Collision with vehicle","Tuesday","Day",2,2,"T intersection",2,60,"MONASH","METROPOLITAN SOUTH EAST REGION",-37.89112239,145.1839648,"Dry","Clear"
"T20190018011","27/4/19",11:33:00,"Collision with vehicle","Saturday","Day",2,4,"Not at intersection",3,100,"BENALLA","NORTH EASTERN REGION",-36.52773119,145.9776749,"Dry","Clear"
"T20190018012","18/8/19",10:30:00,"No collision and no object struck","Sunday","Day",1,1,"Not at intersection",3,100,"WELLINGTON","EASTERN REGION",-38.31254995,146.6626197,"Wet","Not known"
"T20190018013","9/9/19",11:20:00,"Struck Pedestrian","Monday","Day",1,2,"Cross intersection",3,50,"MARIBYRNONG","METROPOLITAN NORTH WEST REGION",-37.80398081,144.8974079,"Dry","Clear"
"T20190018015","17/9/19",08:03:00,"Collision with vehicle","Tuesday","Day",2,2,"Not at intersection",3,50,"MELBOURNE","METROPOLITAN NORTH WEST REGION",-37.80594248,144.9600047,"Dry","Clear"
"T20190018016","12/9/19",17:15:00,"Collision with vehicle","Thursday","Day",3,4,"Not at intersection",3,100,"WANGARATTA","NORTH EASTERN REGION",-36.49766143,146.3707247,"Dry","Clear"
"T20190018017","17/9/19",08:03:00,"Collision with vehicle","Tuesday","Day",4,4,"Cross intersection",3,80,"WHITEHORSE","METROPOLITAN SOUTH EAST REGION",-37.85451879,145.1656156,"Dry","Clear"
"T20190018018","23/8/19",08:10:00,"Collision with vehicle","Friday","Day",2,2,"T intersection",3,40,"YARRA","METROPOLITAN NORTH WEST REGION",-37.79950935,144.9896235,"Unknown","Not known"
"T20190018020","17/9/19",09:25:00,"Collision with vehicle","Tuesday","Day",3,2,"Not at intersection",2,60,"MORELAND","METROPOLITAN NORTH WEST REGION",-37.71582712,144.9301337,"Dry","Clear"
"T20190018022","17/9/19",09:12:00,"Collision with vehicle","Tuesday","Day",2,2,"T intersection",3,40,"MELBOURNE","METROPOLITAN NORTH WEST REGION",-37.81067466,144.9559448,"Dry","Clear"
"T20190018023","17/9/19",08:48:00,"Collision with vehicle","Tuesday","Day",2,2,"Not at intersection",3,70,"PORT PHILLIP","METROPOLITAN NORTH WEST REGION",-37.8591122,145.0008799,"Dry","Clear"
"T20190018026","3/9/19",14:55:00,"Collision with vehicle","Tuesday","Day",3,3,"Not at intersection",3,80,"HUME","METROPOLITAN NORTH WEST REGION",-37.69490234,144.8860184,"Dry","Clear"
"T20190018027","22/6/19",17:30:00,"Collision with vehicle","Saturday","Day",2,2,"T intersection",3,60,"HOBSONS BAY","METROPOLITAN NORTH WEST REGION",-37.87355038,144.759194,"Dry","Not known"
"T20190018028","17/9/19",07:00:00,"Collision with a fixed object","Tuesday","Day",1,1,"Not at intersection",3,888,"MONASH","METROPOLITAN SOUTH EAST REGION",-37.89957426,145.171091,"Dry","Clear"
"T20190018029","17/9/19",06:35:00,"Collision with vehicle","Tuesday","Dusk/Dawn",3,3,"Y intersection",2,100,"CASEY","METROPOLITAN SOUTH EAST REGION",-37.99665219,145.2695182,"Dry","Clear"
"T20190018030","6/9/19",14:55:00,"Collision with vehicle","Friday","Unknown",2,2,"Cross intersection",3,60,"WHITEHORSE","METROPOLITAN SOUTH EAST REGION",-37.80914446,145.1405585,"Wet","Raining"
"T20190018031","17/9/19",08:14:00,"Struck Pedestrian","Tuesday","Day",1,2,"T intersection",3,50,"MELTON","METROPOLITAN NORTH WEST REGION",-37.66667592,144.59944,"Dry","Clear"
"T20190018033","5/7/19",16:30:00,"Collision with vehicle","Friday","Day",2,2,"Not at intersection",3,80,"BRIMBANK","METROPOLITAN NORTH WEST REGION",-37.77080036,144.7903077,"Dry","Not known"
"T20190018034","8/9/19",11:00:00,"Collision with a fixed object","Sunday","Day",1,1,"Not at intersection",3,80,"YARRA RANGES","METROPOLITAN SOUTH EAST REGION",-37.62152654,145.5987377,"Wet","Raining"
"T20190018036","17/9/19",08:20:00,"Collision with vehicle","Tuesday","Day",3,3,"Not at intersection",3,100,"HUME","METROPOLITAN NORTH WEST REGION",-37.69086919,144.9706058,"Dry","Clear"
"T20190018037","9/9/19",19:00:00,"collision with some other object","Monday","Dark Street lights on",1,1,"Not at intersection",3,80,"MORNINGTON PENINSULA","METROPOLITAN SOUTH EAST REGION",-38.31620399,145.1834835,"Wet","Raining"
"T20190018040","14/7/19",12:00:00,"Collision with a fixed object","Sunday","Day",1,1,"Cross intersection",3,60,"MELTON","METROPOLITAN NORTH WEST REGION",-37.72503864,144.7597817,"Wet","Clear"
"T20190018040","14/7/19",12:00:00,"Collision with a fixed object","Sunday","Day",1,1,"Cross intersection",3,60,"MELTON","METROPOLITAN NORTH WEST REGION",-37.72503864,144.7597817,"Wet","Strong winds"
"T20190018042","16/9/19",08:00:00,"Collision with vehicle","Monday","Day",2,2,"Not at intersection",3,999,"YARRA","METROPOLITAN NORTH WEST REGION",-37.79189811,144.9795556,"Dry","Clear"
"T20190018043","17/9/19",11:45:00,"Collision with vehicle","Tuesday","Day",2,2,"Cross intersection",3,60,"MONASH","METROPOLITAN SOUTH EAST REGION",-37.88028127,145.0907589,"Dry","Clear"
"T20190018044","17/9/19",10:57:00,"Collision with vehicle","Tuesday","Day",2,2,"Y intersection",3,60,"MELBOURNE","METROPOLITAN NORTH WEST REGION",-37.82297462,144.9759734,"Dry","Clear"
"T20190018045","30/8/19",18:14:00,"Collision with vehicle","Friday","Dusk/Dawn",2,2,"T intersection",3,50,"BOROONDARA","METROPOLITAN SOUTH EAST REGION",-37.82775023,145.0545932,"Dry","Clear"
"T20190018048","17/9/19",11:25:00,"No collision and no object struck","Tuesday","Day",1,2,"Not at intersection",2,100,"GANNAWARRA","NORTHERN REGION",-35.64792821,143.8372254,"Dry","Clear"