"ACCIDENT_NO","ACCIDENTDATE","ACCIDENTTIME","Accident Type Desc","Day Week Description","Light Condition Desc","NO_OF_VEHICLES","NO_PERSONS","Road Geometry Desc","SEVERITY","SPEED_ZONE","LGA_NAME","REGION_NAME","Lat","Long","Surface Cond Desc","Atmosph Cond Desc"
"T20190018049","17/9/19",11:15:00,"Collision with vehicle","Tuesday","Day",3,4,"Not at intersection",3,60,"MARIBYRNONG","METROPOLITAN NORTH WEST REGION",-37.78096305,144.8626868,"Dry","Clear"
"T20190018050","16/9/19",17:17:00,"Collision with vehicle","Monday","Day",2,2,"T intersection",3,50,"BRIMBANK","METROPOLITAN NORTH WEST REGION",-37.77624499,144.8203768,"Dry","Clear"
"T20190018051","14/9/19",13:20:00,"Collision with vehicle","Saturday","Day",2,7,"T intersection",3,80,"MORNINGTON PENINSULA","METROPOLITAN SOUTH EAST REGION",-38.22839909,145.0461155,"Unknown","Not known"
"T20190018052","16/9/19",22:30:00,"Collision with vehicle","Monday","Dark Street lights off",2,2,"T intersection",2,60,"NILLUMBIK","METROPOLITAN NORTH WEST REGION",-37.7063605,145.1512029,"Dry","Clear"
"T20190018053","17/9/19",10:24:00,"Collision with vehicle","Tuesday","Day",2,4,"Not at intersection",3,50,"LATROBE","EASTERN REGION",-38.1972808,146.5364455,"Dry","Clear"
"T20190018054","17/9/19",06:30:00,"Collision with a fixed object","Tuesday","Day",1,1,"Not at intersection",1,80,"MACEDON RANGES","NORTHERN REGION",-37.34188698,144.5295644,"Wet","Clear"
"T20190018057","4/4/19",14:40:00,"Collision with vehicle","Thursday","Day",2,2,"T intersection",3,999,"MONASH","METROPOLITAN SOUTH EAST REGION",-37.85551376,145.1139881,"Unknown","Clear"
"T20190018058","17/9/19",13:45:00,"Collision with vehicle","Tuesday","Day",2,2,"Cross intersection",3,60,"MANNINGHAM","METROPOLITAN SOUTH EAST REGION",-37.78035255,145.144801,"Dry","Clear"
"T20190018060","16/9/19",09:15:00,"Collision with vehicle","Monday","Day",2,2,"T intersection",3,50,"MELBOURNE","METROPOLITAN NORTH WEST REGION",-37.80614969,144.9584578,"Dry","Not known"
"T20190018062","23/8/19",09:30:00,"Collision with vehicle","Friday","Day",2,2,"Not at intersection",3,60,"KINGSTON","METROPOLITAN SOUTH EAST REGION",-38.016881,145.0944984,"Dry","Clear"
"T20190018065","20/8/19",16:20:00,"Collision with vehicle","Tuesday","Unknown",2,2,"Not at intersection",3,40,"BOROONDARA","METROPOLITAN SOUTH EAST REGION",-37.83302592,145.0586963,"Unknown","Not known"
"T20190018066","17/9/19",13:40:00,"Collision with a fixed object","Tuesday","Day",1,1,"Not at intersection",3,50,"MILDURA","WESTERN REGION",-34.20962992,142.1474733,"Dry","Clear"
"T20190018067","17/9/19",16:11:00,"Collision with vehicle","Tuesday","Day",2,2,"Not at intersection",3,80,"KINGSTON","METROPOLITAN SOUTH EAST REGION",-37.9526933,145.0485375,"Dry","Clear"
"T20190018069","17/9/19",16:27:00,"Struck Pedestrian","Tuesday","Day",1,3,"Not at intersection",3,50,"SHEPPARTON","NORTH EASTERN REGION",-36.39994793,145.4165189,"Dry","Clear"
"T20190018070","17/9/19",15:20:00,"Collision with vehicle","Tuesday","Day",2,3,"T intersection",2,50,"DAREBIN","METROPOLITAN NORTH WEST REGION",-37.71951977,145.0037853,"Dry","Clear"
"T20190018071","17/9/19",11:45:00,"Collision with vehicle","Tuesday","Day",2,3,"Not at intersection",2,60,"SOUTH GIPPSLAND","EASTERN REGION",-38.47392276,145.9483228,"Dry","Clear"
"T20190018073","17/9/19",16:30:00,"Collision with vehicle","Tuesday","Day",3,4,"T intersection",3,70,"CARDINIA","METROPOLITAN SOUTH EAST REGION",-38.0514057,145.374829,"Dry","Clear"
"T20190018076","17/9/19",16:15:00,"Collision with vehicle","Tuesday","Day",2,2,"T intersection",3,60,"YARRA RANGES","METROPOLITAN SOUTH EAST REGION",-37.8009202,145.3247939,"Dry","Clear"
"T20190018082","18/9/19",16:00:00,"Collision with vehicle","Wednesday","Day",2,3,"Cross intersection",3,50,"BOROONDARA","METROPOLITAN SOUTH EAST REGION",-37.79427813,145.0934162,"Dry","Clear"
"T20190018083","17/9/19",16:50:00,"Collision with vehicle","Tuesday","Day",2,2,"Cross intersection",3,50,"CENTRAL GOLDFIELDS","WESTERN REGION",-37.05222039,143.7331408,"Dry","Clear"
"T20190018085","17/9/19",17:30:00,"Struck Pedestrian","Tuesday","Day",1,2,"Cross intersection",3,40,"KNOX","METROPOLITAN SOUTH EAST REGION",-37.85978432,145.2857722,"Dry","Clear"
"T20190018088","17/9/19",15:05:00,"Vehicle overturned (no collision)","Tuesday","Day",1,1,"Not at intersection",1,50,"SHEPPARTON","NORTH EASTERN REGION",-36.40079049,145.4141277,"Dry","Clear"
"T20190018092","17/9/19",12:00:00,"Collision with a fixed object","Tuesday","Day",1,1,"Not at intersection",3,999,"WEST WIMMERA","WESTERN REGION",-36.6439646,141.4885835,"Dry","Not known"
"T20190018094","16/9/19",17:51:00,"Collision with vehicle","Monday","Unknown",2,2,"T intersection",3,999,"MORELAND","METROPOLITAN NORTH WEST REGION",-37.73951797,144.9485503,"Unknown","Not known"
"T20190018095","2/8/19",11:50:00,"Struck Pedestrian","Friday","Day",1,2,"T intersection",3,999,"MONASH","METROPOLITAN SOUTH EAST REGION",-37.92440102,145.1198748,"Unknown","Not known"
"T20190018096","11/8/19",04:30:00,"collision with some other object","Sunday","Dark Street lights on",1,1,"Cross intersection",3,80,"CASEY","METROPOLITAN SOUTH EAST REGION",-38.07689593,145.2587201,"Wet","Clear"
"T20190018097","17/9/19",18:09:00,"Collision with vehicle","Tuesday","Dark Street lights on",2,2,"Not at intersection",3,60,"GEELONG","SOUTH WESTERN REGION",-38.1643162,144.3293741,"Dry","Clear"
"T20190018098","17/9/19",21:09:00,"Collision with vehicle","Tuesday","Dark Street lights on",2,2,"Cross intersection",3,60,"MILDURA","WESTERN REGION",-34.22390585,142.1153556,"Dry","Clear"
"T20190018099","17/9/19",17:30:00,"Collision with vehicle","Tuesday","Day",2,2,"Not at intersection",3,40,"MORELAND","METROPOLITAN NORTH WEST REGION",-37.77031313,144.9797409,"Dry","Clear"
"T20190018100","17/9/19",15:55:00,"Collision with vehicle","Tuesday","Day",2,2,"T intersection",3,60,"MORELAND","METROPOLITAN NORTH WEST REGION",-37.7104456,144.9168626,"Dry","Clear"
"T20190018101","17/9/19",20:32:00,"Collision with vehicle","Tuesday","Dark No street lights",2,5,"Not at intersection",3,80,"HUME","METROPOLITAN NORTH WEST REGION",-37.53262617,144.666972,"Dry","Clear"
"T20190018102","17/9/19",21:12:00,"Collision with vehicle","Tuesday","Dark Street lights on",2,2,"T intersection",3,80,"BASS COAST","EASTERN REGION",-38.62760971,145.7172377,"Dry","Clear"
"T20190018106","18/9/19",00:20:00,"Collision with a fixed object","Wednesday","Dark No street lights",1,1,"Not at intersection",3,100,"EAST GIPPSLAND","EASTERN REGION",-37.82695626,147.8959404,"Dry","Clear"
"T20190018112","18/9/19",03:48:00,"Collision with a fixed object","Wednesday","Dark Street lights on",1,1,"Not at intersection",3,80,"WYNDHAM","METROPOLITAN NORTH WEST REGION",-37.92292018,144.7017728,"Dry","Clear"
"T20190018115","18/9/19",05:20:00,"Collision with a fixed object","Wednesday","Dusk/Dawn",2,3,"Not at intersection",3,70,"GEELONG","SOUTH WESTERN REGION",-38.13167322,144.3507976,"Dry","Clear"
"T20190018120","11/9/19",15:24:00,"Collision with vehicle","Wednesday","Day",2,2,"Cross intersection",3,60,"DAREBIN","METROPOLITAN NORTH WEST REGION",-37.74906387,145.0038649,"Dry","Not known"
"T20190018122","18/9/19",06:14:00,"Collision with vehicle","Wednesday","Day",2,2,"T intersection",3,70,"MELTON","METROPOLITAN NORTH WEST REGION",-37.66667592,144.59944,"Dry","Clear"
"T20190018124","18/9/19",06:30:00,"Collision with vehicle","Wednesday","Dusk/Dawn",3,3,"Not at intersection",3,100,"HOBSONS BAY","METROPOLITAN NORTH WEST REGION",-37.85228485,144.7792698,"Dry","Clear"
"T20190018128","15/9/19",10:00:00,"Fall from or in moving vehicle","Sunday","Day",1,1,"Not at intersection",2,888,"MOONEE VALLEY","METROPOLITAN NORTH WEST REGION",-37.78333296,144.9354951,"Dry","Clear"
"T20190018129","18/9/19",08:35:00,"Struck Pedestrian","Wednesday","Day",1,2,"Multiple intersection",2,60,"DANDENONG","METROPOLITAN SOUTH EAST REGION",-37.99027095,145.2129767,"Dry","Clear"
"T20190018130","18/9/19",08:00:00,"Collision with vehicle","Wednesday","Day",2,2,"T intersection",3,60,"BOROONDARA","METROPOLITAN SOUTH EAST REGION",-37.84120342,145.0415714,"Dry","Clear"
"T20190018133","18/9/19",08:32:00,"Collision with a fixed object","Wednesday","Day",1,1,"Not at intersection",3,80,"MOYNE","SOUTH WESTERN REGION",-38.35796973,142.2457571,"Dry","Clear"
"T20190018134","13/9/19",20:00:00,"Collision with vehicle","Friday","Dark Street lights on",2,7,"Multiple intersection",3,60,"CARDINIA","METROPOLITAN SOUTH EAST REGION",-38.09007427,145.490159,"Dry","Clear"
"T20190018138","18/9/19",08:58:00,"Collision with a fixed object","Wednesday","Day",1,2,"Not at intersection",3,110,"STRATHBOGIE","NORTH EASTERN REGION",-36.79786944,145.1781533,"Dry","Clear"
"T20190018139","18/9/19",10:25:00,"Collision with vehicle","Wednesday","Day",2,2,"Cross intersection",3,60,"MACEDON RANGES","NORTHERN REGION",-37.48569434,144.5899796,"Dry","Clear"
"T20190018140","18/9/19",09:37:00,"Collision with vehicle","Wednesday","Day",3,3,"Not at intersection",2,60,"MELBOURNE","METROPOLITAN NORTH WEST REGION",-37.80918727,144.9829173,"Dry","Clear"
"T20190018141","18/9/19",10:38:00,"Collision with vehicle","Wednesday","Day",2,2,"Cross intersection",3,60,"MARIBYRNONG","METROPOLITAN NORTH WEST REGION",-37.78379335,144.8909168,"Dry","Clear"
"T20190018142","18/9/19",09:00:00,"Collision with vehicle","Wednesday","Day",3,4,"Not at intersection",2,50,"MORELAND","METROPOLITAN NORTH WEST REGION",-37.76735065,144.983549,"Dry","Clear"
"T20190018143","15/9/19",13:00:00,"Vehicle overturned (no collision)","Sunday","Day",1,1,"Not at intersection",3,999,"PYRENEES","WESTERN REGION",-37.44496142,143.3463042,"Unknown","Not known"
"T20190018146","17/9/19",17:00:00,"Collision with vehicle","Tuesday","Unknown",2,2,"Cross intersection",3,50,"DAREBIN","METROPOLITAN NORTH WEST REGION",-37.71024926,145.0292167,"Dry","Not known"
"T20190018147","18/9/19",12:00:00,"Collision with vehicle","Wednesday","Day",2,2,"T intersection",3,60,"GEELONG","SOUTH WESTERN REGION",-38.09003701,144.3474257,"Dry","Clear"
"T20190018149","12/9/19",18:15:00,"Collision with vehicle","Thursday","Unknown",2,2,"Cross intersection",3,50,"CARDINIA","METROPOLITAN SOUTH EAST REGION",-38.07181942,145.4249577,"Unknown","Clear"
"T20190018150","18/9/19",11:25:00,"Collision with vehicle","Wednesday","Day",6,1,"Not at intersection",3,50,"CASEY","METROPOLITAN SOUTH EAST REGION",-38.02192828,145.3335676,"Dry","Clear"
"T20190018152","18/9/19",07:03:00,"Collision with vehicle","Wednesday","Day",2,4,"Not at intersection",3,110,"BAW BAW","EASTERN REGION",-38.09301568,145.8182789,"Dry","Clear"
"T20190018153","18/9/19",06:14:00,"Collision with vehicle","Wednesday","Dusk/Dawn",2,2,"T intersection",3,60,"WYNDHAM","METROPOLITAN NORTH WEST REGION",-37.88069352,144.6822771,"Dry","Clear"
"T20190018154","10/9/19",16:00:00,"Collision with vehicle","Tuesday","Day",2,2,"Not at intersection",2,60,"YARRA","METROPOLITAN NORTH WEST REGION",-37.8201131,145.0137292,"Dry","Clear"
"T20190018155","12/9/19",14:40:00,"Collision with vehicle","Thursday","Day",2,2,"Not at intersection",3,60,"YARRA RANGES","METROPOLITAN SOUTH EAST REGION",-37.86745919,145.4087314,"Dry","Clear"
"T20190018157","18/9/19",11:29:00,"Collision with vehicle","Wednesday","Day",2,2,"Not at intersection",3,999,"CARDINIA","METROPOLITAN SOUTH EAST REGION",-38.05212566,145.4034038,"Dry","Clear"
"T20190018162","18/9/19",05:00:00,"Collision with vehicle","Wednesday","Dark No street lights",2,2,"Not at intersection",1,100,"SWAN HILL","NORTHERN REGION",-35.056293,142.831632,"Dry","Clear"
"T20190018163","18/9/19",08:15:00,"Collision with vehicle","Wednesday","Day",2,3,"T intersection",3,60,"YARRA","METROPOLITAN NORTH WEST REGION",-37.79368471,144.9814579,"Dry","Clear"
"T20190018167","18/9/19",12:35:00,"Collision with vehicle","Wednesday","Day",2,2,"Not at intersection",3,80,"HOBSONS BAY","METROPOLITAN NORTH WEST REGION",-37.86494938,144.7757384,"Dry","Clear"
"T20190018168","17/9/19",10:00:00,"Struck Pedestrian","Tuesday","Unknown",1,2,"T intersection",3,50,"MELBOURNE","METROPOLITAN NORTH WEST REGION",-37.80186102,144.9637283,"Dry","Not known"
"T20190018170","14/9/19",17:50:00,"Collision with vehicle","Saturday","Dusk/Dawn",2,5,"Multiple intersection",3,80,"MORNINGTON PENINSULA","METROPOLITAN SOUTH EAST REGION",-38.19640039,145.1495721,"Dry","Clear"
"T20190018172","18/9/19",14:50:00,"Collision with vehicle","Wednesday","Day",2,2,"Cross intersection",3,999,"MELBOURNE","METROPOLITAN NORTH WEST REGION",-37.7894538,144.942229,"Dry","Clear"
"T20190018173","18/9/19",15:15:00,"Struck Pedestrian","Wednesday","Day",1,2,"T intersection",3,60,"YARRA RANGES","METROPOLITAN SOUTH EAST REGION",-37.74967728,145.3365823,"Dry","Clear"
"T20190018174","18/9/19",13:15:00,"Collision with vehicle","Wednesday","Day",2,2,"Cross intersection",3,999,"MELBOURNE","METROPOLITAN NORTH WEST REGION",-37.78940375,144.9421661,"Dry","Clear"
"T20190018176","18/9/19",11:15:00,"collision with some other object","Wednesday","Day",1,1,"Not at intersection",3,888,"WELLINGTON","EASTERN REGION",-38.66815264,146.5894348,"Dry","Clear"
"T20190018177","18/9/19",15:30:00,"Collision with a fixed object","Wednesday","Day",1,1,"Cross intersection",3,80,"KINGSTON","METROPOLITAN SOUTH EAST REGION",-37.99183226,145.0821835,"Dry","Clear"
"T20190018179","18/9/19",07:00:00,"Collision with vehicle","Wednesday","Day",2,2,"Cross intersection",3,999,"BANYULE","METROPOLITAN NORTH WEST REGION",-37.76885322,145.0486769,"Dry","Clear"
"T20190018183","14/9/19",16:00:00,"Collision with vehicle","Saturday","Day",2,2,"T intersection",3,999,"KINGSTON","METROPOLITAN SOUTH EAST REGION",-37.98148698,145.0666005,"Unknown","Not known"
"T20190018184","18/9/19",16:40:00,"Struck Pedestrian","Wednesday","Day",1,2,"Not at intersection",2,999,"MORELAND","METROPOLITAN NORTH WEST REGION",-37.73046007,144.9365896,"Dry","Clear"
"T20190018188","15/7/19",07:45:00,"Collision with vehicle","Monday","Unknown",3,3,"Not at intersection",3,70,"MAROONDAH","METROPOLITAN SOUTH EAST REGION",-37.79734513,145.2903111,"Unknown","Not known"
"T20190018189","18/9/19",18:50:00,"Struck Pedestrian","Wednesday","Dark Street lights on",1,2,"T intersection",3,30,"DANDENONG","METROPOLITAN SOUTH EAST REGION",-37.95421033,145.1505548,"Dry","Clear"
"T20190018190","18/9/19",16:52:00,"Struck Pedestrian","Wednesday","Day",1,2,"Cross intersection",3,60,"BENDIGO","NORTHERN REGION",-36.79675769,144.2439142,"Dry","Clear"
"T20190018192","18/9/19",15:42:00,"Collision with vehicle","Wednesday","Day",2,3,"Not at intersection",3,60,"YARRA RANGES","METROPOLITAN SOUTH EAST REGION",-37.90539661,145.3444151,"Dry","Clear"
"T20190018194","7/9/19",13:15:00,"Collision with vehicle","Saturday","Day",2,2,"Not at intersection",3,999,"BAYSIDE","METROPOLITAN SOUTH EAST REGION",-37.95671814,145.0459738,"Unknown","Not known"
"T20190018197","18/9/19",16:15:00,"Collision with a fixed object","Wednesday","Day",1,1,"Not at intersection",3,60,"GEELONG","SOUTH WESTERN REGION",-38.15465699,144.3573418,"Dry","Clear"
"T20190018199","18/9/19",20:30:00,"Collision with vehicle","Wednesday","Day",2,2,"Cross intersection",3,60,"MELBOURNE","METROPOLITAN NORTH WEST REGION",-37.82764335,144.9580985,"Dry","Clear"
"T20190018200","18/9/19",20:15:00,"Collision with vehicle","Wednesday","Dark Street lights on",2,2,"Cross intersection",3,60,"BALLARAT","WESTERN REGION",-37.5441263,143.7865984,"Dry","Clear"
"T20190018201","18/9/19",19:19:00,"Collision with vehicle","Wednesday","Dark No street lights",2,4,"Not at intersection",3,100,"HUME","METROPOLITAN NORTH WEST REGION",-37.58055253,144.9422795,"Dry","Clear"
"T20190018203","18/9/19",13:45:00,"Collision with vehicle","Wednesday","Day",2,2,"Cross intersection",3,50,"BRIMBANK","METROPOLITAN NORTH WEST REGION",-37.74138405,144.7942411,"Dry","Clear"
"T20190018204","25/8/19",02:40:00,"Collision with vehicle","Sunday","Dark Street lights on",2,3,"Cross intersection",3,80,"CASEY","METROPOLITAN SOUTH EAST REGION",-38.02633203,145.3068557,"Dry","Clear"
"T20190018205","14/9/19",10:40:00,"Collision with vehicle","Saturday","Day",2,2,"T intersection",3,40,"BOROONDARA","METROPOLITAN SOUTH EAST REGION",-37.81308651,145.0601728,"Dry","Clear"
"T20190018206","18/9/19",17:00:00,"Collision with vehicle","Wednesday","Day",2,3,"Not at intersection",3,60,"MARIBYRNONG","METROPOLITAN NORTH WEST REGION",-37.7830949,144.8651019,"Dry","Clear"
"T20190018207","18/9/19",15:30:00,"Collision with vehicle","Wednesday","Day",2,2,"Cross intersection",3,40,"MORELAND","METROPOLITAN NORTH WEST REGION",-37.76084263,144.9631934,"Dry","Clear"
"T20190018213","11/9/19",15:30:00,"Collision with vehicle","Wednesday","Day",2,2,"T intersection",3,999,"MORELAND","METROPOLITAN NORTH WEST REGION",-37.75233315,144.9376746,"Dry","Clear"
"T20190018218","17/9/19",05:50:00,"Collision with a fixed object","Tuesday","Dusk/Dawn",1,1,"Multiple intersection",3,80,"YARRA RANGES","METROPOLITAN SOUTH EAST REGION",-37.85503878,145.4185276,"Wet","Clear"
"T20190018222","12/9/19",17:30:00,"Collision with vehicle","Thursday","Day",2,2,"Multiple intersection",3,60,"WODONGA","NORTH EASTERN REGION",-36.11030858,146.8935807,"Dry","Not known"
"T20190018225","18/9/19",11:00:00,"Collision with a fixed object","Wednesday","Day",1,1,"T intersection",3,60,"SOUTHERN GRAMPIANS","SOUTH WESTERN REGION",-37.75562551,142.0254308,"Dry","Clear"
"T20190018229","19/9/19",08:35:00,"Collision with vehicle","Thursday","Day",2,5,"Cross intersection",3,100,"WANGARATTA","NORTH EASTERN REGION",-36.38078487,146.2514216,"Dry","Clear"
"T20190018230","8/9/19",20:30:00,"Collision with a fixed object","Sunday","Dark No street lights",1,6,"Not at intersection",3,100,"COLAC OTWAY","SOUTH WESTERN REGION",-38.6321195,143.5447313,"Wet","Raining"
"T20190018230","8/9/19",20:30:00,"Collision with a fixed object","Sunday","Dark No street lights",1,6,"Not at intersection",3,100,"COLAC OTWAY","SOUTH WESTERN REGION",-38.6321195,143.5447313,"Wet","Strong winds"
"T20190018232","10/9/19",19:30:00,"Collision with a fixed object","Tuesday","Dark No street lights",1,1,"Not at intersection",3,100,"STRATHBOGIE","NORTH EASTERN REGION",-36.59969289,145.8078085,"Dry","Clear"
"T20190018233","19/9/19",09:02:00,"Struck Pedestrian","Thursday","Day",1,2,"Cross intersection",3,60,"KINGSTON","METROPOLITAN SOUTH EAST REGION",-37.96542336,145.0557997,"Dry","Clear"
"T20190018234","14/9/19",07:15:00,"Collision with a fixed object","Saturday","Day",1,1,"Not at intersection",3,80,"MELTON","METROPOLITAN NORTH WEST REGION",-37.76414806,144.740667,"Dry","Clear"
"T20190018238","17/9/19",00:00:00,"Collision with a fixed object","Tuesday","Dark No street lights",1,1,"Not at intersection",2,80,"ALPINE","NORTH EASTERN REGION",-36.80387097,146.9759046,"Dry","Clear"
"T20190018240","18/9/19",20:27:00,"Collision with vehicle","Wednesday","Dark Street lights on",2,1,"Not at intersection",3,50,"BENDIGO","NORTHERN REGION",-36.75094044,144.2705915,"Dry","Clear"
"T20190018241","19/9/19",09:00:00,"Collision with vehicle","Thursday","Day",2,5,"Not at intersection",3,40,"DAREBIN","METROPOLITAN NORTH WEST REGION",-37.71675896,145.0065045,"Dry","Clear"
"T20190018242","19/9/19",10:10:00,"Struck Pedestrian","Thursday","Day",1,2,"Not at intersection",3,40,"PORT PHILLIP","METROPOLITAN NORTH WEST REGION",-37.85869695,144.9791908,"Dry","Clear"
"T20190018243","19/9/19",13:23:00,"Collision with vehicle","Thursday","Day",2,2,"Not at intersection",2,70,"BRIMBANK","METROPOLITAN NORTH WEST REGION",-37.77059605,144.7964593,"Dry","Clear"
"T20190018245","27/8/19",00:00:00,"Collision with a fixed object","Tuesday","Dark No street lights",1,2,"Not at intersection",3,80,"WHITTLESEA","METROPOLITAN NORTH WEST REGION",-37.59822447,145.0753515,"Unknown","Not known"
"T20190018246","14/8/19",14:45:00,"Collision with vehicle","Wednesday","Day",2,2,"Not at intersection",3,999,"CASEY","METROPOLITAN SOUTH EAST REGION",-38.10356594,145.2917319,"Unknown","Not known"
"T20190018247","4/9/19",14:30:00,"Collision with vehicle","Wednesday","Day",2,2,"Cross intersection",3,60,"HORSHAM","WESTERN REGION",-36.7178125,142.2049356,"Dry","Clear"
"T20190018248","18/9/19",16:30:00,"Vehicle overturned (no collision)","Wednesday","Day",1,1,"Not at intersection",3,60,"HOBSONS BAY","METROPOLITAN NORTH WEST REGION",-37.85722212,144.7795346,"Dry","Clear"
"T20190018249","19/9/19",12:34:00,"Collision with vehicle","Thursday","Day",2,2,"Cross intersection",3,60,"MORELAND","METROPOLITAN NORTH WEST REGION",-37.70754241,144.9216102,"Dry","Clear"
"T20190018252","13/9/19",07:00:00,"Collision with vehicle","Friday","Day",2,2,"Not at intersection",3,40,"YARRA","METROPOLITAN NORTH WEST REGION",-37.78780939,144.9721761,"Dry","Clear"
"T20190018254","19/9/19",12:55:00,"Collision with a fixed object","Thursday","Day",1,1,"Not at intersection",2,50,"BANYULE","METROPOLITAN NORTH WEST REGION",-37.73859748,145.0496343,"Dry","Clear"
"T20190018258","19/9/19",14:30:00,"Collision with vehicle","Thursday","Day",4,1,"Not at intersection",3,50,"BALLARAT","WESTERN REGION",-37.57796758,143.8381314,"Dry","Clear"
"T20190018259","19/9/19",14:15:00,"Collision with vehicle","Thursday","Day",3,3,"T intersection",3,70,"GEELONG","SOUTH WESTERN REGION",-38.17520836,144.352217,"Dry","Clear"
"T20190018262","19/9/19",15:30:00,"Collision with vehicle","Thursday","Day",4,5,"Cross intersection",3,60,"CARDINIA","METROPOLITAN SOUTH EAST REGION",-38.06882267,145.4710841,"Dry","Clear"
"T20190018264","19/9/19",15:44:00,"Collision with vehicle","Thursday","Day",2,3,"Cross intersection",3,50,"MORELAND","METROPOLITAN NORTH WEST REGION",-37.71766591,144.9481752,"Dry","Clear"
"T20190018271","19/9/19",15:00:00,"Collision with vehicle","Thursday","Day",2,2,"T intersection",3,60,"GLEN EIRA","METROPOLITAN SOUTH EAST REGION",-37.88340399,145.0483032,"Dry","Clear"
"T20190018272","19/9/19",15:50:00,"Collision with vehicle","Thursday","Day",2,1,"Not at intersection",3,50,"MORNINGTON PENINSULA","METROPOLITAN SOUTH EAST REGION",-38.37190689,144.9286766,"Dry","Not known"
"T20190018277","19/9/19",17:55:00,"Collision with a fixed object","Thursday","Dusk/Dawn",1,1,"T intersection",3,60,"BENDIGO","NORTHERN REGION",-36.75940478,144.2499391,"Dry","Clear"
"T20190018281","19/9/19",16:35:00,"Collision with a fixed object","Thursday","Day",1,1,"Not at intersection",3,50,"FRANKSTON","METROPOLITAN SOUTH EAST REGION",-38.15978194,145.1603326,"Dry","Clear"
"T20190018282","8/9/19",17:30:00,"Collision with a fixed object","Sunday","Dusk/Dawn",1,3,"Not at intersection",3,110,"MOORABOOL","WESTERN REGION",-37.55290205,143.9800588,"Wet","Raining"
"T20190018283","14/9/19",11:00:00,"Struck Pedestrian","Saturday","Day",1,2,"T intersection",3,999,"BALLARAT","WESTERN REGION",-37.57348643,143.8880623,"Unknown","Clear"
"T20190018285","19/9/19",16:05:00,"Struck Pedestrian","Thursday","Day",1,2,"Not at intersection",3,60,"WYNDHAM","METROPOLITAN NORTH WEST REGION",-37.89070109,144.6300558,"Dry","Clear"
"T20190018287","19/9/19",10:50:00,"Collision with a fixed object","Thursday","Day",3,4,"Not at intersection",1,70,"BRIMBANK","METROPOLITAN NORTH WEST REGION",-37.73589202,144.7804251,"Dry","Clear"
"T20190018291","19/9/19",19:34:00,"Collision with vehicle","Thursday","Dark No street lights",2,3,"Not at intersection",3,100,"GEELONG","SOUTH WESTERN REGION",-37.97308823,144.4613346,"Dry","Clear"
"T20190018292","19/9/19",16:40:00,"Collision with vehicle","Thursday","Day",2,3,"Not at intersection",3,80,"BRIMBANK","METROPOLITAN NORTH WEST REGION",-37.71384602,144.8777694,"Dry","Clear"
"T20190018294","19/9/19",20:04:00,"Collision with vehicle","Thursday","Dark Street lights on",2,3,"Cross intersection",3,60,"DAREBIN","METROPOLITAN NORTH WEST REGION",-37.74107155,145.0097516,"Dry","Clear"
"T20190018295","19/9/19",21:25:00,"Collision with vehicle","Thursday","Dark Street lights on",2,2,"T intersection",3,60,"WYNDHAM","METROPOLITAN NORTH WEST REGION",-37.88528741,144.6815317,"Dry","Clear"
"T20190018296","19/9/19",19:40:00,"Collision with vehicle","Thursday","Dark No street lights",2,2,"Not at intersection",2,100,"KINGSTON","METROPOLITAN SOUTH EAST REGION",-38.0712479,145.1501503,"Dry","Clear"
"T20190018297","19/9/19",22:04:00,"Collision with a fixed object","Thursday","Dark Street lights on",1,2,"Not at intersection",3,50,"DAREBIN","METROPOLITAN NORTH WEST REGION",-37.69995171,145.0528813,"Dry","Clear"
"T20190018298","19/9/19",23:13:00,"Collision with vehicle","Thursday","Dark Street lights on",2,3,"Not at intersection",2,40,"DAREBIN","METROPOLITAN NORTH WEST REGION",-37.72834958,145.0057043,"Dry","Clear"
"T20190018299","19/9/19",22:45:00,"Collision with vehicle","Thursday","Dark Street lights on",5,3,"Not at intersection",3,80,"MAROONDAH","METROPOLITAN SOUTH EAST REGION",-37.80240774,145.2482212,"Dry","Clear"
"T20190018300","20/9/19",01:00:00,"Collision with a fixed object","Friday","Dark No street lights",1,1,"Not at intersection",3,60,"YARRA RANGES","METROPOLITAN SOUTH EAST REGION",-37.83496134,145.349685,"Dry","Clear"
"T20190018300","20/9/19",01:00:00,"Collision with a fixed object","Friday","Dark No street lights",1,1,"Not at intersection",3,60,"YARRA RANGES","METROPOLITAN SOUTH EAST REGION",-37.83496134,145.349685,"Dry","Strong winds"
"T20190018301","20/9/19",05:00:00,"Struck animal","Friday","Dark No street lights",3,3,"Not at intersection",3,110,"STRATHBOGIE","NORTH EASTERN REGION",-36.62475306,145.7595699,"Dry","Clear"
"T20190018302","2/7/19",17:18:00,"Collision with a fixed object","Tuesday","Dark No street lights",1,2,"Cross intersection",3,110,"MOUNT ALEXANDER","NORTHERN REGION",-36.93692227,144.2269781,"Dry","Clear"