"ACCIDENT_NO","ACCIDENTDATE","ACCIDENTTIME","Accident Type Desc","Day Week Description","Light Condition Desc","NO_OF_VEHICLES","NO_PERSONS","Road Geometry Desc","SEVERITY","SPEED_ZONE","LGA_NAME","REGION_NAME","Lat","Long","Surface Cond Desc","Atmosph Cond Desc"
"T20190018303","17/8/19",11:00:00,"Vehicle overturned (no collision)","Saturday","Unknown",1,1,"Not at intersection",3,80,"MOUNT ALEXANDER","NORTHERN REGION",-37.00531137,144.2486425,"Dry","Clear"
"T20190018306","14/9/19",09:32:00,"Collision with vehicle","Saturday","Day",2,3,"Not at intersection",3,888,"MORNINGTON PENINSULA","METROPOLITAN SOUTH EAST REGION",-38.37101201,144.8327781,"Dry","Clear"
"T20190018308","3/9/19",09:00:00,"Collision with vehicle","Tuesday","Day",2,2,"Not at intersection",3,50,"GEELONG","SOUTH WESTERN REGION",-38.1512014,144.3666142,"Dry","Clear"
"T20190018309","20/9/19",08:00:00,"Collision with vehicle","Friday","Day",5,5,"Cross intersection",3,80,"KINGSTON","METROPOLITAN SOUTH EAST REGION",-37.93308843,145.0346577,"Dry","Clear"
"T20190018312","23/3/19",11:30:00,"Collision with vehicle","Saturday","Day",2,2,"Multiple intersection",3,60,"DAREBIN","METROPOLITAN NORTH WEST REGION",-37.71563075,145.0079971,"Unknown","Clear"
"T20190018313","20/9/19",09:31:00,"Collision with a fixed object","Friday","Day",1,1,"Cross intersection",3,110,"MOUNT ALEXANDER","NORTHERN REGION",-36.93692227,144.2269781,"Dry","Clear"
"T20190018314","20/9/19",09:14:00,"Collision with vehicle","Friday","Day",3,4,"T intersection",3,60,"KNOX","METROPOLITAN SOUTH EAST REGION",-37.85126426,145.2688484,"Dry","Clear"
"T20190018315","20/9/19",06:49:00,"Collision with vehicle","Friday","Day",3,3,"Cross intersection",3,60,"STONNINGTON","METROPOLITAN SOUTH EAST REGION",-37.85938916,145.0513248,"Dry","Clear"
"T20190018316","4/7/19",11:45:00,"Struck animal","Thursday","Unknown",1,2,"Not at intersection",3,80,"YARRA RANGES","METROPOLITAN SOUTH EAST REGION",-37.8124599,145.5048294,"Dry","Not known"
"T20190018317","27/8/19",08:15:00,"Collision with vehicle","Tuesday","Day",2,4,"T intersection",3,60,"WHITTLESEA","METROPOLITAN NORTH WEST REGION",-37.68457734,145.0683211,"Dry","Not known"
"T20190018318","20/9/19",10:33:00,"Collision with vehicle","Friday","Day",2,2,"T intersection",3,60,"CASEY","METROPOLITAN SOUTH EAST REGION",-38.11183493,145.2831033,"Dry","Clear"
"T20190018319","19/9/19",15:00:00,"Vehicle overturned (no collision)","Thursday","Day",1,1,"Not at intersection",2,999,"MURRINDINDI","NORTH EASTERN REGION",-37.46525091,145.4571327,"Dry","Clear"
"T20190018324","20/9/19",10:18:00,"Collision with a fixed object","Friday","Day",1,1,"Not at intersection",3,80,"CASEY","METROPOLITAN SOUTH EAST REGION",-37.98013274,145.3547413,"Dry","Clear"
"T20190018325","18/9/19",21:30:00,"Collision with vehicle","Wednesday","Dark Street lights unknown",2,2,"T intersection",3,80,"YARRA RANGES","METROPOLITAN SOUTH EAST REGION",-37.96117797,145.3611396,"Dry","Clear"
"T20190018328","20/9/19",12:00:00,"Struck Pedestrian","Friday","Day",1,2,"Not at intersection",3,50,"CAMPASPE","NORTHERN REGION",-36.13300712,144.7524532,"Dry","Clear"
"T20190018329","17/9/19",10:15:00,"Collision with vehicle","Tuesday","Day",2,3,"Not at intersection",3,40,"YARRA","METROPOLITAN NORTH WEST REGION",-37.80558877,144.9756273,"Dry","Not known"
"T20190018330","19/9/19",15:30:00,"Collision with vehicle","Thursday","Day",2,3,"Cross intersection",3,70,"MELTON","METROPOLITAN NORTH WEST REGION",-37.74154416,144.7062771,"Dry","Clear"
"T20190018331","20/9/19",11:50:00,"Collision with a fixed object","Friday","Day",1,1,"Not at intersection",3,100,"HEPBURN","WESTERN REGION",-37.28937726,144.2685163,"Dry","Clear"
"T20190018332","14/9/19",11:00:00,"Collision with vehicle","Saturday","Day",2,3,"Cross intersection",3,60,"HUME","METROPOLITAN NORTH WEST REGION",-37.64382408,144.9288909,"Unknown","Not known"
"T20190018333","16/9/19",11:36:00,"Collision with vehicle","Monday","Day",3,4,"Not at intersection",3,60,"BRIMBANK","METROPOLITAN NORTH WEST REGION",-37.77377828,144.8293278,"Dry","Clear"
"T20190018335","20/9/19",11:10:00,"Collision with vehicle","Friday","Day",2,3,"Cross intersection",3,80,"MONASH","METROPOLITAN SOUTH EAST REGION",-37.89341627,145.0907374,"Dry","Clear"
"T20190018338","16/9/19",06:00:00,"collision with some other object","Monday","Dusk/Dawn",1,1,"Not at intersection",3,80,"YARRA RANGES","METROPOLITAN SOUTH EAST REGION",-37.82355367,145.41666,"Wet","Fog"
"T20190018338","16/9/19",06:00:00,"collision with some other object","Monday","Dusk/Dawn",1,1,"Not at intersection",3,80,"YARRA RANGES","METROPOLITAN SOUTH EAST REGION",-37.82355367,145.41666,"Wet","Strong winds"
"T20190018339","11/9/19",17:30:00,"Collision with vehicle","Wednesday","Dusk/Dawn",2,2,"Cross intersection",3,60,"KNOX","METROPOLITAN SOUTH EAST REGION",-37.86257991,145.2856219,"Unknown","Not known"
"T20190018340","3/9/19",19:45:00,"No collision and no object struck","Tuesday","Dark Street lights unknown",2,2,"T intersection",3,60,"KNOX","METROPOLITAN SOUTH EAST REGION",-37.84427812,145.2668272,"Dry","Not known"
"T20190018341","20/9/19",12:06:00,"Collision with vehicle","Friday","Day",4,5,"Not at intersection",3,70,"HUME","METROPOLITAN NORTH WEST REGION",-37.64304741,144.9511051,"Dry","Clear"
"T20190018342","19/9/19",06:50:00,"Struck Pedestrian","Thursday","Day",1,2,"Not at intersection",3,40,"KINGSTON","METROPOLITAN SOUTH EAST REGION",-37.9826759,145.0651863,"Dry","Clear"
"T20190018343","20/9/19",08:25:00,"No collision and no object struck","Friday","Day",1,3,"Not at intersection",3,50,"WHITEHORSE","METROPOLITAN SOUTH EAST REGION",-37.82055402,145.1505431,"Dry","Clear"
"T20190018345","20/9/19",14:00:00,"Collision with vehicle","Friday","Day",2,3,"T intersection",3,60,"MELTON","METROPOLITAN NORTH WEST REGION",-37.71399164,144.572943,"Dry","Clear"
"T20190018348","19/9/19",21:35:00,"Collision with vehicle","Thursday","Dark Street lights on",2,2,"Cross intersection",3,80,"WHITEHORSE","METROPOLITAN SOUTH EAST REGION",-37.85251646,145.1520123,"Dry","Clear"
"T20190018350","20/9/19",15:35:00,"Collision with vehicle","Friday","Day",2,2,"Not at intersection",3,60,"FRANKSTON","METROPOLITAN SOUTH EAST REGION",-38.12976476,145.1303408,"Dry","Clear"
"T20190018353","1/9/19",09:00:00,"No collision and no object struck","Sunday","Day",1,1,"Not at intersection",3,999,"MITCHELL","NORTHERN REGION",-37.20741363,145.081847,"Dry","Clear"
"T20190018354","19/9/19",17:34:00,"Collision with vehicle","Thursday","Day",2,4,"Not at intersection",3,50,"WYNDHAM","METROPOLITAN NORTH WEST REGION",-37.88977812,144.6517454,"Dry","Clear"
"T20190018355","19/9/19",08:00:00,"Collision with vehicle","Thursday","Day",2,2,"T intersection",3,999,"MORELAND","METROPOLITAN NORTH WEST REGION",-37.74127064,144.9652905,"Dry","Clear"
"T20190018357","14/9/19",15:50:00,"Collision with vehicle","Saturday","Day",2,3,"T intersection",3,60,"MORNINGTON PENINSULA","METROPOLITAN SOUTH EAST REGION",-38.23355216,145.1734742,"Dry","Clear"
"T20190018358","20/9/19",14:42:00,"Collision with a fixed object","Friday","Day",1,1,"Not at intersection",3,100,"CARDINIA","METROPOLITAN SOUTH EAST REGION",-38.25400703,145.6016499,"Dry","Clear"
"T20190018365","20/9/19",17:12:00,"Collision with a fixed object","Friday","Day",1,1,"Not at intersection",3,80,"BALLARAT","WESTERN REGION",-37.5382727,143.7389548,"Dry","Clear"
"T20190018366","20/9/19",18:18:00,"Collision with vehicle","Friday","Dusk/Dawn",2,3,"T intersection",3,50,"LATROBE","EASTERN REGION",-38.23553101,146.4210103,"Dry","Clear"
"T20190018368","19/9/19",14:50:00,"Collision with vehicle","Thursday","Day",2,1,"Not at intersection",3,50,"MORELAND","METROPOLITAN NORTH WEST REGION",-37.70001619,144.9654361,"Dry","Clear"
"T20190018369","20/9/19",19:40:00,"Collision with vehicle","Friday","Dark Street lights on",2,5,"T intersection",3,60,"YARRA RANGES","METROPOLITAN SOUTH EAST REGION",-37.76909959,145.3751712,"Dry","Clear"
"T20190018371","20/9/19",21:07:00,"Collision with vehicle","Friday","Dark No street lights",2,2,"Cross intersection",3,60,"MILDURA","WESTERN REGION",-34.205965,142.1770164,"Dry","Dust"
"T20190018374","20/9/19",06:15:00,"Collision with a fixed object","Friday","Day",1,1,"Not at intersection",3,60,"MORELAND","METROPOLITAN NORTH WEST REGION",-37.71584524,144.930277,"Dry","Clear"
"T20190018380","20/9/19",23:00:00,"Struck Pedestrian","Friday","Dark Street lights on",1,2,"Not at intersection",3,60,"GLEN EIRA","METROPOLITAN SOUTH EAST REGION",-37.88911259,145.0376187,"Dry","Clear"
"T20190018382","21/9/19",02:55:00,"Collision with a fixed object","Saturday","Dark Street lights on",1,1,"T intersection",3,80,"HUME","METROPOLITAN NORTH WEST REGION",-37.62762183,144.8183763,"Dry","Clear"
"T20190018383","21/9/19",04:12:00,"Collision with a fixed object","Saturday","Dark Street lights on",1,1,"Not at intersection",3,60,"BOROONDARA","METROPOLITAN SOUTH EAST REGION",-37.81471311,145.0968892,"Dry","Clear"
"T20190018384","21/9/19",01:19:00,"Collision with a fixed object","Saturday","Dark No street lights",2,5,"Not at intersection",3,100,"YARRA RANGES","METROPOLITAN SOUTH EAST REGION",-37.7261879,145.7008864,"Dry","Clear"
"T20190018388","20/9/19",08:30:00,"Collision with vehicle","Friday","Day",2,3,"Not at intersection",3,60,"MONASH","METROPOLITAN SOUTH EAST REGION",-37.85718073,145.0944163,"Dry","Clear"
"T20190018389","15/8/19",08:50:00,"Collision with vehicle","Thursday","Day",2,5,"Not at intersection",3,100,"BENALLA","NORTH EASTERN REGION",-36.53734589,146.0240515,"Dry","Clear"
"T20190018390","21/3/19",15:45:00,"Collision with vehicle","Thursday","Unknown",2,1,"Y intersection",3,50,"BOROONDARA","METROPOLITAN SOUTH EAST REGION",-37.8524034,145.0587342,"Unknown","Not known"
"T20190018392","20/9/19",07:15:00,"Collision with a fixed object","Friday","Day",2,2,"Cross intersection",3,80,"CASEY","METROPOLITAN SOUTH EAST REGION",-38.20251802,145.2813002,"Dry","Clear"
"T20190018393","7/9/19",15:00:00,"Collision with vehicle","Saturday","Day",2,2,"Not at intersection",3,40,"STONNINGTON","METROPOLITAN SOUTH EAST REGION",-37.85115913,145.0301396,"Dry","Not known"
"T20190018394","20/9/19",09:47:00,"Struck Pedestrian","Friday","Day",1,2,"Not at intersection",3,60,"MONASH","METROPOLITAN SOUTH EAST REGION",-37.85695603,145.0944571,"Dry","Clear"
"T20190018398","21/9/19",10:51:00,"Collision with vehicle","Saturday","Unknown",2,2,"Multiple intersection",3,80,"DANDENONG","METROPOLITAN SOUTH EAST REGION",-38.07136608,145.1953143,"Unknown","Not known"
"T20190018399","1/9/19",11:15:00,"Collision with vehicle","Sunday","Day",2,2,"T intersection",3,60,"FRANKSTON","METROPOLITAN SOUTH EAST REGION",-38.15938568,145.1700106,"Dry","Clear"
"T20190018400","21/9/19",11:00:00,"Collision with vehicle","Saturday","Day",2,4,"Not at intersection",3,70,"BENDIGO","NORTHERN REGION",-36.71411974,144.3141583,"Wet","Raining"
"T20190018401","20/4/19",16:00:00,"Collision with vehicle","Saturday","Dusk/Dawn",2,3,"T intersection",3,40,"WARRNAMBOOL","SOUTH WESTERN REGION",-38.38331953,142.5193512,"Dry","Clear"
"T20190018402","20/9/19",13:30:00,"Collision with vehicle","Friday","Day",2,2,"Not at intersection",3,50,"GLEN EIRA","METROPOLITAN SOUTH EAST REGION",-37.93111744,145.0329618,"Dry","Clear"
"T20190018405","21/9/19",09:00:00,"Collision with vehicle","Saturday","Day",2,2,"Not at intersection",3,60,"MAROONDAH","METROPOLITAN SOUTH EAST REGION",-37.80161245,145.3061405,"Unknown","Clear"
"T20190018406","21/9/19",06:54:00,"Collision with vehicle","Saturday","Day",2,2,"Cross intersection",3,60,"GLEN EIRA","METROPOLITAN SOUTH EAST REGION",-37.90438894,145.0439276,"Dry","Clear"
"T20190018409","9/9/19",08:33:00,"Collision with vehicle","Monday","Day",4,4,"Not at intersection",3,60,"WYNDHAM","METROPOLITAN NORTH WEST REGION",-37.83117459,144.6730241,"Wet","Raining"
"T20190018411","21/9/19",12:30:00,"Collision with vehicle","Saturday","Day",2,2,"Cross intersection",3,70,"CASEY","METROPOLITAN SOUTH EAST REGION",-38.10047352,145.2923284,"Dry","Clear"
"T20190018414","21/9/19",13:20:00,"Collision with vehicle","Saturday","Day",3,6,"T intersection",3,80,"NILLUMBIK","METROPOLITAN NORTH WEST REGION",-37.67410099,145.1978159,"Dry","Clear"
"T20190018419","20/9/19",16:30:00,"Collision with vehicle","Friday","Day",2,2,"Not at intersection",3,110,"HUME","METROPOLITAN NORTH WEST REGION",-37.6940088,144.912843,"Dry","Clear"
"T20190018420","21/9/19",11:30:00,"Vehicle overturned (no collision)","Saturday","Day",1,1,"Not at intersection",3,100,"MURRINDINDI","NORTH EASTERN REGION",-37.45482057,145.4480011,"Wet","Raining"
"T20190018420","21/9/19",11:30:00,"Vehicle overturned (no collision)","Saturday","Day",1,1,"Not at intersection",3,100,"MURRINDINDI","NORTH EASTERN REGION",-37.45482057,145.4480011,"Muddy","Raining"
"T20190018423","16/9/19",15:35:00,"Collision with vehicle","Monday","Day",3,4,"Not at intersection",3,100,"DANDENONG","METROPOLITAN SOUTH EAST REGION",-37.95818778,145.2262011,"Dry","Clear"
"T20190018424","21/9/19",13:00:00,"Collision with vehicle","Saturday","Day",2,2,"Cross intersection",3,80,"MONASH","METROPOLITAN SOUTH EAST REGION",-37.89341627,145.0907374,"Dry","Clear"
"T20190018426","21/9/19",17:00:00,"Collision with vehicle","Saturday","Day",5,6,"Not at intersection",3,70,"YARRA","METROPOLITAN NORTH WEST REGION",-37.80472551,144.9921735,"Wet","Raining"
"T20190018428","21/9/19",17:25:00,"Collision with vehicle","Saturday","Dusk/Dawn",2,2,"Y intersection",3,60,"BOROONDARA","METROPOLITAN SOUTH EAST REGION",-37.86158293,145.0644405,"Wet","Clear"
"T20190018429","21/9/19",18:07:00,"Collision with a fixed object","Saturday","Dusk/Dawn",1,3,"Not at intersection",3,60,"DANDENONG","METROPOLITAN SOUTH EAST REGION",-37.98025804,145.1773714,"Dry","Clear"
"T20190018431","18/9/19",16:50:00,"Collision with vehicle","Wednesday","Unknown",2,3,"Not at intersection",3,999,"MELBOURNE","METROPOLITAN NORTH WEST REGION",-37.82591219,144.9808005,"Unknown","Not known"
"T20190018432","21/9/19",18:16:00,"Collision with vehicle","Saturday","Dark Street lights on",2,6,"Cross intersection",2,60,"MOORABOOL","WESTERN REGION",-37.69416258,143.9732438,"Wet","Not known"
"T20190018435","12/6/19",20:30:00,"No collision and no object struck","Wednesday","Dark Street lights on",1,1,"Cross intersection",3,40,"MELBOURNE","METROPOLITAN NORTH WEST REGION",-37.81600966,144.972382,"Wet","Raining"
"T20190018435","12/6/19",20:30:00,"No collision and no object struck","Wednesday","Dark Street lights on",1,1,"Cross intersection",3,40,"MELBOURNE","METROPOLITAN NORTH WEST REGION",-37.81600966,144.972382,"Wet","Strong winds"
"T20190018436","21/9/19",18:32:00,"Collision with vehicle","Saturday","Dark Street lights on",2,3,"Cross intersection",3,60,"DAREBIN","METROPOLITAN NORTH WEST REGION",-37.73228962,145.0250821,"Wet","Clear"
"T20190018438","21/9/19",17:45:00,"Collision with vehicle","Saturday","Dark Street lights on",2,2,"T intersection",3,60,"MORELAND","METROPOLITAN NORTH WEST REGION",-37.72127209,144.9632875,"Wet","Clear"
"T20190018439","19/6/19",10:57:00,"Collision with vehicle","Wednesday","Day",2,2,"Not at intersection",3,70,"BRIMBANK","METROPOLITAN NORTH WEST REGION",-37.77795701,144.8376525,"Dry","Clear"
"T20190018441","21/9/19",21:45:00,"Struck Pedestrian","Saturday","Dark Street lights on",1,3,"Not at intersection",3,50,"BENDIGO","NORTHERN REGION",-36.82149294,144.2427715,"Wet","Raining"
"T20190018442","21/9/19",20:45:00,"Collision with a fixed object","Saturday","Dark Street lights on",1,1,"T intersection",3,80,"CARDINIA","METROPOLITAN SOUTH EAST REGION",-38.05532174,145.3843695,"Dry","Clear"
"T20190018443","21/9/19",23:20:00,"Collision with a fixed object","Saturday","Dark Street lights on",1,2,"T intersection",3,80,"MONASH","METROPOLITAN SOUTH EAST REGION",-37.88422785,145.1649761,"Wet","Clear"
"T20190018445","21/9/19",21:55:00,"Collision with a fixed object","Saturday","Dark No street lights",1,2,"Not at intersection",1,100,"LATROBE","EASTERN REGION",-38.14896095,146.3770907,"Wet","Raining"
"T20190018447","21/9/19",23:52:00,"Collision with vehicle","Saturday","Dark Street lights on",3,5,"T intersection",3,80,"BRIMBANK","METROPOLITAN NORTH WEST REGION",-37.77827245,144.840476,"Wet","Clear"
"T20190018450","22/9/19",02:40:00,"Collision with a fixed object","Sunday","Dark Street lights on",1,1,"T intersection",3,60,"MAROONDAH","METROPOLITAN SOUTH EAST REGION",-37.801529,145.2965692,"Wet","Clear"
"T20190018452","22/9/19",04:15:00,"Collision with vehicle","Sunday","Dark Street lights on",2,2,"Not at intersection",3,40,"MORELAND","METROPOLITAN NORTH WEST REGION",-37.77251632,144.9611949,"Dry","Clear"
"T20190018454","22/9/19",01:00:00,"Vehicle overturned (no collision)","Sunday","Dark No street lights",1,1,"Not at intersection",3,100,"COLAC OTWAY","SOUTH WESTERN REGION",-38.30724158,143.8357267,"Dry","Clear"
"T20190018459","22/9/19",03:30:00,"Collision with a fixed object","Sunday","Dark Street lights on",1,1,"T intersection",3,40,"MELBOURNE","METROPOLITAN NORTH WEST REGION",-37.81604435,144.9722646,"Dry","Not known"
"T20190018461","21/9/19",13:00:00,"Collision with vehicle","Saturday","Day",2,2,"Cross intersection",3,60,"BALLARAT","WESTERN REGION",-37.56107268,143.8489302,"Wet","Clear"
"T20190018462","31/8/19",17:31:00,"Vehicle overturned (no collision)","Saturday","Day",1,1,"Cross intersection",3,80,"NILLUMBIK","METROPOLITAN NORTH WEST REGION",-37.69537565,145.2149041,"Dry","Clear"
"T20190018463","3/9/19",08:15:00,"Collision with vehicle","Tuesday","Day",2,2,"Multiple intersection",3,80,"MELBOURNE","METROPOLITAN NORTH WEST REGION",-37.82734423,144.9624859,"Dry","Not known"
"T20190018465","21/9/19",14:10:00,"collision with some other object","Saturday","Day",1,3,"Cross intersection",3,40,"MELBOURNE","METROPOLITAN NORTH WEST REGION",-37.81830781,144.9606331,"Dry","Clear"
"T20190018466","22/9/19",08:15:00,"Collision with vehicle","Sunday","Day",2,2,"Cross intersection",3,50,"YARRA RANGES","METROPOLITAN SOUTH EAST REGION",-37.77653525,145.4565135,"Dry","Clear"
"T20190018472","11/9/19",08:30:00,"Collision with vehicle","Wednesday","Day",2,2,"Not at intersection",3,60,"KINGSTON","METROPOLITAN SOUTH EAST REGION",-38.03458789,145.1208027,"Dry","Not known"
"T20190018473","22/9/19",12:30:00,"Collision with vehicle","Sunday","Day",2,2,"T intersection",3,80,"DANDENONG","METROPOLITAN SOUTH EAST REGION",-37.99263892,145.1913244,"Dry","Clear"
"T20190018475","22/9/19",12:40:00,"Struck Pedestrian","Sunday","Day",1,2,"T intersection",3,50,"CASEY","METROPOLITAN SOUTH EAST REGION",-38.10603168,145.30914,"Dry","Clear"
"T20190018476","22/9/19",12:00:00,"Vehicle overturned (no collision)","Sunday","Day",1,1,"T intersection",3,80,"WELLINGTON","EASTERN REGION",-38.0701997,147.0896535,"Dry","Clear"
"T20190018478","22/9/19",10:00:00,"Collision with a fixed object","Sunday","Day",1,1,"T intersection",3,100,"MOYNE","SOUTH WESTERN REGION",-38.05336967,142.6178603,"Dry","Clear"
"T20190018481","22/9/19",11:30:00,"Collision with vehicle","Sunday","Day",3,3,"T intersection",3,100,"CARDINIA","METROPOLITAN SOUTH EAST REGION",-38.11692624,145.4259562,"Dry","Clear"
"T20190018482","22/9/19",13:14:00,"Collision with vehicle","Sunday","Day",4,4,"Multiple intersection",3,80,"BRIMBANK","METROPOLITAN NORTH WEST REGION",-37.70676921,144.8183227,"Dry","Clear"
"T20190018483","21/9/19",20:10:00,"Collision with vehicle","Saturday","Dark No street lights",2,2,"Not at intersection",3,100,"SURF COAST","SOUTH WESTERN REGION",-38.21200348,144.2346338,"Dry","Clear"
"T20190018487","22/9/19",14:08:00,"Collision with vehicle","Sunday","Day",2,5,"Cross intersection",3,50,"EAST GIPPSLAND","EASTERN REGION",-37.82677567,147.6268142,"Dry","Clear"
"T20190018488","22/9/19",11:20:00,"Collision with a fixed object","Sunday","Day",1,1,"Not at intersection",3,50,"DAREBIN","METROPOLITAN NORTH WEST REGION",-37.69678646,144.9907942,"Dry","Clear"
"T20190018490","22/9/19",13:17:00,"Collision with vehicle","Sunday","Day",2,2,"Not at intersection",2,999,"LATROBE","EASTERN REGION",-38.19128233,146.535359,"Dry","Clear"
"T20190018492","20/9/19",19:57:00,"Collision with vehicle","Friday","Dark Street lights on",2,5,"Cross intersection",3,60,"GEELONG","SOUTH WESTERN REGION",-38.01816894,144.4045645,"Dry","Clear"
"T20190018494","22/9/19",10:50:00,"Collision with vehicle","Sunday","Day",2,2,"Not at intersection",3,40,"PORT PHILLIP","METROPOLITAN NORTH WEST REGION",-37.84666174,144.966204,"Dry","Clear"
"T20190018495","22/9/19",12:58:00,"Collision with vehicle","Sunday","Day",3,3,"Not at intersection",3,50,"MORELAND","METROPOLITAN NORTH WEST REGION",-37.7068199,144.950801,"Dry","Clear"
"T20190018496","17/8/19",06:50:00,"Collision with vehicle","Saturday","Day",2,2,"Multiple intersection",3,70,"BRIMBANK","METROPOLITAN NORTH WEST REGION",-37.7705652,144.7963015,"Dry","Clear"
"T20190018497","22/9/19",11:55:00,"Collision with a fixed object","Sunday","Day",1,1,"Not at intersection",3,30,"GEELONG","SOUTH WESTERN REGION",-38.14918622,144.3635186,"Dry","Clear"
"T20190018499","22/9/19",12:15:00,"Collision with a fixed object","Sunday","Day",1,2,"Not at intersection",1,100,"LODDON","NORTHERN REGION",-36.60353856,144.0018256,"Dry","Clear"
"T20190018500","22/9/19",16:04:00,"Collision with a fixed object","Sunday","Day",1,1,"T intersection",3,50,"WHITTLESEA","METROPOLITAN NORTH WEST REGION",-37.67381829,145.0770592,"Dry","Clear"
"T20190018502","30/7/19",21:30:00,"Collision with vehicle","Tuesday","Dark Street lights on",2,3,"Not at intersection",3,80,"BAYSIDE","METROPOLITAN SOUTH EAST REGION",-37.90661124,145.0085577,"Unknown","Clear"
"T20190018504","22/9/19",13:30:00,"Vehicle overturned (no collision)","Sunday","Day",1,1,"Not at intersection",3,999,"YARRA RANGES","METROPOLITAN SOUTH EAST REGION",-37.57965331,145.9909902,"Dry","Clear"
"T20190018505","22/9/19",16:40:00,"Collision with a fixed object","Sunday","Day",1,1,"Not at intersection",3,80,"CARDINIA","METROPOLITAN SOUTH EAST REGION",-37.90178741,145.5096989,"Dry","Clear"
"T20190018509","22/9/19",12:00:00,"Collision with vehicle","Sunday","Day",2,2,"Not at intersection",3,60,"WHITTLESEA","METROPOLITAN NORTH WEST REGION",-37.65228493,145.0280952,"Dry","Clear"
"T20190018510","22/9/19",20:43:00,"Collision with vehicle","Sunday","Unknown",2,2,"T intersection",3,60,"WHITTLESEA","METROPOLITAN NORTH WEST REGION",-37.68454431,145.0293208,"Dry","Clear"
"T20190018511","22/9/19",20:44:00,"Collision with vehicle","Sunday","Dark Street lights on",2,2,"Cross intersection",3,60,"MOONEE VALLEY","METROPOLITAN NORTH WEST REGION",-37.77256456,144.9239265,"Dry","Clear"
"T20190018513","22/9/19",15:52:00,"Collision with vehicle","Sunday","Day",2,5,"T intersection",3,100,"WELLINGTON","EASTERN REGION",-38.11929025,146.8602892,"Dry","Clear"
"T20190018516","22/9/19",13:15:00,"Collision with a fixed object","Sunday","Day",1,1,"Not at intersection",3,60,"MORNINGTON PENINSULA","METROPOLITAN SOUTH EAST REGION",-38.1940169,145.0973302,"Dry","Clear"
"T20190018519","22/9/19",19:10:00,"Collision with vehicle","Sunday","Dark Street lights on",2,2,"Not at intersection",3,50,"HORSHAM","WESTERN REGION",-36.7117737,142.1892956,"Dry","Clear"
"T20190018520","22/9/19",23:25:00,"Collision with vehicle","Sunday","Dark Street lights on",3,3,"Not at intersection",3,60,"MOONEE VALLEY","METROPOLITAN NORTH WEST REGION",-37.77776933,144.929905,"Dry","Clear"
"T20190018521","23/9/19",01:50:00,"Collision with a fixed object","Monday","Dark Street lights on",1,2,"T intersection",3,60,"MONASH","METROPOLITAN SOUTH EAST REGION",-37.88760031,145.1080054,"Dry","Clear"
"T20190018526","11/8/19",10:40:00,"Collision with vehicle","Sunday","Day",2,3,"Not at intersection",3,60,"KNOX","METROPOLITAN SOUTH EAST REGION",-37.84220465,145.2583664,"Dry","Clear"
"T20190018528","23/9/19",07:00:00,"Collision with vehicle","Monday","Day",3,3,"Cross intersection",3,80,"CASEY","METROPOLITAN SOUTH EAST REGION",-38.04399703,145.3414662,"Wet","Raining"
"T20190018531","23/9/19",08:45:00,"Collision with vehicle","Monday","Day",2,2,"Not at intersection",3,60,"GEELONG","SOUTH WESTERN REGION",-38.2852358,144.4653747,"Dry","Clear"
"T20190018533","23/9/19",09:10:00,"No collision and no object struck","Monday","Day",1,1,"Not at intersection",3,100,"CARDINIA","METROPOLITAN SOUTH EAST REGION",-38.07982413,145.4365817,"Wet","Raining"
"T20190018536","27/8/19",17:00:00,"Collision with vehicle","Tuesday","Day",2,2,"Cross intersection",3,60,"MONASH","METROPOLITAN SOUTH EAST REGION",-37.9142938,145.124307,"Dry","Clear"
"T20190018537","23/9/19",10:28:00,"Collision with vehicle","Monday","Day",2,2,"Cross intersection",3,50,"SWAN HILL","NORTHERN REGION",-35.33549285,143.551892,"Dry","Clear"
"T20190018538","13/9/19",16:15:00,"Collision with vehicle","Friday","Day",2,2,"T intersection",3,80,"MELTON","METROPOLITAN NORTH WEST REGION",-37.68312619,144.6612387,"Dry","Clear"
"T20190018539","21/9/19",19:43:00,"Vehicle overturned (no collision)","Saturday","Dark No street lights",1,2,"Not at intersection",3,100,"STRATHBOGIE","NORTH EASTERN REGION",-36.87419123,145.5992666,"Wet","Raining"
"T20190018540","23/9/19",09:00:00,"Collision with vehicle","Monday","Day",2,2,"T intersection",3,80,"MONASH","METROPOLITAN SOUTH EAST REGION",-37.91727011,145.1470981,"Dry","Clear"
"T20190018543","23/9/19",11:15:00,"Struck Pedestrian","Monday","Day",1,2,"Not at intersection",3,40,"YARRA","METROPOLITAN NORTH WEST REGION",-37.80007084,144.9953008,"Wet","Clear"
"T20190018545","23/9/19",10:35:00,"Collision with vehicle","Monday","Day",2,3,"Cross intersection",3,60,"KINGSTON","METROPOLITAN SOUTH EAST REGION",-38.06740112,145.1472257,"Dry","Clear"
"T20190018547","23/9/19",06:50:00,"Collision with vehicle","Monday","Dusk/Dawn",2,2,"T intersection",3,70,"HUME","METROPOLITAN NORTH WEST REGION",-37.5891805,144.7149979,"Wet","Clear"