"ACCIDENT_NO","ACCIDENTDATE","ACCIDENTTIME","Accident Type Desc","Day Week Description","Light Condition Desc","NO_OF_VEHICLES","NO_PERSONS","Road Geometry Desc","SEVERITY","SPEED_ZONE","LGA_NAME","REGION_NAME","Lat","Long","Surface Cond Desc","Atmosph Cond Desc"
"T20190018550","22/9/19",13:30:00,"Fall from or in moving vehicle","Sunday","Day",1,2,"Not at intersection",3,60,"WHITEHORSE","METROPOLITAN SOUTH EAST REGION",-37.82503633,145.1295026,"Dry","Clear"
"T20190018551","29/6/19",18:49:00,"Collision with vehicle","Saturday","Dark Street lights unknown",2,2,"Not at intersection",3,60,"SHEPPARTON","NORTH EASTERN REGION",-36.37378172,145.4229903,"Dry","Clear"
"T20190018554","23/9/19",12:00:00,"Struck Pedestrian","Monday","Day",1,2,"T intersection",3,999,"MILDURA","WESTERN REGION",-34.18756987,142.1584127,"Dry","Clear"
"T20190018555","23/9/19",08:00:00,"Struck Pedestrian","Monday","Day",1,2,"Cross intersection",2,50,"MORELAND","METROPOLITAN NORTH WEST REGION",-37.70721621,144.9358275,"Wet","Clear"
"T20190018556","23/9/19",09:30:00,"Struck Pedestrian","Monday","Day",1,2,"Cross intersection",3,60,"YARRA","METROPOLITAN NORTH WEST REGION",-37.81182208,145.0004097,"Dry","Clear"
"T20190018557","22/9/19",14:30:00,"No collision and no object struck","Sunday","Day",1,1,"Not at intersection",3,80,"MOORABOOL","WESTERN REGION",-37.69412148,144.3999838,"Dry","Clear"
"T20190018561","21/9/19",11:50:00,"Struck Pedestrian","Saturday","Day",1,2,"T intersection",3,999,"WHITEHORSE","METROPOLITAN SOUTH EAST REGION",-37.8443583,145.1099336,"Wet","Raining"
"T20190018562","23/9/19",05:45:00,"Collision with vehicle","Monday","Dusk/Dawn",2,2,"Not at intersection",3,40,"CASEY","METROPOLITAN SOUTH EAST REGION",-38.05991227,145.3382239,"Dry","Clear"
"T20190018563","23/9/19",15:14:00,"Collision with vehicle","Monday","Day",4,4,"Not at intersection",3,60,"MORELAND","METROPOLITAN NORTH WEST REGION",-37.74168324,144.9695181,"Wet","Clear"
"T20190018564","23/9/19",14:35:00,"Collision with vehicle","Monday","Day",2,2,"Not at intersection",3,60,"BOROONDARA","METROPOLITAN SOUTH EAST REGION",-37.80915673,145.0820555,"Wet","Raining"
"T20190018566","23/9/19",15:10:00,"Collision with vehicle","Monday","Day",3,3,"T intersection",3,60,"HUME","METROPOLITAN NORTH WEST REGION",-37.66580033,144.9398505,"Dry","Clear"
"T20190018569","23/9/19",13:00:00,"Collision with a fixed object","Monday","Day",1,1,"Not at intersection",3,50,"DAREBIN","METROPOLITAN NORTH WEST REGION",-37.6966489,145.010259,"Wet","Raining"
"T20190018571","22/9/19",12:00:00,"No collision and no object struck","Sunday","Day",1,1,"Not at intersection",3,888,"MURRINDINDI","NORTH EASTERN REGION",-37.34594683,145.30438,"Muddy","Clear"
"T20190018574","19/9/19",09:30:00,"Collision with vehicle","Thursday","Day",2,2,"Cross intersection",3,40,"MELBOURNE","METROPOLITAN NORTH WEST REGION",-37.81621754,144.9640683,"Dry","Not known"
"T20190018575","23/9/19",16:38:00,"Collision with vehicle","Monday","Day",3,3,"Not at intersection",3,60,"MONASH","METROPOLITAN SOUTH EAST REGION",-37.91030734,145.0919738,"Dry","Clear"
"T20190018576","23/9/19",17:26:00,"Collision with a fixed object","Monday","Day",1,1,"Cross intersection",3,50,"GEELONG","SOUTH WESTERN REGION",-38.1082822,144.3378669,"Dry","Clear"
"T20190018577","23/9/19",17:05:00,"Collision with vehicle","Monday","Dusk/Dawn",2,2,"Not at intersection",3,100,"CASEY","METROPOLITAN SOUTH EAST REGION",-38.01262777,145.3032218,"Wet","Clear"
"T20190018579","23/9/19",17:46:00,"Collision with a fixed object","Monday","Day",2,2,"Not at intersection",3,60,"DAREBIN","METROPOLITAN NORTH WEST REGION",-37.73764718,145.0007483,"Wet","Clear"
"T20190018580","23/9/19",15:50:00,"Collision with vehicle","Monday","Day",2,4,"T intersection",3,60,"GEELONG","SOUTH WESTERN REGION",-38.07615119,144.3585388,"Dry","Clear"
"T20190018583","23/9/19",17:17:00,"Collision with a fixed object","Monday","Day",1,2,"Not at intersection",3,50,"BALLARAT","WESTERN REGION",-37.58657568,143.8191677,"Dry","Clear"
"T20190018585","23/9/19",18:40:00,"Collision with vehicle","Monday","Dark Street lights on",2,2,"T intersection",3,70,"MONASH","METROPOLITAN SOUTH EAST REGION",-37.8929355,145.1443959,"Wet","Clear"
"T20190018590","12/9/19",10:00:00,"Collision with vehicle","Thursday","Day",2,2,"Cross intersection",3,60,"KINGSTON","METROPOLITAN SOUTH EAST REGION",-37.92629368,145.1007064,"Dry","Not known"
"T20190018591","23/9/19",19:54:00,"Collision with vehicle","Monday","Dark Street lights on",2,2,"Not at intersection",3,60,"STONNINGTON","METROPOLITAN SOUTH EAST REGION",-37.86935432,145.0390953,"Dry","Clear"
"T20190018593","23/9/19",21:45:00,"Collision with vehicle","Monday","Dark Street lights on",2,2,"Cross intersection",3,40,"MARIBYRNONG","METROPOLITAN NORTH WEST REGION",-37.79779955,144.8999304,"Dry","Clear"
"T20190018594","19/9/19",07:19:00,"Collision with vehicle","Thursday","Day",2,2,"Multiple intersection",3,60,"MELTON","METROPOLITAN NORTH WEST REGION",-37.68828121,144.5674183,"Dry","Clear"
"T20190018597","31/7/19",09:05:00,"Collision with vehicle","Wednesday","Day",3,3,"Cross intersection",3,80,"KNOX","METROPOLITAN SOUTH EAST REGION",-37.8649536,145.2374076,"Dry","Clear"
"T20190018602","17/9/19",07:50:00,"Fall from or in moving vehicle","Tuesday","Day",1,2,"Not at intersection",3,60,"SURF COAST","SOUTH WESTERN REGION",-38.42588825,144.1690847,"Dry","Clear"
"T20190018605","24/9/19",08:33:00,"Collision with vehicle","Tuesday","Day",2,3,"T intersection",3,80,"MELTON","METROPOLITAN NORTH WEST REGION",-37.68312619,144.6612387,"Dry","Clear"
"T20190018616","24/9/19",13:05:00,"Collision with vehicle","Tuesday","Day",2,2,"T intersection",3,70,"MANNINGHAM","METROPOLITAN SOUTH EAST REGION",-37.77581765,145.0894574,"Dry","Clear"
"T20190018619","23/9/19",13:51:00,"Collision with vehicle","Monday","Day",2,2,"Cross intersection",3,999,"CASEY","METROPOLITAN SOUTH EAST REGION",-38.05991227,145.3382239,"Dry","Not known"
"T20190018622","24/9/19",15:00:00,"No collision and no object struck","Tuesday","Day",2,2,"T intersection",3,50,"KNOX","METROPOLITAN SOUTH EAST REGION",-37.91235899,145.2604936,"Dry","Clear"
"T20190018626","23/9/19",13:15:00,"Struck Pedestrian","Monday","Day",1,2,"Not at intersection",3,40,"MELBOURNE","METROPOLITAN NORTH WEST REGION",-37.82029858,144.9498772,"Unknown","Not known"
"T20190018627","10/9/19",08:45:00,"Collision with vehicle","Tuesday","Day",2,2,"Not at intersection",3,40,"BRIMBANK","METROPOLITAN NORTH WEST REGION",-37.78268729,144.8454769,"Dry","Not known"
"T20190018628","10/9/19",09:55:00,"No collision and no object struck","Tuesday","Day",2,2,"Not at intersection",3,100,"SOUTH GIPPSLAND","EASTERN REGION",-38.29570407,145.628398,"Wet","Raining"
"T20190018630","23/9/19",13:00:00,"Collision with vehicle","Monday","Day",2,2,"Cross intersection",3,60,"MAROONDAH","METROPOLITAN SOUTH EAST REGION",-37.8099263,145.2390416,"Dry","Clear"
"T20190018632","24/9/19",16:45:00,"Collision with vehicle","Tuesday","Day",2,2,"T intersection",3,60,"PORT PHILLIP","METROPOLITAN NORTH WEST REGION",-37.8556879,144.9645825,"Dry","Clear"
"T20190018633","24/9/19",14:50:00,"Collision with vehicle","Tuesday","Day",2,1,"Not at intersection",3,40,"YARRA","METROPOLITAN NORTH WEST REGION",-37.8113637,144.9954497,"Dry","Clear"
"T20190018636","24/9/19",08:57:00,"Collision with vehicle","Tuesday","Day",2,4,"Not at intersection",3,999,"GLEN EIRA","METROPOLITAN SOUTH EAST REGION",-37.86603621,145.0259801,"Dry","Clear"
"T20190018637","19/9/19",09:00:00,"Collision with vehicle","Thursday","Day",2,2,"T intersection",3,60,"MOUNT ALEXANDER","NORTHERN REGION",-36.98918717,144.0926125,"Dry","Clear"
"T20190018639","24/9/19",16:30:00,"Collision with vehicle","Tuesday","Day",2,2,"Cross intersection",3,50,"CASEY","METROPOLITAN SOUTH EAST REGION",-37.99508608,145.23803,"Unknown","Not known"
"T20190018641","24/9/19",08:20:00,"Collision with vehicle","Tuesday","Day",2,2,"Unknown",3,60,"BOROONDARA","METROPOLITAN SOUTH EAST REGION",-37.82391788,145.0463012,"Dry","Clear"
"T20190018642","24/9/19",18:50:00,"Collision with vehicle","Tuesday","Dark Street lights on",2,3,"Not at intersection",3,888,"MORELAND","METROPOLITAN NORTH WEST REGION",-37.76797604,144.9598044,"Dry","Clear"
"T20190018643","24/9/19",19:50:00,"Collision with vehicle","Tuesday","Dark Street lights on",2,3,"Not at intersection",3,60,"BAW BAW","EASTERN REGION",-38.13281533,145.8534007,"Wet","Raining"
"T20190018644","24/9/19",19:06:00,"Collision with vehicle","Tuesday","Dark Street lights on",2,2,"T intersection",3,60,"YARRA RANGES","METROPOLITAN SOUTH EAST REGION",-37.7825409,145.3115174,"Dry","Clear"
"T20190018647","24/9/19",17:05:00,"Collision with vehicle","Tuesday","Day",2,3,"Cross intersection",3,60,"HOBSONS BAY","METROPOLITAN NORTH WEST REGION",-37.82249858,144.8351544,"Dry","Clear"
"T20190018648","24/9/19",16:00:00,"Collision with vehicle","Tuesday","Day",5,5,"Not at intersection",3,50,"STONNINGTON","METROPOLITAN SOUTH EAST REGION",-37.87992161,145.0609825,"Dry","Clear"
"T20190018649","23/9/19",17:30:00,"Collision with vehicle","Monday","Day",2,3,"T intersection",3,40,"MELBOURNE","METROPOLITAN NORTH WEST REGION",-37.78552575,144.9695341,"Dry","Clear"
"T20190018650","3/7/19",01:00:00,"Collision with a fixed object","Wednesday","Dark No street lights",1,1,"Not at intersection",3,999,"MURRINDINDI","NORTH EASTERN REGION",-37.48323974,145.7535348,"Unknown","Not known"
"T20190018652","24/9/19",19:39:00,"Struck Pedestrian","Tuesday","Dark Street lights on",1,2,"Multiple intersection",3,50,"MONASH","METROPOLITAN SOUTH EAST REGION",-37.90006622,145.088605,"Dry","Clear"
"T20190018659","24/9/19",22:13:00,"Collision with vehicle","Tuesday","Dark Street lights on",2,2,"Not at intersection",3,40,"CASEY","METROPOLITAN SOUTH EAST REGION",-38.01759658,145.3000738,"Dry","Clear"
"T20190018665","14/9/19",18:50:00,"Collision with vehicle","Saturday","Dark Street lights on",3,4,"T intersection",3,40,"DAREBIN","METROPOLITAN NORTH WEST REGION",-37.75636533,145.0009709,"Dry","Clear"
"T20190018666","22/9/19",16:00:00,"Collision with a fixed object","Sunday","Day",1,1,"Not at intersection",3,80,"BALLARAT","WESTERN REGION",-37.60494202,143.8208216,"Dry","Clear"
"T20190018667","12/9/19",21:35:00,"Collision with vehicle","Thursday","Unknown",2,2,"Cross intersection",3,70,"GEELONG","SOUTH WESTERN REGION",-38.17047963,144.3914615,"Unknown","Not known"
"T20190018668","25/9/19",08:23:00,"Collision with vehicle","Wednesday","Day",2,2,"T intersection",3,60,"YARRA","METROPOLITAN NORTH WEST REGION",-37.80831038,144.9785979,"Dry","Clear"
"T20190018673","25/9/19",08:45:00,"Collision with vehicle","Wednesday","Day",2,2,"Not at intersection",3,60,"YARRA RANGES","METROPOLITAN SOUTH EAST REGION",-37.79713014,145.3627843,"Dry","Clear"
"T20190018675","12/8/19",14:20:00,"Collision with vehicle","Monday","Day",3,3,"T intersection",3,80,"DANDENONG","METROPOLITAN SOUTH EAST REGION",-37.9936501,145.1684538,"Dry","Clear"
"T20190018677","25/9/19",08:14:00,"Collision with vehicle","Wednesday","Day",2,2,"Not at intersection",3,60,"CASEY","METROPOLITAN SOUTH EAST REGION",-38.05991227,145.3382239,"Dry","Clear"
"T20190018678","25/9/19",06:50:00,"Collision with vehicle","Wednesday","Day",2,2,"Cross intersection",3,60,"GEELONG","SOUTH WESTERN REGION",-38.1877637,144.3556068,"Dry","Clear"
"T20190018679","18/9/19",09:00:00,"Collision with vehicle","Wednesday","Day",2,2,"T intersection",3,60,"PORT PHILLIP","METROPOLITAN NORTH WEST REGION",-37.87773156,144.9928887,"Dry","Clear"
"T20190018681","25/9/19",10:03:00,"Collision with vehicle","Wednesday","Day",2,2,"Not at intersection",2,60,"MORELAND","METROPOLITAN NORTH WEST REGION",-37.73489454,144.969176,"Dry","Clear"
"T20190018682","25/9/19",09:00:00,"Collision with vehicle","Wednesday","Day",4,5,"Not at intersection",3,80,"CASEY","METROPOLITAN SOUTH EAST REGION",-37.97368792,145.2371549,"Dry","Clear"
"T20190018683","28/8/19",15:00:00,"Collision with vehicle","Wednesday","Day",2,2,"T intersection",3,40,"MOONEE VALLEY","METROPOLITAN NORTH WEST REGION",-37.77158614,144.9148177,"Unknown","Not known"
"T20190018684","25/9/19",10:55:00,"Collision with a fixed object","Wednesday","Day",1,1,"T intersection",3,60,"FRANKSTON","METROPOLITAN SOUTH EAST REGION",-38.11685907,145.1915187,"Dry","Clear"
"T20190018686","25/9/19",12:05:00,"Collision with vehicle","Wednesday","Day",2,2,"Cross intersection",3,70,"CASEY","METROPOLITAN SOUTH EAST REGION",-38.05000103,145.2983038,"Dry","Clear"
"T20190018687","25/9/19",06:33:00,"Collision with vehicle","Wednesday","Day",2,2,"Cross intersection",3,80,"DANDENONG","METROPOLITAN SOUTH EAST REGION",-38.02668276,145.2435233,"Dry","Clear"
"T20190018692","25/9/19",08:00:00,"Collision with vehicle","Wednesday","Day",3,8,"T intersection",3,60,"WANGARATTA","NORTH EASTERN REGION",-36.36736801,146.3234275,"Dry","Clear"
"T20190018693","13/8/19",10:55:00,"Collision with vehicle","Tuesday","Day",2,2,"Not at intersection",3,60,"WHITEHORSE","METROPOLITAN SOUTH EAST REGION",-37.8154939,145.1244217,"Wet","Clear"
"T20190018694","11/3/19",16:30:00,"No collision and no object struck","Monday","Day",1,1,"Not at intersection",3,999,"ALPINE","NORTH EASTERN REGION",-36.71460772,147.1414839,"Dry","Clear"
"T20190018697","24/6/19",06:45:00,"Collision with a fixed object","Monday","Dusk/Dawn",1,2,"Not at intersection",3,100,"BAW BAW","EASTERN REGION",-38.3162177,146.1716808,"Icy","Fog"
"T20190018698","6/9/19",15:20:00,"Collision with vehicle","Friday","Day",2,2,"Cross intersection",3,60,"HOBSONS BAY","METROPOLITAN NORTH WEST REGION",-37.83206963,144.8563174,"Dry","Clear"
"T20190018703","25/9/19",13:29:00,"Collision with vehicle","Wednesday","Day",4,5,"Not at intersection",3,70,"FRANKSTON","METROPOLITAN SOUTH EAST REGION",-38.10012776,145.171939,"Dry","Clear"
"T20190018704","25/9/19",12:39:00,"Collision with vehicle","Wednesday","Day",2,4,"Not at intersection",3,50,"BENDIGO","NORTHERN REGION",-36.71546192,144.2495326,"Dry","Clear"
"T20190018705","20/7/19",15:15:00,"Collision with vehicle","Saturday","Day",2,4,"T intersection",3,999,"MORELAND","METROPOLITAN NORTH WEST REGION",-37.72130547,144.9213151,"Dry","Clear"
"T20190018707","25/9/19",12:25:00,"Collision with vehicle","Wednesday","Day",3,3,"Not at intersection",3,60,"BANYULE","METROPOLITAN NORTH WEST REGION",-37.68973931,145.0652233,"Dry","Clear"
"T20190018709","25/9/19",13:00:00,"Collision with a fixed object","Wednesday","Day",1,1,"Not at intersection",3,100,"MOONEE VALLEY","METROPOLITAN NORTH WEST REGION",-37.78333296,144.9354951,"Dry","Clear"
"T20190018711","13/9/19",22:40:00,"Collision with vehicle","Friday","Dark Street lights on",2,2,"Multiple intersection",3,999,"HOBSONS BAY","METROPOLITAN NORTH WEST REGION",-37.8259891,144.8809601,"Dry","Clear"
"T20190018713","25/9/19",15:55:00,"Collision with vehicle","Wednesday","Day",2,2,"Not at intersection",3,50,"WODONGA","NORTH EASTERN REGION",-36.11837625,146.8886376,"Dry","Clear"
"T20190018716","26/7/19",13:00:00,"Collision with vehicle","Friday","Day",2,2,"T intersection",3,60,"MORELAND","METROPOLITAN NORTH WEST REGION",-37.75393487,144.9457945,"Unknown","Not known"
"T20190018724","4/9/19",12:43:00,"Collision with vehicle","Wednesday","Day",2,3,"Not at intersection",3,999,"PORT PHILLIP","METROPOLITAN NORTH WEST REGION",-37.86275389,145.0006885,"Dry","Clear"
"T20190018725","25/9/19",13:25:00,"Collision with vehicle","Wednesday","Day",2,4,"Cross intersection",3,80,"MORNINGTON PENINSULA","METROPOLITAN SOUTH EAST REGION",-38.25287569,145.2146875,"Dry","Clear"
"T20190018730","25/9/19",18:40:00,"Collision with vehicle","Wednesday","Dark Street lights on",2,2,"Not at intersection",3,60,"MELBOURNE","METROPOLITAN NORTH WEST REGION",-37.80623273,144.9079237,"Dry","Clear"
"T20190018732","24/9/19",05:40:00,"Collision with vehicle","Tuesday","Day",2,2,"Not at intersection",3,100,"HOBSONS BAY","METROPOLITAN NORTH WEST REGION",-37.85931028,144.7775818,"Dry","Clear"
"T20190018733","25/9/19",17:34:00,"Collision with vehicle","Wednesday","Day",2,2,"T intersection",3,999,"DANDENONG","METROPOLITAN SOUTH EAST REGION",-37.9391392,145.2106828,"Dry","Clear"
"T20190018736","25/9/19",17:13:00,"Struck Pedestrian","Wednesday","Day",1,2,"Not at intersection",3,40,"STONNINGTON","METROPOLITAN SOUTH EAST REGION",-37.83693888,144.9970412,"Dry","Clear"
"T20190018738","23/9/19",07:15:00,"collision with some other object","Monday","Day",2,1,"Not at intersection",3,999,"BENDIGO","NORTHERN REGION",-36.81432916,144.2360239,"Dry","Clear"
"T20190018740","25/9/19",05:37:00,"Collision with a fixed object","Wednesday","Dark Street lights unknown",1,1,"Not at intersection",3,100,"CASEY","METROPOLITAN SOUTH EAST REGION",-37.99937436,145.2860024,"Dry","Not known"
"T20190018741","25/9/19",20:50:00,"Collision with a fixed object","Wednesday","Dark No street lights",1,1,"Not at intersection",3,100,"SHEPPARTON","NORTH EASTERN REGION",-36.50305929,145.3862835,"Dry","Clear"
"T20190018743","25/9/19",17:17:00,"Struck Pedestrian","Wednesday","Dusk/Dawn",1,2,"T intersection",3,999,"KINGSTON","METROPOLITAN SOUTH EAST REGION",-38.00973189,145.085405,"Dry","Clear"
"T20190018745","25/9/19",22:40:00,"Collision with vehicle","Wednesday","Dark Street lights on",2,2,"Cross intersection",2,60,"BOROONDARA","METROPOLITAN SOUTH EAST REGION",-37.81364793,145.0278841,"Dry","Clear"
"T20190018747","26/9/19",01:43:00,"Collision with vehicle","Thursday","Dark Street lights on",5,3,"Not at intersection",3,50,"GEELONG","SOUTH WESTERN REGION",-38.11230251,144.3337311,"Dry","Clear"
"T20190018749","26/9/19",06:10:00,"No collision and no object struck","Thursday","Dusk/Dawn",1,1,"T intersection",3,70,"GLEN EIRA","METROPOLITAN SOUTH EAST REGION",-37.88110569,145.0495906,"Dry","Clear"
"T20190018750","24/9/19",20:30:00,"Collision with vehicle","Tuesday","Dark Street lights on",2,6,"Not at intersection",3,80,"KNOX","METROPOLITAN SOUTH EAST REGION",-37.91905738,145.2348133,"Wet","Raining"
"T20190018753","2/9/19",15:15:00,"Collision with vehicle","Monday","Day",2,2,"Multiple intersection",3,60,"GEELONG","SOUTH WESTERN REGION",-38.21908388,144.2876893,"Dry","Not known"
"T20190018755","26/9/19",07:46:00,"Collision with vehicle","Thursday","Day",3,6,"Not at intersection",3,60,"HUME","METROPOLITAN NORTH WEST REGION",-37.54048276,144.9456021,"Dry","Not known"
"T20190018757","25/9/19",14:32:00,"Collision with a fixed object","Wednesday","Day",1,1,"Not at intersection",3,60,"MOUNT ALEXANDER","NORTHERN REGION",-37.07051432,144.2267269,"Dry","Clear"
"T20190018759","15/9/19",10:50:00,"Collision with vehicle","Sunday","Day",2,3,"T intersection",3,80,"KNOX","METROPOLITAN SOUTH EAST REGION",-37.92502584,145.2854358,"Dry","Clear"
"T20190018760","9/9/19",15:55:00,"Collision with vehicle","Monday","Day",2,2,"Not at intersection",3,70,"MANNINGHAM","METROPOLITAN SOUTH EAST REGION",-37.76650651,145.0909272,"Unknown","Not known"
"T20190018761","20/2/19",17:30:00,"Collision with a fixed object","Wednesday","Day",1,2,"Not at intersection",3,999,"WELLINGTON","EASTERN REGION",-38.45897927,146.5466907,"Dry","Clear"
"T20190018761","20/2/19",17:30:00,"Collision with a fixed object","Wednesday","Day",1,2,"Not at intersection",3,999,"WELLINGTON","EASTERN REGION",-38.45897927,146.5466907,"Dry","Strong winds"
"T20190018762","26/9/19",08:55:00,"Collision with vehicle","Thursday","Day",2,2,"Cross intersection",3,40,"CARDINIA","METROPOLITAN SOUTH EAST REGION",-38.09571581,145.720415,"Unknown","Not known"
"T20190018764","7/8/19",20:00:00,"Collision with a fixed object","Wednesday","Dark No street lights",1,1,"Not at intersection",3,110,"MACEDON RANGES","NORTHERN REGION",-37.27383966,144.482459,"Wet","Raining"
"T20190018764","7/8/19",20:00:00,"Collision with a fixed object","Wednesday","Dark No street lights",1,1,"Not at intersection",3,110,"MACEDON RANGES","NORTHERN REGION",-37.27383966,144.482459,"Wet","Fog"
"T20190018767","19/9/19",15:46:00,"Collision with vehicle","Thursday","Day",5,2,"Not at intersection",3,50,"STONNINGTON","METROPOLITAN SOUTH EAST REGION",-37.85550991,145.0124658,"Dry","Clear"
"T20190018768","26/9/19",07:20:00,"Collision with vehicle","Thursday","Day",3,3,"T intersection",3,60,"MOONEE VALLEY","METROPOLITAN NORTH WEST REGION",-37.76902085,144.9245341,"Dry","Clear"
"T20190018769","4/9/19",20:30:00,"Collision with vehicle","Wednesday","Dark Street lights on",2,2,"Cross intersection",3,60,"WHITTLESEA","METROPOLITAN NORTH WEST REGION",-37.62838762,145.0278533,"Dry","Clear"
"T20190018773","24/9/19",19:00:00,"Collision with vehicle","Tuesday","Dusk/Dawn",2,3,"Not at intersection",3,60,"BANYULE","METROPOLITAN NORTH WEST REGION",-37.75983077,145.0702943,"Dry","Clear"
"T20190018774","26/9/19",08:45:00,"Collision with vehicle","Thursday","Day",4,7,"T intersection",3,70,"MAROONDAH","METROPOLITAN SOUTH EAST REGION",-37.82724524,145.2590504,"Dry","Clear"
"T20190018776","26/9/19",08:50:00,"Collision with vehicle","Thursday","Day",2,2,"Cross intersection",3,100,"CAMPASPE","NORTHERN REGION",-36.44088211,144.9319506,"Dry","Clear"
"T20190018777","26/9/19",13:10:00,"Collision with vehicle","Thursday","Day",2,2,"Cross intersection",3,50,"CASEY","METROPOLITAN SOUTH EAST REGION",-37.99642534,145.2505004,"Dry","Clear"
"T20190018778","24/9/19",14:00:00,"Collision with vehicle","Tuesday","Unknown",2,2,"Cross intersection",3,999,"MONASH","METROPOLITAN SOUTH EAST REGION",-37.88470431,145.1273552,"Unknown","Not known"
"T20190018780","18/8/19",02:55:00,"Struck animal","Sunday","Dark No street lights",1,1,"Not at intersection",3,100,"LODDON","NORTHERN REGION",-36.72759968,143.6280539,"Dry","Clear"
"T20190018781","26/9/19",13:47:00,"Collision with vehicle","Thursday","Day",3,3,"Cross intersection",3,60,"MARIBYRNONG","METROPOLITAN NORTH WEST REGION",-37.78008228,144.8846721,"Dry","Clear"
"T20190018782","26/9/19",11:40:00,"Collision with vehicle","Thursday","Day",2,2,"Cross intersection",3,50,"MAROONDAH","METROPOLITAN SOUTH EAST REGION",-37.83415683,145.2383921,"Dry","Clear"
"T20190018783","26/9/19",13:10:00,"Collision with vehicle","Thursday","Day",2,2,"Not at intersection",3,50,"MORELAND","METROPOLITAN NORTH WEST REGION",-37.7762005,144.9614569,"Dry","Clear"
"T20190018784","26/9/19",14:40:00,"Collision with vehicle","Thursday","Day",2,2,"Not at intersection",3,40,"MELBOURNE","METROPOLITAN NORTH WEST REGION",-37.81052483,144.9586574,"Dry","Clear"
"T20190018787","19/9/19",14:00:00,"Collision with vehicle","Thursday","Day",2,2,"Not at intersection",2,50,"HOBSONS BAY","METROPOLITAN NORTH WEST REGION",-37.84077044,144.8670445,"Dry","Clear"
"T20190018789","26/9/19",11:50:00,"Collision with vehicle","Thursday","Day",2,2,"Cross intersection",2,100,"ARARAT","WESTERN REGION",-37.54396094,142.836645,"Dry","Clear"
"T20190018790","26/9/19",14:40:00,"Collision with vehicle","Thursday","Day",2,2,"Cross intersection",3,60,"MELTON","METROPOLITAN NORTH WEST REGION",-37.8050188,144.6959414,"Dry","Clear"
"T20190018792","26/9/19",10:30:00,"No collision and no object struck","Thursday","Day",1,1,"Cross intersection",3,60,"EAST GIPPSLAND","EASTERN REGION",-37.83071576,147.6109479,"Dry","Clear"
"T20190018794","26/9/19",12:30:00,"Collision with vehicle","Thursday","Day",2,1,"Not at intersection",3,60,"MORNINGTON PENINSULA","METROPOLITAN SOUTH EAST REGION",-38.33666913,144.9565213,"Dry","Clear"
"T20190018795","26/9/19",15:30:00,"Collision with vehicle","Thursday","Day",2,2,"Cross intersection",3,60,"MAROONDAH","METROPOLITAN SOUTH EAST REGION",-37.81695438,145.2203928,"Dry","Clear"
"T20190018796","26/9/19",17:20:00,"Collision with vehicle","Thursday","Day",2,2,"Cross intersection",3,80,"FRANKSTON","METROPOLITAN SOUTH EAST REGION",-38.13402735,145.227943,"Dry","Clear"
"T20190018797","26/9/19",17:40:00,"Collision with vehicle","Thursday","Day",2,2,"Not at intersection",3,50,"WANGARATTA","NORTH EASTERN REGION",-36.35624392,146.3276228,"Dry","Clear"
"T20190018798","26/9/19",09:40:00,"Struck Pedestrian","Thursday","Day",1,2,"Not at intersection",3,999,"WHITEHORSE","METROPOLITAN SOUTH EAST REGION",-37.82129819,145.1232103,"Unknown","Clear"
"T20190018799","13/9/19",18:25:00,"Collision with vehicle","Friday","Unknown",2,2,"Cross intersection",3,60,"MELBOURNE","METROPOLITAN NORTH WEST REGION",-37.80133188,144.9531611,"Unknown","Not known"
"T20190018800","26/9/19",15:30:00,"Collision with vehicle","Thursday","Day",2,2,"Cross intersection",2,60,"WYNDHAM","METROPOLITAN NORTH WEST REGION",-37.81558608,144.8103738,"Dry","Clear"
"T20190018801","26/9/19",17:30:00,"Collision with vehicle","Thursday","Day",2,2,"T intersection",3,80,"DANDENONG","METROPOLITAN SOUTH EAST REGION",-37.9875147,145.1452254,"Dry","Clear"
"T20190018803","26/9/19",19:00:00,"Collision with vehicle","Thursday","Dark Street lights on",2,2,"Cross intersection",3,50,"GEELONG","SOUTH WESTERN REGION",-38.14439022,144.3355542,"Dry","Clear"
"T20190018804","23/9/19",14:20:00,"Collision with vehicle","Monday","Day",2,2,"T intersection",3,999,"MANNINGHAM","METROPOLITAN SOUTH EAST REGION",-37.80404953,145.1892539,"Unknown","Not known"
"T20190018809","26/9/19",15:22:00,"Struck Pedestrian","Thursday","Unknown",1,2,"Not at intersection",3,50,"DANDENONG","METROPOLITAN SOUTH EAST REGION",-37.93637751,145.1520594,"Dry","Not known"
"T20190018813","26/9/19",18:45:00,"Collision with vehicle","Thursday","Dark No street lights",2,2,"Not at intersection",3,110,"LATROBE","EASTERN REGION",-38.22100949,146.3321959,"Dry","Clear"
"T20190018814","26/9/19",13:45:00,"Collision with vehicle","Thursday","Day",2,2,"Cross intersection",3,60,"MELBOURNE","METROPOLITAN NORTH WEST REGION",-37.81013295,144.9499871,"Dry","Clear"
"T20190018815","26/9/19",16:10:00,"Collision with a fixed object","Thursday","Day",1,1,"Not at intersection",3,60,"MOORABOOL","WESTERN REGION",-37.6617215,144.5143069,"Dry","Clear"