"ACCIDENT_NO","ACCIDENTDATE","ACCIDENTTIME","Accident Type Desc","Day Week Description","Light Condition Desc","NO_OF_VEHICLES","NO_PERSONS","Road Geometry Desc","SEVERITY","SPEED_ZONE","LGA_NAME","REGION_NAME","Lat","Long","Surface Cond Desc","Atmosph Cond Desc"
"T20190018817","26/9/19",18:20:00,"Collision with vehicle","Thursday","Dusk/Dawn",2,3,"Not at intersection",3,40,"MELBOURNE","METROPOLITAN NORTH WEST REGION",-37.82172084,144.9464453,"Dry","Clear"
"T20190018819","26/9/19",19:15:00,"Struck animal","Thursday","Dark No street lights",1,1,"Not at intersection",3,999,"MOYNE","SOUTH WESTERN REGION",-38.18633776,142.0678441,"Dry","Clear"
"T20190018821","26/9/19",20:18:00,"Collision with vehicle","Thursday","Dark Street lights on",2,3,"Not at intersection",3,60,"MELBOURNE","METROPOLITAN NORTH WEST REGION",-37.82493153,144.9593582,"Dry","Clear"
"T20190018823","26/9/19",20:55:00,"Collision with vehicle","Thursday","Dark Street lights on",2,2,"Cross intersection",3,60,"MELTON","METROPOLITAN NORTH WEST REGION",-37.8050188,144.6959414,"Dry","Clear"
"T20190018824","26/9/19",19:41:00,"Collision with a fixed object","Thursday","Dark Street lights on",1,1,"Not at intersection",3,60,"MOONEE VALLEY","METROPOLITAN NORTH WEST REGION",-37.73999049,144.907259,"Dry","Clear"
"T20190018825","26/9/19",20:06:00,"Collision with vehicle","Thursday","Dark Street lights on",2,2,"Not at intersection",3,999,"DAREBIN","METROPOLITAN NORTH WEST REGION",-37.7409706,145.0324019,"Dry","Clear"
"T20190018826","26/9/19",18:11:00,"Collision with vehicle","Thursday","Day",2,4,"Not at intersection",3,70,"WYNDHAM","METROPOLITAN NORTH WEST REGION",-37.90877392,144.6442955,"Dry","Clear"
"T20190018827","26/9/19",06:20:00,"Collision with vehicle","Thursday","Day",3,4,"Cross intersection",2,50,"MARIBYRNONG","METROPOLITAN NORTH WEST REGION",-37.78379335,144.8909168,"Dry","Clear"
"T20190018828","26/9/19",05:35:00,"No collision and no object struck","Thursday","Dusk/Dawn",2,2,"Not at intersection",3,40,"MELBOURNE","METROPOLITAN NORTH WEST REGION",-37.8113494,144.9702221,"Dry","Clear"
"T20190018829","26/9/19",23:15:00,"Collision with vehicle","Thursday","Dark Street lights on",2,2,"Not at intersection",3,60,"MOONEE VALLEY","METROPOLITAN NORTH WEST REGION",-37.74644852,144.9257103,"Dry","Clear"
"T20190018830","26/9/19",22:01:00,"No collision and no object struck","Thursday","Dark Street lights on",1,1,"Not at intersection",3,60,"MORELAND","METROPOLITAN NORTH WEST REGION",-37.74243117,144.9762554,"Dry","Clear"
"T20190018831","27/9/19",00:45:00,"Collision with vehicle","Friday","Dark Street lights on",2,3,"Not at intersection",3,50,"HUME","METROPOLITAN NORTH WEST REGION",-37.66499696,144.9644465,"Dry","Clear"
"T20190018833","26/9/19",23:25:00,"Struck Pedestrian","Thursday","Dark Street lights on",1,3,"Not at intersection",2,60,"KINGSTON","METROPOLITAN SOUTH EAST REGION",-38.00722976,145.0869012,"Dry","Clear"
"T20190018836","27/9/19",01:16:00,"Collision with vehicle","Friday","Dark No street lights",4,4,"Not at intersection",3,40,"DAREBIN","METROPOLITAN NORTH WEST REGION",-37.73433681,145.0301585,"Dry","Clear"
"T20190018841","4/9/19",07:30:00,"Collision with vehicle","Wednesday","Day",2,2,"T intersection",3,60,"DANDENONG","METROPOLITAN SOUTH EAST REGION",-37.96273848,145.1549481,"Dry","Clear"
"T20190018842","26/9/19",09:38:00,"Collision with vehicle","Thursday","Day",3,3,"T intersection",3,80,"MAROONDAH","METROPOLITAN SOUTH EAST REGION",-37.79004418,145.2663292,"Dry","Clear"
"T20190018846","27/9/19",07:30:00,"Collision with vehicle","Friday","Day",2,2,"Not at intersection",3,70,"WHITEHORSE","METROPOLITAN SOUTH EAST REGION",-37.83596301,145.1955828,"Dry","Clear"
"T20190018850","24/9/19",05:30:00,"Struck animal","Tuesday","Dark No street lights",1,1,"Not at intersection",3,100,"STRATHBOGIE","NORTH EASTERN REGION",-36.81253562,145.0092622,"Unknown","Clear"
"T20190018851","27/9/19",09:32:00,"Collision with vehicle","Friday","Day",3,3,"Not at intersection",3,100,"PYRENEES","WESTERN REGION",-37.06908133,143.4667926,"Dry","Clear"
"T20190018853","27/9/19",10:45:00,"Fall from or in moving vehicle","Friday","Day",1,1,"Not at intersection",3,100,"MURRINDINDI","NORTH EASTERN REGION",-37.51416045,145.6060103,"Muddy","Clear"
"T20190018855","12/9/19",12:40:00,"Collision with vehicle","Thursday","Day",2,2,"T intersection",3,50,"CASEY","METROPOLITAN SOUTH EAST REGION",-38.01459124,145.2694176,"Dry","Not known"
"T20190018858","27/9/19",12:13:00,"Collision with vehicle","Friday","Day",2,4,"Not at intersection",3,60,"MELBOURNE","METROPOLITAN NORTH WEST REGION",-37.82598166,144.9471734,"Dry","Clear"
"T20190018861","27/9/19",13:24:00,"Collision with vehicle","Friday","Day",2,2,"Not at intersection",3,60,"KINGSTON","METROPOLITAN SOUTH EAST REGION",-38.028178,145.1309419,"Dry","Clear"
"T20190018862","27/9/19",13:15:00,"Collision with vehicle","Friday","Day",2,4,"Cross intersection",3,60,"CASEY","METROPOLITAN SOUTH EAST REGION",-38.05991227,145.3382239,"Dry","Clear"
"T20190018862","27/9/19",13:15:00,"Collision with vehicle","Friday","Day",2,4,"Cross intersection",3,60,"CASEY","METROPOLITAN SOUTH EAST REGION",-38.05991227,145.3382239,"Dry","Strong winds"
"T20190018863","24/9/19",13:50:00,"Collision with vehicle","Tuesday","Day",2,2,"Cross intersection",3,60,"BENDIGO","NORTHERN REGION",-36.74021437,144.2998549,"Dry","Clear"
"T20190018871","27/9/19",12:15:00,"Vehicle overturned (no collision)","Friday","Day",2,2,"Not at intersection",3,100,"WELLINGTON","EASTERN REGION",-38.48496844,146.6343278,"Dry","Not known"
"T20190018872","27/9/19",10:45:00,"Collision with a fixed object","Friday","Day",1,3,"Not at intersection",3,50,"WHITEHORSE","METROPOLITAN SOUTH EAST REGION",-37.83436183,145.1840757,"Dry","Clear"
"T20190018874","27/9/19",14:05:00,"No collision and no object struck","Friday","Day",1,1,"Not at intersection",3,100,"WELLINGTON","EASTERN REGION",-37.90320497,147.0244193,"Dry","Clear"
"T20190018874","27/9/19",14:05:00,"No collision and no object struck","Friday","Day",1,1,"Not at intersection",3,100,"WELLINGTON","EASTERN REGION",-37.90320497,147.0244193,"Dry","Strong winds"
"T20190018875","27/9/19",12:50:00,"Vehicle overturned (no collision)","Friday","Day",1,1,"Not at intersection",3,100,"TOWONG","NORTH EASTERN REGION",-36.46641899,147.2792678,"Dry","Clear"
"T20190018876","27/9/19",10:00:00,"Struck Pedestrian","Friday","Day",1,2,"Not at intersection",3,50,"MANNINGHAM","METROPOLITAN SOUTH EAST REGION",-37.77020623,145.1265538,"Dry","Clear"
"T20190018878","27/9/19",11:45:00,"No collision and no object struck","Friday","Day",1,1,"Not at intersection",3,999,"MITCHELL","NORTHERN REGION",-37.37495868,145.084728,"Unknown","Not known"
"T20190018884","27/9/19",16:45:00,"Collision with vehicle","Friday","Day",4,6,"Cross intersection",3,80,"MONASH","METROPOLITAN SOUTH EAST REGION",-37.90689142,145.1890579,"Dry","Clear"
"T20190018886","27/9/19",15:45:00,"Collision with vehicle","Friday","Day",3,5,"Not at intersection",3,80,"STONNINGTON","METROPOLITAN SOUTH EAST REGION",-37.86574955,145.0267699,"Wet","Clear"
"T20190018888","4/9/19",15:30:00,"Collision with vehicle","Wednesday","Day",2,2,"Not at intersection",3,80,"DANDENONG","METROPOLITAN SOUTH EAST REGION",-38.01902881,145.2363525,"Dry","Clear"
"T20190018889","27/9/19",18:30:00,"Collision with vehicle","Friday","Dark Street lights on",2,2,"Cross intersection",3,70,"MORNINGTON PENINSULA","METROPOLITAN SOUTH EAST REGION",-38.33878658,145.1670659,"Dry","Clear"
"T20190018890","27/9/19",17:46:00,"Collision with a fixed object","Friday","Dusk/Dawn",1,1,"Not at intersection",3,60,"COLAC OTWAY","SOUTH WESTERN REGION",-38.33895833,143.5799251,"Wet","Raining"
"T20190018891","27/9/19",19:27:00,"Collision with vehicle","Friday","Dark Street lights on",2,3,"T intersection",3,50,"HUME","METROPOLITAN NORTH WEST REGION",-37.65294272,144.922103,"Dry","Clear"
"T20190018892","27/9/19",19:10:00,"Collision with vehicle","Friday","Dark Street lights on",2,2,"Cross intersection",3,50,"DAREBIN","METROPOLITAN NORTH WEST REGION",-37.78103207,144.9966904,"Wet","Raining"
"T20190018893","27/9/19",17:38:00,"Collision with vehicle","Friday","Day",2,6,"T intersection",3,60,"BANYULE","METROPOLITAN NORTH WEST REGION",-37.74401888,145.0584456,"Dry","Clear"
"T20190018896","27/9/19",16:38:00,"Collision with vehicle","Friday","Day",2,2,"Not at intersection",3,80,"YARRA RANGES","METROPOLITAN SOUTH EAST REGION",-37.94971825,145.3338072,"Wet","Clear"
"T20190018898","27/9/19",19:20:00,"Collision with a fixed object","Friday","Dark No street lights",1,2,"Not at intersection",2,60,"YARRA RANGES","METROPOLITAN SOUTH EAST REGION",-37.8940333,145.4358217,"Wet","Raining"
"T20190018899","27/9/19",22:07:00,"Struck Pedestrian","Friday","Dark Street lights on",1,2,"Cross intersection",3,80,"KINGSTON","METROPOLITAN SOUTH EAST REGION",-37.93505392,145.0361386,"Wet","Clear"
"T20190018900","27/9/19",19:58:00,"Collision with a fixed object","Friday","Dusk/Dawn",1,2,"T intersection",3,50,"BOROONDARA","METROPOLITAN SOUTH EAST REGION",-37.82136191,145.0785349,"Dry","Clear"
"T20190018902","27/9/19",21:08:00,"Collision with vehicle","Friday","Dark Street lights on",2,3,"Cross intersection",3,60,"WARRNAMBOOL","SOUTH WESTERN REGION",-38.37813371,142.4816304,"Dry","Clear"
"T20190018905","27/9/19",23:58:00,"Collision with vehicle","Friday","Dark Street lights on",4,7,"Not at intersection",3,100,"HUME","METROPOLITAN NORTH WEST REGION",-37.69299727,144.9390728,"Dry","Clear"
"T20190018912","28/9/19",06:05:00,"Collision with a fixed object","Saturday","Day",1,1,"Not at intersection",3,60,"MELBOURNE","METROPOLITAN NORTH WEST REGION",-37.79320546,144.9663697,"Dry","Clear"
"T20190018914","25/5/19",08:00:00,"Collision with vehicle","Saturday","Day",2,2,"Not at intersection",3,70,"BRIMBANK","METROPOLITAN NORTH WEST REGION",-37.72763517,144.7898784,"Unknown","Clear"
"T20190018917","28/9/19",09:00:00,"Collision with vehicle","Saturday","Day",3,6,"Unknown",3,50,"SURF COAST","SOUTH WESTERN REGION",-38.32054214,144.3352235,"Dry","Clear"
"T20190018918","25/9/19",16:40:00,"Collision with vehicle","Wednesday","Unknown",2,2,"Not at intersection",3,999,"STONNINGTON","METROPOLITAN SOUTH EAST REGION",-37.8406801,144.9860486,"Unknown","Not known"
"T20190018919","28/9/19",09:30:00,"Collision with a fixed object","Saturday","Day",1,2,"T intersection",3,60,"HUME","METROPOLITAN NORTH WEST REGION",-37.5692499,144.9370778,"Dry","Clear"
"T20190018920","27/9/19",16:45:00,"Collision with vehicle","Friday","Day",3,6,"T intersection",3,50,"MORNINGTON PENINSULA","METROPOLITAN SOUTH EAST REGION",-38.37222966,144.818405,"Dry","Clear"
"T20190018921","27/9/19",09:02:00,"Collision with vehicle","Friday","Day",2,2,"Cross intersection",3,60,"SHEPPARTON","NORTH EASTERN REGION",-36.37405474,145.4007712,"Dry","Clear"
"T20190018922","17/9/19",18:00:00,"Collision with vehicle","Tuesday","Dusk/Dawn",2,3,"Cross intersection",3,60,"BOROONDARA","METROPOLITAN SOUTH EAST REGION",-37.80755279,145.0367503,"Dry","Clear"
"T20190018924","28/9/19",11:01:00,"Collision with vehicle","Saturday","Day",2,5,"Cross intersection",3,60,"YARRA","METROPOLITAN NORTH WEST REGION",-37.80772386,144.9732219,"Dry","Clear"
"T20190018927","28/9/19",13:51:00,"Collision with vehicle","Saturday","Day",2,2,"T intersection",3,50,"BANYULE","METROPOLITAN NORTH WEST REGION",-37.70156257,145.0843538,"Dry","Clear"
"T20190018928","28/9/19",11:26:00,"Collision with a fixed object","Saturday","Day",1,1,"Not at intersection",3,100,"BAW BAW","EASTERN REGION",-38.10732923,146.242227,"Dry","Clear"
"T20190018929","28/9/19",12:30:00,"No collision and no object struck","Saturday","Day",1,1,"Cross intersection",3,40,"KINGSTON","METROPOLITAN SOUTH EAST REGION",-38.07074281,145.1456884,"Dry","Clear"
"T20190018930","25/9/19",16:16:00,"Collision with vehicle","Wednesday","Day",2,4,"T intersection",3,60,"DANDENONG","METROPOLITAN SOUTH EAST REGION",-38.0431042,145.1421812,"Dry","Clear"
"T20190018931","27/9/19",18:30:00,"Vehicle overturned (no collision)","Friday","Dusk/Dawn",1,1,"Not at intersection",3,60,"MACEDON RANGES","NORTHERN REGION",-37.26952174,144.4775485,"Dry","Clear"
"T20190018934","28/9/19",08:43:00,"Collision with a fixed object","Saturday","Day",1,1,"Not at intersection",2,100,"NORTHERN GRAMPIANS","WESTERN REGION",-36.71637353,143.3075418,"Dry","Clear"
"T20190018937","28/9/19",10:55:00,"Collision with vehicle","Saturday","Day",2,2,"T intersection",3,40,"MELBOURNE","METROPOLITAN NORTH WEST REGION",-37.79496021,144.9709418,"Dry","Clear"
"T20190018938","28/9/19",09:56:00,"collision with some other object","Saturday","Day",1,1,"Not at intersection",3,60,"MANSFIELD","NORTH EASTERN REGION",-36.95045472,145.9286358,"Dry","Clear"
"T20190018939","18/9/19",20:00:00,"Collision with vehicle","Wednesday","Dark Street lights on",2,2,"Cross intersection",3,60,"CASEY","METROPOLITAN SOUTH EAST REGION",-38.01814146,145.3085418,"Dry","Clear"
"T20190018942","28/9/19",16:50:00,"Collision with vehicle","Saturday","Day",2,3,"Not at intersection",3,50,"SWAN HILL","NORTHERN REGION",-35.3384963,143.5624271,"Dry","Clear"
"T20190018944","27/9/19",15:30:00,"Collision with a fixed object","Friday","Day",1,1,"Multiple intersection",3,60,"FRANKSTON","METROPOLITAN SOUTH EAST REGION",-38.16261318,145.2076567,"Wet","Raining"
"T20190018945","28/9/19",17:25:00,"Collision with vehicle","Saturday","Day",2,2,"Cross intersection",3,999,"DAREBIN","METROPOLITAN NORTH WEST REGION",-37.76548442,145.0203868,"Dry","Clear"
"T20190018947","28/9/19",02:20:00,"Collision with a fixed object","Saturday","Dark Street lights on",2,2,"Not at intersection",3,80,"WYNDHAM","METROPOLITAN NORTH WEST REGION",-37.88527842,144.699273,"Dry","Clear"
"T20190018948","28/9/19",15:30:00,"Collision with vehicle","Saturday","Day",2,2,"Cross intersection",3,50,"MOONEE VALLEY","METROPOLITAN NORTH WEST REGION",-37.75614348,144.9267828,"Dry","Clear"
"T20190018949","28/9/19",16:47:00,"Collision with a fixed object","Saturday","Day",2,2,"Not at intersection",3,60,"MOONEE VALLEY","METROPOLITAN NORTH WEST REGION",-37.73167086,144.9236671,"Dry","Clear"
"T20190018951","28/9/19",22:07:00,"Collision with vehicle","Saturday","Dark Street lights on",2,2,"Not at intersection",3,70,"GEELONG","SOUTH WESTERN REGION",-38.14427621,144.3533705,"Dry","Clear"
"T20190018952","28/9/19",20:30:00,"Collision with a fixed object","Saturday","Dark Street lights on",1,1,"T intersection",3,100,"MELTON","METROPOLITAN NORTH WEST REGION",-37.61198258,144.5681736,"Dry","Clear"
"T20190018955","29/9/19",00:30:00,"Struck Pedestrian","Sunday","Dark Street lights on",1,2,"Cross intersection",2,40,"YARRA","METROPOLITAN NORTH WEST REGION",-37.79833733,144.9784669,"Dry","Clear"
"T20190018962","29/9/19",02:00:00,"Collision with a fixed object","Sunday","Dark No street lights",1,1,"Not at intersection",2,100,"SHEPPARTON","NORTH EASTERN REGION",-36.44008189,145.2520214,"Dry","Clear"
"T20190018969","29/9/19",10:20:00,"Collision with vehicle","Sunday","Day",2,3,"Cross intersection",3,60,"WODONGA","NORTH EASTERN REGION",-36.11005663,146.8936051,"Dry","Clear"
"T20190018971","27/9/19",20:34:00,"Struck Pedestrian","Friday","Dark No street lights",1,2,"Not at intersection",2,50,"MOONEE VALLEY","METROPOLITAN NORTH WEST REGION",-37.78333296,144.9354951,"Dry","Clear"
"T20190018972","10/9/19",15:00:00,"Collision with vehicle","Tuesday","Day",2,2,"T intersection",3,80,"KINGSTON","METROPOLITAN SOUTH EAST REGION",-37.97990833,145.1426762,"Dry","Clear"
"T20190018973","23/9/19",21:00:00,"Collision with a fixed object","Monday","Dark No street lights",1,1,"Cross intersection",3,70,"CARDINIA","METROPOLITAN SOUTH EAST REGION",-38.03399534,145.3729993,"Wet","Raining"
"T20190018974","29/9/19",13:40:00,"Collision with vehicle","Sunday","Day",2,3,"Cross intersection",2,70,"MONASH","METROPOLITAN SOUTH EAST REGION",-37.93253217,145.1562187,"Dry","Clear"
"T20190018978","29/9/19",11:10:00,"Collision with vehicle","Sunday","Day",2,2,"Not at intersection",3,80,"ALPINE","NORTH EASTERN REGION",-36.62421437,146.8317934,"Dry","Clear"
"T20190018979","29/9/19",14:15:00,"Collision with a fixed object","Sunday","Day",1,1,"Not at intersection",3,50,"BENDIGO","NORTHERN REGION",-36.75471077,144.2832333,"Dry","Clear"
"T20190018980","29/9/19",11:37:00,"Collision with vehicle","Sunday","Day",2,3,"Not at intersection",3,60,"WYNDHAM","METROPOLITAN NORTH WEST REGION",-37.85438737,144.6871951,"Dry","Clear"
"T20190018981","29/9/19",13:51:00,"Collision with a fixed object","Sunday","Day",1,3,"Not at intersection",3,100,"MONASH","METROPOLITAN SOUTH EAST REGION",-37.92504044,145.1792655,"Dry","Clear"
"T20190018982","29/9/19",14:30:00,"Collision with a fixed object","Sunday","Day",1,4,"Not at intersection",2,80,"MOYNE","SOUTH WESTERN REGION",-38.30898874,142.6396524,"Dry","Clear"
"T20190018983","28/9/19",20:20:00,"Struck Pedestrian","Saturday","Dark Street lights on",1,2,"Cross intersection",3,40,"MELBOURNE","METROPOLITAN NORTH WEST REGION",-37.80924959,144.9608666,"Dry","Clear"
"T20190018987","29/9/19",14:55:00,"Collision with vehicle","Sunday","Day",2,2,"Not at intersection",3,50,"WODONGA","NORTH EASTERN REGION",-36.11595084,146.8405978,"Dry","Clear"
"T20190018988","29/9/19",15:50:00,"Collision with a fixed object","Sunday","Day",1,1,"T intersection",3,60,"WHITTLESEA","METROPOLITAN NORTH WEST REGION",-37.66128961,145.035052,"Dry","Clear"
"T20190018991","29/9/19",18:50:00,"Collision with vehicle","Sunday","Dark Street lights on",2,2,"Cross intersection",3,60,"GEELONG","SOUTH WESTERN REGION",-38.16065783,144.3545905,"Dry","Clear"
"T20190018994","29/9/19",19:59:00,"Collision with a fixed object","Sunday","Dark Street lights on",1,1,"Cross intersection",2,50,"STRATHBOGIE","NORTH EASTERN REGION",-36.90265451,145.2340557,"Dry","Clear"
"T20190018996","26/9/19",15:18:00,"Collision with vehicle","Thursday","Day",3,3,"T intersection",2,80,"WYNDHAM","METROPOLITAN NORTH WEST REGION",-37.82073175,144.7865911,"Dry","Clear"
"T20190018998","29/9/19",21:20:00,"Collision with vehicle","Sunday","Dark Street lights on",2,2,"Not at intersection",3,40,"MELBOURNE","METROPOLITAN NORTH WEST REGION",-37.81041886,144.9501358,"Dry","Not known"
"T20190019000","29/9/19",19:40:00,"Collision with a fixed object","Sunday","Dark No street lights",2,5,"Not at intersection",3,100,"CASEY","METROPOLITAN SOUTH EAST REGION",-37.99897233,145.2844366,"Dry","Clear"
"T20190019001","29/9/19",18:24:00,"Collision with vehicle","Sunday","Dusk/Dawn",3,6,"Not at intersection",3,80,"KNOX","METROPOLITAN SOUTH EAST REGION",-37.89794775,145.2410958,"Dry","Clear"
"T20190019003","29/9/19",19:48:00,"Collision with vehicle","Sunday","Dark Street lights on",2,5,"Cross intersection",1,80,"MONASH","METROPOLITAN SOUTH EAST REGION",-37.89784073,145.1135955,"Dry","Clear"
"T20190019004","7/5/19",14:00:00,"Collision with vehicle","Tuesday","Unknown",2,2,"T intersection",3,999,"MORELAND","METROPOLITAN NORTH WEST REGION",-37.73234534,144.9646913,"Unknown","Not known"
"T20190019006","29/9/19",22:20:00,"Collision with vehicle","Sunday","Dark Street lights on",2,2,"Not at intersection",3,40,"MELBOURNE","METROPOLITAN NORTH WEST REGION",-37.82434077,144.9565774,"Dry","Clear"
"T20190019007","30/9/19",05:06:00,"Collision with vehicle","Monday","Dark No street lights",2,3,"Not at intersection",3,60,"WYNDHAM","METROPOLITAN NORTH WEST REGION",-37.83880443,144.7399431,"Dry","Clear"
"T20190019008","23/9/19",13:05:00,"Collision with vehicle","Monday","Day",2,2,"Cross intersection",3,50,"ARARAT","WESTERN REGION",-37.28519016,142.9339117,"Dry","Clear"
"T20190019010","30/9/19",07:39:00,"Collision with vehicle","Monday","Day",3,3,"Not at intersection",3,80,"MELBOURNE","METROPOLITAN NORTH WEST REGION",-37.82568586,144.9443174,"Dry","Clear"
"T20190019012","27/9/19",12:00:00,"No collision and no object struck","Friday","Day",1,1,"Not at intersection",3,80,"LATROBE","EASTERN REGION",-38.20229093,146.3274174,"Unknown","Not known"
"T20190019016","30/9/19",07:43:00,"Collision with vehicle","Monday","Day",2,2,"Cross intersection",3,80,"CASEY","METROPOLITAN SOUTH EAST REGION",-38.20251802,145.2813002,"Dry","Clear"
"T20190019019","14/9/19",10:30:00,"Collision with vehicle","Saturday","Day",2,2,"Multiple intersection",3,60,"GEELONG","SOUTH WESTERN REGION",-38.05933004,144.3582227,"Dry","Clear"
"T20190019022","15/7/19",18:10:00,"Collision with vehicle","Monday","Dark Street lights on",2,2,"Not at intersection",3,60,"WHITTLESEA","METROPOLITAN NORTH WEST REGION",-37.68729675,145.0126564,"Dry","Clear"
"T20190019025","30/9/19",12:15:00,"Collision with vehicle","Monday","Day",2,2,"Cross intersection",3,50,"CARDINIA","METROPOLITAN SOUTH EAST REGION",-38.06848277,145.4456143,"Dry","Clear"
"T20190019029","30/9/19",07:51:00,"Collision with vehicle","Monday","Day",2,3,"Not at intersection",3,999,"WHITTLESEA","METROPOLITAN NORTH WEST REGION",-37.54271011,144.970254,"Dry","Not known"
"T20190019031","27/8/19",17:25:00,"Collision with vehicle","Tuesday","Day",2,3,"Not at intersection",3,60,"MOONEE VALLEY","METROPOLITAN NORTH WEST REGION",-37.74142626,144.9092086,"Dry","Clear"
"T20190019032","30/9/19",10:20:00,"Collision with a fixed object","Monday","Day",1,1,"Not at intersection",3,50,"FRANKSTON","METROPOLITAN SOUTH EAST REGION",-38.15679915,145.1209965,"Dry","Clear"
"T20190019033","28/9/19",12:55:00,"Fall from or in moving vehicle","Saturday","Day",1,3,"T intersection",1,50,"BRIMBANK","METROPOLITAN NORTH WEST REGION",-37.71588142,144.7878294,"Dry","Clear"
"T20190019034","29/7/19",18:15:00,"Collision with vehicle","Monday","Unknown",3,3,"Cross intersection",3,60,"BAYSIDE","METROPOLITAN SOUTH EAST REGION",-37.89230989,144.9954552,"Wet","Raining"
"T20190019035","27/9/19",15:00:00,"Vehicle overturned (no collision)","Friday","Day",1,1,"Not at intersection",3,100,"MANSFIELD","NORTH EASTERN REGION",-37.17188288,145.9965682,"Dry","Clear"
"T20190019035","27/9/19",15:00:00,"Vehicle overturned (no collision)","Friday","Day",1,1,"Not at intersection",3,100,"MANSFIELD","NORTH EASTERN REGION",-37.17188288,145.9965682,"Dry","Dust"
"T20190019037","29/9/19",09:45:00,"Collision with vehicle","Sunday","Unknown",2,2,"Cross intersection",3,999,"BANYULE","METROPOLITAN NORTH WEST REGION",-37.75861371,145.0692513,"Unknown","Not known"
"T20190019039","30/9/19",12:34:00,"Collision with vehicle","Monday","Day",3,4,"Not at intersection",3,80,"MAROONDAH","METROPOLITAN SOUTH EAST REGION",-37.81030495,145.2251229,"Dry","Clear"
"T20190019040","18/9/19",18:00:00,"Collision with vehicle","Wednesday","Dusk/Dawn",2,3,"Cross intersection",3,60,"BALLARAT","WESTERN REGION",-37.56160814,143.8533833,"Dry","Not known"
"T20190019041","4/9/19",15:00:00,"Struck Pedestrian","Wednesday","Day",1,2,"Not at intersection",2,50,"MELBOURNE","METROPOLITAN NORTH WEST REGION",-37.8061974,144.9614681,"Unknown","Not known"
"T20190019042","30/9/19",13:15:00,"Collision with vehicle","Monday","Day",3,3,"Not at intersection",3,80,"KINGSTON","METROPOLITAN SOUTH EAST REGION",-37.95910672,145.0531223,"Dry","Clear"
"T20190019043","24/9/19",17:30:00,"No collision and no object struck","Tuesday","Day",2,2,"Cross intersection",3,60,"EAST GIPPSLAND","EASTERN REGION",-37.82528797,147.6344937,"Dry","Clear"
"T20190019044","30/9/19",12:45:00,"collision with some other object","Monday","Day",1,2,"Not at intersection",3,50,"MARIBYRNONG","METROPOLITAN NORTH WEST REGION",-37.80753529,144.9015531,"Dry","Clear"
"T20190019045","30/9/19",15:00:00,"Collision with vehicle","Monday","Day",2,4,"Cross intersection",3,50,"CAMPASPE","NORTHERN REGION",-36.12965948,144.7569201,"Dry","Clear"
"T20190019046","30/9/19",14:20:00,"Struck Pedestrian","Monday","Day",1,2,"Not at intersection",3,60,"MAROONDAH","METROPOLITAN SOUTH EAST REGION",-37.82910026,145.3028402,"Dry","Clear"
"T20190019047","30/9/19",14:16:00,"Vehicle overturned (no collision)","Monday","Day",1,1,"Not at intersection",3,80,"MORNINGTON PENINSULA","METROPOLITAN SOUTH EAST REGION",-38.35069901,145.0491212,"Dry","Clear"
"T20190019049","26/9/19",17:30:00,"Collision with vehicle","Thursday","Unknown",2,2,"Cross intersection",3,999,"HUME","METROPOLITAN NORTH WEST REGION",-37.63475238,144.8812644,"Unknown","Not known"
"T20190019051","30/9/19",13:10:00,"Collision with vehicle","Monday","Day",3,6,"Not at intersection",3,60,"MARIBYRNONG","METROPOLITAN NORTH WEST REGION",-37.78213792,144.8695331,"Dry","Clear"
"T20190019052","15/9/19",11:00:00,"Vehicle overturned (no collision)","Sunday","Day",1,1,"Not at intersection",3,100,"GOLDEN PLAINS","SOUTH WESTERN REGION",-37.7379964,143.753063,"Muddy","Not known"
"T20190019053","30/9/19",12:40:00,"Collision with vehicle","Monday","Day",2,3,"Cross intersection",3,60,"BOROONDARA","METROPOLITAN SOUTH EAST REGION",-37.81364798,145.0278838,"Dry","Clear"
"T20190019054","30/9/19",13:20:00,"Collision with vehicle","Monday","Day",2,2,"T intersection",3,80,"WYNDHAM","METROPOLITAN NORTH WEST REGION",-37.92708981,144.7040561,"Dry","Clear"
"T20190019055","23/6/19",12:30:00,"Collision with vehicle","Sunday","Day",2,2,"T intersection",3,80,"MONASH","METROPOLITAN SOUTH EAST REGION",-37.9142938,145.124307,"Dry","Not known"
"T20190019056","21/1/19",15:00:00,"Collision with vehicle","Monday","Day",2,2,"T intersection",3,60,"KNOX","METROPOLITAN SOUTH EAST REGION",-37.86516424,145.2854655,"Dry","Not known"
"T20190019060","21/8/19",11:50:00,"Struck Pedestrian","Wednesday","Unknown",1,2,"Not at intersection",3,999,"CARDINIA","METROPOLITAN SOUTH EAST REGION",-38.0737264,145.4085184,"Unknown","Not known"
"T20190019061","30/9/19",18:04:00,"Collision with vehicle","Monday","Dusk/Dawn",2,2,"Cross intersection",3,60,"YARRA RANGES","METROPOLITAN SOUTH EAST REGION",-37.91295833,145.3440533,"Dry","Clear"