"ACCIDENT_NO","ACCIDENTDATE","ACCIDENTTIME","Accident Type Desc","Day Week Description","Light Condition Desc","NO_OF_VEHICLES","NO_PERSONS","Road Geometry Desc","SEVERITY","SPEED_ZONE","LGA_NAME","REGION_NAME","Lat","Long","Surface Cond Desc","Atmosph Cond Desc"
"T20190019062","28/9/19",14:00:00,"Vehicle overturned (no collision)","Saturday","Day",1,1,"Not at intersection",3,999,"WELLINGTON","EASTERN REGION",-37.49501734,146.7013224,"Unknown","Not known"
"T20190019063","11/9/19",15:00:00,"No collision and no object struck","Wednesday","Day",1,1,"Not at intersection",3,999,"GEELONG","SOUTH WESTERN REGION",-38.03286009,144.3844289,"Dry","Clear"
"T20190019064","3/9/19",11:30:00,"Collision with vehicle","Tuesday","Day",2,2,"T intersection",3,60,"WHITTLESEA","METROPOLITAN NORTH WEST REGION",-37.68022834,145.0300265,"Dry","Not known"
"T20190019065","30/9/19",16:35:00,"Collision with vehicle","Monday","Day",2,3,"T intersection",3,60,"GEELONG","SOUTH WESTERN REGION",-38.07615119,144.3585388,"Dry","Clear"
"T20190019066","25/9/19",12:15:00,"Collision with vehicle","Wednesday","Day",2,2,"Multiple intersection",3,70,"GEELONG","SOUTH WESTERN REGION",-38.17136303,144.3941617,"Dry","Clear"
"T20190019069","30/9/19",17:10:00,"Collision with vehicle","Monday","Day",2,2,"Not at intersection",3,100,"MACEDON RANGES","NORTHERN REGION",-37.27918907,144.4898248,"Dry","Clear"
"T20190019070","30/9/19",15:53:00,"Collision with vehicle","Monday","Day",2,2,"T intersection",3,60,"MORELAND","METROPOLITAN NORTH WEST REGION",-37.75441575,144.954799,"Dry","Clear"
"T20190019071","29/9/19",14:30:00,"Struck Pedestrian","Sunday","Day",1,3,"Not at intersection",3,50,"WHITTLESEA","METROPOLITAN NORTH WEST REGION",-37.58582144,145.0816966,"Dry","Not known"
"T20190019073","30/9/19",19:40:00,"Collision with vehicle","Monday","Dark Street lights on",2,3,"Cross intersection",3,50,"DAREBIN","METROPOLITAN NORTH WEST REGION",-37.74597793,145.0188395,"Dry","Clear"
"T20190019074","30/9/19",16:44:00,"Collision with vehicle","Monday","Day",2,3,"Not at intersection",3,50,"MARIBYRNONG","METROPOLITAN NORTH WEST REGION",-37.79611235,144.8677227,"Dry","Clear"
"T20190019078","30/9/19",19:15:00,"Collision with vehicle","Monday","Dusk/Dawn",2,2,"Cross intersection",3,60,"MONASH","METROPOLITAN SOUTH EAST REGION",-37.88251443,145.1089962,"Dry","Clear"
"T20190019080","30/9/19",21:15:00,"Struck Pedestrian","Monday","Dark Street lights on",1,2,"T intersection",2,999,"WANGARATTA","NORTH EASTERN REGION",-36.36561561,146.317791,"Dry","Clear"
"T20190019083","26/9/19",17:39:00,"Collision with vehicle","Thursday","Day",2,2,"T intersection",3,80,"FRANKSTON","METROPOLITAN SOUTH EAST REGION",-38.07325066,145.2032265,"Dry","Clear"
"T20190019085","1/10/19",00:54:00,"Struck Pedestrian","Tuesday","Dark No street lights",1,2,"Not at intersection",3,80,"MORNINGTON PENINSULA","METROPOLITAN SOUTH EAST REGION",-38.29088398,145.1836012,"Dry","Clear"
"T20190019087","30/9/19",13:53:00,"Collision with vehicle","Monday","Day",2,2,"T intersection",3,50,"LATROBE","EASTERN REGION",-38.18271735,146.2456846,"Dry","Clear"
"T20190019088","1/10/19",06:23:00,"Collision with vehicle","Tuesday","Day",3,3,"Y intersection",3,100,"HOBSONS BAY","METROPOLITAN NORTH WEST REGION",-37.86762386,144.7716171,"Dry","Clear"
"T20190019089","1/10/19",07:01:00,"Collision with vehicle","Tuesday","Day",2,2,"Cross intersection",3,40,"MELBOURNE","METROPOLITAN NORTH WEST REGION",-37.81031669,144.9613588,"Dry","Clear"
"T20190019092","1/10/19",07:30:00,"Collision with a fixed object","Tuesday","Day",1,1,"Not at intersection",3,999,"DANDENONG","METROPOLITAN SOUTH EAST REGION",-37.94684183,145.2057799,"Dry","Clear"
"T20190019094","6/9/19",22:30:00,"Struck Pedestrian","Friday","Dark Street lights on",1,2,"T intersection",3,60,"GEELONG","SOUTH WESTERN REGION",-38.09003701,144.3474257,"Dry","Clear"
"T20190019099","31/5/19",18:30:00,"Collision with a fixed object","Friday","Dusk/Dawn",1,1,"Not at intersection",3,999,"SOUTH GIPPSLAND","EASTERN REGION",-38.31989822,145.7274007,"Wet","Not known"
"T20190019103","15/9/19",20:30:00,"Collision with vehicle","Sunday","Dark Street lights on",2,2,"Not at intersection",3,60,"WHITTLESEA","METROPOLITAN NORTH WEST REGION",-37.66298515,144.9930757,"Wet","Raining"
"T20190019104","1/10/19",10:45:00,"Struck Pedestrian","Tuesday","Day",1,3,"Not at intersection",3,60,"MOORABOOL","WESTERN REGION",-37.67728657,144.4330621,"Dry","Clear"
"T20190019105","6/7/19",14:49:00,"Collision with vehicle","Saturday","Day",3,4,"Not at intersection",3,60,"YARRA RANGES","METROPOLITAN SOUTH EAST REGION",-37.77710592,145.5237658,"Dry","Clear"
"T20190019106","1/10/19",11:17:00,"Collision with vehicle","Tuesday","Day",2,3,"Not at intersection",3,70,"WHITTLESEA","METROPOLITAN NORTH WEST REGION",-37.66223158,145.0526058,"Dry","Clear"
"T20190019107","10/8/19",08:30:00,"Collision with a fixed object","Saturday","Day",1,1,"Not at intersection",3,80,"MOORABOOL","WESTERN REGION",-37.4796693,144.1539006,"Snowy","Snowing"
"T20190019107","10/8/19",08:30:00,"Collision with a fixed object","Saturday","Day",1,1,"Not at intersection",3,80,"MOORABOOL","WESTERN REGION",-37.4796693,144.1539006,"Icy","Snowing"
"T20190019108","14/9/19",19:35:00,"Collision with vehicle","Saturday","Dark Street lights on",2,2,"Cross intersection",3,50,"GEELONG","SOUTH WESTERN REGION",-38.15275282,144.3724215,"Unknown","Not known"
"T20190019111","28/9/19",18:30:00,"Struck Pedestrian","Saturday","Dusk/Dawn",1,2,"Not at intersection",3,100,"SWAN HILL","NORTHERN REGION",-34.84819687,142.7877098,"Dry","Clear"
"T20190019112","10/9/19",14:45:00,"Collision with vehicle","Tuesday","Day",2,2,"T intersection",3,60,"BRIMBANK","METROPOLITAN NORTH WEST REGION",-37.72635447,144.7711575,"Dry","Clear"
"T20190019114","1/10/19",12:10:00,"Collision with vehicle","Tuesday","Day",2,3,"Not at intersection",3,100,"BAW BAW","EASTERN REGION",-38.18185316,145.7826766,"Dry","Clear"
"T20190019115","1/10/19",13:32:00,"Collision with vehicle","Tuesday","Day",3,4,"Cross intersection",3,999,"HUME","METROPOLITAN NORTH WEST REGION",-37.56200204,144.8766652,"Dry","Clear"
"T20190019116","1/10/19",15:45:00,"Collision with a fixed object","Tuesday","Day",1,1,"Not at intersection",3,100,"WELLINGTON","EASTERN REGION",-37.99278327,146.8858798,"Dry","Clear"
"T20190019117","25/9/19",07:00:00,"Collision with a fixed object","Wednesday","Unknown",1,1,"Not at intersection",3,100,"BASS COAST","EASTERN REGION",-38.55085264,145.672125,"Unknown","Not known"
"T20190019118","1/10/19",14:00:00,"Collision with vehicle","Tuesday","Day",3,5,"T intersection",3,100,"SOUTH GIPPSLAND","EASTERN REGION",-38.64888141,146.2074319,"Dry","Clear"
"T20190019120","1/10/19",11:22:00,"Struck Pedestrian","Tuesday","Day",1,2,"Not at intersection",2,40,"MANNINGHAM","METROPOLITAN SOUTH EAST REGION",-37.76040453,145.1338562,"Dry","Clear"
"T20190019123","29/9/19",21:15:00,"Collision with vehicle","Sunday","Dark Street lights on",2,2,"Cross intersection",3,40,"MELBOURNE","METROPOLITAN NORTH WEST REGION",-37.81246624,144.9539214,"Dry","Clear"
"T20190019125","1/10/19",15:55:00,"Collision with vehicle","Tuesday","Day",2,3,"Not at intersection",3,60,"CASEY","METROPOLITAN SOUTH EAST REGION",-38.10014238,145.2827609,"Dry","Clear"
"T20190019127","27/7/19",16:40:00,"Collision with vehicle","Saturday","Unknown",2,3,"Cross intersection",3,999,"DANDENONG","METROPOLITAN SOUTH EAST REGION",-37.98821454,145.2127706,"Unknown","Not known"
"T20190019132","1/10/19",15:00:00,"Collision with a fixed object","Tuesday","Day",1,1,"Not at intersection",3,60,"WYNDHAM","METROPOLITAN NORTH WEST REGION",-37.88375582,144.6611881,"Dry","Clear"
"T20190019133","1/10/19",16:00:00,"Struck Pedestrian","Tuesday","Day",1,2,"Cross intersection",3,80,"KNOX","METROPOLITAN SOUTH EAST REGION",-37.90226463,145.2350909,"Dry","Clear"
"T20190019135","1/10/19",15:57:00,"Collision with vehicle","Tuesday","Day",4,5,"Not at intersection",3,70,"NILLUMBIK","METROPOLITAN NORTH WEST REGION",-37.67475967,145.1364082,"Dry","Clear"
"T20190019136","14/9/19",13:54:00,"Vehicle overturned (no collision)","Saturday","Day",1,1,"Not at intersection",3,80,"YARRA RANGES","METROPOLITAN SOUTH EAST REGION",-37.5905818,145.6394641,"Unknown","Not known"
"T20190019137","1/10/19",17:45:00,"Collision with vehicle","Tuesday","Dusk/Dawn",2,1,"Not at intersection",3,60,"BRIMBANK","METROPOLITAN NORTH WEST REGION",-37.7416654,144.7768245,"Dry","Clear"
"T20190019143","1/10/19",16:40:00,"Collision with vehicle","Tuesday","Day",3,4,"Not at intersection",3,80,"SURF COAST","SOUTH WESTERN REGION",-38.46961057,144.0597069,"Dry","Clear"
"T20190019144","1/10/19",19:55:00,"Collision with vehicle","Tuesday","Dark Street lights on",2,1,"Not at intersection",3,60,"LATROBE","EASTERN REGION",-38.18286458,146.2952638,"Dry","Clear"
"T20190019145","1/10/19",17:00:00,"Collision with vehicle","Tuesday","Dusk/Dawn",2,5,"Cross intersection",3,100,"ARARAT","WESTERN REGION",-37.54396094,142.836645,"Dry","Clear"
"T20190019146","1/10/19",14:45:00,"Collision with vehicle","Tuesday","Day",2,2,"Not at intersection",3,100,"CENTRAL GOLDFIELDS","WESTERN REGION",-36.89774795,143.7485539,"Dry","Clear"
"T20190019147","26/9/19",17:30:00,"Struck Pedestrian","Thursday","Dusk/Dawn",1,2,"Cross intersection",3,50,"MARIBYRNONG","METROPOLITAN NORTH WEST REGION",-37.79820317,144.8984666,"Dry","Clear"
"T20190019148","1/10/19",15:32:00,"Collision with vehicle","Tuesday","Day",2,2,"Not at intersection",3,80,"MOONEE VALLEY","METROPOLITAN NORTH WEST REGION",-37.73348434,144.923672,"Dry","Clear"
"T20190019149","1/10/19",18:36:00,"Collision with a fixed object","Tuesday","Dusk/Dawn",1,2,"Not at intersection",2,80,"NILLUMBIK","METROPOLITAN NORTH WEST REGION",-37.63243453,145.2144039,"Dry","Clear"
"T20190019150","1/10/19",19:23:00,"Collision with vehicle","Tuesday","Dark Street lights on",2,3,"Cross intersection",3,60,"HOBSONS BAY","METROPOLITAN NORTH WEST REGION",-37.8735785,144.7866134,"Dry","Clear"
"T20190019153","1/10/19",21:00:00,"Collision with vehicle","Tuesday","Dark Street lights on",2,2,"Cross intersection",3,70,"BRIMBANK","METROPOLITAN NORTH WEST REGION",-37.77718992,144.8286991,"Dry","Clear"
"T20190019156","9/9/19",04:40:00,"Collision with vehicle","Monday","Dark Street lights unknown",2,2,"Multiple intersection",3,100,"BRIMBANK","METROPOLITAN NORTH WEST REGION",-37.7704833,144.7950675,"Unknown","Not known"
"T20190019157","1/10/19",19:10:00,"Collision with a fixed object","Tuesday","Dark No street lights",1,1,"Not at intersection",1,100,"MOIRA","NORTH EASTERN REGION",-35.95932318,145.6930802,"Dry","Clear"
"T20190019162","1/10/19",22:50:00,"Collision with a fixed object","Tuesday","Dark Street lights on",1,1,"Cross intersection",3,50,"HOBSONS BAY","METROPOLITAN NORTH WEST REGION",-37.86154468,144.8984543,"Dry","Clear"
"T20190019163","1/10/19",23:15:00,"Collision with vehicle","Tuesday","Dark Street lights on",2,1,"Not at intersection",3,50,"DAREBIN","METROPOLITAN NORTH WEST REGION",-37.71045234,145.0224191,"Dry","Clear"
"T20190019164","18/9/19",11:30:00,"collision with some other object","Wednesday","Day",2,2,"Multiple intersection",3,110,"BRIMBANK","METROPOLITAN NORTH WEST REGION",-37.79605882,144.7878858,"Dry","Clear"
"T20190019166","2/10/19",06:15:00,"Collision with vehicle","Wednesday","Day",2,2,"Cross intersection",3,80,"DANDENONG","METROPOLITAN SOUTH EAST REGION",-38.07160725,145.1947459,"Dry","Clear"
"T20190019167","8/8/19",12:00:00,"Vehicle overturned (no collision)","Thursday","Day",1,1,"Not at intersection",3,60,"BOROONDARA","METROPOLITAN SOUTH EAST REGION",-37.84950664,145.0876789,"Wet","Raining"
"T20190019168","1/10/19",13:10:00,"Collision with vehicle","Tuesday","Day",2,3,"Cross intersection",3,60,"COLAC OTWAY","SOUTH WESTERN REGION",-38.3584239,143.5894612,"Dry","Clear"
"T20190019171","17/9/19",18:45:00,"Collision with vehicle","Tuesday","Dark Street lights on",3,3,"Cross intersection",3,60,"BALLARAT","WESTERN REGION",-37.55588881,143.8780892,"Dry","Clear"
"T20190019172","25/8/19",23:00:00,"Collision with vehicle","Sunday","Dark Street lights on",2,2,"Unknown",3,60,"KNOX","METROPOLITAN SOUTH EAST REGION",-37.84760323,145.227141,"Dry","Not known"
"T20190019174","2/10/19",09:15:00,"Collision with vehicle","Wednesday","Day",2,2,"Cross intersection",3,40,"YARRA","METROPOLITAN NORTH WEST REGION",-37.7821441,144.9730942,"Dry","Clear"
"T20190019176","2/10/19",09:00:00,"Collision with vehicle","Wednesday","Day",2,2,"Cross intersection",3,40,"MELBOURNE","METROPOLITAN NORTH WEST REGION",-37.82115885,144.9551032,"Dry","Clear"
"T20190019177","2/10/19",08:21:00,"Struck Pedestrian","Wednesday","Day",1,2,"Cross intersection",2,40,"MELBOURNE","METROPOLITAN NORTH WEST REGION",-37.80929334,144.9608867,"Dry","Clear"
"T20190019178","2/10/19",07:55:00,"Collision with vehicle","Wednesday","Day",3,4,"T intersection",3,100,"CARDINIA","METROPOLITAN SOUTH EAST REGION",-38.07596092,145.6751283,"Dry","Clear"
"T20190019179","6/8/19",19:00:00,"Collision with vehicle","Tuesday","Unknown",2,2,"Not at intersection",3,999,"CARDINIA","METROPOLITAN SOUTH EAST REGION",-38.04492101,145.3674879,"Dry","Clear"
"T20190019181","6/8/19",17:40:00,"Collision with vehicle","Tuesday","Unknown",2,2,"Cross intersection",3,60,"HUME","METROPOLITAN NORTH WEST REGION",-37.61902466,144.9278241,"Unknown","Not known"
"T20190019182","1/10/19",16:30:00,"collision with some other object","Tuesday","Day",1,1,"Not at intersection",3,50,"CAMPASPE","NORTHERN REGION",-36.12552437,144.7614858,"Dry","Clear"
"T20190019183","2/10/19",09:00:00,"Struck Pedestrian","Wednesday","Day",1,2,"Not at intersection",2,60,"GEELONG","SOUTH WESTERN REGION",-38.1314632,144.3452846,"Dry","Clear"
"T20190019187","29/9/19",17:15:00,"Collision with vehicle","Sunday","Day",2,4,"Cross intersection",3,60,"BENDIGO","NORTHERN REGION",-36.73569053,144.1329749,"Dry","Clear"
"T20190019188","1/10/19",18:30:00,"Collision with vehicle","Tuesday","Dark Street lights on",2,2,"T intersection",3,999,"DAREBIN","METROPOLITAN NORTH WEST REGION",-37.73235627,144.9910225,"Dry","Clear"
"T20190019190","15/9/19",11:30:00,"No collision and no object struck","Sunday","Day",1,1,"Not at intersection",3,888,"MACEDON RANGES","NORTHERN REGION",-37.24550483,144.6227016,"Unknown","Clear"
"T20190019191","29/9/19",18:30:00,"Collision with vehicle","Sunday","Day",2,2,"Cross intersection",3,50,"BALLARAT","WESTERN REGION",-37.57961197,143.8420606,"Dry","Clear"
"T20190019193","29/8/19",08:30:00,"Collision with vehicle","Thursday","Day",2,3,"Not at intersection",3,40,"FRANKSTON","METROPOLITAN SOUTH EAST REGION",-38.14436208,145.2046457,"Dry","Clear"
"T20190019194","25/9/19",11:20:00,"Collision with vehicle","Wednesday","Unknown",2,3,"T intersection",3,50,"NILLUMBIK","METROPOLITAN NORTH WEST REGION",-37.7182699,145.1398938,"Unknown","Not known"
"T20190019195","2/10/19",11:10:00,"Collision with a fixed object","Wednesday","Day",1,1,"Not at intersection",3,70,"BAW BAW","EASTERN REGION",-38.16658576,145.9324678,"Dry","Clear"
"T20190019196","2/10/19",12:07:00,"Collision with vehicle","Wednesday","Day",3,5,"Not at intersection",3,100,"BRIMBANK","METROPOLITAN NORTH WEST REGION",-37.72862365,144.8584081,"Dry","Clear"
"T20190019198","2/10/19",07:59:00,"Vehicle overturned (no collision)","Wednesday","Day",1,2,"Not at intersection",3,100,"YARRA RANGES","METROPOLITAN SOUTH EAST REGION",-37.75191517,145.4407919,"Dry","Clear"
"T20190019199","2/10/19",12:25:00,"No collision and no object struck","Wednesday","Day",1,2,"T intersection",3,60,"MELBOURNE","METROPOLITAN NORTH WEST REGION",-37.82684178,144.9114027,"Dry","Clear"
"T20190019200","2/10/19",13:20:00,"Struck Pedestrian","Wednesday","Day",1,2,"Not at intersection",3,60,"MOONEE VALLEY","METROPOLITAN NORTH WEST REGION",-37.7384629,144.8952966,"Dry","Clear"
"T20190019202","2/10/19",12:20:00,"Collision with vehicle","Wednesday","Day",2,1,"Not at intersection",3,60,"BAYSIDE","METROPOLITAN SOUTH EAST REGION",-37.93302139,144.9941207,"Dry","Clear"
"T20190019204","2/10/19",09:15:00,"Collision with vehicle","Wednesday","Day",2,2,"Not at intersection",3,100,"KINGSTON","METROPOLITAN SOUTH EAST REGION",-38.02630698,145.1329259,"Dry","Clear"
"T20190019205","2/10/19",08:10:00,"Collision with vehicle","Wednesday","Day",2,2,"Cross intersection",3,50,"PORT PHILLIP","METROPOLITAN NORTH WEST REGION",-37.85962847,144.9731192,"Dry","Clear"
"T20190019207","1/10/19",06:00:00,"Collision with vehicle","Tuesday","Dusk/Dawn",2,2,"Cross intersection",3,80,"MOIRA","NORTH EASTERN REGION",-35.92532377,145.6319092,"Dry","Clear"
"T20190019208","2/10/19",11:13:00,"Collision with vehicle","Wednesday","Day",2,3,"Cross intersection",3,60,"DANDENONG","METROPOLITAN SOUTH EAST REGION",-37.97103001,145.2233894,"Dry","Clear"
"T20190019209","2/10/19",11:45:00,"Collision with vehicle","Wednesday","Day",2,4,"Not at intersection",3,110,"WANGARATTA","NORTH EASTERN REGION",-36.28765141,146.3927663,"Dry","Clear"
"T20190019210","19/9/19",19:15:00,"Collision with a fixed object","Thursday","Dark No street lights",1,1,"Not at intersection",3,100,"BENDIGO","NORTHERN REGION",-36.65172722,144.3812738,"Dry","Clear"
"T20190019212","2/10/19",12:53:00,"Struck Pedestrian","Wednesday","Day",1,2,"Cross intersection",3,40,"MELBOURNE","METROPOLITAN NORTH WEST REGION",-37.81665393,144.9698653,"Dry","Clear"
"T20190019217","2/10/19",17:00:00,"Collision with vehicle","Wednesday","Day",4,7,"Not at intersection",3,70,"CAMPASPE","NORTHERN REGION",-36.13906205,144.7508232,"Dry","Clear"
"T20190019218","2/10/19",16:00:00,"Collision with vehicle","Wednesday","Day",4,4,"Not at intersection",2,100,"MONASH","METROPOLITAN SOUTH EAST REGION",-37.88546202,145.101423,"Dry","Clear"
"T20190019221","2/10/19",17:30:00,"Collision with vehicle","Wednesday","Dusk/Dawn",2,2,"Multiple intersection",3,50,"MELBOURNE","METROPOLITAN NORTH WEST REGION",-37.77803587,144.9601615,"Dry","Clear"
"T20190019222","8/9/19",21:15:00,"Collision with vehicle","Sunday","Dark Street lights on",2,2,"Not at intersection",3,80,"KNOX","METROPOLITAN SOUTH EAST REGION",-37.87631438,145.2574541,"Dry","Clear"
"T20190019224","5/8/19",10:20:00,"Struck Pedestrian","Monday","Day",1,2,"Cross intersection",3,30,"MONASH","METROPOLITAN SOUTH EAST REGION",-37.88071841,145.1656169,"Dry","Clear"
"T20190019225","2/10/19",14:00:00,"Collision with vehicle","Wednesday","Day",2,2,"Not at intersection",3,60,"WHITEHORSE","METROPOLITAN SOUTH EAST REGION",-37.82305539,145.1228856,"Dry","Clear"
"T20190019227","2/10/19",15:00:00,"Collision with a fixed object","Wednesday","Day",1,3,"Not at intersection",3,100,"CASEY","METROPOLITAN SOUTH EAST REGION",-38.1416847,145.3893663,"Dry","Clear"
"T20190019228","2/10/19",18:50:00,"Collision with vehicle","Wednesday","Dark Street lights on",2,2,"Cross intersection",3,60,"SHEPPARTON","NORTH EASTERN REGION",-36.36667145,145.4022437,"Dry","Clear"
"T20190019230","2/10/19",15:22:00,"Collision with vehicle","Wednesday","Day",2,2,"Not at intersection",3,40,"DAREBIN","METROPOLITAN NORTH WEST REGION",-37.77654325,145.0185353,"Dry","Clear"
"T20190019231","2/10/19",17:35:00,"Collision with vehicle","Wednesday","Day",2,2,"Cross intersection",3,60,"DAREBIN","METROPOLITAN NORTH WEST REGION",-37.76536534,145.0192583,"Dry","Clear"
"T20190019233","2/10/19",18:35:00,"Collision with vehicle","Wednesday","Dark No street lights",2,2,"Not at intersection",3,110,"WANGARATTA","NORTH EASTERN REGION",-36.40154593,146.3150898,"Dry","Clear"
"T20190019235","24/9/19",16:18:00,"Struck Pedestrian","Tuesday","Day",1,2,"Not at intersection",3,70,"KNOX","METROPOLITAN SOUTH EAST REGION",-37.89334372,145.3082868,"Dry","Clear"
"T20190019236","2/10/19",17:30:00,"Collision with vehicle","Wednesday","Day",2,3,"T intersection",3,60,"WHITEHORSE","METROPOLITAN SOUTH EAST REGION",-37.80025035,145.1158437,"Dry","Clear"
"T20190019241","2/10/19",19:00:00,"Collision with a fixed object","Wednesday","Dark No street lights",1,3,"Not at intersection",3,50,"SOUTH GIPPSLAND","EASTERN REGION",-38.33932021,145.6684154,"Dry","Clear"
"T20190019247","1/10/19",21:40:00,"Collision with vehicle","Tuesday","Dark Street lights on",2,4,"Not at intersection",3,60,"HOBSONS BAY","METROPOLITAN NORTH WEST REGION",-37.83124538,144.8136517,"Dry","Clear"
"T20190019248","2/10/19",21:20:00,"Collision with vehicle","Wednesday","Dark Street lights on",2,3,"T intersection",3,80,"CASEY","METROPOLITAN SOUTH EAST REGION",-38.04620489,145.2545131,"Dry","Clear"
"T20190019249","2/10/19",20:40:00,"Collision with a fixed object","Wednesday","Dark Street lights on",1,1,"Not at intersection",3,80,"MAROONDAH","METROPOLITAN SOUTH EAST REGION",-37.80425116,145.2456737,"Dry","Clear"
"T20190019250","2/10/19",22:46:00,"Collision with vehicle","Wednesday","Dark Street lights on",2,2,"T intersection",3,80,"DANDENONG","METROPOLITAN SOUTH EAST REGION",-37.94146779,145.1660581,"Dry","Clear"
"T20190019254","30/9/19",21:15:00,"Collision with vehicle","Monday","Dark Street lights on",2,7,"Multiple intersection",3,60,"DANDENONG","METROPOLITAN SOUTH EAST REGION",-37.93313932,145.1565406,"Dry","Clear"
"T20190019255","22/9/19",12:30:00,"Collision with vehicle","Sunday","Day",3,3,"Not at intersection",3,70,"HUME","METROPOLITAN NORTH WEST REGION",-37.69158691,144.8816788,"Dry","Clear"
"T20190019257","3/9/19",08:40:00,"Collision with vehicle","Tuesday","Day",2,2,"Cross intersection",3,50,"MANNINGHAM","METROPOLITAN SOUTH EAST REGION",-37.75419007,145.125668,"Dry","Clear"
"T20190019259","23/9/19",13:20:00,"Collision with vehicle","Monday","Day",2,2,"Not at intersection",3,40,"MORELAND","METROPOLITAN NORTH WEST REGION",-37.77422955,144.9712555,"Dry","Clear"
"T20190019260","3/10/19",07:35:00,"Collision with a fixed object","Thursday","Dusk/Dawn",1,1,"Not at intersection",3,100,"GOLDEN PLAINS","SOUTH WESTERN REGION",-37.80721516,143.9087607,"Dry","Clear"
"T20190019261","3/10/19",08:20:00,"Vehicle overturned (no collision)","Thursday","Day",2,2,"Not at intersection",3,60,"NILLUMBIK","METROPOLITAN NORTH WEST REGION",-37.66511681,145.1469613,"Dry","Clear"
"T20190019263","2/10/19",15:15:00,"Collision with vehicle","Wednesday","Day",2,3,"Not at intersection",3,60,"STONNINGTON","METROPOLITAN SOUTH EAST REGION",-37.8560674,145.0519519,"Dry","Not known"
"T20190019266","3/10/19",11:10:00,"Collision with vehicle","Thursday","Day",2,3,"Not at intersection",3,60,"MELBOURNE","METROPOLITAN NORTH WEST REGION",-37.79992269,144.9404177,"Dry","Clear"
"T20190019267","3/10/19",10:40:00,"Struck Pedestrian","Thursday","Day",1,2,"Y intersection",3,60,"STONNINGTON","METROPOLITAN SOUTH EAST REGION",-37.87807552,145.0477707,"Dry","Clear"
"T20190019268","3/10/19",10:39:00,"Collision with vehicle","Thursday","Day",3,9,"Not at intersection",2,80,"WODONGA","NORTH EASTERN REGION",-36.13868861,147.0075592,"Dry","Clear"
"T20190019269","20/9/19",15:30:00,"Collision with vehicle","Friday","Day",2,2,"Cross intersection",3,999,"CASEY","METROPOLITAN SOUTH EAST REGION",-38.08244234,145.3341374,"Dry","Not known"
"T20190019271","3/10/19",10:12:00,"Vehicle overturned (no collision)","Thursday","Day",2,2,"Not at intersection",3,80,"MORNINGTON PENINSULA","METROPOLITAN SOUTH EAST REGION",-38.43729245,144.9978288,"Dry","Clear"
"T20190019272","3/10/19",10:43:00,"Collision with a fixed object","Thursday","Day",1,2,"Not at intersection",3,50,"YARRA RANGES","METROPOLITAN SOUTH EAST REGION",-37.81606022,145.3500024,"Dry","Clear"
"T20190019273","3/10/19",07:52:00,"Collision with vehicle","Thursday","Day",2,2,"Not at intersection",3,70,"BRIMBANK","METROPOLITAN NORTH WEST REGION",-37.77085973,144.7801933,"Dry","Clear"
"T20190019276","21/9/19",12:40:00,"Collision with vehicle","Saturday","Day",2,2,"Not at intersection",3,999,"BANYULE","METROPOLITAN NORTH WEST REGION",-37.70025624,145.0909662,"Unknown","Not known"
"T20190019279","30/9/19",07:30:00,"Collision with vehicle","Monday","Day",2,2,"Not at intersection",3,60,"MARIBYRNONG","METROPOLITAN NORTH WEST REGION",-37.80852249,144.9029565,"Dry","Clear"
"T20190019280","3/10/19",08:33:00,"Collision with vehicle","Thursday","Day",2,2,"T intersection",3,70,"MORNINGTON PENINSULA","METROPOLITAN SOUTH EAST REGION",-38.36562112,144.8001755,"Dry","Clear"
"T20190019282","19/6/19",16:30:00,"Collision with vehicle","Wednesday","Day",2,5,"Not at intersection",3,999,"WYNDHAM","METROPOLITAN NORTH WEST REGION",-37.80760853,144.6955301,"Dry","Not known"
"T20190019283","1/10/19",18:30:00,"Struck Pedestrian","Tuesday","Dusk/Dawn",1,2,"Not at intersection",3,60,"HUME","METROPOLITAN NORTH WEST REGION",-37.68539369,144.9208232,"Dry","Clear"
"T20190019286","3/10/19",07:35:00,"Collision with vehicle","Thursday","Day",2,2,"Not at intersection",2,100,"BENALLA","NORTH EASTERN REGION",-36.56598506,146.022547,"Dry","Clear"
"T20190019287","3/10/19",13:53:00,"Collision with vehicle","Thursday","Day",2,2,"Not at intersection",3,80,"GEELONG","SOUTH WESTERN REGION",-38.21978171,144.3002801,"Dry","Clear"
"T20190019289","3/10/19",12:10:00,"Collision with vehicle","Thursday","Day",3,4,"Not at intersection",3,100,"MONASH","METROPOLITAN SOUTH EAST REGION",-37.89330884,145.1338014,"Dry","Clear"
"T20190019290","27/9/19",19:00:00,"Collision with vehicle","Friday","Dusk/Dawn",2,2,"Not at intersection",3,80,"HUME","METROPOLITAN NORTH WEST REGION",-37.63853541,144.9125219,"Dry","Clear"
"T20190019291","25/9/19",19:00:00,"Collision with vehicle","Wednesday","Unknown",2,2,"Not at intersection",3,999,"MOONEE VALLEY","METROPOLITAN NORTH WEST REGION",-37.75612629,144.9088959,"Unknown","Not known"
"T20190019292","3/10/19",13:50:00,"Collision with vehicle","Thursday","Day",4,6,"Not at intersection",3,50,"WYNDHAM","METROPOLITAN NORTH WEST REGION",-37.90359257,144.6598501,"Dry","Clear"