"ACCIDENT_NO","ACCIDENTDATE","ACCIDENTTIME","Accident Type Desc","Day Week Description","Light Condition Desc","NO_OF_VEHICLES","NO_PERSONS","Road Geometry Desc","SEVERITY","SPEED_ZONE","LGA_NAME","REGION_NAME","Lat","Long","Surface Cond Desc","Atmosph Cond Desc"
"T20190019297","3/10/19",15:00:00,"Collision with vehicle","Thursday","Day",2,3,"Not at intersection",3,40,"HUME","METROPOLITAN NORTH WEST REGION",-37.58486277,144.9097118,"Dry","Clear"
"T20190019298","3/10/19",17:59:00,"Collision with vehicle","Thursday","Day",3,4,"Not at intersection",3,50,"MELBOURNE","METROPOLITAN NORTH WEST REGION",-37.8304997,144.9650905,"Dry","Not known"
"T20190019300","3/10/19",17:54:00,"Collision with vehicle","Thursday","Dark Street lights on",2,4,"Cross intersection",3,80,"WYNDHAM","METROPOLITAN NORTH WEST REGION",-37.8009462,144.6594554,"Dry","Clear"
"T20190019301","3/10/19",17:14:00,"Collision with vehicle","Thursday","Day",2,3,"Not at intersection",3,40,"PORT PHILLIP","METROPOLITAN NORTH WEST REGION",-37.87666267,144.9959445,"Dry","Clear"
"T20190019302","3/10/19",15:34:00,"Collision with vehicle","Thursday","Day",2,2,"Not at intersection",3,100,"WYNDHAM","METROPOLITAN NORTH WEST REGION",-37.83600836,144.8030679,"Dry","Clear"
"T20190019304","3/10/19",15:00:00,"Collision with vehicle","Thursday","Day",2,1,"T intersection",3,50,"CASEY","METROPOLITAN SOUTH EAST REGION",-38.01797766,145.3147653,"Dry","Clear"
"T20190019305","20/9/19",08:50:00,"Collision with vehicle","Friday","Unknown",4,5,"Not at intersection",3,60,"DANDENONG","METROPOLITAN SOUTH EAST REGION",-37.96869259,145.1868024,"Unknown","Clear"
"T20190019306","3/10/19",18:46:00,"Collision with vehicle","Thursday","Dark Street lights on",2,2,"T intersection",3,60,"MONASH","METROPOLITAN SOUTH EAST REGION",-37.86755752,145.1088484,"Dry","Clear"
"T20190019309","3/10/19",18:52:00,"Collision with a fixed object","Thursday","Dark No street lights",1,1,"Not at intersection",3,80,"MONASH","METROPOLITAN SOUTH EAST REGION",-37.90497259,145.1551081,"Dry","Clear"
"T20190019310","3/10/19",19:51:00,"Collision with vehicle","Thursday","Dark Street lights on",2,2,"Not at intersection",3,60,"STONNINGTON","METROPOLITAN SOUTH EAST REGION",-37.85233934,145.0353286,"Dry","Clear"
"T20190019311","3/10/19",17:22:00,"Collision with vehicle","Thursday","Dusk/Dawn",3,3,"Not at intersection",3,70,"DANDENONG","METROPOLITAN SOUTH EAST REGION",-38.01646016,145.2312246,"Dry","Clear"
"T20190019312","3/10/19",15:20:00,"Collision with vehicle","Thursday","Day",2,3,"Not at intersection",3,60,"PORT PHILLIP","METROPOLITAN NORTH WEST REGION",-37.86545434,144.9861346,"Dry","Clear"
"T20190019315","3/10/19",19:45:00,"Collision with vehicle","Thursday","Dark Street lights on",2,4,"Cross intersection",3,50,"BOROONDARA","METROPOLITAN SOUTH EAST REGION",-37.8473377,145.0685459,"Dry","Clear"
"T20190019316","3/10/19",18:30:00,"Collision with vehicle","Thursday","Dark Street lights on",3,5,"Cross intersection",3,60,"WHITTLESEA","METROPOLITAN NORTH WEST REGION",-37.65121607,145.0879458,"Dry","Clear"
"T20190019317","3/10/19",17:59:00,"Collision with vehicle","Thursday","Day",2,2,"Not at intersection",3,100,"WHITEHORSE","METROPOLITAN SOUTH EAST REGION",-37.79767527,145.1356007,"Dry","Clear"
"T20190019320","3/10/19",20:50:00,"Collision with vehicle","Thursday","Dark Street lights on",2,1,"Not at intersection",3,60,"CAMPASPE","NORTHERN REGION",-36.12956268,144.7540003,"Dry","Clear"
"T20190019322","3/10/19",18:00:00,"Collision with a fixed object","Thursday","Dusk/Dawn",1,1,"Not at intersection",3,999,"CARDINIA","METROPOLITAN SOUTH EAST REGION",-38.00567434,145.5499924,"Dry","Clear"
"T20190019324","3/10/19",17:30:00,"collision with some other object","Thursday","Day",1,4,"Not at intersection",3,110,"MELTON","METROPOLITAN NORTH WEST REGION",-37.69422152,144.5848774,"Dry","Clear"
"T20190019329","20/6/19",18:30:00,"Collision with vehicle","Thursday","Dark Street lights on",3,3,"Not at intersection",3,60,"PORT PHILLIP","METROPOLITAN NORTH WEST REGION",-37.82931949,144.9635651,"Wet","Clear"
"T20190019331","3/10/19",14:10:00,"Collision with vehicle","Thursday","Day",2,6,"T intersection",2,80,"KNOX","METROPOLITAN SOUTH EAST REGION",-37.86961055,145.2377164,"Dry","Clear"
"T20190019336","3/10/19",07:45:00,"Vehicle overturned (no collision)","Thursday","Day",2,2,"Not at intersection",3,40,"MELBOURNE","METROPOLITAN NORTH WEST REGION",-37.81466226,144.9689526,"Dry","Clear"
"T20190019337","10/8/19",23:30:00,"Struck Pedestrian","Saturday","Dark Street lights on",1,2,"Not at intersection",3,40,"SOUTHERN GRAMPIANS","SOUTH WESTERN REGION",-37.74340068,142.023936,"Dry","Not known"
"T20190019345","1/1/19",10:00:00,"Collision with vehicle","Tuesday","Day",2,4,"Not at intersection",3,999,"MOONEE VALLEY","METROPOLITAN NORTH WEST REGION",-37.76628401,144.9374334,"Unknown","Not known"
"T20190019347","4/10/19",08:55:00,"Vehicle overturned (no collision)","Friday","Day",1,1,"Not at intersection",3,70,"WHITEHORSE","METROPOLITAN SOUTH EAST REGION",-37.85433344,145.1693614,"Wet","Clear"
"T20190019348","4/10/19",10:42:00,"Collision with a fixed object","Friday","Day",1,1,"Not at intersection",3,60,"KNOX","METROPOLITAN SOUTH EAST REGION",-37.86963042,145.2611712,"Dry","Clear"
"T20190019350","4/10/19",10:45:00,"Collision with a fixed object","Friday","Day",2,2,"Not at intersection",3,100,"GOLDEN PLAINS","SOUTH WESTERN REGION",-37.65460692,143.736575,"Dry","Clear"
"T20190019352","2/10/19",16:30:00,"Collision with vehicle","Wednesday","Day",2,2,"Not at intersection",3,100,"MORNINGTON PENINSULA","METROPOLITAN SOUTH EAST REGION",-38.36914029,144.9090502,"Dry","Clear"
"T20190019353","4/10/19",07:15:00,"Collision with vehicle","Friday","Day",2,3,"Cross intersection",3,60,"MORELAND","METROPOLITAN NORTH WEST REGION",-37.71868998,144.9630054,"Dry","Not known"
"T20190019354","4/10/19",11:03:00,"Collision with a fixed object","Friday","Day",1,1,"Not at intersection",3,100,"HUME","METROPOLITAN NORTH WEST REGION",-37.57531394,144.7602253,"Dry","Clear"
"T20190019355","4/10/19",08:19:00,"Collision with vehicle","Friday","Day",2,2,"Cross intersection",3,80,"WHITTLESEA","METROPOLITAN NORTH WEST REGION",-37.6704552,145.0712165,"Dry","Clear"
"T20190019356","4/10/19",07:23:00,"Collision with vehicle","Friday","Day",2,2,"Cross intersection",1,100,"MORNINGTON PENINSULA","METROPOLITAN SOUTH EAST REGION",-38.25287569,145.2146875,"Dry","Clear"
"T20190019357","21/9/19",19:00:00,"Collision with vehicle","Saturday","Dark Street lights on",3,4,"Not at intersection",3,80,"FRANKSTON","METROPOLITAN SOUTH EAST REGION",-38.10553677,145.1677152,"Dry","Clear"
"T20190019358","4/10/19",11:21:00,"Vehicle overturned (no collision)","Friday","Day",1,3,"Not at intersection",3,100,"MOYNE","SOUTH WESTERN REGION",-38.42944168,142.6526424,"Wet","Raining"
"T20190019359","4/10/19",03:20:00,"Collision with a fixed object","Friday","Dark No street lights",1,1,"Not at intersection",1,100,"WEST WIMMERA","WESTERN REGION",-37.01021608,141.1926633,"Dry","Clear"
"T20190019361","3/10/19",19:00:00,"Collision with vehicle","Thursday","Dark Street lights on",2,2,"Not at intersection",3,50,"DANDENONG","METROPOLITAN SOUTH EAST REGION",-37.9860475,145.2181905,"Dry","Clear"
"T20190019363","4/10/19",08:30:00,"Collision with a fixed object","Friday","Day",1,1,"Not at intersection",3,100,"WELLINGTON","EASTERN REGION",-38.15545591,146.7607187,"Dry","Clear"
"T20190019364","3/10/19",15:57:00,"Collision with vehicle","Thursday","Day",2,2,"Not at intersection",2,40,"MELTON","METROPOLITAN NORTH WEST REGION",-37.75964087,144.7026517,"Dry","Clear"
"T20190019365","4/10/19",13:30:00,"Collision with a fixed object","Friday","Day",1,1,"Not at intersection",3,80,"MELTON","METROPOLITAN NORTH WEST REGION",-37.75283196,144.7309127,"Wet","Clear"
"T20190019366","4/10/19",13:40:00,"Collision with vehicle","Friday","Day",2,2,"Not at intersection",3,40,"YARRA","METROPOLITAN NORTH WEST REGION",-37.81945475,145.0078155,"Wet","Raining"
"T20190019368","4/10/19",09:06:00,"Collision with vehicle","Friday","Day",2,6,"Cross intersection",2,100,"SURF COAST","SOUTH WESTERN REGION",-38.21245237,144.2181092,"Dry","Clear"
"T20190019369","4/10/19",09:35:00,"Collision with a fixed object","Friday","Day",1,1,"Not at intersection",3,100,"SHEPPARTON","NORTH EASTERN REGION",-36.40919164,145.5068142,"Dry","Clear"
"T20190019370","2/10/19",08:10:00,"No collision and no object struck","Wednesday","Day",2,2,"Not at intersection",3,60,"BOROONDARA","METROPOLITAN SOUTH EAST REGION",-37.81287226,145.0237575,"Dry","Not known"
"T20190019371","4/10/19",12:10:00,"Collision with vehicle","Friday","Day",2,2,"Not at intersection",3,100,"BRIMBANK","METROPOLITAN NORTH WEST REGION",-37.71910785,144.8708354,"Dry","Clear"
"T20190019373","29/9/19",11:25:00,"Collision with vehicle","Sunday","Day",2,2,"Cross intersection",3,80,"CASEY","METROPOLITAN SOUTH EAST REGION",-38.11008396,145.2583638,"Dry","Clear"
"T20190019375","4/10/19",14:40:00,"Collision with vehicle","Friday","Day",2,4,"Not at intersection",3,80,"BALLARAT","WESTERN REGION",-37.59303163,143.806037,"Dry","Clear"
"T20190019378","4/10/19",14:03:00,"Collision with vehicle","Friday","Day",2,1,"T intersection",2,40,"DAREBIN","METROPOLITAN NORTH WEST REGION",-37.72772249,145.0058201,"Dry","Clear"
"T20190019380","3/10/19",17:10:00,"Collision with vehicle","Thursday","Day",3,4,"T intersection",3,60,"HOBSONS BAY","METROPOLITAN NORTH WEST REGION",-37.86433169,144.829568,"Dry","Clear"
"T20190019382","10/8/19",01:30:00,"Collision with a fixed object","Saturday","Dark No street lights",1,2,"Not at intersection",3,70,"CARDINIA","METROPOLITAN SOUTH EAST REGION",-38.03843912,145.3700576,"Wet","Clear"
"T20190019383","4/10/19",15:00:00,"Collision with vehicle","Friday","Day",2,4,"T intersection",2,50,"LATROBE","EASTERN REGION",-38.22257255,146.418551,"Dry","Clear"
"T20190019384","4/10/19",12:34:00,"Collision with vehicle","Friday","Day",2,6,"Cross intersection",3,60,"ARARAT","WESTERN REGION",-37.30104009,142.766409,"Dry","Clear"
"T20190019386","4/10/19",15:15:00,"Collision with vehicle","Friday","Day",2,2,"T intersection",2,70,"HOBSONS BAY","METROPOLITAN NORTH WEST REGION",-37.85321282,144.8557783,"Wet","Raining"
"T20190019389","27/8/19",15:25:00,"Collision with vehicle","Tuesday","Day",2,2,"Not at intersection",3,40,"BOROONDARA","METROPOLITAN SOUTH EAST REGION",-37.82154225,145.0585649,"Dry","Clear"
"T20190019390","4/10/19",17:30:00,"Collision with vehicle","Friday","Dusk/Dawn",3,5,"Y intersection",3,80,"YARRA RANGES","METROPOLITAN SOUTH EAST REGION",-37.71645636,145.3425499,"Wet","Raining"
"T20190019392","4/10/19",16:27:00,"Struck Pedestrian","Friday","Day",1,2,"T intersection",3,50,"FRANKSTON","METROPOLITAN SOUTH EAST REGION",-38.18373405,145.1430568,"Dry","Clear"
"T20190019395","4/10/19",17:30:00,"Collision with vehicle","Friday","Day",2,2,"T intersection",3,70,"MONASH","METROPOLITAN SOUTH EAST REGION",-37.91544274,145.134653,"Wet","Raining"
"T20190019396","4/10/19",17:59:00,"Collision with vehicle","Friday","Dark Street lights on",2,3,"Not at intersection",3,60,"WHITEHORSE","METROPOLITAN SOUTH EAST REGION",-37.83963559,145.1107695,"Wet","Raining"
"T20190019398","4/10/19",13:12:00,"Collision with vehicle","Friday","Day",2,3,"Not at intersection",3,50,"MAROONDAH","METROPOLITAN SOUTH EAST REGION",-37.79688891,145.2809403,"Dry","Clear"
"T20190019399","4/10/19",17:30:00,"Collision with vehicle","Friday","Day",2,2,"T intersection",3,70,"BRIMBANK","METROPOLITAN NORTH WEST REGION",-37.82219008,144.82994,"Dry","Clear"
"T20190019400","4/10/19",13:45:00,"Collision with vehicle","Friday","Day",4,4,"Not at intersection",3,80,"MONASH","METROPOLITAN SOUTH EAST REGION",-37.91834301,145.1576088,"Wet","Clear"
"T20190019401","4/10/19",18:30:00,"Collision with vehicle","Friday","Dark Street lights on",4,8,"Not at intersection",3,80,"KNOX","METROPOLITAN SOUTH EAST REGION",-37.87028198,145.2339739,"Wet","Raining"
"T20190019402","4/10/19",16:55:00,"Fall from or in moving vehicle","Friday","Dusk/Dawn",1,1,"Not at intersection",3,40,"MORELAND","METROPOLITAN NORTH WEST REGION",-37.74823014,144.9653904,"Wet","Raining"
"T20190019405","4/10/19",17:50:00,"Collision with vehicle","Friday","Day",2,2,"T intersection",3,60,"YARRA","METROPOLITAN NORTH WEST REGION",-37.79973137,144.9910048,"Wet","Raining"
"T20190019406","4/10/19",19:00:00,"Collision with vehicle","Friday","Dark Street lights on",2,3,"Cross intersection",3,100,"MORNINGTON PENINSULA","METROPOLITAN SOUTH EAST REGION",-38.23860188,145.1965002,"Wet","Raining"
"T20190019408","4/10/19",20:21:00,"Collision with vehicle","Friday","Dark Street lights on",2,7,"Cross intersection",3,60,"CASEY","METROPOLITAN SOUTH EAST REGION",-38.07999371,145.2581301,"Wet","Raining"
"T20190019409","26/9/19",16:00:00,"Collision with vehicle","Thursday","Day",2,2,"T intersection",3,30,"YARRA","METROPOLITAN NORTH WEST REGION",-37.82798528,145.0127986,"Dry","Clear"
"T20190019410","4/10/19",18:55:00,"Struck Pedestrian","Friday","Dark Street lights on",1,3,"T intersection",3,80,"MORNINGTON PENINSULA","METROPOLITAN SOUTH EAST REGION",-38.38246647,144.9933483,"Wet","Raining"
"T20190019411","4/10/19",21:30:00,"Collision with vehicle","Friday","Dark Street lights on",2,7,"Cross intersection",3,60,"MELBOURNE","METROPOLITAN NORTH WEST REGION",-37.80927673,144.9837416,"Wet","Clear"
"T20190019412","4/10/19",21:26:00,"Collision with vehicle","Friday","Dark Street lights on",3,4,"Not at intersection",3,60,"MELBOURNE","METROPOLITAN NORTH WEST REGION",-37.82059735,144.9762159,"Wet","Clear"
"T20190019414","4/10/19",23:00:00,"Collision with a fixed object","Friday","Dark Street lights on",1,3,"Not at intersection",3,50,"WYNDHAM","METROPOLITAN NORTH WEST REGION",-37.90432935,144.6358057,"Dry","Clear"
"T20190019417","5/10/19",00:40:00,"Collision with a fixed object","Saturday","Dark Street lights on",1,1,"Not at intersection",3,60,"NILLUMBIK","METROPOLITAN NORTH WEST REGION",-37.65033744,145.1189641,"Wet","Clear"
"T20190019420","4/10/19",23:20:00,"Collision with a fixed object","Friday","Dark No street lights",1,4,"Not at intersection",3,50,"YARRA RANGES","METROPOLITAN SOUTH EAST REGION",-37.79408948,145.3532289,"Wet","Clear"
"T20190019421","5/10/19",02:00:00,"Collision with vehicle","Saturday","Dark Street lights on",3,7,"Cross intersection",2,70,"HUME","METROPOLITAN NORTH WEST REGION",-37.64332413,144.9511615,"Dry","Clear"
"T20190019423","5/10/19",04:16:00,"Collision with vehicle","Saturday","Dark Street lights on",2,3,"T intersection",3,80,"MONASH","METROPOLITAN SOUTH EAST REGION",-37.92463475,145.1436346,"Dry","Clear"
"T20190019424","5/10/19",03:20:00,"Collision with a fixed object","Saturday","Dark No street lights",1,1,"Not at intersection",3,100,"COLAC OTWAY","SOUTH WESTERN REGION",-38.30506129,143.7491462,"Wet","Clear"
"T20190019425","3/10/19",19:50:00,"Collision with a fixed object","Thursday","Dark Street lights on",1,1,"Not at intersection",3,50,"HUME","METROPOLITAN NORTH WEST REGION",-37.64700039,144.9194654,"Dry","Clear"
"T20190019426","5/10/19",08:21:00,"Collision with vehicle","Saturday","Day",2,2,"Not at intersection",3,80,"HUME","METROPOLITAN NORTH WEST REGION",-37.63248098,144.861891,"Dry","Clear"
"T20190019427","5/10/19",10:00:00,"Collision with vehicle","Saturday","Day",2,2,"Cross intersection",3,40,"YARRA","METROPOLITAN NORTH WEST REGION",-37.78604216,144.9724642,"Dry","Clear"
"T20190019429","5/10/19",08:15:00,"Collision with vehicle","Saturday","Day",5,7,"Not at intersection",3,70,"YARRA","METROPOLITAN NORTH WEST REGION",-37.79599603,144.9936934,"Dry","Clear"
"T20190019432","5/10/19",11:36:00,"Collision with vehicle","Saturday","Day",4,4,"Not at intersection",3,80,"CASEY","METROPOLITAN SOUTH EAST REGION",-38.10727564,145.3295115,"Dry","Clear"
"T20190019433","5/10/19",10:50:00,"Struck Pedestrian","Saturday","Day",1,2,"Not at intersection",3,60,"BOROONDARA","METROPOLITAN SOUTH EAST REGION",-37.82408314,145.0816494,"Dry","Clear"
"T20190019434","5/10/19",11:30:00,"Collision with vehicle","Saturday","Day",2,3,"Cross intersection",3,60,"MAROONDAH","METROPOLITAN SOUTH EAST REGION",-37.79782868,145.2539406,"Dry","Clear"
"T20190019435","12/9/19",11:35:00,"Collision with vehicle","Thursday","Day",2,2,"Cross intersection",3,60,"KINGSTON","METROPOLITAN SOUTH EAST REGION",-37.98217377,145.071351,"Icy","Not known"
"T20190019436","5/10/19",06:31:00,"Collision with vehicle","Saturday","Dusk/Dawn",2,2,"Not at intersection",3,100,"INDIGO","NORTH EASTERN REGION",-36.05796478,146.7048631,"Dry","Clear"
"T20190019437","5/10/19",11:47:00,"Collision with vehicle","Saturday","Day",2,2,"Cross intersection",3,70,"HORSHAM","WESTERN REGION",-36.74088084,142.2043068,"Dry","Clear"
"T20190019438","4/10/19",17:00:00,"Collision with vehicle","Friday","Day",2,3,"Cross intersection",3,70,"DAREBIN","METROPOLITAN NORTH WEST REGION",-37.78249658,145.0220173,"Wet","Raining"
"T20190019439","5/10/19",12:15:00,"Collision with vehicle","Saturday","Day",5,10,"Not at intersection",3,80,"WHITEHORSE","METROPOLITAN SOUTH EAST REGION",-37.8587673,145.1976566,"Dry","Clear"
"T20190019440","5/10/19",12:20:00,"Collision with vehicle","Saturday","Day",6,8,"Not at intersection",3,80,"MELBOURNE","METROPOLITAN NORTH WEST REGION",-37.82626884,144.9313546,"Dry","Clear"
"T20190019443","5/10/19",13:30:00,"Collision with a fixed object","Saturday","Day",1,2,"Y intersection",3,110,"WODONGA","NORTH EASTERN REGION",-36.10722383,146.9036533,"Dry","Clear"
"T20190019444","3/10/19",08:15:00,"Collision with vehicle","Thursday","Unknown",2,2,"T intersection",3,999,"BRIMBANK","METROPOLITAN NORTH WEST REGION",-37.77160062,144.8297347,"Unknown","Not known"
"T20190019445","5/10/19",13:00:00,"Collision with vehicle","Saturday","Day",2,3,"Not at intersection",3,60,"WYNDHAM","METROPOLITAN NORTH WEST REGION",-37.89766429,144.7024518,"Dry","Clear"
"T20190019446","5/10/19",12:25:00,"Collision with a fixed object","Saturday","Day",1,1,"Not at intersection",3,110,"MELTON","METROPOLITAN NORTH WEST REGION",-37.7005467,144.6189181,"Dry","Clear"
"T20190019447","5/10/19",11:11:00,"Collision with vehicle","Saturday","Day",2,2,"Cross intersection",3,40,"YARRA","METROPOLITAN NORTH WEST REGION",-37.79845676,144.9795817,"Dry","Clear"
"T20190019448","27/9/19",17:18:00,"Collision with vehicle","Friday","Day",3,4,"T intersection",3,999,"WYNDHAM","METROPOLITAN NORTH WEST REGION",-37.83813361,144.7314715,"Dry","Clear"
"T20190019452","5/10/19",17:11:00,"Collision with vehicle","Saturday","Day",3,3,"Not at intersection",3,50,"BALLARAT","WESTERN REGION",-37.5711337,143.8295029,"Dry","Clear"
"T20190019458","5/10/19",17:45:00,"Collision with a fixed object","Saturday","Day",1,2,"Cross intersection",3,100,"SURF COAST","SOUTH WESTERN REGION",-38.27747249,144.0865105,"Dry","Clear"
"T20190019459","5/10/19",18:59:00,"Collision with vehicle","Saturday","Dark Street lights on",2,3,"Cross intersection",3,60,"WHITEHORSE","METROPOLITAN SOUTH EAST REGION",-37.83207201,145.1499443,"Dry","Clear"
"T20190019460","5/10/19",18:45:00,"Collision with vehicle","Saturday","Dark Street lights on",2,11,"Cross intersection",2,110,"BALLARAT","WESTERN REGION",-37.48652462,143.7647038,"Dry","Clear"
"T20190019461","5/10/19",18:41:00,"Struck Pedestrian","Saturday","Dark Street lights on",1,2,"Not at intersection",3,40,"HUME","METROPOLITAN NORTH WEST REGION",-37.57813596,144.7304885,"Dry","Clear"
"T20190019469","5/10/19",18:37:00,"Collision with vehicle","Saturday","Dark Street lights on",2,3,"T intersection",3,50,"MORELAND","METROPOLITAN NORTH WEST REGION",-37.75039966,144.9666013,"Wet","Clear"
"T20190019470","18/9/19",17:28:00,"Collision with vehicle","Wednesday","Day",3,3,"Not at intersection",3,80,"DANDENONG","METROPOLITAN SOUTH EAST REGION",-38.01300162,145.200123,"Dry","Clear"
"T20190019474","5/10/19",21:10:00,"Collision with vehicle","Saturday","Dark Street lights on",2,2,"T intersection",2,60,"STONNINGTON","METROPOLITAN SOUTH EAST REGION",-37.88706954,145.0893682,"Dry","Clear"
"T20190019475","5/10/19",22:55:00,"Collision with vehicle","Saturday","Dark Street lights on",2,2,"Cross intersection",3,80,"HUME","METROPOLITAN NORTH WEST REGION",-37.64335423,144.9514671,"Dry","Clear"
"T20190019477","5/10/19",20:35:00,"Struck Pedestrian","Saturday","Dark Street lights on",1,3,"Not at intersection",3,40,"MORELAND","METROPOLITAN NORTH WEST REGION",-37.77560748,144.9710404,"Dry","Clear"
"T20190019493","4/10/19",06:45:00,"Collision with vehicle","Friday","Dusk/Dawn",2,2,"Multiple intersection",3,40,"MELBOURNE","METROPOLITAN NORTH WEST REGION",-37.77804419,144.9602339,"Dry","Clear"
"T20190019495","6/10/19",10:15:00,"No collision and no object struck","Sunday","Day",1,2,"Not at intersection",3,100,"MOUNT ALEXANDER","NORTHERN REGION",-37.01455621,144.3614771,"Dry","Clear"
"T20190019498","6/10/19",05:40:00,"Collision with a fixed object","Sunday","Day",1,1,"Not at intersection",1,100,"COLAC OTWAY","SOUTH WESTERN REGION",-38.43079366,143.3514813,"Dry","Clear"
"T20190019500","30/8/19",16:08:00,"Collision with vehicle","Friday","Day",2,3,"Not at intersection",3,80,"KNOX","METROPOLITAN SOUTH EAST REGION",-37.88911601,145.2975421,"Dry","Clear"
"T20190019501","6/10/19",12:25:00,"Collision with vehicle","Sunday","Day",2,2,"Not at intersection",3,100,"HEPBURN","WESTERN REGION",-37.37227294,144.3527835,"Dry","Clear"
"T20190019506","6/10/19",07:55:00,"Collision with a fixed object","Sunday","Day",1,1,"Not at intersection",3,100,"CASEY","METROPOLITAN SOUTH EAST REGION",-37.99782444,145.2759034,"Dry","Clear"
"T20190019507","6/10/19",11:45:00,"Collision with vehicle","Sunday","Day",2,11,"Not at intersection",2,60,"BOROONDARA","METROPOLITAN SOUTH EAST REGION",-37.80995418,145.0572015,"Dry","Clear"
"T20190019508","9/9/19",11:45:00,"Struck Pedestrian","Monday","Day",1,2,"Not at intersection",3,999,"WYNDHAM","METROPOLITAN NORTH WEST REGION",-37.87735119,144.6803385,"Dry","Clear"
"T20190019509","6/10/19",15:40:00,"Collision with vehicle","Sunday","Day",2,2,"T intersection",3,40,"BANYULE","METROPOLITAN NORTH WEST REGION",-37.70291868,145.1052084,"Dry","Clear"
"T20190019512","6/10/19",16:40:00,"Collision with vehicle","Sunday","Day",2,3,"Multiple intersection",3,40,"MELBOURNE","METROPOLITAN NORTH WEST REGION",-37.80090143,144.9570161,"Dry","Clear"
"T20190019513","6/10/19",15:39:00,"Collision with vehicle","Sunday","Day",2,2,"Cross intersection",3,80,"DANDENONG","METROPOLITAN SOUTH EAST REGION",-37.99905512,145.1744211,"Dry","Clear"
"T20190019516","6/10/19",13:10:00,"Collision with vehicle","Sunday","Day",3,4,"Not at intersection",3,60,"BOROONDARA","METROPOLITAN SOUTH EAST REGION",-37.82921184,145.0437717,"Dry","Clear"
"T20190019517","6/10/19",16:30:00,"Collision with a fixed object","Sunday","Day",1,1,"Not at intersection",3,100,"STRATHBOGIE","NORTH EASTERN REGION",-36.71524218,145.3473409,"Dry","Clear"
"T20190019519","11/5/19",01:12:00,"Collision with a fixed object","Saturday","Dark Street lights on",1,1,"Not at intersection",3,50,"SHEPPARTON","NORTH EASTERN REGION",-36.38326038,145.4052698,"Dry","Clear"
"T20190019520","6/10/19",18:10:00,"Collision with a fixed object","Sunday","Day",1,1,"Cross intersection",3,50,"HUME","METROPOLITAN NORTH WEST REGION",-37.63470805,144.9157152,"Dry","Clear"
"T20190019522","6/10/19",13:00:00,"Fall from or in moving vehicle","Sunday","Day",1,1,"Not at intersection",2,888,"MITCHELL","NORTHERN REGION",-37.16408742,145.1467801,"Dry","Clear"
"T20190019523","6/10/19",18:00:00,"Collision with vehicle","Sunday","Day",2,3,"Cross intersection",3,80,"EAST GIPPSLAND","EASTERN REGION",-37.86945209,147.9576824,"Dry","Clear"
"T20190019527","6/10/19",21:30:00,"Collision with vehicle","Sunday","Dark Street lights on",2,3,"T intersection",3,80,"MURRINDINDI","NORTH EASTERN REGION",-37.47608041,145.2365774,"Wet","Raining"
"T20190019528","6/10/19",21:25:00,"Collision with a fixed object","Sunday","Dark Street lights on",1,1,"Not at intersection",3,50,"BAW BAW","EASTERN REGION",-38.13266245,145.8457299,"Wet","Clear"
"T20190019529","5/8/19",17:40:00,"Collision with vehicle","Monday","Dusk/Dawn",2,1,"Not at intersection",3,50,"BOROONDARA","METROPOLITAN SOUTH EAST REGION",-37.7923896,145.0899598,"Dry","Clear"
"T20190019536","26/4/19",08:00:00,"No collision and no object struck","Friday","Day",1,1,"Not at intersection",3,60,"YARRA RANGES","METROPOLITAN SOUTH EAST REGION",-37.8832956,145.3861578,"Wet","Raining"
"T20190019537","7/10/19",07:05:00,"Collision with a fixed object","Monday","Day",1,1,"Not at intersection",3,80,"YARRA RANGES","METROPOLITAN SOUTH EAST REGION",-37.75881874,145.3183196,"Wet","Raining"
"T20190019541","25/9/19",21:30:00,"Collision with a fixed object","Wednesday","Dark Street lights off",1,1,"Not at intersection",3,999,"BRIMBANK","METROPOLITAN NORTH WEST REGION",-37.80163338,144.7739626,"Dry","Clear"
"T20190019543","6/10/19",15:00:00,"Collision with vehicle","Sunday","Day",2,3,"Not at intersection",3,60,"MORNINGTON PENINSULA","METROPOLITAN SOUTH EAST REGION",-38.36734361,144.8611465,"Dry","Clear"
"T20190019544","6/10/19",17:25:00,"Vehicle overturned (no collision)","Sunday","Day",1,1,"Not at intersection",3,60,"GEELONG","SOUTH WESTERN REGION",-38.16307526,144.5913214,"Wet","Clear"
"T20190019548","5/10/19",09:15:00,"Vehicle overturned (no collision)","Saturday","Day",1,1,"Not at intersection",2,50,"CASEY","METROPOLITAN SOUTH EAST REGION",-38.00053305,145.311127,"Unknown","Not known"
"T20190019549","4/8/19",12:00:00,"No collision and no object struck","Sunday","Day",1,1,"Y intersection",3,999,"MOORABOOL","WESTERN REGION",-37.52945546,144.2738449,"Dry","Clear"
"T20190019550","7/10/19",10:00:00,"Collision with vehicle","Monday","Day",2,2,"T intersection",3,60,"WHITEHORSE","METROPOLITAN SOUTH EAST REGION",-37.79989028,145.1181235,"Dry","Clear"