"ACCIDENT_NO","ACCIDENTDATE","ACCIDENTTIME","Accident Type Desc","Day Week Description","Light Condition Desc","NO_OF_VEHICLES","NO_PERSONS","Road Geometry Desc","SEVERITY","SPEED_ZONE","LGA_NAME","REGION_NAME","Lat","Long","Surface Cond Desc","Atmosph Cond Desc"
"T20190019551","30/9/19",21:36:00,"Collision with vehicle","Monday","Dark Street lights on",2,2,"Cross intersection",3,80,"HUME","METROPOLITAN NORTH WEST REGION",-37.64530282,144.9628275,"Dry","Clear"
"T20190019552","7/10/19",08:05:00,"Collision with vehicle","Monday","Day",2,2,"Not at intersection",3,50,"GLEN EIRA","METROPOLITAN SOUTH EAST REGION",-37.91069688,145.0352031,"Dry","Clear"
"T20190019553","4/10/19",14:00:00,"Collision with vehicle","Friday","Day",2,2,"Cross intersection",2,50,"DAREBIN","METROPOLITAN NORTH WEST REGION",-37.70721669,144.990129,"Dry","Clear"
"T20190019554","1/10/19",02:46:00,"Collision with a fixed object","Tuesday","Dark Street lights on",1,1,"Not at intersection",3,60,"BAYSIDE","METROPOLITAN SOUTH EAST REGION",-37.95432356,145.0252752,"Dry","Clear"
"T20190019555","7/10/19",09:34:00,"Collision with vehicle","Monday","Day",2,3,"Not at intersection",3,999,"MORNINGTON PENINSULA","METROPOLITAN SOUTH EAST REGION",-38.30774922,145.1725152,"Dry","Clear"
"T20190019556","6/10/19",13:15:00,"Collision with vehicle","Sunday","Day",2,2,"Not at intersection",3,60,"MOORABOOL","WESTERN REGION",-37.57837224,144.4374402,"Dry","Clear"
"T20190019557","23/9/19",17:00:00,"Collision with vehicle","Monday","Day",2,2,"Not at intersection",3,40,"STONNINGTON","METROPOLITAN SOUTH EAST REGION",-37.8534906,144.9930632,"Unknown","Not known"
"T20190019560","7/10/19",11:00:00,"collision with some other object","Monday","Day",1,1,"Not at intersection",3,888,"HEPBURN","WESTERN REGION",-37.39713725,144.0982894,"Dry","Clear"
"T20190019561","22/6/19",16:58:00,"Collision with vehicle","Saturday","Day",2,2,"Not at intersection",3,60,"WHITTLESEA","METROPOLITAN NORTH WEST REGION",-37.6597338,145.0195397,"Dry","Not known"
"T20190019562","7/10/19",02:08:00,"Struck animal","Monday","Dark No street lights",1,1,"Not at intersection",3,100,"BENDIGO","NORTHERN REGION",-36.65098974,144.3737214,"Dry","Clear"
"T20190019563","5/8/19",15:08:00,"Collision with vehicle","Monday","Day",2,2,"T intersection",3,60,"KNOX","METROPOLITAN SOUTH EAST REGION",-37.84452028,145.2701037,"Dry","Clear"
"T20190019564","7/10/19",12:00:00,"Collision with vehicle","Monday","Day",2,2,"Not at intersection",3,999,"DAREBIN","METROPOLITAN NORTH WEST REGION",-37.76600209,144.9919844,"Dry","Not known"
"T20190019567","7/10/19",07:15:00,"Collision with a fixed object","Monday","Day",1,2,"Not at intersection",3,100,"NORTHERN GRAMPIANS","WESTERN REGION",-36.63020732,143.3440303,"Dry","Clear"
"T20190019570","7/10/19",13:50:00,"Collision with vehicle","Monday","Day",2,2,"Cross intersection",3,80,"MORNINGTON PENINSULA","METROPOLITAN SOUTH EAST REGION",-38.19499993,145.0911867,"Dry","Clear"
"T20190019571","7/9/19",20:55:00,"Collision with vehicle","Saturday","Unknown",2,2,"Not at intersection",3,999,"STONNINGTON","METROPOLITAN SOUTH EAST REGION",-37.83908527,144.9923528,"Unknown","Not known"
"T20190019572","7/10/19",13:00:00,"Collision with vehicle","Monday","Day",3,5,"Cross intersection",3,50,"BRIMBANK","METROPOLITAN NORTH WEST REGION",-37.78594001,144.8413348,"Dry","Clear"
"T20190019573","5/10/19",19:35:00,"Collision with vehicle","Saturday","Dusk/Dawn",2,2,"Not at intersection",2,110,"BAW BAW","EASTERN REGION",-38.16174427,145.9115747,"Dry","Not known"
"T20190019574","7/10/19",12:23:00,"Vehicle overturned (no collision)","Monday","Day",1,1,"Not at intersection",3,100,"BULOKE","NORTHERN REGION",-36.05633346,142.8949854,"Dry","Clear"
"T20190019575","7/10/19",08:40:00,"Collision with vehicle","Monday","Day",2,2,"T intersection",2,60,"DAREBIN","METROPOLITAN NORTH WEST REGION",-37.74420255,144.9939389,"Dry","Clear"
"T20190019577","7/10/19",10:37:00,"Struck Pedestrian","Monday","Day",1,1,"Not at intersection",1,100,"SOUTH GIPPSLAND","EASTERN REGION",-38.40615058,145.7614556,"Dry","Clear"
"T20190019579","1/10/19",17:45:00,"Collision with vehicle","Tuesday","Dusk/Dawn",2,2,"T intersection",3,80,"KINGSTON","METROPOLITAN SOUTH EAST REGION",-37.98259352,145.0741132,"Dry","Not known"
"T20190019580","7/10/19",13:37:00,"Collision with a fixed object","Monday","Day",1,1,"Not at intersection",3,60,"HUME","METROPOLITAN NORTH WEST REGION",-37.57447449,144.9033959,"Dry","Clear"
"T20190019581","5/10/19",12:00:00,"Collision with vehicle","Saturday","Day",2,2,"Not at intersection",3,60,"MANNINGHAM","METROPOLITAN SOUTH EAST REGION",-37.78835154,145.1807137,"Unknown","Not known"
"T20190019585","7/10/19",17:24:00,"Collision with vehicle","Monday","Day",2,2,"T intersection",3,60,"CASEY","METROPOLITAN SOUTH EAST REGION",-38.05027111,145.3357336,"Dry","Not known"
"T20190019587","7/10/19",16:30:00,"Collision with vehicle","Monday","Day",2,2,"Cross intersection",3,60,"MILDURA","WESTERN REGION",-34.22730847,142.1610105,"Dry","Clear"
"T20190019590","7/10/19",18:25:00,"Collision with vehicle","Monday","Day",2,2,"Not at intersection",3,50,"DAREBIN","METROPOLITAN NORTH WEST REGION",-37.77288848,145.0038777,"Dry","Clear"
"T20190019591","7/10/19",15:15:00,"Struck Pedestrian","Monday","Day",1,3,"Not at intersection",2,100,"LATROBE","EASTERN REGION",-38.20575478,146.4193461,"Dry","Clear"
"T20190019593","23/9/19",14:15:00,"Collision with vehicle","Monday","Day",2,2,"Cross intersection",3,999,"DAREBIN","METROPOLITAN NORTH WEST REGION",-37.75818727,144.9879946,"Unknown","Not known"
"T20190019596","7/10/19",12:30:00,"Collision with vehicle","Monday","Day",2,2,"Not at intersection",3,50,"YARRA RANGES","METROPOLITAN SOUTH EAST REGION",-37.75508032,145.6530033,"Dry","Clear"
"T20190019597","7/10/19",15:20:00,"Collision with a fixed object","Monday","Day",1,1,"Not at intersection",3,100,"GEELONG","SOUTH WESTERN REGION",-37.97029808,144.4499208,"Dry","Clear"
"T20190019598","7/10/19",19:00:00,"Collision with vehicle","Monday","Dark Street lights unknown",2,3,"T intersection",3,60,"WHITTLESEA","METROPOLITAN NORTH WEST REGION",-37.67131816,144.9919338,"Dry","Not known"
"T20190019601","7/10/19",20:55:00,"Collision with vehicle","Monday","Dark Street lights on",2,3,"T intersection",3,50,"MORNINGTON PENINSULA","METROPOLITAN SOUTH EAST REGION",-38.35746538,144.8988978,"Dry","Clear"
"T20190019606","19/9/19",20:58:00,"Collision with vehicle","Thursday","Dark Street lights on",4,7,"Not at intersection",3,80,"MONASH","METROPOLITAN SOUTH EAST REGION",-37.9155204,145.1352794,"Dry","Clear"
"T20190019607","24/9/19",19:30:00,"Collision with vehicle","Tuesday","Dark Street lights on",2,2,"Not at intersection",3,40,"MORELAND","METROPOLITAN NORTH WEST REGION",-37.77399536,144.9609522,"Dry","Not known"
"T20190019611","16/9/19",04:25:00,"collision with some other object","Monday","Dark No street lights",1,2,"Not at intersection",3,80,"CARDINIA","METROPOLITAN SOUTH EAST REGION",-37.88481864,145.5319686,"Dry","Clear"
"T20190019611","16/9/19",04:25:00,"collision with some other object","Monday","Dark No street lights",1,2,"Not at intersection",3,80,"CARDINIA","METROPOLITAN SOUTH EAST REGION",-37.88481864,145.5319686,"Dry","Strong winds"
"T20190019613","4/10/19",14:25:00,"Collision with vehicle","Friday","Day",2,2,"Cross intersection",3,80,"BAYSIDE","METROPOLITAN SOUTH EAST REGION",-37.88627196,144.9989947,"Unknown","Clear"
"T20190019618","8/10/19",08:40:00,"Collision with vehicle","Tuesday","Day",2,3,"Cross intersection",3,60,"GEELONG","SOUTH WESTERN REGION",-38.14663779,144.3352412,"Dry","Clear"
"T20190019622","8/10/19",11:12:00,"Collision with vehicle","Tuesday","Day",2,3,"Cross intersection",3,60,"WELLINGTON","EASTERN REGION",-38.10537421,147.060977,"Wet","Clear"
"T20190019623","8/10/19",10:37:00,"Collision with vehicle","Tuesday","Day",2,3,"T intersection",2,80,"KNOX","METROPOLITAN SOUTH EAST REGION",-37.91127074,145.241182,"Wet","Clear"
"T20190019624","8/10/19",09:49:00,"Collision with vehicle","Tuesday","Day",3,3,"T intersection",3,60,"MELTON","METROPOLITAN NORTH WEST REGION",-37.74457596,144.7283987,"Dry","Clear"
"T20190019625","8/10/19",10:00:00,"Collision with vehicle","Tuesday","Day",2,3,"Cross intersection",3,60,"MORNINGTON PENINSULA","METROPOLITAN SOUTH EAST REGION",-38.37347139,144.9084801,"Dry","Clear"
"T20190019627","7/9/19",11:30:00,"Collision with vehicle","Saturday","Unknown",2,2,"Cross intersection",3,999,"MELTON","METROPOLITAN NORTH WEST REGION",-37.80301821,144.6777182,"Unknown","Not known"
"T20190019628","8/10/19",11:30:00,"Collision with vehicle","Tuesday","Day",2,3,"Not at intersection",3,60,"CASEY","METROPOLITAN SOUTH EAST REGION",-38.00164592,145.293147,"Wet","Not known"
"T20190019629","4/10/19",16:30:00,"Vehicle overturned (no collision)","Friday","Day",1,1,"T intersection",3,60,"STONNINGTON","METROPOLITAN SOUTH EAST REGION",-37.8538306,145.047116,"Wet","Raining"
"T20190019630","5/10/19",10:00:00,"Collision with vehicle","Saturday","Unknown",2,2,"Not at intersection",3,999,"BRIMBANK","METROPOLITAN NORTH WEST REGION",-37.78156878,144.7909397,"Unknown","Not known"
"T20190019631","8/10/19",11:30:00,"Collision with vehicle","Tuesday","Day",2,3,"Cross intersection",3,50,"CAMPASPE","NORTHERN REGION",-36.36036689,144.6990021,"Dry","Clear"
"T20190019632","8/10/19",11:30:00,"Collision with vehicle","Tuesday","Day",2,2,"Not at intersection",2,60,"EAST GIPPSLAND","EASTERN REGION",-37.88157905,147.9644602,"Wet","Raining"
"T20190019635","8/10/19",10:58:00,"Collision with a fixed object","Tuesday","Day",1,1,"Not at intersection",3,100,"CENTRAL GOLDFIELDS","WESTERN REGION",-37.13590069,143.7090463,"Dry","Clear"
"T20190019638","8/10/19",08:17:00,"Collision with vehicle","Tuesday","Day",2,2,"Not at intersection",3,60,"MARIBYRNONG","METROPOLITAN NORTH WEST REGION",-37.79532736,144.9089541,"Wet","Clear"
"T20190019642","5/10/19",18:00:00,"Collision with vehicle","Saturday","Dusk/Dawn",2,3,"Cross intersection",3,60,"CASEY","METROPOLITAN SOUTH EAST REGION",-38.0402811,145.3421447,"Dry","Clear"
"T20190019644","24/9/19",16:20:00,"Collision with vehicle","Tuesday","Day",3,4,"Not at intersection",3,80,"KINGSTON","METROPOLITAN SOUTH EAST REGION",-38.0240099,145.1266624,"Dry","Clear"
"T20190019646","26/9/19",15:40:00,"Collision with vehicle","Thursday","Day",2,2,"Unknown",3,70,"BRIMBANK","METROPOLITAN NORTH WEST REGION",-37.72737187,144.7803783,"Unknown","Clear"
"T20190019649","31/8/19",00:35:00,"Struck animal","Saturday","Dark No street lights",1,2,"Not at intersection",3,50,"BENDIGO","NORTHERN REGION",-36.79273154,144.2545183,"Unknown","Not known"
"T20190019652","8/10/19",13:25:00,"Collision with vehicle","Tuesday","Day",3,4,"Not at intersection",3,80,"HUME","METROPOLITAN NORTH WEST REGION",-37.65965143,144.9540324,"Dry","Clear"
"T20190019653","5/10/19",12:30:00,"collision with some other object","Saturday","Day",1,1,"Not at intersection",3,30,"MANSFIELD","NORTH EASTERN REGION",-37.36514339,146.0587521,"Unknown","Clear"
"T20190019654","4/10/19",11:30:00,"Collision with vehicle","Friday","Day",2,2,"Multiple intersection",3,60,"GEELONG","SOUTH WESTERN REGION",-38.16352494,144.3729388,"Dry","Clear"
"T20190019656","8/10/19",14:35:00,"Collision with vehicle","Tuesday","Day",2,2,"Not at intersection",3,40,"GEELONG","SOUTH WESTERN REGION",-38.13367051,144.3377232,"Dry","Clear"
"T20190019659","8/10/19",12:45:00,"Collision with vehicle","Tuesday","Day",2,3,"Not at intersection",3,60,"YARRA","METROPOLITAN NORTH WEST REGION",-37.78208263,145.0251076,"Dry","Clear"
"T20190019660","8/10/19",13:50:00,"Collision with a fixed object","Tuesday","Day",1,1,"Not at intersection",3,100,"EAST GIPPSLAND","EASTERN REGION",-37.07117868,147.6035438,"Wet","Raining"
"T20190019661","8/10/19",15:39:00,"Collision with vehicle","Tuesday","Day",2,2,"Not at intersection",3,80,"MELBOURNE","METROPOLITAN NORTH WEST REGION",-37.8259211,144.9352549,"Wet","Clear"
"T20190019662","8/10/19",17:15:00,"Collision with vehicle","Tuesday","Day",2,2,"Cross intersection",3,50,"MARIBYRNONG","METROPOLITAN NORTH WEST REGION",-37.80325902,144.8923933,"Dry","Clear"
"T20190019663","8/10/19",14:45:00,"Collision with vehicle","Tuesday","Day",2,3,"T intersection",3,80,"FRANKSTON","METROPOLITAN SOUTH EAST REGION",-38.10732994,145.1644199,"Wet","Raining"
"T20190019664","8/10/19",17:45:00,"Collision with vehicle","Tuesday","Day",2,5,"T intersection",3,60,"CASEY","METROPOLITAN SOUTH EAST REGION",-38.1127158,145.2807568,"Dry","Clear"
"T20190019665","8/10/19",13:50:00,"Collision with vehicle","Tuesday","Day",3,3,"Unknown",3,80,"KINGSTON","METROPOLITAN SOUTH EAST REGION",-38.0258807,145.1330469,"Dry","Clear"
"T20190019666","8/10/19",16:00:00,"Collision with vehicle","Tuesday","Day",2,3,"T intersection",3,80,"DANDENONG","METROPOLITAN SOUTH EAST REGION",-37.9923621,145.158195,"Dry","Clear"
"T20190019667","8/10/19",13:18:00,"Collision with vehicle","Tuesday","Day",2,6,"T intersection",3,50,"HUME","METROPOLITAN NORTH WEST REGION",-37.57395188,144.9088439,"Wet","Clear"
"T20190019668","8/10/19",15:27:00,"Collision with vehicle","Tuesday","Day",2,2,"Cross intersection",3,60,"WYNDHAM","METROPOLITAN NORTH WEST REGION",-37.81877399,144.8191125,"Dry","Clear"
"T20190019670","8/10/19",16:00:00,"Collision with vehicle","Tuesday","Day",2,4,"Not at intersection",3,70,"WHITTLESEA","METROPOLITAN NORTH WEST REGION",-37.59833653,145.0766092,"Dry","Clear"
"T20190019674","8/10/19",18:48:00,"Collision with vehicle","Tuesday","Day",2,2,"T intersection",3,80,"KNOX","METROPOLITAN SOUTH EAST REGION",-37.91127074,145.241182,"Dry","Clear"
"T20190019675","8/10/19",16:00:00,"Collision with vehicle","Tuesday","Day",2,2,"T intersection",3,60,"BRIMBANK","METROPOLITAN NORTH WEST REGION",-37.75806738,144.8322158,"Dry","Clear"
"T20190019676","8/10/19",19:15:00,"Collision with a fixed object","Tuesday","Dusk/Dawn",1,1,"Cross intersection",2,50,"BENDIGO","NORTHERN REGION",-36.72218076,144.2645393,"Dry","Clear"
"T20190019680","8/10/19",19:40:00,"Collision with vehicle","Tuesday","Dark Street lights on",2,3,"Cross intersection",3,60,"MONASH","METROPOLITAN SOUTH EAST REGION",-37.93499046,145.1716142,"Dry","Clear"
"T20190019683","8/10/19",21:25:00,"Collision with vehicle","Tuesday","Dark Street lights on",2,3,"Not at intersection",3,60,"PORT PHILLIP","METROPOLITAN NORTH WEST REGION",-37.88163889,144.9957552,"Wet","Raining"
"T20190019684","23/6/19",20:30:00,"Collision with vehicle","Sunday","Dark Street lights on",2,2,"Cross intersection",3,60,"BOROONDARA","METROPOLITAN SOUTH EAST REGION",-37.77964595,145.0786925,"Dry","Clear"
"T20190019687","9/10/19",00:49:00,"Struck animal","Wednesday","Dark Street lights on",1,1,"Not at intersection",3,80,"BENDIGO","NORTHERN REGION",-36.82089551,144.2375845,"Dry","Clear"
"T20190019688","8/10/19",23:40:00,"Collision with a fixed object","Tuesday","Dark Street lights on",1,1,"Not at intersection",3,50,"WODONGA","NORTH EASTERN REGION",-36.1309886,146.8841339,"Dry","Clear"
"T20190019689","9/10/19",03:22:00,"Collision with a fixed object","Wednesday","Dark Street lights on",1,1,"Cross intersection",3,60,"BOROONDARA","METROPOLITAN SOUTH EAST REGION",-37.79261072,145.0704822,"Wet","Raining"
"T20190019690","20/6/19",15:45:00,"Collision with vehicle","Thursday","Day",2,2,"Not at intersection",3,999,"WHITTLESEA","METROPOLITAN NORTH WEST REGION",-37.65618239,145.0798277,"Dry","Clear"
"T20190019693","23/9/19",07:55:00,"Collision with vehicle","Monday","Day",2,3,"Cross intersection",3,60,"MELTON","METROPOLITAN NORTH WEST REGION",-37.68814772,144.5674438,"Dry","Clear"
"T20190019694","9/10/19",06:30:00,"Collision with a fixed object","Wednesday","Dusk/Dawn",1,1,"Not at intersection",3,100,"BALLARAT","WESTERN REGION",-37.5259848,143.7463391,"Dry","Clear"
"T20190019698","9/10/19",07:45:00,"Collision with vehicle","Wednesday","Dusk/Dawn",2,2,"Not at intersection",3,60,"MOONEE VALLEY","METROPOLITAN NORTH WEST REGION",-37.77246526,144.9229956,"Wet","Raining"
"T20190019700","9/10/19",08:35:00,"Collision with vehicle","Wednesday","Day",2,2,"Not at intersection",3,60,"KINGSTON","METROPOLITAN SOUTH EAST REGION",-38.00884668,145.1036674,"Dry","Clear"
"T20190019701","3/10/19",14:00:00,"Collision with vehicle","Thursday","Day",2,2,"Not at intersection",3,70,"GEELONG","SOUTH WESTERN REGION",-38.17821901,144.3515836,"Dry","Clear"
"T20190019702","9/10/19",08:40:00,"Collision with a fixed object","Wednesday","Day",1,2,"Not at intersection",3,888,"HUME","METROPOLITAN NORTH WEST REGION",-37.68323026,144.9150851,"Wet","Raining"
"T20190019705","9/10/19",07:50:00,"Collision with vehicle","Wednesday","Day",2,2,"Cross intersection",3,999,"FRANKSTON","METROPOLITAN SOUTH EAST REGION",-38.08799143,145.1999621,"Dry","Not known"
"T20190019707","23/9/19",23:35:00,"Struck animal","Monday","Dark No street lights",1,1,"Not at intersection",3,80,"GEELONG","SOUTH WESTERN REGION",-38.04130661,144.3566527,"Dry","Clear"
"T20190019708","5/9/19",10:50:00,"Collision with vehicle","Thursday","Day",2,2,"Cross intersection",3,60,"MONASH","METROPOLITAN SOUTH EAST REGION",-37.89491938,145.1300373,"Dry","Clear"
"T20190019709","7/10/19",17:00:00,"Collision with vehicle","Monday","Day",2,3,"Not at intersection",3,50,"KINGSTON","METROPOLITAN SOUTH EAST REGION",-37.92860204,145.1015442,"Dry","Clear"
"T20190019720","9/10/19",08:24:00,"Collision with vehicle","Wednesday","Day",2,2,"Not at intersection",1,100,"YARRA RANGES","METROPOLITAN SOUTH EAST REGION",-37.77005121,145.4247919,"Wet","Not known"
"T20190019721","3/10/19",15:49:00,"Collision with vehicle","Thursday","Day",2,4,"Cross intersection",3,50,"BANYULE","METROPOLITAN NORTH WEST REGION",-37.76267618,145.0411796,"Dry","Clear"
"T20190019723","9/10/19",12:26:00,"Collision with a fixed object","Wednesday","Day",1,1,"Not at intersection",3,100,"MACEDON RANGES","NORTHERN REGION",-37.34778852,144.6049417,"Wet","Clear"
"T20190019726","9/10/19",09:42:00,"Collision with vehicle","Wednesday","Day",2,2,"Cross intersection",3,999,"WYNDHAM","METROPOLITAN NORTH WEST REGION",-37.85260651,144.6684325,"Dry","Clear"
"T20190019727","9/10/19",11:30:00,"Collision with a fixed object","Wednesday","Day",1,1,"Not at intersection",3,80,"MITCHELL","NORTHERN REGION",-37.08363808,144.7324705,"Dry","Clear"
"T20190019728","3/10/19",15:14:00,"Collision with vehicle","Thursday","Day",2,5,"Not at intersection",3,70,"MANNINGHAM","METROPOLITAN SOUTH EAST REGION",-37.78333946,145.1240324,"Dry","Clear"
"T20190019729","9/10/19",10:05:00,"Collision with vehicle","Wednesday","Day",2,1,"Not at intersection",3,50,"GLEN EIRA","METROPOLITAN SOUTH EAST REGION",-37.92866637,145.0666098,"Dry","Clear"
"T20190019733","9/10/19",12:45:00,"Collision with a fixed object","Wednesday","Day",1,1,"Not at intersection",3,100,"MURRINDINDI","NORTH EASTERN REGION",-37.32914862,145.4534033,"Dry","Clear"
"T20190019734","4/10/19",19:15:00,"Collision with vehicle","Friday","Unknown",2,2,"Cross intersection",3,999,"DAREBIN","METROPOLITAN NORTH WEST REGION",-37.76523661,145.0086009,"Unknown","Not known"
"T20190019735","9/10/19",13:15:00,"Collision with a fixed object","Wednesday","Day",1,4,"T intersection",3,80,"BRIMBANK","METROPOLITAN NORTH WEST REGION",-37.79897028,144.7891975,"Dry","Clear"
"T20190019736","6/10/19",16:50:00,"Collision with vehicle","Sunday","Day",3,3,"Cross intersection",3,50,"DAREBIN","METROPOLITAN NORTH WEST REGION",-37.77082891,145.0115051,"Dry","Clear"
"T20190019738","9/10/19",12:20:00,"Collision with vehicle","Wednesday","Day",2,2,"Cross intersection",3,60,"WODONGA","NORTH EASTERN REGION",-36.11484639,146.8686262,"Dry","Clear"
"T20190019739","9/10/19",13:10:00,"Collision with a fixed object","Wednesday","Day",2,3,"Not at intersection",3,110,"MELTON","METROPOLITAN NORTH WEST REGION",-37.69568397,144.6064226,"Dry","Clear"
"T20190019740","9/10/19",14:39:00,"Collision with vehicle","Wednesday","Day",2,2,"T intersection",3,60,"BOROONDARA","METROPOLITAN SOUTH EAST REGION",-37.83382429,145.0779855,"Dry","Clear"
"T20190019741","3/10/19",15:30:00,"Collision with vehicle","Thursday","Day",3,3,"T intersection",3,999,"KINGSTON","METROPOLITAN SOUTH EAST REGION",-37.93164211,145.080965,"Unknown","Not known"
"T20190019742","8/10/19",17:30:00,"Collision with vehicle","Tuesday","Day",2,2,"T intersection",3,60,"YARRA","METROPOLITAN NORTH WEST REGION",-37.80235543,144.986794,"Unknown","Clear"
"T20190019744","9/10/19",14:40:00,"Collision with vehicle","Wednesday","Day",2,3,"T intersection",2,40,"MELBOURNE","METROPOLITAN NORTH WEST REGION",-37.810374,144.9725895,"Dry","Clear"
"T20190019746","15/9/19",13:00:00,"Vehicle overturned (no collision)","Sunday","Day",1,2,"Cross intersection",3,999,"GLENELG","SOUTH WESTERN REGION",-38.21214517,141.4367051,"Wet","Not known"
"T20190019746","15/9/19",13:00:00,"Vehicle overturned (no collision)","Sunday","Day",1,2,"Cross intersection",3,999,"GLENELG","SOUTH WESTERN REGION",-38.21214517,141.4367051,"Muddy","Not known"
"T20190019747","9/10/19",15:26:00,"Collision with vehicle","Wednesday","Day",2,2,"T intersection",3,80,"YARRA RANGES","METROPOLITAN SOUTH EAST REGION",-37.90571964,145.3050169,"Dry","Clear"
"T20190019749","9/10/19",16:38:00,"Collision with a fixed object","Wednesday","Day",1,1,"Not at intersection",3,100,"BENDIGO","NORTHERN REGION",-36.75282645,144.1301341,"Dry","Clear"
"T20190019750","1/10/19",10:30:00,"Collision with vehicle","Tuesday","Day",2,2,"Cross intersection",3,999,"GLEN EIRA","METROPOLITAN SOUTH EAST REGION",-37.87565999,145.0395934,"Unknown","Not known"
"T20190019751","9/10/19",16:15:00,"Collision with vehicle","Wednesday","Day",4,6,"Not at intersection",3,999,"MARIBYRNONG","METROPOLITAN NORTH WEST REGION",-37.76973607,144.8986313,"Dry","Clear"
"T20190019753","9/10/19",14:39:00,"Collision with vehicle","Wednesday","Day",2,2,"Not at intersection",3,40,"MORELAND","METROPOLITAN NORTH WEST REGION",-37.77003484,144.9616138,"Dry","Clear"
"T20190019756","7/9/19",01:54:00,"Collision with vehicle","Saturday","Dark Street lights on",2,1,"T intersection",3,50,"WHITTLESEA","METROPOLITAN NORTH WEST REGION",-37.68188998,145.0049355,"Dry","Clear"
"T20190019758","8/10/19",08:35:00,"Collision with vehicle","Tuesday","Day",2,2,"T intersection",3,999,"BRIMBANK","METROPOLITAN NORTH WEST REGION",-37.73047104,144.821952,"Unknown","Not known"
"T20190019761","2/10/19",21:20:00,"Collision with vehicle","Wednesday","Dark Street lights on",2,2,"Cross intersection",3,60,"BALLARAT","WESTERN REGION",-37.58521304,143.8408688,"Dry","Clear"
"T20190019763","5/9/19",17:10:00,"Collision with vehicle","Thursday","Unknown",2,2,"T intersection",3,999,"DAREBIN","METROPOLITAN NORTH WEST REGION",-37.69891603,144.990113,"Unknown","Not known"
"T20190019765","9/10/19",18:20:00,"Collision with vehicle","Wednesday","Day",2,3,"T intersection",3,60,"MELBOURNE","METROPOLITAN NORTH WEST REGION",-37.82381161,144.9239765,"Dry","Clear"
"T20190019766","9/10/19",14:19:00,"Collision with vehicle","Wednesday","Day",2,4,"Not at intersection",3,60,"WYNDHAM","METROPOLITAN NORTH WEST REGION",-37.85126415,144.7140111,"Dry","Clear"
"T20190019768","9/10/19",20:50:00,"Collision with vehicle","Wednesday","Dark Street lights on",2,4,"Cross intersection",3,50,"PORT PHILLIP","METROPOLITAN NORTH WEST REGION",-37.85992863,145.0070095,"Dry","Clear"
"T20190019769","9/10/19",20:20:00,"Collision with a fixed object","Wednesday","Dark No street lights",1,2,"Not at intersection",3,60,"YARRA RANGES","METROPOLITAN SOUTH EAST REGION",-37.7676464,145.4666144,"Dry","Clear"
"T20190019775","9/10/19",19:37:00,"Collision with vehicle","Wednesday","Dusk/Dawn",2,6,"Cross intersection",3,70,"WHITTLESEA","METROPOLITAN NORTH WEST REGION",-37.63768009,145.0263649,"Dry","Clear"
"T20190019779","9/10/19",22:20:00,"Collision with a fixed object","Wednesday","Dark No street lights",1,2,"Not at intersection",3,999,"SWAN HILL","NORTHERN REGION",-35.51524514,143.1991984,"Dry","Not known"
"T20190019781","9/10/19",19:20:00,"Collision with vehicle","Wednesday","Day",2,2,"Cross intersection",3,60,"MORELAND","METROPOLITAN NORTH WEST REGION",-37.77070703,144.979676,"Dry","Clear"
"T20190019784","1/10/19",12:56:00,"Collision with vehicle","Tuesday","Day",2,3,"Cross intersection",3,80,"MAROONDAH","METROPOLITAN SOUTH EAST REGION",-37.81100524,145.2373717,"Dry","Not known"
"T20190019785","9/10/19",23:18:00,"Collision with a fixed object","Wednesday","Dark Street lights on",2,5,"Not at intersection",3,70,"WARRNAMBOOL","SOUTH WESTERN REGION",-38.35847091,142.4453969,"Dry","Clear"
"T20190019787","18/9/19",16:08:00,"Collision with vehicle","Wednesday","Day",3,3,"T intersection",3,60,"MOONEE VALLEY","METROPOLITAN NORTH WEST REGION",-37.75404166,144.8904348,"Dry","Clear"
"T20190019789","7/10/19",14:11:00,"Struck Pedestrian","Monday","Day",1,2,"Cross intersection",3,60,"BAYSIDE","METROPOLITAN SOUTH EAST REGION",-37.89757891,145.0054293,"Dry","Clear"
"T20190019790","10/10/19",06:55:00,"Collision with vehicle","Thursday","Dusk/Dawn",2,2,"Not at intersection",3,100,"BRIMBANK","METROPOLITAN NORTH WEST REGION",-37.7473815,144.8371439,"Wet","Raining"
"T20190019795","10/10/19",07:20:00,"Collision with vehicle","Thursday","Day",2,2,"Cross intersection",3,60,"BAYSIDE","METROPOLITAN SOUTH EAST REGION",-37.89935942,145.0027227,"Dry","Clear"
"T20190019796","10/10/19",06:30:00,"Struck animal","Thursday","Day",1,1,"Not at intersection",3,80,"NILLUMBIK","METROPOLITAN NORTH WEST REGION",-37.62170488,145.1701817,"Dry","Clear"
"T20190019798","24/9/19",10:00:00,"Collision with vehicle","Tuesday","Day",2,3,"Not at intersection",3,50,"MELBOURNE","METROPOLITAN NORTH WEST REGION",-37.81931078,144.9533209,"Dry","Clear"