"ACCIDENT_NO","ACCIDENTDATE","ACCIDENTTIME","Accident Type Desc","Day Week Description","Light Condition Desc","NO_OF_VEHICLES","NO_PERSONS","Road Geometry Desc","SEVERITY","SPEED_ZONE","LGA_NAME","REGION_NAME","Lat","Long","Surface Cond Desc","Atmosph Cond Desc"
"T20190019800","9/10/19",15:50:00,"Collision with vehicle","Wednesday","Day",2,2,"T intersection",3,50,"WHITTLESEA","METROPOLITAN NORTH WEST REGION",-37.60935691,145.0395533,"Dry","Clear"
"T20190019801","10/10/19",09:50:00,"Collision with vehicle","Thursday","Day",2,2,"Not at intersection",3,50,"MELBOURNE","METROPOLITAN NORTH WEST REGION",-37.81862036,144.9479843,"Wet","Clear"
"T20190019802","8/10/19",13:00:00,"Collision with vehicle","Tuesday","Day",2,2,"T intersection",3,80,"MONASH","METROPOLITAN SOUTH EAST REGION",-37.92198557,145.139079,"Dry","Clear"
"T20190019803","28/6/19",15:20:00,"Collision with vehicle","Friday","Day",4,3,"Not at intersection",3,100,"MONASH","METROPOLITAN SOUTH EAST REGION",-37.88831701,145.1137478,"Dry","Not known"
"T20190019805","10/10/19",08:55:00,"Collision with vehicle","Thursday","Day",3,2,"T intersection",3,60,"MELBOURNE","METROPOLITAN NORTH WEST REGION",-37.79517658,144.9366243,"Dry","Clear"
"T20190019806","10/10/19",10:20:00,"Collision with vehicle","Thursday","Day",3,5,"T intersection",3,60,"CARDINIA","METROPOLITAN SOUTH EAST REGION",-38.05959342,145.3887052,"Dry","Clear"
"T20190019808","8/10/19",15:45:00,"Collision with vehicle","Tuesday","Day",3,3,"Not at intersection",3,60,"WHITTLESEA","METROPOLITAN NORTH WEST REGION",-37.62550018,145.0283709,"Dry","Clear"
"T20190019809","14/6/19",17:50:00,"Collision with vehicle","Friday","Dark Street lights on",4,4,"Not at intersection",3,70,"MONASH","METROPOLITAN SOUTH EAST REGION",-37.87644056,145.1857081,"Wet","Raining"
"T20190019810","8/10/19",15:25:00,"Collision with vehicle","Tuesday","Day",2,2,"T intersection",3,999,"BRIMBANK","METROPOLITAN NORTH WEST REGION",-37.70165673,144.7614203,"Dry","Clear"
"T20190019811","10/10/19",06:42:00,"Collision with vehicle","Thursday","Dusk/Dawn",3,4,"Cross intersection",3,100,"MELTON","METROPOLITAN NORTH WEST REGION",-37.78078264,144.7476533,"Wet","Clear"
"T20190019812","10/10/19",12:45:00,"Collision with vehicle","Thursday","Day",2,3,"T intersection",3,50,"BALLARAT","WESTERN REGION",-37.57667749,143.8206025,"Dry","Clear"
"T20190019815","10/10/19",08:35:00,"Collision with vehicle","Thursday","Day",2,5,"Cross intersection",3,60,"GEELONG","SOUTH WESTERN REGION",-38.0853518,144.3364511,"Dry","Clear"
"T20190019816","8/10/19",16:40:00,"Collision with vehicle","Tuesday","Unknown",3,4,"Cross intersection",3,999,"MONASH","METROPOLITAN SOUTH EAST REGION",-37.92377842,145.1199943,"Unknown","Not known"
"T20190019818","10/10/19",09:37:00,"Struck Pedestrian","Thursday","Day",1,3,"T intersection",3,70,"MONASH","METROPOLITAN SOUTH EAST REGION",-37.87834655,145.1660739,"Unknown","Not known"
"T20190019821","10/10/19",11:45:00,"Collision with vehicle","Thursday","Day",2,2,"T intersection",3,70,"MANNINGHAM","METROPOLITAN SOUTH EAST REGION",-37.78751131,145.1481476,"Dry","Clear"
"T20190019822","10/10/19",10:50:00,"Collision with vehicle","Thursday","Day",2,2,"T intersection",3,60,"BOROONDARA","METROPOLITAN SOUTH EAST REGION",-37.85024103,145.0940337,"Dry","Clear"
"T20190019824","10/10/19",12:00:00,"Collision with vehicle","Thursday","Day",2,4,"Cross intersection",3,80,"MAROONDAH","METROPOLITAN SOUTH EAST REGION",-37.79778613,145.2539985,"Dry","Clear"
"T20190019830","10/10/19",09:35:00,"Collision with a fixed object","Thursday","Day",1,1,"Not at intersection",3,60,"MELTON","METROPOLITAN NORTH WEST REGION",-37.72389305,144.7497011,"Dry","Clear"
"T20190019831","29/8/19",18:44:00,"Collision with vehicle","Thursday","Dark Street lights unknown",2,3,"Cross intersection",3,60,"BALLARAT","WESTERN REGION",-37.58226056,143.8408747,"Unknown","Not known"
"T20190019834","10/10/19",05:45:00,"Struck Pedestrian","Thursday","Dark Street lights on",1,2,"Not at intersection",1,60,"GEELONG","SOUTH WESTERN REGION",-38.08510671,144.3483715,"Dry","Clear"
"T20190019838","23/6/19",17:30:00,"Vehicle overturned (no collision)","Sunday","Unknown",1,1,"Cross intersection",3,999,"DANDENONG","METROPOLITAN SOUTH EAST REGION",-37.94570031,145.2178466,"Unknown","Not known"
"T20190019841","7/10/19",15:10:00,"Collision with vehicle","Monday","Day",2,2,"Cross intersection",3,80,"GLENELG","SOUTH WESTERN REGION",-38.32367111,141.5978455,"Dry","Clear"
"T20190019845","19/7/19",17:42:00,"Collision with vehicle","Friday","Day",2,2,"Not at intersection",3,60,"MELTON","METROPOLITAN NORTH WEST REGION",-37.72238531,144.7380983,"Dry","Clear"
"T20190019846","10/10/19",14:40:00,"Collision with vehicle","Thursday","Day",2,2,"Multiple intersection",3,60,"PORT PHILLIP","METROPOLITAN NORTH WEST REGION",-37.85786178,144.9831011,"Dry","Clear"
"T20190019848","10/10/19",12:00:00,"Collision with vehicle","Thursday","Day",2,2,"Not at intersection",3,60,"BOROONDARA","METROPOLITAN SOUTH EAST REGION",-37.86729742,145.0926428,"Dry","Clear"
"T20190019849","10/10/19",12:30:00,"Collision with a fixed object","Thursday","Day",1,1,"Multiple intersection",3,100,"CARDINIA","METROPOLITAN SOUTH EAST REGION",-38.07054501,145.5614504,"Dry","Clear"
"T20190019850","10/10/19",14:00:00,"Collision with a fixed object","Thursday","Day",1,1,"Not at intersection",2,100,"STRATHBOGIE","NORTH EASTERN REGION",-36.82054673,145.661908,"Dry","Clear"
"T20190019851","10/10/19",12:06:00,"Collision with vehicle","Thursday","Day",2,3,"Cross intersection",3,100,"ARARAT","WESTERN REGION",-37.57319768,143.1533183,"Dry","Clear"
"T20190019853","7/10/19",16:00:00,"Collision with vehicle","Monday","Day",2,2,"T intersection",3,60,"GEELONG","SOUTH WESTERN REGION",-38.17184096,144.3129719,"Dry","Clear"
"T20190019854","10/10/19",15:05:00,"Collision with vehicle","Thursday","Day",2,3,"Not at intersection",3,40,"PORT PHILLIP","METROPOLITAN NORTH WEST REGION",-37.85777013,144.9807651,"Dry","Clear"
"T20190019856","20/8/19",14:00:00,"Collision with vehicle","Tuesday","Day",2,3,"Cross intersection",3,70,"BRIMBANK","METROPOLITAN NORTH WEST REGION",-37.77899988,144.8470569,"Icy","Clear"
"T20190019857","10/10/19",15:52:00,"Collision with vehicle","Thursday","Day",2,2,"Cross intersection",3,60,"BAYSIDE","METROPOLITAN SOUTH EAST REGION",-37.89832383,144.9943115,"Dry","Clear"
"T20190019858","20/9/19",16:30:00,"Vehicle overturned (no collision)","Friday","Day",1,1,"Multiple intersection",3,999,"NORTHERN GRAMPIANS","WESTERN REGION",-36.69366991,142.7724311,"Dry","Clear"
"T20190019860","26/9/19",06:20:00,"Collision with vehicle","Thursday","Day",2,2,"Cross intersection",3,60,"WYNDHAM","METROPOLITAN NORTH WEST REGION",-37.85272441,144.7312715,"Dry","Not known"
"T20190019861","10/10/19",16:40:00,"Collision with vehicle","Thursday","Day",2,3,"T intersection",3,80,"MURRINDINDI","NORTH EASTERN REGION",-37.47608041,145.2365774,"Dry","Clear"
"T20190019863","31/8/19",17:30:00,"Vehicle overturned (no collision)","Saturday","Dusk/Dawn",1,1,"Not at intersection",3,999,"NORTHERN GRAMPIANS","WESTERN REGION",-36.59809738,143.3068733,"Dry","Not known"
"T20190019864","1/10/19",14:45:00,"Collision with vehicle","Tuesday","Unknown",3,3,"T intersection",3,999,"KINGSTON","METROPOLITAN SOUTH EAST REGION",-37.97117036,145.1026996,"Unknown","Not known"
"T20190019867","19/9/19",14:00:00,"Vehicle overturned (no collision)","Thursday","Day",1,1,"Not at intersection",3,100,"LATROBE","EASTERN REGION",-38.0746644,146.5627166,"Unknown","Not known"
"T20190019868","10/10/19",16:00:00,"No collision and no object struck","Thursday","Day",2,1,"T intersection",3,50,"BOROONDARA","METROPOLITAN SOUTH EAST REGION",-37.78617279,145.0964119,"Dry","Clear"
"T20190019870","10/10/19",16:20:00,"Collision with vehicle","Thursday","Unknown",2,3,"Cross intersection",3,999,"BENDIGO","NORTHERN REGION",-36.77094866,144.278538,"Unknown","Clear"
"T20190019871","10/10/19",19:18:00,"Collision with vehicle","Thursday","Day",2,2,"T intersection",3,60,"MORELAND","METROPOLITAN NORTH WEST REGION",-37.75182691,144.9333721,"Dry","Clear"
"T20190019873","10/10/19",18:40:00,"Collision with vehicle","Thursday","Day",2,2,"Not at intersection",3,40,"STONNINGTON","METROPOLITAN SOUTH EAST REGION",-37.84328032,145.0271455,"Dry","Clear"
"T20190019874","10/10/19",18:29:00,"Collision with vehicle","Thursday","Day",2,3,"Not at intersection",3,60,"MONASH","METROPOLITAN SOUTH EAST REGION",-37.87267729,145.1108266,"Dry","Clear"
"T20190019877","10/10/19",15:22:00,"Collision with vehicle","Thursday","Day",2,3,"Not at intersection",1,100,"HUME","METROPOLITAN NORTH WEST REGION",-37.60219128,144.7646182,"Dry","Clear"
"T20190019878","10/10/19",21:20:00,"Collision with a fixed object","Thursday","Dark Street lights on",1,1,"Cross intersection",3,50,"WHITEHORSE","METROPOLITAN SOUTH EAST REGION",-37.82632759,145.1781608,"Dry","Clear"
"T20190019880","10/10/19",18:15:00,"Collision with vehicle","Thursday","Dusk/Dawn",3,2,"Not at intersection",3,50,"CASEY","METROPOLITAN SOUTH EAST REGION",-38.09916092,145.2879407,"Dry","Clear"
"T20190019881","10/10/19",18:00:00,"Collision with vehicle","Thursday","Day",2,2,"T intersection",3,60,"BOROONDARA","METROPOLITAN SOUTH EAST REGION",-37.80731093,145.0274382,"Dry","Clear"
"T20190019882","10/10/19",22:30:00,"Struck Pedestrian","Thursday","Dark Street lights on",1,2,"Cross intersection",3,60,"MORELAND","METROPOLITAN NORTH WEST REGION",-37.73594861,144.9828387,"Dry","Clear"
"T20190019883","10/10/19",22:20:00,"Collision with vehicle","Thursday","Dark Street lights on",2,1,"Not at intersection",3,60,"DAREBIN","METROPOLITAN NORTH WEST REGION",-37.73719062,145.012322,"Dry","Clear"
"T20190019884","10/10/19",23:25:00,"Collision with vehicle","Thursday","Dark Street lights on",3,2,"T intersection",2,60,"BAYSIDE","METROPOLITAN SOUTH EAST REGION",-37.89918199,145.0013383,"Dry","Clear"
"T20190019885","10/10/19",00:05:00,"Collision with a fixed object","Thursday","Dark Street lights on",1,2,"Cross intersection",3,60,"HUME","METROPOLITAN NORTH WEST REGION",-37.58412371,144.9403959,"Wet","Raining"
"T20190019886","11/10/19",00:54:00,"Collision with a fixed object","Friday","Dark No street lights",1,1,"Not at intersection",3,100,"SHEPPARTON","NORTH EASTERN REGION",-36.41519105,145.5804587,"Dry","Clear"
"T20190019889","11/10/19",00:59:00,"Collision with a fixed object","Friday","Dark No street lights",1,1,"Not at intersection",2,100,"CORANGAMITE","SOUTH WESTERN REGION",-38.45885035,143.0174603,"Dry","Fog"
"T20190019891","5/10/19",08:00:00,"Struck animal","Saturday","Day",1,1,"Not at intersection",3,80,"HUME","METROPOLITAN NORTH WEST REGION",-37.59482506,144.8424319,"Dry","Clear"
"T20190019893","11/10/19",06:50:00,"Collision with vehicle","Friday","Day",2,2,"Cross intersection",2,40,"YARRA","METROPOLITAN NORTH WEST REGION",-37.79895893,144.9842713,"Dry","Clear"
"T20190019896","15/8/19",12:30:00,"Collision with vehicle","Thursday","Day",2,2,"T intersection",3,999,"MONASH","METROPOLITAN SOUTH EAST REGION",-37.86706111,145.1118813,"Unknown","Clear"
"T20190019897","11/10/19",07:50:00,"Collision with vehicle","Friday","Day",3,3,"Not at intersection",3,80,"MORNINGTON PENINSULA","METROPOLITAN SOUTH EAST REGION",-38.23457862,145.1463943,"Dry","Clear"
"T20190019898","7/10/19",03:45:00,"Collision with vehicle","Monday","Dark Street lights on",2,2,"T intersection",3,60,"WYNDHAM","METROPOLITAN NORTH WEST REGION",-37.84572249,144.7807305,"Dry","Clear"
"T20190019899","7/10/19",08:10:00,"Collision with vehicle","Monday","Day",2,2,"T intersection",3,999,"MELBOURNE","METROPOLITAN NORTH WEST REGION",-37.7946316,144.9318422,"Dry","Clear"
"T20190019902","28/9/19",10:00:00,"Vehicle overturned (no collision)","Saturday","Day",1,1,"Not at intersection",3,888,"BAW BAW","EASTERN REGION",-37.89081987,145.9967651,"Unknown","Not known"
"T20190019904","19/9/19",10:45:00,"Collision with vehicle","Thursday","Day",3,3,"Cross intersection",3,60,"HOBSONS BAY","METROPOLITAN NORTH WEST REGION",-37.8312251,144.8482518,"Unknown","Not known"
"T20190019905","30/8/19",16:30:00,"Collision with vehicle","Friday","Dusk/Dawn",2,2,"Cross intersection",3,60,"BRIMBANK","METROPOLITAN NORTH WEST REGION",-37.78867887,144.8315969,"Dry","Clear"
"T20190019906","11/10/19",09:44:00,"Collision with vehicle","Friday","Day",2,2,"Not at intersection",2,60,"FRANKSTON","METROPOLITAN SOUTH EAST REGION",-38.1236098,145.1870919,"Dry","Clear"
"T20190019907","9/10/19",16:05:00,"Collision with vehicle","Wednesday","Day",2,3,"Not at intersection",3,50,"MAROONDAH","METROPOLITAN SOUTH EAST REGION",-37.79893095,145.242141,"Dry","Clear"
"T20190019908","11/10/19",07:52:00,"Collision with a fixed object","Friday","Day",3,3,"Dead end",3,80,"MAROONDAH","METROPOLITAN SOUTH EAST REGION",-37.7826794,145.283913,"Dry","Clear"
"T20190019910","10/5/19",17:00:00,"Collision with vehicle","Friday","Dark Street lights unknown",2,2,"Cross intersection",3,999,"DAREBIN","METROPOLITAN NORTH WEST REGION",-37.72085909,145.0162118,"Dry","Clear"
"T20190019913","11/10/19",12:05:00,"Struck Pedestrian","Friday","Day",1,2,"Cross intersection",3,60,"PORT PHILLIP","METROPOLITAN NORTH WEST REGION",-37.86365977,145.0098942,"Dry","Clear"
"T20190019915","5/8/19",14:25:00,"Collision with vehicle","Monday","Day",2,2,"Cross intersection",3,60,"BALLARAT","WESTERN REGION",-37.58057503,143.844651,"Dry","Clear"
"T20190019917","11/10/19",13:30:00,"Collision with vehicle","Friday","Day",2,2,"Not at intersection",3,80,"YARRA RANGES","METROPOLITAN SOUTH EAST REGION",-37.7751526,145.515828,"Dry","Clear"
"T20190019918","11/10/19",10:00:00,"Collision with vehicle","Friday","Day",2,2,"Not at intersection",3,60,"GEELONG","SOUTH WESTERN REGION",-38.0738725,144.3562814,"Dry","Clear"
"T20190019919","11/10/19",13:19:00,"Vehicle overturned (no collision)","Friday","Day",1,1,"Not at intersection",3,80,"BASS COAST","EASTERN REGION",-38.57941529,145.5740533,"Dry","Clear"
"T20190019922","11/10/19",08:30:00,"Collision with vehicle","Friday","Day",2,2,"Not at intersection",3,80,"WYNDHAM","METROPOLITAN NORTH WEST REGION",-37.79488945,144.6063959,"Dry","Clear"
"T20190019924","11/10/19",11:30:00,"Vehicle overturned (no collision)","Friday","Day",1,1,"Not at intersection",3,888,"CARDINIA","METROPOLITAN SOUTH EAST REGION",-37.89940612,145.5800083,"Dry","Clear"
"T20190019925","11/10/19",14:23:00,"Collision with vehicle","Friday","Day",3,4,"Not at intersection",3,100,"HOBSONS BAY","METROPOLITAN NORTH WEST REGION",-37.8408588,144.793509,"Dry","Clear"
"T20190019927","11/10/19",16:10:00,"Collision with vehicle","Friday","Day",2,3,"T intersection",2,60,"KINGSTON","METROPOLITAN SOUTH EAST REGION",-37.98691995,145.1117265,"Dry","Clear"
"T20190019928","11/10/19",16:08:00,"Collision with vehicle","Friday","Day",3,3,"Not at intersection",3,80,"DANDENONG","METROPOLITAN SOUTH EAST REGION",-38.00425326,145.219258,"Dry","Clear"
"T20190019930","11/10/19",11:45:00,"Struck Pedestrian","Friday","Day",1,2,"T intersection",3,40,"YARRA","METROPOLITAN NORTH WEST REGION",-37.83237284,144.9967393,"Dry","Clear"
"T20190019933","11/10/19",16:36:00,"Vehicle overturned (no collision)","Friday","Day",1,1,"Not at intersection",3,100,"SOUTHERN GRAMPIANS","SOUTH WESTERN REGION",-37.85601689,142.0764848,"Dry","Clear"
"T20190019934","11/10/19",14:57:00,"Collision with vehicle","Friday","Day",4,5,"Not at intersection",3,60,"BANYULE","METROPOLITAN NORTH WEST REGION",-37.71756267,145.0815097,"Dry","Clear"
"T20190019935","9/10/19",08:30:00,"Collision with vehicle","Wednesday","Day",2,2,"T intersection",3,50,"WYNDHAM","METROPOLITAN NORTH WEST REGION",-37.90023327,144.7535606,"Dry","Clear"
"T20190019936","11/10/19",17:56:00,"Collision with vehicle","Friday","Day",2,5,"T intersection",3,60,"CASEY","METROPOLITAN SOUTH EAST REGION",-38.08117552,145.2679628,"Dry","Clear"
"T20190019938","17/9/19",07:56:00,"Collision with vehicle","Tuesday","Day",2,2,"Cross intersection",3,999,"WYNDHAM","METROPOLITAN NORTH WEST REGION",-37.81349875,144.6384246,"Dry","Clear"
"T20190019939","10/10/19",18:30:00,"Collision with vehicle","Thursday","Day",2,2,"Not at intersection",3,80,"MOONEE VALLEY","METROPOLITAN NORTH WEST REGION",-37.73547248,144.8927803,"Dry","Not known"
"T20190019943","11/10/19",16:28:00,"Collision with vehicle","Friday","Day",2,2,"Not at intersection",3,80,"FRANKSTON","METROPOLITAN SOUTH EAST REGION",-38.10125043,145.1868932,"Dry","Clear"
"T20190019945","3/10/19",17:30:00,"Collision with vehicle","Thursday","Day",2,2,"Cross intersection",3,999,"MOONEE VALLEY","METROPOLITAN NORTH WEST REGION",-37.7726156,144.9268726,"Unknown","Not known"
"T20190019946","11/10/19",15:50:00,"Collision with vehicle","Friday","Day",2,2,"Not at intersection",3,50,"MONASH","METROPOLITAN SOUTH EAST REGION",-37.90260826,145.0851029,"Dry","Clear"
"T20190019947","11/10/19",17:15:00,"Collision with vehicle","Friday","Day",2,2,"Cross intersection",3,50,"MOONEE VALLEY","METROPOLITAN NORTH WEST REGION",-37.75165708,144.9115434,"Dry","Clear"
"T20190019951","11/10/19",13:20:00,"Collision with vehicle","Friday","Day",2,3,"Not at intersection",3,50,"STONNINGTON","METROPOLITAN SOUTH EAST REGION",-37.83539106,144.9871322,"Dry","Clear"
"T20190019952","11/10/19",18:15:00,"Fall from or in moving vehicle","Friday","Day",1,1,"Not at intersection",3,999,"YARRA","METROPOLITAN NORTH WEST REGION",-37.80688639,144.9733641,"Dry","Clear"
"T20190019954","11/10/19",19:20:00,"Collision with a fixed object","Friday","Dusk/Dawn",1,1,"Not at intersection",3,60,"MANNINGHAM","METROPOLITAN SOUTH EAST REGION",-37.75543789,145.0960785,"Dry","Not known"
"T20190019955","11/10/19",22:10:00,"Collision with vehicle","Friday","Dark Street lights on",2,2,"T intersection",3,60,"HUME","METROPOLITAN NORTH WEST REGION",-37.62658025,144.932801,"Dry","Clear"
"T20190019958","12/10/19",02:00:00,"Collision with vehicle","Saturday","Dark No street lights",2,4,"Not at intersection",3,80,"HUME","METROPOLITAN NORTH WEST REGION",-37.59053891,144.9421583,"Dry","Clear"
"T20190019962","6/10/19",20:00:00,"Collision with vehicle","Sunday","Dark Street lights on",2,3,"Cross intersection",3,60,"DANDENONG","METROPOLITAN SOUTH EAST REGION",-37.98830738,145.211277,"Dry","Clear"
"T20190019966","12/10/19",07:00:00,"Collision with a fixed object","Saturday","Dusk/Dawn",1,2,"Not at intersection",3,100,"WHITTLESEA","METROPOLITAN NORTH WEST REGION",-37.49322164,145.0258388,"Dry","Clear"
"T20190019968","11/10/19",14:30:00,"Collision with vehicle","Friday","Day",2,3,"Not at intersection",3,60,"NILLUMBIK","METROPOLITAN NORTH WEST REGION",-37.63615809,145.1991053,"Dry","Clear"
"T20190019971","12/10/19",11:00:00,"Collision with a fixed object","Saturday","Day",1,1,"Not at intersection",3,70,"YARRA","METROPOLITAN NORTH WEST REGION",-37.80036936,144.9928988,"Dry","Clear"
"T20190019972","12/10/19",10:35:00,"Vehicle overturned (no collision)","Saturday","Day",2,2,"Not at intersection",3,60,"NILLUMBIK","METROPOLITAN NORTH WEST REGION",-37.59784691,145.2776726,"Dry","Clear"
"T20190019975","12/10/19",09:30:00,"Collision with vehicle","Saturday","Day",2,1,"T intersection",3,60,"NILLUMBIK","METROPOLITAN NORTH WEST REGION",-37.70365926,145.1791413,"Dry","Clear"
"T20190019976","12/10/19",06:55:00,"Collision with vehicle","Saturday","Day",2,4,"Not at intersection",3,80,"MORNINGTON PENINSULA","METROPOLITAN SOUTH EAST REGION",-38.35252659,145.0573413,"Dry","Clear"
"T20190019979","12/10/19",11:57:00,"Collision with vehicle","Saturday","Day",2,3,"Cross intersection",3,80,"CASEY","METROPOLITAN SOUTH EAST REGION",-38.09460791,145.2553286,"Dry","Clear"
"T20190019980","12/10/19",01:50:00,"Collision with vehicle","Saturday","Dark Street lights on",3,4,"Not at intersection",3,40,"MELBOURNE","METROPOLITAN NORTH WEST REGION",-37.8328132,144.9139158,"Unknown","Not known"
"T20190019983","12/10/19",10:18:00,"Collision with vehicle","Saturday","Day",2,2,"Not at intersection",3,100,"SOUTH GIPPSLAND","EASTERN REGION",-38.33487445,146.0821457,"Dry","Clear"
"T20190019983","12/10/19",10:18:00,"Collision with vehicle","Saturday","Day",2,2,"Not at intersection",3,100,"SOUTH GIPPSLAND","EASTERN REGION",-38.33487445,146.0821457,"Dry","Strong winds"
"T20190019984","7/5/19",18:00:00,"Vehicle overturned (no collision)","Tuesday","Dark Street lights unknown",1,1,"Not at intersection",3,60,"KNOX","METROPOLITAN SOUTH EAST REGION",-37.86855633,145.285275,"Unknown","Not known"
"T20190019985","11/10/19",23:30:00,"Collision with a fixed object","Friday","Dark No street lights",1,1,"Not at intersection",3,50,"MOYNE","SOUTH WESTERN REGION",-38.39363836,142.2403489,"Dry","Not known"
"T20190019986","12/10/19",07:05:00,"Collision with vehicle","Saturday","Day",3,1,"Not at intersection",3,60,"KINGSTON","METROPOLITAN SOUTH EAST REGION",-37.94948814,145.0744529,"Dry","Clear"
"T20190019987","12/10/19",13:00:00,"Collision with vehicle","Saturday","Day",2,3,"Not at intersection",3,70,"GEELONG","SOUTH WESTERN REGION",-38.17546736,144.3521265,"Dry","Clear"
"T20190019992","12/10/19",15:05:00,"Fall from or in moving vehicle","Saturday","Day",1,1,"Not at intersection",3,50,"HUME","METROPOLITAN NORTH WEST REGION",-37.63530099,144.9474145,"Dry","Clear"
"T20190019994","12/10/19",14:10:00,"Fall from or in moving vehicle","Saturday","Day",3,4,"Not at intersection",2,70,"YARRA RANGES","METROPOLITAN SOUTH EAST REGION",-37.81278768,145.3350539,"Dry","Clear"
"T20190019995","10/10/19",09:45:00,"Collision with vehicle","Thursday","Day",2,2,"Not at intersection",2,80,"MORNINGTON PENINSULA","METROPOLITAN SOUTH EAST REGION",-38.28196757,145.0322052,"Dry","Clear"
"T20190019996","12/10/19",14:30:00,"Collision with vehicle","Saturday","Day",2,2,"Cross intersection",3,60,"BOROONDARA","METROPOLITAN SOUTH EAST REGION",-37.82524042,145.0445193,"Dry","Clear"
"T20190019997","3/10/19",17:30:00,"Collision with vehicle","Thursday","Day",3,5,"T intersection",2,999,"MANNINGHAM","METROPOLITAN SOUTH EAST REGION",-37.75924637,145.1312477,"Dry","Clear"
"T20190019999","12/10/19",14:20:00,"Collision with vehicle","Saturday","Day",2,5,"T intersection",3,70,"GEELONG","SOUTH WESTERN REGION",-38.05860629,144.3584486,"Dry","Clear"
"T20190020001","7/10/19",16:00:00,"Collision with vehicle","Monday","Day",3,3,"Not at intersection",3,999,"WHITTLESEA","METROPOLITAN NORTH WEST REGION",-37.6935569,144.9991106,"Unknown","Not known"
"T20190020006","12/10/19",16:20:00,"Collision with vehicle","Saturday","Day",5,7,"T intersection",3,80,"HUME","METROPOLITAN NORTH WEST REGION",-37.59191362,144.9424882,"Dry","Clear"
"T20190020009","12/10/19",19:30:00,"Collision with vehicle","Saturday","Day",2,2,"T intersection",3,40,"STONNINGTON","METROPOLITAN SOUTH EAST REGION",-37.84916448,144.9937678,"Dry","Clear"
"T20190020010","12/10/19",13:45:00,"Struck animal","Saturday","Day",1,1,"Not at intersection",2,100,"PYRENEES","WESTERN REGION",-37.16587442,143.2575511,"Dry","Clear"
"T20190020011","12/10/19",18:27:00,"Collision with a fixed object","Saturday","Day",1,1,"Not at intersection",2,50,"LATROBE","EASTERN REGION",-38.20871099,146.5577167,"Dry","Clear"
"T20190020012","11/10/19",19:44:00,"Collision with vehicle","Friday","Dark Street lights on",4,6,"Not at intersection",3,60,"STONNINGTON","METROPOLITAN SOUTH EAST REGION",-37.85802898,145.0109076,"Dry","Not known"
"T20190020013","12/10/19",19:00:00,"Collision with vehicle","Saturday","Dusk/Dawn",2,2,"Not at intersection",3,100,"WHITTLESEA","METROPOLITAN NORTH WEST REGION",-37.54668092,145.0303355,"Dry","Clear"
"T20190020014","5/10/19",16:30:00,"Collision with vehicle","Saturday","Day",2,4,"Cross intersection",3,999,"FRANKSTON","METROPOLITAN SOUTH EAST REGION",-38.16401636,145.1371774,"Dry","Clear"
"T20190020015","11/10/19",15:48:00,"Collision with vehicle","Friday","Day",3,3,"Cross intersection",3,60,"WHITTLESEA","METROPOLITAN NORTH WEST REGION",-37.68953099,145.0273688,"Dry","Clear"
"T20190020016","12/10/19",04:25:00,"collision with some other object","Saturday","Dark No street lights",1,2,"Not at intersection",3,100,"MOIRA","NORTH EASTERN REGION",-35.99903623,145.654576,"Dry","Clear"
"T20190020017","12/10/19",20:00:00,"Collision with vehicle","Saturday","Dark Street lights on",2,2,"Cross intersection",3,80,"CASEY","METROPOLITAN SOUTH EAST REGION",-38.02608034,145.2470825,"Dry","Clear"
"T20190020018","12/10/19",21:53:00,"Collision with vehicle","Saturday","Dark No street lights",2,2,"T intersection",3,60,"BAYSIDE","METROPOLITAN SOUTH EAST REGION",-37.94055337,145.0232825,"Dry","Clear"
"T20190020020","12/10/19",22:15:00,"Collision with vehicle","Saturday","Dark Street lights on",2,4,"Not at intersection",3,70,"MAROONDAH","METROPOLITAN SOUTH EAST REGION",-37.80898904,145.2475323,"Dry","Clear"
"T20190020023","12/10/19",05:45:00,"No collision and no object struck","Saturday","Dark No street lights",3,3,"Not at intersection",3,60,"WYNDHAM","METROPOLITAN NORTH WEST REGION",-37.85368754,144.7639191,"Dry","Clear"
"T20190020024","13/10/19",00:45:00,"Collision with vehicle","Sunday","Dark Street lights on",2,3,"T intersection",3,50,"HOBSONS BAY","METROPOLITAN NORTH WEST REGION",-37.85870071,144.8960517,"Dry","Clear"
"T20190020025","13/10/19",00:10:00,"Vehicle overturned (no collision)","Sunday","Dark No street lights",1,3,"Not at intersection",3,80,"BAW BAW","EASTERN REGION",-38.26613055,145.9930013,"Dry","Dust"
"T20190020025","13/10/19",00:10:00,"Vehicle overturned (no collision)","Sunday","Dark No street lights",1,3,"Not at intersection",3,80,"BAW BAW","EASTERN REGION",-38.26613055,145.9930013,"Dry","Strong winds"
"T20190020029","13/10/19",02:34:00,"Struck Pedestrian","Sunday","Dark No street lights",1,2,"Not at intersection",3,50,"WARRNAMBOOL","SOUTH WESTERN REGION",-38.37023182,142.4810407,"Dry","Clear"