"ACCIDENT_NO","ACCIDENTDATE","ACCIDENTTIME","Accident Type Desc","Day Week Description","Light Condition Desc","NO_OF_VEHICLES","NO_PERSONS","Road Geometry Desc","SEVERITY","SPEED_ZONE","LGA_NAME","REGION_NAME","Lat","Long","Surface Cond Desc","Atmosph Cond Desc"
"T20190020031","13/10/19",02:14:00,"Collision with vehicle","Sunday","Dark Street lights on",2,2,"Cross intersection",3,60,"MARIBYRNONG","METROPOLITAN NORTH WEST REGION",-37.78708965,144.8793737,"Dry","Clear"
"T20190020035","12/10/19",07:09:00,"Collision with vehicle","Saturday","Day",2,2,"Not at intersection",3,60,"DANDENONG","METROPOLITAN SOUTH EAST REGION",-37.93270682,145.1524074,"Dry","Clear"
"T20190020038","11/10/19",17:00:00,"Collision with vehicle","Friday","Day",2,1,"T intersection",3,80,"DANDENONG","METROPOLITAN SOUTH EAST REGION",-38.01651903,145.2331517,"Dry","Clear"
"T20190020042","13/10/19",10:40:00,"Struck Pedestrian","Sunday","Day",1,2,"Not at intersection",3,60,"BALLARAT","WESTERN REGION",-37.53206342,143.8214324,"Dry","Clear"
"T20190020047","12/10/19",21:50:00,"Collision with a fixed object","Saturday","Dark No street lights",1,2,"T intersection",3,100,"BENDIGO","NORTHERN REGION",-36.92770424,144.6979163,"Dry","Clear"
"T20190020048","11/10/19",20:05:00,"Collision with vehicle","Friday","Dark Street lights on",3,4,"Cross intersection",3,60,"KNOX","METROPOLITAN SOUTH EAST REGION",-37.86257991,145.2856219,"Dry","Clear"
"T20190020049","13/10/19",11:20:00,"Collision with vehicle","Sunday","Day",2,2,"T intersection",3,60,"EAST GIPPSLAND","EASTERN REGION",-37.88257515,147.9758358,"Dry","Clear"
"T20190020050","13/10/19",11:42:00,"Collision with vehicle","Sunday","Day",2,5,"T intersection",3,60,"WHITEHORSE","METROPOLITAN SOUTH EAST REGION",-37.83233206,145.1522607,"Dry","Clear"
"T20190020051","12/10/19",19:00:00,"Collision with vehicle","Saturday","Dusk/Dawn",2,6,"T intersection",3,80,"BAW BAW","EASTERN REGION",-38.14188227,145.8863774,"Dry","Clear"
"T20190020053","13/10/19",12:50:00,"Collision with a fixed object","Sunday","Day",1,2,"Not at intersection",3,80,"YARRA RANGES","METROPOLITAN SOUTH EAST REGION",-37.76752956,145.4588507,"Dry","Clear"
"T20190020054","13/10/19",12:00:00,"Struck animal","Sunday","Day",1,2,"Not at intersection",3,80,"NILLUMBIK","METROPOLITAN NORTH WEST REGION",-37.6813514,145.2078588,"Dry","Clear"
"T20190020057","13/10/19",03:00:00,"Collision with a fixed object","Sunday","Dark No street lights",1,2,"Not at intersection",1,100,"BENDIGO","NORTHERN REGION",-36.74627283,144.1093708,"Dry","Clear"
"T20190020058","13/10/19",14:27:00,"Collision with vehicle","Sunday","Day",2,4,"Cross intersection",2,60,"WHITEHORSE","METROPOLITAN SOUTH EAST REGION",-37.79879464,145.1421762,"Dry","Clear"
"T20190020060","13/10/19",13:05:00,"Collision with vehicle","Sunday","Day",2,2,"T intersection",3,60,"BENDIGO","NORTHERN REGION",-36.77604313,144.2737754,"Dry","Clear"
"T20190020062","13/10/19",14:48:00,"Collision with a fixed object","Sunday","Day",1,1,"Not at intersection",3,888,"MACEDON RANGES","NORTHERN REGION",-37.44984997,144.5158367,"Dry","Clear"
"T20190020063","5/10/19",21:00:00,"Collision with vehicle","Saturday","Dark Street lights on",2,2,"T intersection",3,60,"MORELAND","METROPOLITAN NORTH WEST REGION",-37.73785694,144.9345963,"Dry","Not known"
"T20190020064","12/10/19",18:00:00,"Collision with vehicle","Saturday","Day",2,10,"Not at intersection",3,999,"EAST GIPPSLAND","EASTERN REGION",-37.7302279,147.3953757,"Dry","Clear"
"T20190020065","8/10/19",07:05:00,"Vehicle overturned (no collision)","Tuesday","Day",1,1,"Y intersection",3,999,"MARIBYRNONG","METROPOLITAN NORTH WEST REGION",-37.77558212,144.8855492,"Wet","Raining"
"T20190020066","13/10/19",15:48:00,"Collision with a fixed object","Sunday","Day",1,1,"Not at intersection",3,110,"BAW BAW","EASTERN REGION",-38.09280837,145.8184674,"Dry","Clear"
"T20190020070","13/10/19",17:20:00,"Struck Pedestrian","Sunday","Day",1,2,"Not at intersection",3,50,"WHITEHORSE","METROPOLITAN SOUTH EAST REGION",-37.80489451,145.1405535,"Dry","Clear"
"T20190020071","13/10/19",15:12:00,"Collision with vehicle","Sunday","Day",2,2,"Cross intersection",3,60,"DANDENONG","METROPOLITAN SOUTH EAST REGION",-37.98737293,145.1832472,"Dry","Clear"
"T20190020072","13/10/19",18:00:00,"Collision with vehicle","Sunday","Day",2,2,"Not at intersection",3,60,"WHITTLESEA","METROPOLITAN NORTH WEST REGION",-37.62254751,145.0239412,"Dry","Clear"
"T20190020074","13/10/19",18:09:00,"Collision with vehicle","Sunday","Day",2,3,"Not at intersection",3,80,"MONASH","METROPOLITAN SOUTH EAST REGION",-37.8881764,145.1642649,"Dry","Clear"
"T20190020075","12/10/19",10:05:00,"Collision with vehicle","Saturday","Day",2,3,"Not at intersection",3,50,"LATROBE","EASTERN REGION",-38.20180719,146.5241222,"Dry","Clear"
"T20190020077","13/10/19",18:05:00,"Collision with vehicle","Sunday","Day",2,2,"Not at intersection",3,80,"BANYULE","METROPOLITAN NORTH WEST REGION",-37.70539512,145.0544896,"Dry","Clear"
"T20190020080","13/10/19",17:30:00,"Collision with a fixed object","Sunday","Day",1,4,"Not at intersection",3,50,"HUME","METROPOLITAN NORTH WEST REGION",-37.55926796,144.710568,"Dry","Clear"
"T20190020081","13/10/19",15:59:00,"Collision with vehicle","Sunday","Day",2,2,"T intersection",1,80,"CASEY","METROPOLITAN SOUTH EAST REGION",-38.15996865,145.3183764,"Dry","Clear"
"T20190020082","13/10/19",16:45:00,"Collision with a fixed object","Sunday","Day",1,1,"Y intersection",1,100,"HORSHAM","WESTERN REGION",-36.84306578,142.3400449,"Dry","Clear"
"T20190020083","13/10/19",19:30:00,"Collision with vehicle","Sunday","Dusk/Dawn",2,5,"Cross intersection",3,80,"BAW BAW","EASTERN REGION",-38.08961585,145.8317047,"Dry","Clear"
"T20190020084","13/10/19",09:10:00,"Collision with vehicle","Sunday","Day",2,2,"Not at intersection",3,60,"DAREBIN","METROPOLITAN NORTH WEST REGION",-37.7811448,145.017765,"Unknown","Not known"
"T20190020086","13/10/19",20:20:00,"Collision with vehicle","Sunday","Dark Street lights on",2,2,"Cross intersection",3,60,"KINGSTON","METROPOLITAN SOUTH EAST REGION",-38.05585218,145.1175289,"Dry","Clear"
"T20190020087","13/10/19",19:16:00,"Collision with vehicle","Sunday","Dusk/Dawn",4,4,"Cross intersection",2,50,"HOBSONS BAY","METROPOLITAN NORTH WEST REGION",-37.86498942,144.8881551,"Dry","Clear"
"T20190020088","12/10/19",22:10:00,"Struck Pedestrian","Saturday","Dark Street lights on",1,2,"Not at intersection",3,70,"GEELONG","SOUTH WESTERN REGION",-38.1517986,144.3517746,"Dry","Clear"
"T20190020090","13/10/19",14:54:00,"Collision with a fixed object","Sunday","Day",1,1,"Not at intersection",3,100,"BENDIGO","NORTHERN REGION",-36.82355789,144.3925867,"Dry","Clear"
"T20190020092","13/10/19",19:00:00,"Collision with vehicle","Sunday","Day",2,2,"T intersection",3,40,"MELBOURNE","METROPOLITAN NORTH WEST REGION",-37.81424771,144.9631593,"Dry","Clear"
"T20190020093","13/10/19",22:20:00,"Collision with a fixed object","Sunday","Dark No street lights",1,1,"Not at intersection",1,100,"INDIGO","NORTH EASTERN REGION",-36.40432737,146.8618155,"Dry","Clear"
"T20190020094","10/10/19",14:00:00,"Collision with vehicle","Thursday","Day",2,2,"Cross intersection",3,50,"BRIMBANK","METROPOLITAN NORTH WEST REGION",-37.73968839,144.803716,"Dry","Not known"
"T20190020097","4/10/19",08:19:00,"Collision with vehicle","Friday","Day",2,2,"Cross intersection",3,60,"BRIMBANK","METROPOLITAN NORTH WEST REGION",-37.74423307,144.7999425,"Dry","Clear"
"T20190020098","11/10/19",16:50:00,"Collision with vehicle","Friday","Dusk/Dawn",2,2,"Cross intersection",3,80,"MORNINGTON PENINSULA","METROPOLITAN SOUTH EAST REGION",-38.22040224,145.0568071,"Dry","Clear"
"T20190020099","14/10/19",05:25:00,"Collision with a fixed object","Monday","Dark Street lights on",1,1,"Not at intersection",3,80,"MAROONDAH","METROPOLITAN SOUTH EAST REGION",-37.82415334,145.2876536,"Wet","Raining"
"T20190020102","9/10/19",13:03:00,"Collision with vehicle","Wednesday","Day",2,2,"T intersection",3,80,"MILDURA","WESTERN REGION",-34.52755114,142.3673224,"Dry","Clear"
"T20190020103","14/10/19",08:02:00,"Collision with vehicle","Monday","Day",2,2,"T intersection",3,100,"MORNINGTON PENINSULA","METROPOLITAN SOUTH EAST REGION",-38.46189658,145.021333,"Dry","Clear"
"T20190020104","13/10/19",17:20:00,"Collision with vehicle","Sunday","Day",2,2,"T intersection",3,999,"DAREBIN","METROPOLITAN NORTH WEST REGION",-37.78202091,145.0142461,"Dry","Not known"
"T20190020105","12/10/19",13:00:00,"No collision and no object struck","Saturday","Day",1,1,"Not at intersection",2,888,"MOUNT ALEXANDER","NORTHERN REGION",-37.11801929,144.2979353,"Dry","Clear"
"T20190020106","27/8/19",08:30:00,"Collision with vehicle","Tuesday","Day",2,3,"Cross intersection",3,60,"BENDIGO","NORTHERN REGION",-36.77324747,144.3052157,"Dry","Clear"
"T20190020107","17/4/19",12:37:00,"Collision with vehicle","Wednesday","Day",2,2,"T intersection",3,999,"MOONEE VALLEY","METROPOLITAN NORTH WEST REGION",-37.77453255,144.9278304,"Unknown","Not known"
"T20190020108","14/10/19",09:40:00,"Collision with vehicle","Monday","Day",4,4,"Not at intersection",3,80,"MELBOURNE","METROPOLITAN NORTH WEST REGION",-37.82630313,144.9311775,"Dry","Clear"
"T20190020110","14/10/19",11:15:00,"Collision with a fixed object","Monday","Day",1,1,"Not at intersection",3,80,"KINGSTON","METROPOLITAN SOUTH EAST REGION",-38.0094685,145.141024,"Dry","Clear"
"T20190020111","13/10/19",10:30:00,"No collision and no object struck","Sunday","Day",1,1,"Not at intersection",3,999,"NILLUMBIK","METROPOLITAN NORTH WEST REGION",-37.60578053,145.2663589,"Dry","Clear"
"T20190020113","29/9/19",16:00:00,"Vehicle overturned (no collision)","Sunday","Day",1,1,"Not at intersection",3,999,"MURRINDINDI","NORTH EASTERN REGION",-37.54293132,145.5879655,"Unknown","Not known"
"T20190020116","7/9/19",11:30:00,"Collision with vehicle","Saturday","Day",2,3,"Cross intersection",3,50,"MORELAND","METROPOLITAN NORTH WEST REGION",-37.75866794,144.9448606,"Unknown","Clear"
"T20190020118","22/8/19",14:45:00,"Collision with a fixed object","Thursday","Day",1,1,"Not at intersection",3,999,"MILDURA","WESTERN REGION",-34.18136851,142.0699596,"Dry","Clear"
"T20190020119","14/10/19",12:30:00,"No collision and no object struck","Monday","Day",1,1,"Not at intersection",3,100,"MITCHELL","NORTHERN REGION",-37.12042392,144.8825448,"Dry","Clear"
"T20190020121","14/10/19",14:01:00,"Collision with vehicle","Monday","Day",2,2,"Cross intersection",3,60,"WANGARATTA","NORTH EASTERN REGION",-36.36296077,146.3175971,"Dry","Clear"
"T20190020122","14/10/19",08:10:00,"Collision with vehicle","Monday","Day",2,2,"Not at intersection",3,50,"MELTON","METROPOLITAN NORTH WEST REGION",-37.68997625,144.7440047,"Dry","Clear"
"T20190020123","14/10/19",14:00:00,"Collision with vehicle","Monday","Day",2,2,"Not at intersection",3,70,"NILLUMBIK","METROPOLITAN NORTH WEST REGION",-37.65027542,145.1184103,"Dry","Clear"
"T20190020124","7/10/19",12:47:00,"Collision with vehicle","Monday","Day",2,2,"Cross intersection",3,40,"MELBOURNE","METROPOLITAN NORTH WEST REGION",-37.81477045,144.9690022,"Dry","Clear"
"T20190020125","28/9/19",04:30:00,"Struck animal","Saturday","Unknown",1,1,"Not at intersection",3,100,"GLENELG","SOUTH WESTERN REGION",-38.37147863,141.5980064,"Wet","Not known"
"T20190020126","4/10/19",12:00:00,"Collision with vehicle","Friday","Day",2,2,"T intersection",3,50,"GEELONG","SOUTH WESTERN REGION",-38.18568938,144.3441792,"Dry","Clear"
"T20190020127","14/10/19",10:10:00,"Collision with vehicle","Monday","Day",2,3,"T intersection",3,60,"SHEPPARTON","NORTH EASTERN REGION",-36.38788248,145.3559028,"Dry","Clear"
"T20190020128","8/10/19",11:50:00,"Collision with vehicle","Tuesday","Day",2,2,"Not at intersection",3,80,"MONASH","METROPOLITAN SOUTH EAST REGION",-37.91612648,145.1399891,"Dry","Clear"
"T20190020129","12/10/19",17:00:00,"Collision with vehicle","Saturday","Unknown",2,2,"T intersection",3,50,"YARRA","METROPOLITAN NORTH WEST REGION",-37.80216272,144.985066,"Unknown","Not known"
"T20190020130","14/10/19",13:57:00,"Collision with vehicle","Monday","Day",2,1,"Not at intersection",2,50,"MELTON","METROPOLITAN NORTH WEST REGION",-37.67043884,144.5772933,"Dry","Clear"
"T20190020131","13/10/19",17:30:00,"Collision with a fixed object","Sunday","Day",1,1,"Not at intersection",3,100,"SOUTH GIPPSLAND","EASTERN REGION",-38.61651855,146.1380526,"Dry","Clear"
"T20190020133","14/10/19",16:00:00,"Struck Pedestrian","Monday","Day",1,2,"Private property",3,50,"GLENELG","SOUTH WESTERN REGION",-38.35219613,141.609508,"Dry","Clear"
"T20190020134","14/10/19",15:00:00,"Collision with vehicle","Monday","Day",2,3,"Cross intersection",3,60,"DAREBIN","METROPOLITAN NORTH WEST REGION",-37.73618353,144.9854904,"Dry","Clear"
"T20190020135","14/10/19",15:30:00,"Collision with vehicle","Monday","Day",2,2,"Cross intersection",3,60,"DANDENONG","METROPOLITAN SOUTH EAST REGION",-37.93850018,145.1660853,"Dry","Clear"
"T20190020136","14/10/19",17:05:00,"Collision with vehicle","Monday","Day",2,3,"Cross intersection",3,100,"MORNINGTON PENINSULA","METROPOLITAN SOUTH EAST REGION",-38.25491016,145.0791068,"Dry","Clear"
"T20190020139","23/9/19",17:00:00,"Collision with vehicle","Monday","Day",2,2,"Not at intersection",3,60,"DAREBIN","METROPOLITAN NORTH WEST REGION",-37.70271772,145.056802,"Dry","Clear"
"T20190020140","11/10/19",11:10:00,"Collision with vehicle","Friday","Day",3,3,"Not at intersection",3,80,"YARRA","METROPOLITAN NORTH WEST REGION",-37.833071,144.9933758,"Dry","Clear"
"T20190020142","14/10/19",14:20:00,"Collision with vehicle","Monday","Day",2,5,"Cross intersection",3,80,"MORNINGTON PENINSULA","METROPOLITAN SOUTH EAST REGION",-38.21515466,145.0634984,"Dry","Clear"
"T20190020147","14/10/19",17:42:00,"Collision with vehicle","Monday","Day",2,2,"Not at intersection",3,70,"MANNINGHAM","METROPOLITAN SOUTH EAST REGION",-37.76012792,145.1387313,"Dry","Clear"
"T20190020152","14/10/19",14:25:00,"Collision with vehicle","Monday","Day",2,2,"T intersection",3,50,"KINGSTON","METROPOLITAN SOUTH EAST REGION",-37.98902619,145.0952072,"Dry","Clear"
"T20190020153","14/10/19",17:00:00,"Collision with vehicle","Monday","Day",2,2,"Not at intersection",3,60,"MELTON","METROPOLITAN NORTH WEST REGION",-37.7101572,144.7411545,"Dry","Clear"
"T20190020155","14/10/19",19:17:00,"Collision with a fixed object","Monday","Day",1,1,"Not at intersection",3,50,"MOUNT ALEXANDER","NORTHERN REGION",-37.08236733,144.2071501,"Dry","Clear"
"T20190020156","7/8/19",20:30:00,"Collision with a fixed object","Wednesday","Dark Street lights on",1,1,"Not at intersection",3,100,"WHITTLESEA","METROPOLITAN NORTH WEST REGION",-37.56657012,145.1080923,"Wet","Raining"
"T20190020162","15/10/19",04:50:00,"No collision and no object struck","Tuesday","Dark Street lights on",1,1,"Multiple intersection",3,50,"GEELONG","SOUTH WESTERN REGION",-38.1165319,144.3293017,"Wet","Raining"
"T20190020164","15/10/19",06:35:00,"Collision with vehicle","Tuesday","Dusk/Dawn",2,4,"Not at intersection",3,100,"MELTON","METROPOLITAN NORTH WEST REGION",-37.69485183,144.5879544,"Unknown","Clear"
"T20190020165","10/10/19",16:00:00,"Collision with vehicle","Thursday","Day",2,2,"T intersection",3,40,"MELBOURNE","METROPOLITAN NORTH WEST REGION",-37.81424771,144.9631593,"Dry","Clear"
"T20190020166","15/10/19",06:30:00,"Struck Pedestrian","Tuesday","Day",1,2,"T intersection",3,999,"MELBOURNE","METROPOLITAN NORTH WEST REGION",-37.82224333,144.9516518,"Dry","Clear"
"T20190020171","31/8/19",09:00:00,"Collision with vehicle","Saturday","Day",2,2,"Cross intersection",3,999,"DANDENONG","METROPOLITAN SOUTH EAST REGION",-38.02086193,145.2392073,"Unknown","Clear"
"T20190020173","14/10/19",12:35:00,"Collision with vehicle","Monday","Day",3,1,"Cross intersection",3,60,"BOROONDARA","METROPOLITAN SOUTH EAST REGION",-37.79562041,145.0846747,"Dry","Clear"
"T20190020174","14/10/19",17:22:00,"Collision with vehicle","Monday","Day",2,2,"T intersection",3,60,"BALLARAT","WESTERN REGION",-37.56768083,143.8590893,"Dry","Clear"
"T20190020175","15/10/19",10:00:00,"Collision with vehicle","Tuesday","Day",4,4,"Not at intersection",3,70,"MONASH","METROPOLITAN SOUTH EAST REGION",-37.91423291,145.1270469,"Dry","Clear"
"T20190020176","14/10/19",21:45:00,"Struck animal","Monday","Dark No street lights",1,1,"Not at intersection",3,100,"MOIRA","NORTH EASTERN REGION",-35.96416492,145.486194,"Dry","Dust"
"T20190020181","15/10/19",10:54:00,"Collision with vehicle","Tuesday","Day",2,2,"Cross intersection",3,80,"GEELONG","SOUTH WESTERN REGION",-38.0988486,144.3552524,"Dry","Clear"
"T20190020182","18/9/19",16:25:00,"Collision with vehicle","Wednesday","Day",2,4,"T intersection",3,999,"MAROONDAH","METROPOLITAN SOUTH EAST REGION",-37.80148486,145.2579242,"Dry","Clear"
"T20190020184","8/10/19",17:23:00,"No collision and no object struck","Tuesday","Dusk/Dawn",1,1,"T intersection",3,60,"MELBOURNE","METROPOLITAN NORTH WEST REGION",-37.81790494,144.9504897,"Dry","Clear"
"T20190020185","15/10/19",11:40:00,"Collision with vehicle","Tuesday","Day",2,3,"Not at intersection",3,60,"BANYULE","METROPOLITAN NORTH WEST REGION",-37.75971014,145.0692357,"Dry","Clear"
"T20190020186","12/10/19",10:00:00,"Vehicle overturned (no collision)","Saturday","Day",1,1,"Dead end",3,999,"NILLUMBIK","METROPOLITAN NORTH WEST REGION",-37.53062942,145.2435091,"Unknown","Clear"
"T20190020187","15/10/19",11:30:00,"Collision with vehicle","Tuesday","Day",2,2,"Cross intersection",3,70,"BRIMBANK","METROPOLITAN NORTH WEST REGION",-37.77696718,144.8287346,"Dry","Clear"
"T20190020188","15/10/19",08:13:00,"Collision with vehicle","Tuesday","Day",2,2,"Cross intersection",3,50,"COLAC OTWAY","SOUTH WESTERN REGION",-38.75103771,143.6652829,"Dry","Clear"
"T20190020189","29/9/19",16:00:00,"Struck Pedestrian","Sunday","Day",1,2,"Cross intersection",3,60,"MITCHELL","NORTHERN REGION",-37.41303743,144.979398,"Dry","Clear"
"T20190020191","15/10/19",11:55:00,"Collision with vehicle","Tuesday","Day",2,4,"Not at intersection",3,100,"WHITTLESEA","METROPOLITAN NORTH WEST REGION",-37.68607259,145.019345,"Dry","Clear"
"T20190020193","14/10/19",17:10:00,"Collision with vehicle","Monday","Day",2,3,"Not at intersection",3,50,"GEELONG","SOUTH WESTERN REGION",-38.16172537,144.3080874,"Dry","Clear"
"T20190020194","14/10/19",14:45:00,"Collision with a fixed object","Monday","Day",1,2,"Not at intersection",3,80,"SOUTH GIPPSLAND","EASTERN REGION",-38.46049842,145.7890331,"Dry","Clear"
"T20190020196","15/10/19",08:45:00,"Collision with vehicle","Tuesday","Day",2,2,"Not at intersection",3,50,"MORELAND","METROPOLITAN NORTH WEST REGION",-37.74751571,144.9505581,"Dry","Clear"
"T20190020199","15/10/19",12:49:00,"Collision with vehicle","Tuesday","Day",5,6,"Not at intersection",3,80,"MAROONDAH","METROPOLITAN SOUTH EAST REGION",-37.82651527,145.2875603,"Dry","Clear"
"T20190020200","15/10/19",09:35:00,"Struck Pedestrian","Tuesday","Day",1,2,"Not at intersection",3,999,"DAREBIN","METROPOLITAN NORTH WEST REGION",-37.72253376,145.0547371,"Dry","Clear"
"T20190020203","21/1/19",06:25:00,"Collision with vehicle","Monday","Day",2,2,"Cross intersection",3,999,"BRIMBANK","METROPOLITAN NORTH WEST REGION",-37.81347333,144.78782,"Unknown","Not known"
"T20190020204","14/10/19",16:50:00,"Collision with vehicle","Monday","Day",2,3,"Not at intersection",3,40,"DAREBIN","METROPOLITAN NORTH WEST REGION",-37.74569707,145.0007094,"Dry","Clear"
"T20190020205","15/10/19",15:30:00,"Collision with vehicle","Tuesday","Day",2,2,"Not at intersection",3,80,"MONASH","METROPOLITAN SOUTH EAST REGION",-37.91118836,145.122227,"Unknown","Clear"
"T20190020207","5/10/19",15:00:00,"Vehicle overturned (no collision)","Saturday","Day",1,1,"T intersection",3,60,"MITCHELL","NORTHERN REGION",-37.16151917,145.1590579,"Dry","Clear"
"T20190020208","9/10/19",17:50:00,"Collision with vehicle","Wednesday","Day",4,4,"Not at intersection",3,60,"CAMPASPE","NORTHERN REGION",-36.14339235,144.7299517,"Dry","Clear"
"T20190020209","14/10/19",17:30:00,"collision with some other object","Monday","Day",1,1,"Not at intersection",3,100,"MITCHELL","NORTHERN REGION",-37.39514009,144.9585189,"Dry","Clear"
"T20190020214","15/9/19",16:37:00,"Collision with vehicle","Sunday","Day",2,2,"T intersection",3,50,"MORNINGTON PENINSULA","METROPOLITAN SOUTH EAST REGION",-38.37106466,144.8308593,"Dry","Clear"
"T20190020215","14/10/19",08:00:00,"No collision and no object struck","Monday","Dusk/Dawn",1,1,"T intersection",3,50,"MARIBYRNONG","METROPOLITAN NORTH WEST REGION",-37.79961497,144.8611814,"Dry","Clear"
"T20190020217","15/10/19",17:46:00,"Collision with vehicle","Tuesday","Day",2,3,"T intersection",3,60,"MELTON","METROPOLITAN NORTH WEST REGION",-37.70386959,144.574894,"Dry","Clear"
"T20190020220","15/10/19",11:45:00,"Collision with vehicle","Tuesday","Unknown",2,3,"Not at intersection",3,50,"YARRA RANGES","METROPOLITAN SOUTH EAST REGION",-37.75699122,145.3575921,"Dry","Not known"
"T20190020221","15/10/19",17:21:00,"Collision with vehicle","Tuesday","Day",2,2,"T intersection",3,40,"BANYULE","METROPOLITAN NORTH WEST REGION",-37.76963702,145.041416,"Dry","Clear"
"T20190020225","13/10/19",03:42:00,"Collision with a fixed object","Sunday","Dark Street lights on",1,4,"Not at intersection",3,70,"YARRA RANGES","METROPOLITAN SOUTH EAST REGION",-37.77828544,145.3126012,"Dry","Clear"
"T20190020234","15/10/19",18:49:00,"Collision with vehicle","Tuesday","Day",2,2,"Cross intersection",1,100,"WELLINGTON","EASTERN REGION",-38.09409692,146.8068144,"Dry","Clear"
"T20190020235","15/10/19",20:50:00,"Collision with a fixed object","Tuesday","Dark Street lights on",1,1,"Not at intersection",3,80,"HUME","METROPOLITAN NORTH WEST REGION",-37.60674835,144.7121539,"Dry","Clear"
"T20190020237","15/10/19",22:58:00,"Collision with vehicle","Tuesday","Dark Street lights on",3,3,"T intersection",3,60,"MOONEE VALLEY","METROPOLITAN NORTH WEST REGION",-37.77776933,144.929905,"Dry","Clear"
"T20190020240","16/10/19",07:54:00,"Collision with vehicle","Wednesday","Day",2,2,"Unknown",3,60,"MITCHELL","NORTHERN REGION",-37.41944922,144.9788973,"Wet","Raining"
"T20190020242","15/10/19",06:15:00,"Collision with vehicle","Tuesday","Dark Street lights on",2,2,"Cross intersection",3,60,"WYNDHAM","METROPOLITAN NORTH WEST REGION",-37.81379458,144.787592,"Dry","Not known"
"T20190020243","15/10/19",15:20:00,"Collision with vehicle","Tuesday","Day",2,2,"Cross intersection",3,60,"KINGSTON","METROPOLITAN SOUTH EAST REGION",-37.97580496,145.1225547,"Dry","Clear"
"T20190020244","6/10/19",10:00:00,"Vehicle overturned (no collision)","Sunday","Day",1,1,"Not at intersection",3,888,"PYRENEES","WESTERN REGION",-37.08792255,143.3547941,"Dry","Clear"
"T20190020245","16/10/19",08:35:00,"Collision with vehicle","Wednesday","Day",2,2,"T intersection",3,60,"KINGSTON","METROPOLITAN SOUTH EAST REGION",-37.9696445,145.0548919,"Dry","Clear"
"T20190020247","29/9/19",15:24:00,"Collision with vehicle","Sunday","Day",3,4,"T intersection",3,70,"MONASH","METROPOLITAN SOUTH EAST REGION",-37.87574629,145.1789579,"Dry","Clear"
"T20190020250","16/10/19",08:40:00,"Collision with vehicle","Wednesday","Day",2,2,"Not at intersection",3,50,"BOROONDARA","METROPOLITAN SOUTH EAST REGION",-37.79292425,145.0598998,"Dry","Clear"
"T20190020251","16/10/19",09:30:00,"Collision with vehicle","Wednesday","Day",2,3,"Not at intersection",3,40,"MELBOURNE","METROPOLITAN NORTH WEST REGION",-37.81418686,144.9575354,"Dry","Clear"
"T20190020252","27/9/19",17:15:00,"Collision with vehicle","Friday","Day",2,2,"T intersection",3,60,"MONASH","METROPOLITAN SOUTH EAST REGION",-37.90310068,145.0862907,"Dry","Clear"
"T20190020253","16/10/19",11:25:00,"Collision with a fixed object","Wednesday","Day",1,1,"Not at intersection",3,60,"MAROONDAH","METROPOLITAN SOUTH EAST REGION",-37.81323209,145.3058374,"Wet","Raining"
"T20190020258","10/10/19",15:15:00,"Collision with vehicle","Thursday","Day",2,2,"Not at intersection",3,40,"MELBOURNE","METROPOLITAN NORTH WEST REGION",-37.81473755,144.9633854,"Unknown","Not known"
"T20190020260","16/10/19",09:45:00,"collision with some other object","Wednesday","Day",1,1,"Not at intersection",2,100,"MELTON","METROPOLITAN NORTH WEST REGION",-37.76384846,144.7409552,"Wet","Clear"
"T20190020265","13/10/19",09:30:00,"Vehicle overturned (no collision)","Sunday","Day",1,1,"Not at intersection",3,100,"HINDMARSH","WESTERN REGION",-35.82910785,141.9713019,"Dry","Clear"
"T20190020267","16/10/19",12:30:00,"Collision with vehicle","Wednesday","Day",2,3,"T intersection",3,80,"KINGSTON","METROPOLITAN SOUTH EAST REGION",-37.93917145,145.0390357,"Dry","Clear"
"T20190020271","24/9/19",18:35:00,"No collision and no object struck","Tuesday","Dusk/Dawn",1,1,"Not at intersection",3,100,"CASEY","METROPOLITAN SOUTH EAST REGION",-38.02434689,145.316934,"Dry","Clear"
"T20190020273","16/10/19",08:50:00,"Collision with vehicle","Wednesday","Day",3,3,"Not at intersection",3,80,"BRIMBANK","METROPOLITAN NORTH WEST REGION",-37.71294218,144.8330877,"Dry","Clear"
"T20190020276","27/7/19",20:30:00,"Collision with vehicle","Saturday","Dark Street lights on",2,3,"Cross intersection",3,50,"DANDENONG","METROPOLITAN SOUTH EAST REGION",-37.95361275,145.1455678,"Dry","Not known"
"T20190020277","16/10/19",10:58:00,"Collision with vehicle","Wednesday","Day",2,2,"Not at intersection",3,40,"MELBOURNE","METROPOLITAN NORTH WEST REGION",-37.81504636,144.9551128,"Dry","Clear"
"T20190020279","16/10/19",08:58:00,"Collision with vehicle","Wednesday","Day",2,2,"Cross intersection",3,60,"DAREBIN","METROPOLITAN NORTH WEST REGION",-37.74314802,145.0081186,"Dry","Clear"
"T20190020280","19/7/19",13:45:00,"Collision with vehicle","Friday","Unknown",2,2,"T intersection",3,50,"BASS COAST","EASTERN REGION",-38.6124126,145.5857033,"Unknown","Not known"