"ACCIDENT_NO","ACCIDENTDATE","ACCIDENTTIME","Accident Type Desc","Day Week Description","Light Condition Desc","NO_OF_VEHICLES","NO_PERSONS","Road Geometry Desc","SEVERITY","SPEED_ZONE","LGA_NAME","REGION_NAME","Lat","Long","Surface Cond Desc","Atmosph Cond Desc"
"T20190020281","16/10/19",07:45:00,"Collision with vehicle","Wednesday","Day",2,2,"Not at intersection",3,999,"YARRA RANGES","METROPOLITAN SOUTH EAST REGION",-37.90884781,145.4426635,"Dry","Clear"
"T20190020282","16/10/19",10:10:00,"Collision with vehicle","Wednesday","Day",2,2,"Cross intersection",3,40,"MELBOURNE","METROPOLITAN NORTH WEST REGION",-37.81031669,144.9613588,"Dry","Raining"
"T20190020284","10/10/19",11:00:00,"Collision with vehicle","Thursday","Unknown",4,5,"Not at intersection",3,999,"MARIBYRNONG","METROPOLITAN NORTH WEST REGION",-37.7807077,144.8617509,"Dry","Clear"
"T20190020285","16/10/19",15:30:00,"Collision with vehicle","Wednesday","Day",2,3,"Multiple intersection",3,80,"MOORABOOL","WESTERN REGION",-37.66409623,144.4155227,"Dry","Raining"
"T20190020286","15/10/19",15:40:00,"Collision with vehicle","Tuesday","Day",2,2,"Not at intersection",3,60,"KINGSTON","METROPOLITAN SOUTH EAST REGION",-38.02243765,145.0993156,"Dry","Clear"
"T20190020287","15/10/19",18:08:00,"Collision with vehicle","Tuesday","Dusk/Dawn",2,2,"T intersection",3,80,"MONASH","METROPOLITAN SOUTH EAST REGION",-37.9019779,145.1491653,"Dry","Clear"
"T20190020288","16/10/19",13:50:00,"Collision with vehicle","Wednesday","Day",2,3,"T intersection",3,60,"BANYULE","METROPOLITAN NORTH WEST REGION",-37.75304984,145.0567463,"Dry","Clear"
"T20190020289","15/10/19",18:05:00,"Collision with vehicle","Tuesday","Day",2,2,"T intersection",3,60,"HUME","METROPOLITAN NORTH WEST REGION",-37.68238997,144.9193963,"Dry","Not known"
"T20190020292","13/10/19",08:30:00,"Collision with a fixed object","Sunday","Day",1,1,"Not at intersection",3,888,"MURRINDINDI","NORTH EASTERN REGION",-37.4446465,145.4582669,"Dry","Clear"
"T20190020293","16/10/19",14:54:00,"Collision with vehicle","Wednesday","Day",3,3,"T intersection",3,80,"DANDENONG","METROPOLITAN SOUTH EAST REGION",-38.02871319,145.2125346,"Wet","Raining"
"T20190020294","16/10/19",16:00:00,"Collision with vehicle","Wednesday","Day",3,3,"Cross intersection",3,60,"WHITEHORSE","METROPOLITAN SOUTH EAST REGION",-37.85260841,145.1519757,"Wet","Raining"
"T20190020295","16/10/19",17:40:00,"Collision with vehicle","Wednesday","Day",2,3,"T intersection",3,60,"WHITEHORSE","METROPOLITAN SOUTH EAST REGION",-37.81943942,145.1145467,"Dry","Clear"
"T20190020296","16/10/19",02:38:00,"Collision with vehicle","Wednesday","Dark Street lights on",2,4,"Cross intersection",3,70,"WYNDHAM","METROPOLITAN NORTH WEST REGION",-37.84637597,144.669466,"Dry","Clear"
"T20190020298","16/10/19",15:44:00,"Struck Pedestrian","Wednesday","Day",1,3,"Not at intersection",3,50,"CASEY","METROPOLITAN SOUTH EAST REGION",-38.06902508,145.2994293,"Wet","Raining"
"T20190020299","16/10/19",17:20:00,"Collision with vehicle","Wednesday","Dusk/Dawn",3,3,"Not at intersection",3,100,"WYNDHAM","METROPOLITAN NORTH WEST REGION",-37.82211032,144.810769,"Dry","Clear"
"T20190020300","16/10/19",15:10:00,"Collision with vehicle","Wednesday","Day",2,3,"Not at intersection",3,100,"HOBSONS BAY","METROPOLITAN NORTH WEST REGION",-37.83457312,144.8069645,"Wet","Raining"
"T20190020304","16/10/19",17:40:00,"Collision with vehicle","Wednesday","Day",2,2,"Not at intersection",3,60,"BOROONDARA","METROPOLITAN SOUTH EAST REGION",-37.81831308,145.0987359,"Dry","Clear"
"T20190020305","9/10/19",22:30:00,"Collision with vehicle","Wednesday","Dark Street lights on",2,2,"Cross intersection",3,50,"MELBOURNE","METROPOLITAN NORTH WEST REGION",-37.80134166,144.9531462,"Wet","Clear"
"T20190020307","16/10/19",17:15:00,"Vehicle overturned (no collision)","Wednesday","Day",1,1,"Multiple intersection",3,80,"MORNINGTON PENINSULA","METROPOLITAN SOUTH EAST REGION",-38.25112106,145.1149782,"Wet","Raining"
"T20190020308","16/10/19",17:55:00,"Collision with vehicle","Wednesday","Day",2,4,"Cross intersection",3,60,"BALLARAT","WESTERN REGION",-37.59535506,143.831457,"Dry","Clear"
"T20190020309","16/10/19",17:21:00,"Collision with vehicle","Wednesday","Day",2,1,"Not at intersection",3,60,"GEELONG","SOUTH WESTERN REGION",-38.14202466,144.3295763,"Dry","Clear"
"T20190020310","16/10/19",15:20:00,"Collision with a fixed object","Wednesday","Day",1,1,"T intersection",2,60,"HOBSONS BAY","METROPOLITAN NORTH WEST REGION",-37.84774347,144.8866919,"Dry","Clear"
"T20190020311","16/10/19",19:10:00,"Collision with vehicle","Wednesday","Day",2,3,"Cross intersection",3,80,"SOUTHERN GRAMPIANS","SOUTH WESTERN REGION",-37.861491,141.8015045,"Dry","Clear"
"T20190020314","16/10/19",13:30:00,"Collision with vehicle","Wednesday","Day",2,2,"Not at intersection",3,50,"YARRA RANGES","METROPOLITAN SOUTH EAST REGION",-37.858524,145.6250002,"Unknown","Clear"
"T20190020315","16/10/19",18:57:00,"Collision with vehicle","Wednesday","Dusk/Dawn",2,2,"Cross intersection",3,80,"BENDIGO","NORTHERN REGION",-36.81111193,144.2401196,"Wet","Raining"
"T20190020316","3/9/19",09:00:00,"Collision with vehicle","Tuesday","Day",2,2,"Not at intersection",3,999,"BOROONDARA","METROPOLITAN SOUTH EAST REGION",-37.79406136,145.0789063,"Unknown","Not known"
"T20190020317","6/6/19",18:55:00,"Struck Pedestrian","Thursday","Unknown",1,3,"Not at intersection",3,999,"HUME","METROPOLITAN NORTH WEST REGION",-37.59080448,144.9171568,"Unknown","Not known"
"T20190020318","16/10/19",10:45:00,"Collision with vehicle","Wednesday","Unknown",2,3,"Cross intersection",3,80,"BALLARAT","WESTERN REGION",-37.52752441,143.8484809,"Wet","Raining"
"T20190020325","17/10/19",07:01:00,"Collision with vehicle","Thursday","Dusk/Dawn",2,2,"Cross intersection",3,60,"PORT PHILLIP","METROPOLITAN NORTH WEST REGION",-37.86021822,144.982489,"Wet","Raining"
"T20190020328","17/10/19",06:39:00,"Collision with a fixed object","Thursday","Dark Street lights on",1,1,"Not at intersection",3,80,"MAROONDAH","METROPOLITAN SOUTH EAST REGION",-37.81741905,145.2172731,"Wet","Clear"
"T20190020329","9/10/19",11:00:00,"Collision with vehicle","Wednesday","Day",2,2,"T intersection",3,60,"STONNINGTON","METROPOLITAN SOUTH EAST REGION",-37.84942612,145.0029817,"Dry","Not known"
"T20190020330","17/10/19",08:20:00,"Collision with vehicle","Thursday","Day",2,2,"Cross intersection",3,60,"PORT PHILLIP","METROPOLITAN NORTH WEST REGION",-37.8305679,144.9456897,"Dry","Clear"
"T20190020334","16/10/19",12:37:00,"Collision with vehicle","Wednesday","Unknown",2,2,"Cross intersection",3,40,"WHITTLESEA","METROPOLITAN NORTH WEST REGION",-37.6788434,145.0696554,"Unknown","Not known"
"T20190020339","17/10/19",08:15:00,"Collision with vehicle","Thursday","Day",2,3,"T intersection",2,50,"GLEN EIRA","METROPOLITAN SOUTH EAST REGION",-37.89800972,145.0436129,"Dry","Clear"
"T20190020341","10/10/19",16:30:00,"Collision with vehicle","Thursday","Day",3,3,"T intersection",3,60,"WYNDHAM","METROPOLITAN NORTH WEST REGION",-37.85387553,144.7449722,"Dry","Clear"
"T20190020346","30/9/19",17:15:00,"Collision with a fixed object","Monday","Dusk/Dawn",1,2,"Not at intersection",3,50,"YARRA RANGES","METROPOLITAN SOUTH EAST REGION",-37.89702346,145.5752276,"Dry","Clear"
"T20190020348","17/10/19",12:45:00,"Collision with vehicle","Thursday","Day",4,4,"Cross intersection",3,100,"BOROONDARA","METROPOLITAN SOUTH EAST REGION",-37.78861708,145.1029517,"Dry","Clear"
"T20190020350","16/10/19",20:40:00,"Collision with vehicle","Wednesday","Dark Street lights on",2,3,"Multiple intersection",3,80,"FRANKSTON","METROPOLITAN SOUTH EAST REGION",-38.15555451,145.1675518,"Dry","Clear"
"T20190020351","16/10/19",06:20:00,"Collision with vehicle","Wednesday","Day",2,2,"Cross intersection",3,70,"YARRA RANGES","METROPOLITAN SOUTH EAST REGION",-37.7969037,145.3596764,"Wet","Raining"
"T20190020355","15/10/19",20:30:00,"Collision with a fixed object","Tuesday","Dark No street lights",1,1,"T intersection",3,60,"MITCHELL","NORTHERN REGION",-37.0109807,145.1535193,"Dry","Clear"
"T20190020356","17/10/19",07:55:00,"Collision with vehicle","Thursday","Day",2,2,"Not at intersection",3,80,"MORNINGTON PENINSULA","METROPOLITAN SOUTH EAST REGION",-38.18690762,145.1657166,"Dry","Clear"
"T20190020357","16/10/19",15:45:00,"Collision with vehicle","Wednesday","Day",2,2,"T intersection",3,999,"MONASH","METROPOLITAN SOUTH EAST REGION",-37.92955613,145.1275091,"Wet","Raining"
"T20190020358","17/10/19",12:10:00,"Collision with vehicle","Thursday","Day",3,3,"Multiple intersection",3,80,"FRANKSTON","METROPOLITAN SOUTH EAST REGION",-38.15599465,145.169127,"Dry","Clear"
"T20190020359","17/10/19",13:10:00,"Collision with vehicle","Thursday","Day",2,2,"Cross intersection",3,50,"MOONEE VALLEY","METROPOLITAN NORTH WEST REGION",-37.7727037,144.9269057,"Dry","Clear"
"T20190020360","17/10/19",11:48:00,"Collision with vehicle","Thursday","Day",2,2,"Not at intersection",3,80,"WHITEHORSE","METROPOLITAN SOUTH EAST REGION",-37.81844192,145.1717643,"Wet","Raining"
"T20190020361","16/10/19",08:15:00,"Collision with vehicle","Wednesday","Day",2,2,"Cross intersection",3,60,"PORT PHILLIP","METROPOLITAN NORTH WEST REGION",-37.83274545,144.952097,"Dry","Clear"
"T20190020363","17/10/19",13:11:00,"Collision with vehicle","Thursday","Day",2,3,"Cross intersection",3,60,"YARRA","METROPOLITAN NORTH WEST REGION",-37.79404638,144.9881516,"Wet","Raining"
"T20190020364","17/10/19",13:17:00,"Collision with vehicle","Thursday","Day",2,2,"T intersection",3,70,"GEELONG","SOUTH WESTERN REGION",-38.19699057,144.3420148,"Dry","Clear"
"T20190020365","17/10/19",08:00:00,"Collision with vehicle","Thursday","Day",2,2,"Not at intersection",2,40,"HORSHAM","WESTERN REGION",-36.71311606,142.1985103,"Dry","Clear"
"T20190020367","17/8/19",13:53:00,"Collision with vehicle","Saturday","Day",2,2,"Not at intersection",3,70,"WHITEHORSE","METROPOLITAN SOUTH EAST REGION",-37.84191078,145.1713128,"Dry","Clear"
"T20190020368","13/10/19",12:54:00,"Collision with a fixed object","Sunday","Day",1,1,"T intersection",3,60,"WYNDHAM","METROPOLITAN NORTH WEST REGION",-37.91016742,144.6780801,"Dry","Clear"
"T20190020370","8/10/19",15:10:00,"Collision with vehicle","Tuesday","Day",2,3,"Not at intersection",3,50,"WYNDHAM","METROPOLITAN NORTH WEST REGION",-37.87821471,144.695346,"Dry","Clear"
"T20190020371","17/10/19",14:40:00,"Collision with vehicle","Thursday","Day",3,4,"Cross intersection",3,60,"BALLARAT","WESTERN REGION",-37.56365873,143.8529409,"Dry","Clear"
"T20190020372","17/10/19",10:00:00,"Collision with vehicle","Thursday","Day",2,3,"Cross intersection",3,60,"WYNDHAM","METROPOLITAN NORTH WEST REGION",-37.87718346,144.6788396,"Dry","Clear"
"T20190020373","17/10/19",15:15:00,"Collision with a fixed object","Thursday","Day",1,1,"Not at intersection",3,60,"HEPBURN","WESTERN REGION",-37.29396963,143.7817106,"Dry","Clear"
"T20190020374","25/9/19",10:55:00,"Collision with vehicle","Wednesday","Day",2,2,"Not at intersection",3,999,"WHITEHORSE","METROPOLITAN SOUTH EAST REGION",-37.83043503,145.136521,"Unknown","Not known"
"T20190020376","14/10/19",09:50:00,"Collision with a fixed object","Monday","Day",1,1,"Not at intersection",3,999,"CASEY","METROPOLITAN SOUTH EAST REGION",-38.01936755,145.3059573,"Dry","Clear"
"T20190020379","17/10/19",16:34:00,"Collision with vehicle","Thursday","Day",2,2,"Not at intersection",3,100,"MANNINGHAM","METROPOLITAN SOUTH EAST REGION",-37.79434532,145.1104548,"Wet","Raining"
"T20190020380","17/10/19",17:35:00,"Vehicle overturned (no collision)","Thursday","Day",2,2,"Not at intersection",3,60,"BOROONDARA","METROPOLITAN SOUTH EAST REGION",-37.8483116,145.0534485,"Wet","Raining"
"T20190020381","17/10/19",16:55:00,"Collision with vehicle","Thursday","Day",2,2,"T intersection",3,40,"WODONGA","NORTH EASTERN REGION",-36.12497346,146.8618041,"Dry","Clear"
"T20190020383","1/8/19",19:52:00,"Collision with vehicle","Thursday","Dark Street lights on",2,3,"Cross intersection",3,70,"GLEN EIRA","METROPOLITAN SOUTH EAST REGION",-37.86581604,145.0260933,"Dry","Clear"
"T20190020384","17/10/19",17:05:00,"Collision with vehicle","Thursday","Day",2,2,"Not at intersection",3,80,"MONASH","METROPOLITAN SOUTH EAST REGION",-37.918318,145.1574147,"Wet","Clear"
"T20190020385","17/10/19",18:50:00,"Collision with vehicle","Thursday","Dusk/Dawn",2,1,"Not at intersection",3,50,"BAYSIDE","METROPOLITAN SOUTH EAST REGION",-37.90993132,145.0008314,"Wet","Raining"
"T20190020386","11/10/19",18:20:00,"Collision with vehicle","Friday","Day",2,4,"T intersection",2,50,"HORSHAM","WESTERN REGION",-36.71429438,142.1971206,"Dry","Clear"
"T20190020387","17/10/19",18:20:00,"Collision with vehicle","Thursday","Day",2,2,"T intersection",3,50,"BAW BAW","EASTERN REGION",-38.15433655,145.9497709,"Wet","Clear"
"T20190020389","17/9/19",18:30:00,"Collision with vehicle","Tuesday","Day",2,2,"Not at intersection",3,60,"BOROONDARA","METROPOLITAN SOUTH EAST REGION",-37.8164675,145.0595285,"Dry","Clear"
"T20190020392","17/10/19",19:20:00,"Collision with vehicle","Thursday","Dusk/Dawn",2,3,"Not at intersection",3,110,"STRATHBOGIE","NORTH EASTERN REGION",-36.82798989,145.4083945,"Dry","Clear"
"T20190020396","17/10/19",18:39:00,"Collision with vehicle","Thursday","Day",3,3,"Not at intersection",3,60,"MELBOURNE","METROPOLITAN NORTH WEST REGION",-37.82642258,144.9885173,"Dry","Clear"
"T20190020399","17/10/19",15:30:00,"Struck Pedestrian","Thursday","Day",1,2,"Not at intersection",2,60,"BRIMBANK","METROPOLITAN NORTH WEST REGION",-37.74177773,144.7778462,"Dry","Clear"
"T20190020399","17/10/19",15:30:00,"Struck Pedestrian","Thursday","Day",1,2,"Not at intersection",2,60,"BRIMBANK","METROPOLITAN NORTH WEST REGION",-37.74177773,144.7778462,"Dry","Strong winds"
"T20190020400","17/10/19",19:13:00,"Collision with vehicle","Thursday","Day",2,2,"Cross intersection",3,80,"BRIMBANK","METROPOLITAN NORTH WEST REGION",-37.70692274,144.8673836,"Dry","Clear"
"T20190020400","17/10/19",19:13:00,"Collision with vehicle","Thursday","Day",2,2,"Cross intersection",3,80,"BRIMBANK","METROPOLITAN NORTH WEST REGION",-37.70692274,144.8673836,"Dry","Strong winds"
"T20190020402","17/10/19",21:15:00,"Collision with vehicle","Thursday","Dark No street lights",2,2,"Not at intersection",3,60,"MORNINGTON PENINSULA","METROPOLITAN SOUTH EAST REGION",-38.37276545,144.8604912,"Dry","Clear"
"T20190020403","17/10/19",16:15:00,"Struck Pedestrian","Thursday","Day",1,2,"Not at intersection",3,40,"STONNINGTON","METROPOLITAN SOUTH EAST REGION",-37.84486565,144.9955736,"Dry","Clear"
"T20190020406","18/10/19",01:47:00,"Collision with a fixed object","Friday","Dark No street lights",1,1,"Not at intersection",3,100,"NORTHERN GRAMPIANS","WESTERN REGION",-37.05368347,142.8585724,"Dry","Clear"
"T20190020408","18/10/19",03:00:00,"Collision with vehicle","Friday","Dark Street lights on",2,2,"Cross intersection",3,80,"DANDENONG","METROPOLITAN SOUTH EAST REGION",-38.00294755,145.2079731,"Dry","Clear"
"T20190020410","18/10/19",01:00:00,"Collision with a fixed object","Friday","Dark No street lights",1,2,"Not at intersection",3,80,"BASS COAST","EASTERN REGION",-38.58491438,145.6022419,"Dry","Clear"
"T20190020411","18/10/19",05:52:00,"Struck Pedestrian","Friday","Day",1,2,"Cross intersection",3,80,"FRANKSTON","METROPOLITAN SOUTH EAST REGION",-38.11251383,145.1574917,"Dry","Clear"
"T20190020412","18/10/19",05:25:00,"Collision with vehicle","Friday","Dusk/Dawn",6,6,"Not at intersection",3,80,"CASEY","METROPOLITAN SOUTH EAST REGION",-38.04770881,145.3405822,"Dry","Clear"
"T20190020415","18/10/19",06:43:00,"Collision with vehicle","Friday","Day",3,3,"Not at intersection",3,100,"WHITTLESEA","METROPOLITAN NORTH WEST REGION",-37.68237413,144.9852271,"Dry","Not known"
"T20190020417","17/10/19",15:20:00,"Collision with vehicle","Thursday","Day",2,3,"Cross intersection",3,60,"SWAN HILL","NORTHERN REGION",-35.34834969,143.5619329,"Dry","Clear"
"T20190020418","20/9/19",07:50:00,"Collision with vehicle","Friday","Day",2,2,"Cross intersection",3,80,"MONASH","METROPOLITAN SOUTH EAST REGION",-37.91148802,145.1223983,"Dry","Clear"
"T20190020422","16/10/19",11:30:00,"Collision with vehicle","Wednesday","Day",3,3,"Not at intersection",3,70,"BRIMBANK","METROPOLITAN NORTH WEST REGION",-37.69920607,144.7805628,"Dry","Clear"
"T20190020423","17/10/19",14:00:00,"Collision with a fixed object","Thursday","Day",1,2,"Cross intersection",2,50,"MURRINDINDI","NORTH EASTERN REGION",-37.19353359,145.710394,"Wet","Raining"
"T20190020426","18/10/19",08:40:00,"Collision with vehicle","Friday","Day",4,5,"T intersection",3,70,"MONASH","METROPOLITAN SOUTH EAST REGION",-37.91056473,145.0942513,"Dry","Clear"
"T20190020430","16/10/19",18:00:00,"Collision with vehicle","Wednesday","Day",2,2,"Cross intersection",3,100,"SHEPPARTON","NORTH EASTERN REGION",-36.37261847,145.2228645,"Dry","Clear"
"T20190020431","18/10/19",10:41:00,"No collision and no object struck","Friday","Day",1,1,"Not at intersection",3,80,"SHEPPARTON","NORTH EASTERN REGION",-36.38086561,145.3922633,"Dry","Clear"
"T20190020432","18/10/19",09:35:00,"Collision with vehicle","Friday","Day",2,2,"Not at intersection",3,50,"DAREBIN","METROPOLITAN NORTH WEST REGION",-37.77711719,144.994433,"Dry","Clear"
"T20190020433","18/10/19",07:00:00,"Collision with vehicle","Friday","Dark Street lights on",2,2,"Not at intersection",3,80,"MELTON","METROPOLITAN NORTH WEST REGION",-37.79161251,144.6980037,"Dry","Clear"
"T20190020435","17/10/19",17:55:00,"Collision with a fixed object","Thursday","Day",1,1,"Not at intersection",3,50,"DAREBIN","METROPOLITAN NORTH WEST REGION",-37.73703917,145.0094116,"Dry","Clear"
"T20190020436","15/10/19",09:10:00,"Collision with vehicle","Tuesday","Day",2,2,"Not at intersection",3,60,"MELBOURNE","METROPOLITAN NORTH WEST REGION",-37.79542422,144.9582833,"Dry","Clear"
"T20190020437","10/10/19",08:35:00,"Collision with vehicle","Thursday","Day",2,2,"Cross intersection",3,60,"MELBOURNE","METROPOLITAN NORTH WEST REGION",-37.79258146,144.9586451,"Dry","Clear"
"T20190020438","18/10/19",10:00:00,"Collision with vehicle","Friday","Day",2,5,"Not at intersection",3,80,"MONASH","METROPOLITAN SOUTH EAST REGION",-37.92672842,145.1425271,"Dry","Clear"
"T20190020441","18/10/19",10:20:00,"Collision with vehicle","Friday","Day",3,4,"Not at intersection",3,80,"BOROONDARA","METROPOLITAN SOUTH EAST REGION",-37.83769824,145.0285164,"Dry","Clear"
"T20190020442","4/10/19",14:30:00,"Struck Pedestrian","Friday","Day",1,2,"Not at intersection",3,999,"MANNINGHAM","METROPOLITAN SOUTH EAST REGION",-37.74736768,145.2074137,"Dry","Not known"
"T20190020445","18/10/19",11:30:00,"Struck Pedestrian","Friday","Day",1,2,"Not at intersection",3,60,"BALLARAT","WESTERN REGION",-37.58220975,143.8403821,"Dry","Clear"
"T20190020446","18/10/19",12:04:00,"Collision with vehicle","Friday","Day",4,4,"Not at intersection",3,80,"BRIMBANK","METROPOLITAN NORTH WEST REGION",-37.72345477,144.8079135,"Dry","Clear"
"T20190020447","8/10/19",07:30:00,"Collision with vehicle","Tuesday","Day",2,2,"Cross intersection",3,60,"PORT PHILLIP","METROPOLITAN NORTH WEST REGION",-37.8305679,144.9456897,"Dry","Clear"
"T20190020448","18/10/19",11:00:00,"Collision with vehicle","Friday","Day",2,2,"T intersection",3,40,"MORELAND","METROPOLITAN NORTH WEST REGION",-37.77193039,144.9716267,"Dry","Clear"
"T20190020449","17/10/19",16:35:00,"Collision with vehicle","Thursday","Day",2,1,"Not at intersection",3,60,"BOROONDARA","METROPOLITAN SOUTH EAST REGION",-37.81658614,145.0200414,"Wet","Raining"
"T20190020450","17/10/19",17:35:00,"Collision with vehicle","Thursday","Day",2,2,"Not at intersection",3,60,"MARIBYRNONG","METROPOLITAN NORTH WEST REGION",-37.81781844,144.8605807,"Dry","Clear"
"T20190020454","16/10/19",16:20:00,"Collision with vehicle","Wednesday","Unknown",2,3,"Not at intersection",3,80,"FRANKSTON","METROPOLITAN SOUTH EAST REGION",-38.15072656,145.1511231,"Dry","Not known"
"T20190020455","18/10/19",13:45:00,"Collision with vehicle","Friday","Day",3,4,"Cross intersection",3,60,"MITCHELL","NORTHERN REGION",-37.29592354,144.9507235,"Dry","Clear"
"T20190020456","18/10/19",14:40:00,"Collision with vehicle","Friday","Day",2,3,"Cross intersection",2,60,"MELBOURNE","METROPOLITAN NORTH WEST REGION",-37.84772055,144.9797315,"Dry","Clear"
"T20190020458","18/10/19",14:55:00,"Collision with vehicle","Friday","Day",3,5,"T intersection",3,60,"MORELAND","METROPOLITAN NORTH WEST REGION",-37.71837138,144.9544964,"Dry","Clear"
"T20190020460","18/10/19",07:38:00,"Collision with vehicle","Friday","Dusk/Dawn",2,3,"Cross intersection",3,50,"MOONEE VALLEY","METROPOLITAN NORTH WEST REGION",-37.75614348,144.9267828,"Dry","Clear"
"T20190020461","18/10/19",15:45:00,"Collision with vehicle","Friday","Day",3,5,"Not at intersection",3,70,"CAMPASPE","NORTHERN REGION",-36.14045814,144.7470992,"Dry","Clear"
"T20190020462","18/10/19",13:30:00,"Collision with vehicle","Friday","Day",2,25,"Cross intersection",3,80,"PYRENEES","WESTERN REGION",-37.27503856,143.515047,"Dry","Clear"
"T20190020463","18/10/19",17:20:00,"Fall from or in moving vehicle","Friday","Dusk/Dawn",1,1,"Not at intersection",3,100,"WYNDHAM","METROPOLITAN NORTH WEST REGION",-37.82064973,144.8098814,"Unknown","Not known"
"T20190020464","11/10/19",13:10:00,"Vehicle overturned (no collision)","Friday","Day",1,1,"Not at intersection",3,999,"GEELONG","SOUTH WESTERN REGION",-38.11447207,144.3484305,"Unknown","Not known"
"T20190020465","18/10/19",16:20:00,"Collision with vehicle","Friday","Day",2,2,"T intersection",3,60,"BOROONDARA","METROPOLITAN SOUTH EAST REGION",-37.82550285,145.093529,"Dry","Clear"
"T20190020467","14/10/19",10:20:00,"Fall from or in moving vehicle","Monday","Day",1,1,"Not at intersection",3,50,"MELBOURNE","METROPOLITAN NORTH WEST REGION",-37.78661309,144.9693486,"Dry","Clear"
"T20190020469","18/10/19",17:05:00,"Collision with vehicle","Friday","Day",2,2,"Cross intersection",3,50,"PORT PHILLIP","METROPOLITAN NORTH WEST REGION",-37.83784674,144.941256,"Dry","Clear"
"T20190020471","18/10/19",14:30:00,"Collision with vehicle","Friday","Day",2,2,"Not at intersection",3,50,"FRANKSTON","METROPOLITAN SOUTH EAST REGION",-38.16069389,145.1265998,"Dry","Clear"
"T20190020473","18/10/19",16:30:00,"Collision with a fixed object","Friday","Day",1,1,"Not at intersection",3,100,"LATROBE","EASTERN REGION",-38.25023206,146.5417448,"Dry","Clear"
"T20190020477","9/4/19",17:30:00,"Collision with vehicle","Tuesday","Dark Street lights unknown",2,1,"Not at intersection",3,80,"BRIMBANK","METROPOLITAN NORTH WEST REGION",-37.71242897,144.8310022,"Wet","Raining"
"T20190020478","18/10/19",16:15:00,"Collision with vehicle","Friday","Day",2,2,"Not at intersection",3,50,"CASEY","METROPOLITAN SOUTH EAST REGION",-38.00118011,145.2760227,"Dry","Clear"
"T20190020482","18/10/19",17:00:00,"Collision with vehicle","Friday","Day",2,2,"T intersection",3,999,"WYNDHAM","METROPOLITAN NORTH WEST REGION",-37.90266698,144.6603423,"Dry","Clear"
"T20190020483","18/10/19",15:45:00,"Collision with a fixed object","Friday","Day",1,3,"Not at intersection",3,100,"MOUNT ALEXANDER","NORTHERN REGION",-37.08788924,144.3471907,"Dry","Clear"
"T20190020485","18/10/19",20:10:00,"Collision with vehicle","Friday","Dark Street lights on",2,3,"Cross intersection",3,60,"BRIMBANK","METROPOLITAN NORTH WEST REGION",-37.75258548,144.7776987,"Wet","Raining"
"T20190020486","18/10/19",18:35:00,"Collision with vehicle","Friday","Day",2,2,"Not at intersection",2,90,"CARDINIA","METROPOLITAN SOUTH EAST REGION",-37.89680362,145.5176689,"Dry","Clear"
"T20190020487","18/10/19",15:10:00,"Collision with vehicle","Friday","Day",2,2,"T intersection",3,60,"CASEY","METROPOLITAN SOUTH EAST REGION",-38.11486516,145.2965197,"Dry","Clear"
"T20190020488","18/10/19",16:28:00,"Collision with vehicle","Friday","Day",3,3,"T intersection",3,80,"CASEY","METROPOLITAN SOUTH EAST REGION",-38.13253419,145.2953025,"Dry","Clear"
"T20190020488","18/10/19",16:28:00,"Collision with vehicle","Friday","Day",3,3,"T intersection",3,80,"CASEY","METROPOLITAN SOUTH EAST REGION",-38.13253419,145.2953025,"Dry","Strong winds"
"T20190020490","18/10/19",20:59:00,"Collision with vehicle","Friday","Dark Street lights on",2,2,"Not at intersection",3,60,"MELTON","METROPOLITAN NORTH WEST REGION",-37.72563649,144.7503513,"Wet","Raining"
"T20190020491","18/10/19",16:11:00,"Struck animal","Friday","Day",1,1,"Not at intersection",3,100,"MITCHELL","NORTHERN REGION",-37.31960148,145.0474209,"Dry","Clear"
"T20190020495","18/10/19",20:37:00,"Collision with vehicle","Friday","Dark Street lights on",2,5,"Not at intersection",3,80,"CASEY","METROPOLITAN SOUTH EAST REGION",-38.1166883,145.3108882,"Dry","Clear"
"T20190020497","18/10/19",20:48:00,"Fall from or in moving vehicle","Friday","Dark Street lights on",1,1,"T intersection",3,50,"MOONEE VALLEY","METROPOLITAN NORTH WEST REGION",-37.78166781,144.9207893,"Wet","Raining"
"T20190020497","18/10/19",20:48:00,"Fall from or in moving vehicle","Friday","Dark Street lights on",1,1,"T intersection",3,50,"MOONEE VALLEY","METROPOLITAN NORTH WEST REGION",-37.78166781,144.9207893,"Wet","Strong winds"
"T20190020498","9/10/19",07:47:00,"Collision with vehicle","Wednesday","Day",3,3,"T intersection",3,60,"MONASH","METROPOLITAN SOUTH EAST REGION",-37.90124065,145.1053961,"Dry","Clear"
"T20190020499","18/10/19",17:10:00,"Collision with a fixed object","Friday","Day",1,1,"Not at intersection",2,60,"WHITTLESEA","METROPOLITAN NORTH WEST REGION",-37.6228019,145.0265186,"Dry","Clear"
"T20190020500","17/10/19",23:20:00,"Collision with vehicle","Thursday","Dark Street lights on",2,2,"Cross intersection",3,80,"WHITTLESEA","METROPOLITAN NORTH WEST REGION",-37.68629232,145.0022596,"Dry","Clear"