"ACCIDENT_NO","ACCIDENTDATE","ACCIDENTTIME","Accident Type Desc","Day Week Description","Light Condition Desc","NO_OF_VEHICLES","NO_PERSONS","Road Geometry Desc","SEVERITY","SPEED_ZONE","LGA_NAME","REGION_NAME","Lat","Long","Surface Cond Desc","Atmosph Cond Desc"
"T20190020503","19/10/19",01:45:00,"Collision with vehicle","Saturday","Dark No street lights",2,2,"Not at intersection",2,60,"MILDURA","WESTERN REGION",-34.22718835,142.1710033,"Dry","Clear"
"T20190020504","19/10/19",01:20:00,"Collision with vehicle","Saturday","Dark Street lights on",2,1,"Not at intersection",3,50,"BRIMBANK","METROPOLITAN NORTH WEST REGION",-37.79091852,144.8062411,"Dry","Clear"
"T20190020505","19/10/19",01:05:00,"Collision with a fixed object","Saturday","Dark Street lights on",1,2,"Not at intersection",2,50,"WHITEHORSE","METROPOLITAN SOUTH EAST REGION",-37.84901842,145.1766767,"Dry","Clear"
"T20190020508","19/10/19",02:16:00,"Collision with a fixed object","Saturday","Dark Street lights on",1,1,"Not at intersection",1,60,"ALPINE","NORTH EASTERN REGION",-36.57002479,146.7362031,"Dry","Clear"
"T20190020509","3/10/19",17:15:00,"Collision with vehicle","Thursday","Day",2,2,"Not at intersection",3,50,"STONNINGTON","METROPOLITAN SOUTH EAST REGION",-37.85268337,144.9963979,"Dry","Clear"
"T20190020510","19/10/19",06:46:00,"Struck animal","Saturday","Dusk/Dawn",3,3,"Not at intersection",3,100,"HUME","METROPOLITAN NORTH WEST REGION",-37.56357807,144.941928,"Dry","Clear"
"T20190020512","18/10/19",21:15:00,"Collision with vehicle","Friday","Dark Street lights on",2,2,"Not at intersection",3,60,"CASEY","METROPOLITAN SOUTH EAST REGION",-37.97334993,145.2422123,"Dry","Not known"
"T20190020513","14/4/19",11:30:00,"Collision with a fixed object","Sunday","Day",1,1,"Not at intersection",3,50,"BRIMBANK","METROPOLITAN NORTH WEST REGION",-37.78732748,144.8393755,"Dry","Clear"
"T20190020514","19/10/19",10:20:00,"Collision with vehicle","Saturday","Day",2,2,"T intersection",3,60,"BALLARAT","WESTERN REGION",-37.58818176,143.8210052,"Dry","Clear"
"T20190020517","19/10/19",09:45:00,"Collision with vehicle","Saturday","Day",2,2,"Not at intersection",3,60,"GEELONG","SOUTH WESTERN REGION",-38.17932359,144.367409,"Dry","Clear"
"T20190020518","1/7/19",13:00:00,"Collision with vehicle","Monday","Day",2,2,"Not at intersection",3,100,"CARDINIA","METROPOLITAN SOUTH EAST REGION",-38.07702193,145.4193982,"Unknown","Clear"
"T20190020519","19/10/19",10:33:00,"Struck Pedestrian","Saturday","Day",1,3,"Cross intersection",3,40,"MELBOURNE","METROPOLITAN NORTH WEST REGION",-37.81862018,144.9595602,"Dry","Clear"
"T20190020520","19/10/19",11:00:00,"Collision with vehicle","Saturday","Day",2,2,"T intersection",3,60,"GEELONG","SOUTH WESTERN REGION",-38.19602064,144.3454866,"Dry","Clear"
"T20190020521","20/7/19",15:11:00,"Collision with vehicle","Saturday","Day",2,2,"Not at intersection",3,50,"MONASH","METROPOLITAN SOUTH EAST REGION",-37.92059316,145.1646255,"Dry","Clear"
"T20190020522","19/10/19",10:50:00,"Collision with vehicle","Saturday","Day",2,2,"T intersection",3,50,"FRANKSTON","METROPOLITAN SOUTH EAST REGION",-38.11271216,145.1896977,"Dry","Clear"
"T20190020524","19/10/19",09:32:00,"Vehicle overturned (no collision)","Saturday","Day",1,1,"Not at intersection",3,100,"EAST GIPPSLAND","EASTERN REGION",-37.58304683,147.8948752,"Dry","Clear"
"T20190020525","18/9/19",06:40:00,"Collision with vehicle","Wednesday","Unknown",2,2,"Cross intersection",3,999,"WYNDHAM","METROPOLITAN NORTH WEST REGION",-37.81538776,144.6568537,"Dry","Not known"
"T20190020526","16/10/19",19:45:00,"Collision with vehicle","Wednesday","Dusk/Dawn",2,2,"Not at intersection",3,80,"BRIMBANK","METROPOLITAN NORTH WEST REGION",-37.72336622,144.8080741,"Wet","Clear"
"T20190020528","13/10/19",15:00:00,"Collision with vehicle","Sunday","Day",2,2,"Cross intersection",2,30,"YARRA","METROPOLITAN NORTH WEST REGION",-37.81445483,145.0077307,"Dry","Clear"
"T20190020532","19/10/19",13:30:00,"Collision with vehicle","Saturday","Day",2,2,"Not at intersection",3,60,"BALLARAT","WESTERN REGION",-37.59204243,143.8671583,"Dry","Clear"
"T20190020533","19/10/19",13:40:00,"Collision with a fixed object","Saturday","Day",1,2,"Not at intersection",3,100,"MURRINDINDI","NORTH EASTERN REGION",-37.27100457,145.5402072,"Dry","Clear"
"T20190020534","19/10/19",07:40:00,"Collision with a fixed object","Saturday","Day",1,2,"Not at intersection",3,70,"YARRA RANGES","METROPOLITAN SOUTH EAST REGION",-37.73759546,145.3745703,"Dry","Clear"
"T20190020535","19/10/19",13:34:00,"Collision with vehicle","Saturday","Day",2,2,"Cross intersection",3,50,"BENDIGO","NORTHERN REGION",-36.76142368,144.2833852,"Dry","Clear"
"T20190020537","19/10/19",08:50:00,"No collision and no object struck","Saturday","Day",1,1,"Not at intersection",3,999,"MOORABOOL","WESTERN REGION",-37.55436642,144.2937052,"Dry","Clear"
"T20190020538","19/10/19",11:58:00,"Collision with vehicle","Saturday","Day",3,5,"Not at intersection",3,60,"BENDIGO","NORTHERN REGION",-36.77475408,144.2557525,"Dry","Clear"
"T20190020539","17/10/19",19:47:00,"Collision with vehicle","Thursday","Dark Street lights on",2,2,"Not at intersection",3,60,"HUME","METROPOLITAN NORTH WEST REGION",-37.6868557,144.9167356,"Dry","Clear"
"T20190020540","6/10/19",12:53:00,"Collision with vehicle","Sunday","Day",2,2,"Cross intersection",3,60,"MELBOURNE","METROPOLITAN NORTH WEST REGION",-37.79178132,144.935487,"Dry","Clear"
"T20190020546","19/10/19",13:12:00,"Collision with vehicle","Saturday","Day",2,3,"Cross intersection",2,100,"MOIRA","NORTH EASTERN REGION",-36.06989278,145.6928804,"Dry","Clear"
"T20190020547","18/10/19",18:40:00,"Collision with vehicle","Friday","Dusk/Dawn",2,3,"T intersection",3,60,"MONASH","METROPOLITAN SOUTH EAST REGION",-37.91039332,145.1884173,"Dry","Not known"
"T20190020548","9/8/19",06:45:00,"No collision and no object struck","Friday","Dark Street lights unknown",1,1,"Not at intersection",3,80,"DANDENONG","METROPOLITAN SOUTH EAST REGION",-37.94002595,145.1545884,"Dry","Dust"
"T20190020548","9/8/19",06:45:00,"No collision and no object struck","Friday","Dark Street lights unknown",1,1,"Not at intersection",3,80,"DANDENONG","METROPOLITAN SOUTH EAST REGION",-37.94002595,145.1545884,"Dry","Strong winds"
"T20190020549","16/10/19",09:45:00,"Struck animal","Wednesday","Day",1,1,"Not at intersection",2,100,"TOWONG","NORTH EASTERN REGION",-35.99256546,147.7175975,"Unknown","Clear"
"T20190020550","23/3/19",13:55:00,"Collision with vehicle","Saturday","Day",2,2,"Cross intersection",3,50,"MELBOURNE","METROPOLITAN NORTH WEST REGION",-37.82466307,144.9636517,"Dry","Clear"
"T20190020551","19/10/19",12:01:00,"Vehicle overturned (no collision)","Saturday","Day",1,1,"Not at intersection",2,100,"GOLDEN PLAINS","SOUTH WESTERN REGION",-37.79484671,143.769358,"Dry","Clear"
"T20190020552","19/10/19",17:34:00,"Collision with vehicle","Saturday","Day",2,3,"T intersection",3,100,"MITCHELL","NORTHERN REGION",-37.42124726,145.0226205,"Wet","Clear"
"T20190020554","19/10/19",17:35:00,"Collision with vehicle","Saturday","Day",2,2,"Cross intersection",3,60,"WANGARATTA","NORTH EASTERN REGION",-36.35919618,146.3154587,"Dry","Clear"
"T20190020556","19/10/19",17:25:00,"Collision with vehicle","Saturday","Day",2,6,"T intersection",3,60,"MANNINGHAM","METROPOLITAN SOUTH EAST REGION",-37.79659149,145.1183886,"Dry","Clear"
"T20190020557","19/10/19",16:07:00,"Collision with a fixed object","Saturday","Day",2,1,"T intersection",3,50,"WHITEHORSE","METROPOLITAN SOUTH EAST REGION",-37.82798552,145.1403455,"Dry","Clear"
"T20190020558","19/10/19",18:01:00,"Collision with vehicle","Saturday","Day",3,4,"T intersection",3,80,"DANDENONG","METROPOLITAN SOUTH EAST REGION",-37.93099169,145.1534279,"Wet","Clear"
"T20190020559","19/10/19",14:45:00,"Collision with vehicle","Saturday","Day",2,2,"Cross intersection",3,999,"DANDENONG","METROPOLITAN SOUTH EAST REGION",-37.95568393,145.2261566,"Wet","Not known"
"T20190020562","19/10/19",17:00:00,"Collision with a fixed object","Saturday","Day",1,1,"Not at intersection",3,100,"SHEPPARTON","NORTH EASTERN REGION",-36.52023695,145.5846461,"Dry","Clear"
"T20190020563","19/10/19",13:06:00,"Collision with vehicle","Saturday","Day",3,4,"Not at intersection",2,100,"GOLDEN PLAINS","SOUTH WESTERN REGION",-37.92559116,144.1695051,"Dry","Clear"
"T20190020565","18/10/19",17:00:00,"Fall from or in moving vehicle","Friday","Day",2,2,"T intersection",3,60,"MARIBYRNONG","METROPOLITAN NORTH WEST REGION",-37.80377978,144.8958414,"Dry","Clear"
"T20190020567","21/9/19",17:00:00,"Collision with vehicle","Saturday","Day",2,2,"Not at intersection",3,50,"BENALLA","NORTH EASTERN REGION",-36.55198725,145.9824698,"Dry","Clear"
"T20190020568","19/10/19",15:42:00,"Struck Pedestrian","Saturday","Day",1,5,"Cross intersection",3,40,"MELBOURNE","METROPOLITAN NORTH WEST REGION",-37.81153036,144.9648376,"Dry","Clear"
"T20190020569","19/10/19",18:15:00,"Collision with vehicle","Saturday","Dusk/Dawn",2,4,"Cross intersection",3,40,"GEELONG","SOUTH WESTERN REGION",-38.12555627,144.6917004,"Dry","Clear"
"T20190020570","19/10/19",18:30:00,"Collision with vehicle","Saturday","Dusk/Dawn",2,5,"Cross intersection",3,80,"CASEY","METROPOLITAN SOUTH EAST REGION",-38.02606644,145.3066842,"Wet","Clear"
"T20190020571","18/10/19",23:30:00,"Collision with vehicle","Friday","Dark Street lights on",4,5,"Not at intersection",3,70,"GLEN EIRA","METROPOLITAN SOUTH EAST REGION",-37.8739857,145.0384237,"Dry","Clear"
"T20190020572","19/10/19",05:55:00,"Collision with vehicle","Saturday","Dark Street lights on",2,3,"Cross intersection",3,50,"BALLARAT","WESTERN REGION",-37.58226056,143.8408747,"Wet","Clear"
"T20190020573","19/10/19",19:50:00,"Collision with vehicle","Saturday","Dark Street lights on",2,4,"Cross intersection",3,60,"DAREBIN","METROPOLITAN NORTH WEST REGION",-37.74314802,145.0081186,"Dry","Clear"
"T20190020574","25/9/19",17:55:00,"Struck Pedestrian","Wednesday","Dusk/Dawn",1,3,"Not at intersection",2,60,"GLEN EIRA","METROPOLITAN SOUTH EAST REGION",-37.8897696,145.0619079,"Dry","Clear"
"T20190020575","19/10/19",21:08:00,"Collision with vehicle","Saturday","Dark Street lights on",3,3,"T intersection",3,60,"BOROONDARA","METROPOLITAN SOUTH EAST REGION",-37.83102209,145.0536758,"Dry","Clear"
"T20190020580","20/10/19",01:00:00,"Collision with a fixed object","Sunday","Dark No street lights",1,1,"Not at intersection",3,100,"CARDINIA","METROPOLITAN SOUTH EAST REGION",-38.18873542,145.6465209,"Dry","Clear"
"T20190020581","19/10/19",10:20:00,"Collision with vehicle","Saturday","Day",2,3,"Not at intersection",3,999,"MELBOURNE","METROPOLITAN NORTH WEST REGION",-37.80012682,144.9439637,"Wet","Not known"
"T20190020584","19/10/19",10:50:00,"Collision with a fixed object","Saturday","Day",1,1,"Not at intersection",3,100,"SURF COAST","SOUTH WESTERN REGION",-38.44135545,143.9055453,"Wet","Raining"
"T20190020585","20/10/19",04:45:00,"Collision with vehicle","Sunday","Dark No street lights",2,1,"Not at intersection",3,100,"GEELONG","SOUTH WESTERN REGION",-38.18286061,144.3022055,"Wet","Raining"
"T20190020588","20/10/19",02:41:00,"Collision with a fixed object","Sunday","Dark Street lights on",1,3,"Not at intersection",3,60,"HUME","METROPOLITAN NORTH WEST REGION",-37.68821524,144.9163273,"Dry","Clear"
"T20190020589","19/10/19",21:00:00,"Vehicle overturned (no collision)","Saturday","Dark No street lights",1,1,"Not at intersection",3,100,"COLAC OTWAY","SOUTH WESTERN REGION",-38.04594779,143.6978667,"Wet","Raining"
"T20190020591","20/10/19",06:59:00,"Vehicle overturned (no collision)","Sunday","Day",1,1,"Not at intersection",3,100,"CARDINIA","METROPOLITAN SOUTH EAST REGION",-38.24635549,145.6199625,"Wet","Clear"
"T20190020593","20/10/19",09:00:00,"Collision with vehicle","Sunday","Day",2,2,"Cross intersection",3,70,"BALLARAT","WESTERN REGION",-37.56056682,143.8771068,"Dry","Clear"
"T20190020595","20/10/19",11:40:00,"Collision with vehicle","Sunday","Day",2,2,"Cross intersection",3,60,"MELBOURNE","METROPOLITAN NORTH WEST REGION",-37.7894588,144.9422353,"Dry","Clear"
"T20190020596","20/10/19",10:38:00,"Collision with vehicle","Sunday","Day",2,2,"T intersection",3,70,"MORNINGTON PENINSULA","METROPOLITAN SOUTH EAST REGION",-38.23290591,145.0403361,"Dry","Clear"
"T20190020597","20/10/19",09:40:00,"Collision with vehicle","Sunday","Day",3,5,"Not at intersection",3,80,"MELBOURNE","METROPOLITAN NORTH WEST REGION",-37.82573219,144.9448907,"Dry","Clear"
"T20190020598","4/10/19",16:56:00,"Collision with vehicle","Friday","Unknown",2,2,"Cross intersection",3,999,"HUME","METROPOLITAN NORTH WEST REGION",-37.68808489,144.8822621,"Unknown","Not known"
"T20190020599","20/10/19",11:39:00,"Collision with vehicle","Sunday","Day",2,2,"Not at intersection",3,60,"MORNINGTON PENINSULA","METROPOLITAN SOUTH EAST REGION",-38.34282647,144.9537101,"Dry","Clear"
"T20190020600","20/10/19",09:40:00,"Collision with a fixed object","Sunday","Day",1,6,"Not at intersection",3,60,"COLAC OTWAY","SOUTH WESTERN REGION",-38.47022422,143.7578669,"Dry","Clear"
"T20190020601","20/10/19",12:05:00,"Collision with vehicle","Sunday","Day",2,6,"Cross intersection",3,60,"WHITTLESEA","METROPOLITAN NORTH WEST REGION",-37.60603342,145.0059657,"Dry","Clear"
"T20190020603","20/10/19",12:55:00,"Collision with vehicle","Sunday","Day",3,4,"Not at intersection",3,60,"WHITTLESEA","METROPOLITAN NORTH WEST REGION",-37.67428356,145.0149666,"Dry","Clear"
"T20190020605","25/9/19",13:45:00,"Collision with vehicle","Wednesday","Day",2,3,"T intersection",3,60,"WHITEHORSE","METROPOLITAN SOUTH EAST REGION",-37.81570748,145.1050939,"Dry","Clear"
"T20190020606","20/10/19",13:15:00,"Collision with a fixed object","Sunday","Day",1,1,"Not at intersection",3,60,"GEELONG","SOUTH WESTERN REGION",-38.10572184,144.3443765,"Dry","Clear"
"T20190020607","20/10/19",12:55:00,"Collision with vehicle","Sunday","Day",2,2,"Not at intersection",3,40,"YARRA","METROPOLITAN NORTH WEST REGION",-37.80104997,144.9839107,"Dry","Clear"
"T20190020608","20/10/19",04:30:00,"Collision with a fixed object","Sunday","Dark No street lights",1,1,"Not at intersection",1,100,"YARRIAMBIACK","WESTERN REGION",-36.30037503,142.4361109,"Dry","Clear"
"T20190020609","18/10/19",18:30:00,"Collision with vehicle","Friday","Day",2,2,"Not at intersection",3,60,"MELBOURNE","METROPOLITAN NORTH WEST REGION",-37.80600039,144.9570975,"Unknown","Not known"
"T20190020610","16/10/19",20:15:00,"Collision with vehicle","Wednesday","Dusk/Dawn",3,4,"Not at intersection",3,60,"MONASH","METROPOLITAN SOUTH EAST REGION",-37.88321173,145.0901499,"Dry","Raining"
"T20190020611","20/10/19",14:10:00,"Collision with vehicle","Sunday","Day",3,8,"T intersection",3,60,"CASEY","METROPOLITAN SOUTH EAST REGION",-38.03222972,145.2678831,"Dry","Clear"
"T20190020612","20/10/19",14:20:00,"Collision with vehicle","Sunday","Day",2,2,"T intersection",3,80,"MORNINGTON PENINSULA","METROPOLITAN SOUTH EAST REGION",-38.36932422,145.0051166,"Dry","Clear"
"T20190020614","20/10/19",15:41:00,"Collision with vehicle","Sunday","Day",2,4,"Cross intersection",3,100,"MOORABOOL","WESTERN REGION",-37.75319355,144.4431354,"Dry","Clear"
"T20190020616","20/10/19",10:00:00,"Collision with vehicle","Sunday","Day",2,3,"Not at intersection",3,60,"GLEN EIRA","METROPOLITAN SOUTH EAST REGION",-37.88680077,145.0423488,"Dry","Clear"
"T20190020618","20/10/19",15:58:00,"Collision with a fixed object","Sunday","Day",1,1,"Not at intersection",2,80,"BAW BAW","EASTERN REGION",-38.11902395,145.7658769,"Dry","Clear"
"T20190020620","20/10/19",16:30:00,"Collision with vehicle","Sunday","Day",2,2,"T intersection",2,60,"STONNINGTON","METROPOLITAN SOUTH EAST REGION",-37.83680898,145.0054329,"Dry","Clear"
"T20190020621","20/10/19",15:10:00,"Collision with vehicle","Sunday","Day",2,3,"Cross intersection",3,80,"BAW BAW","METROPOLITAN SOUTH EAST REGION",-38.18762878,145.7097739,"Dry","Clear"
"T20190020624","20/10/19",18:51:00,"Collision with vehicle","Sunday","Dusk/Dawn",2,2,"Cross intersection",3,60,"FRANKSTON","METROPOLITAN SOUTH EAST REGION",-38.08799143,145.1999621,"Dry","Clear"
"T20190020625","20/10/19",16:50:00,"Collision with vehicle","Sunday","Day",2,6,"T intersection",3,100,"COLAC OTWAY","SOUTH WESTERN REGION",-38.14457003,143.6292361,"Dry","Clear"
"T20190020627","20/10/19",20:05:00,"Collision with vehicle","Sunday","Dark Street lights on",2,3,"T intersection",3,60,"WYNDHAM","METROPOLITAN NORTH WEST REGION",-37.91356322,144.6234415,"Dry","Clear"
"T20190020628","20/10/19",18:35:00,"Collision with vehicle","Sunday","Day",6,2,"Not at intersection",3,50,"BOROONDARA","METROPOLITAN SOUTH EAST REGION",-37.83628114,145.0810142,"Dry","Clear"
"T20190020629","17/10/19",17:50:00,"Collision with vehicle","Thursday","Day",2,2,"Multiple intersection",3,100,"HOBSONS BAY","METROPOLITAN NORTH WEST REGION",-37.86762386,144.7716171,"Unknown","Clear"
"T20190020632","20/10/19",20:25:00,"Collision with a fixed object","Sunday","Dark No street lights",1,1,"Not at intersection",3,100,"NORTHERN GRAMPIANS","WESTERN REGION",-37.13454107,142.5526371,"Dry","Clear"
"T20190020633","15/10/19",20:00:00,"Struck Pedestrian","Tuesday","Unknown",1,2,"Not at intersection",3,60,"WHITEHORSE","METROPOLITAN SOUTH EAST REGION",-37.81832223,145.1268234,"Dry","Not known"
"T20190020634","20/10/19",21:25:00,"Collision with vehicle","Sunday","Dark Street lights on",2,2,"Cross intersection",3,60,"BANYULE","METROPOLITAN NORTH WEST REGION",-37.7570853,145.0449662,"Dry","Clear"
"T20190020635","5/10/19",13:45:00,"Fall from or in moving vehicle","Saturday","Day",1,1,"Not at intersection",3,999,"WYNDHAM","METROPOLITAN NORTH WEST REGION",-37.87528926,144.718192,"Dry","Clear"
"T20190020637","20/10/19",19:30:00,"Collision with a fixed object","Sunday","Dusk/Dawn",1,1,"Not at intersection",2,100,"HUME","METROPOLITAN NORTH WEST REGION",-37.60729175,144.8052896,"Dry","Clear"
"T20190020638","20/10/19",22:00:00,"Struck animal","Sunday","Dark No street lights",1,1,"T intersection",3,100,"CARDINIA","METROPOLITAN SOUTH EAST REGION",-38.02855494,145.493419,"Dry","Clear"
"T20190020639","20/10/19",23:42:00,"Collision with vehicle","Sunday","Dark Street lights on",3,7,"Not at intersection",2,50,"MARIBYRNONG","METROPOLITAN NORTH WEST REGION",-37.79794942,144.8823543,"Dry","Clear"
"T20190020644","20/10/19",23:26:00,"Collision with a fixed object","Sunday","Dark Street lights on",1,1,"Not at intersection",3,60,"YARRA RANGES","METROPOLITAN SOUTH EAST REGION",-37.77780645,145.3126935,"Dry","Clear"
"T20190020646","18/10/19",16:20:00,"Collision with vehicle","Friday","Day",2,2,"Not at intersection",3,50,"PORT PHILLIP","METROPOLITAN NORTH WEST REGION",-37.86640221,144.9996253,"Unknown","Clear"
"T20190020649","21/10/19",08:20:00,"Collision with vehicle","Monday","Day",2,2,"Not at intersection",3,999,"KINGSTON","METROPOLITAN SOUTH EAST REGION",-37.97522953,145.0726859,"Dry","Clear"
"T20190020650","21/10/19",04:45:00,"Collision with vehicle","Monday","Dark No street lights",2,2,"Y intersection",3,60,"GOLDEN PLAINS","SOUTH WESTERN REGION",-38.04445622,144.1733303,"Dry","Clear"
"T20190020652","20/9/19",16:00:00,"Vehicle overturned (no collision)","Friday","Dusk/Dawn",1,1,"Not at intersection",3,60,"FRANKSTON","METROPOLITAN SOUTH EAST REGION",-38.13093381,145.1310862,"Unknown","Not known"
"T20190020653","21/10/19",11:03:00,"Collision with vehicle","Monday","Day",2,2,"Not at intersection",3,999,"WHITTLESEA","METROPOLITAN NORTH WEST REGION",-37.69598091,145.0225423,"Dry","Not known"
"T20190020654","21/10/19",08:45:00,"Struck animal","Monday","Day",1,1,"Not at intersection",3,100,"EAST GIPPSLAND","EASTERN REGION",-37.74513274,148.3885198,"Dry","Clear"
"T20190020655","14/10/19",20:11:00,"Collision with vehicle","Monday","Dark Street lights on",2,2,"Not at intersection",3,100,"HOBSONS BAY","METROPOLITAN NORTH WEST REGION",-37.86750276,144.7725715,"Dry","Clear"
"T20190020656","19/10/19",12:05:00,"Fall from or in moving vehicle","Saturday","Day",1,2,"Cross intersection",3,50,"MELBOURNE","METROPOLITAN NORTH WEST REGION",-37.81630411,144.9641083,"Dry","Clear"
"T20190020657","21/10/19",09:40:00,"Struck Pedestrian","Monday","Day",1,2,"T intersection",3,60,"MORELAND","METROPOLITAN NORTH WEST REGION",-37.73919455,144.9457113,"Dry","Clear"
"T20190020659","21/10/19",06:55:00,"Collision with vehicle","Monday","Day",2,2,"T intersection",3,50,"YARRA RANGES","METROPOLITAN SOUTH EAST REGION",-37.87257383,145.4036467,"Wet","Clear"
"T20190020661","21/10/19",06:40:00,"Collision with vehicle","Monday","Day",2,2,"Cross intersection",3,80,"CASEY","METROPOLITAN SOUTH EAST REGION",-37.97252077,145.2362598,"Dry","Not known"
"T20190020662","3/1/19",18:00:00,"Collision with vehicle","Thursday","Unknown",2,2,"T intersection",3,60,"YARRA","METROPOLITAN NORTH WEST REGION",-37.8094787,144.9913927,"Unknown","Not known"
"T20190020667","21/10/19",09:00:00,"Collision with vehicle","Monday","Day",2,2,"Not at intersection",3,40,"DANDENONG","METROPOLITAN SOUTH EAST REGION",-37.98581955,145.2066126,"Dry","Not known"
"T20190020669","21/10/19",08:30:00,"Struck Pedestrian","Monday","Day",1,2,"T intersection",3,50,"MONASH","METROPOLITAN SOUTH EAST REGION",-37.88124384,145.090595,"Dry","Not known"
"T20190020670","21/10/19",11:40:00,"Collision with vehicle","Monday","Day",2,2,"Cross intersection",3,60,"WHITTLESEA","METROPOLITAN NORTH WEST REGION",-37.65996434,145.0790092,"Dry","Clear"
"T20190020672","21/10/19",12:51:00,"collision with some other object","Monday","Day",2,2,"Not at intersection",3,70,"HUME","METROPOLITAN NORTH WEST REGION",-37.63833303,144.9110111,"Dry","Clear"
"T20190020673","21/10/19",13:36:00,"Collision with vehicle","Monday","Day",2,2,"T intersection",3,50,"MORNINGTON PENINSULA","METROPOLITAN SOUTH EAST REGION",-38.3739173,144.8330877,"Dry","Clear"
"T20190020675","4/4/19",17:20:00,"Collision with vehicle","Thursday","Day",2,2,"T intersection",2,60,"MOONEE VALLEY","METROPOLITAN NORTH WEST REGION",-37.763544,144.9255308,"Dry","Not known"
"T20190020676","21/10/19",15:15:00,"Struck Pedestrian","Monday","Day",1,2,"T intersection",3,60,"GLEN EIRA","METROPOLITAN SOUTH EAST REGION",-37.89283607,145.0278233,"Dry","Clear"
"T20190020678","19/10/19",20:55:00,"Collision with vehicle","Saturday","Dark No street lights",2,2,"Not at intersection",3,70,"NILLUMBIK","METROPOLITAN NORTH WEST REGION",-37.65208279,145.3138887,"Dry","Clear"
"T20190020679","21/10/19",13:30:00,"Collision with vehicle","Monday","Day",3,3,"T intersection",3,60,"GLEN EIRA","METROPOLITAN SOUTH EAST REGION",-37.91071321,145.0353419,"Dry","Clear"
"T20190020681","16/10/19",18:30:00,"No collision and no object struck","Wednesday","Day",1,1,"T intersection",3,40,"YARRA","METROPOLITAN NORTH WEST REGION",-37.81788257,144.9929646,"Wet","Not known"
"T20190020682","18/10/19",09:15:00,"Collision with vehicle","Friday","Day",2,2,"T intersection",3,40,"YARRA","METROPOLITAN NORTH WEST REGION",-37.80007796,144.995374,"Dry","Clear"
"T20190020684","21/10/19",14:55:00,"Collision with vehicle","Monday","Day",2,2,"Not at intersection",1,60,"HUME","METROPOLITAN NORTH WEST REGION",-37.63163407,144.7984205,"Dry","Clear"
"T20190020685","21/10/19",17:00:00,"Collision with vehicle","Monday","Day",2,5,"T intersection",2,100,"MILDURA","WESTERN REGION",-34.26062677,142.1803105,"Dry","Clear"
"T20190020687","21/10/19",16:08:00,"Collision with vehicle","Monday","Day",2,2,"T intersection",3,60,"MAROONDAH","METROPOLITAN SOUTH EAST REGION",-37.78370737,145.2839862,"Dry","Clear"
"T20190020688","21/10/19",17:50:00,"Collision with vehicle","Monday","Dusk/Dawn",2,2,"Not at intersection",3,100,"HUME","METROPOLITAN NORTH WEST REGION",-37.68405067,144.8746632,"Dry","Clear"
"T20190020691","21/10/19",17:00:00,"Collision with vehicle","Monday","Day",2,2,"Cross intersection",3,50,"SHEPPARTON","NORTH EASTERN REGION",-36.39214247,145.4085285,"Dry","Clear"
"T20190020692","8/10/19",20:55:00,"Collision with vehicle","Tuesday","Dark Street lights on",2,2,"Not at intersection",3,40,"MAROONDAH","METROPOLITAN SOUTH EAST REGION",-37.81517763,145.2291164,"Unknown","Not known"
"T20190020694","21/10/19",16:32:00,"Collision with vehicle","Monday","Day",2,2,"Not at intersection",3,60,"DANDENONG","METROPOLITAN SOUTH EAST REGION",-37.94317456,145.2098979,"Dry","Clear"
"T20190020697","21/10/19",18:25:00,"Collision with vehicle","Monday","Day",3,3,"Not at intersection",3,50,"WHITTLESEA","METROPOLITAN NORTH WEST REGION",-37.64191624,145.0689377,"Dry","Clear"
"T20190020698","21/10/19",18:00:00,"Collision with vehicle","Monday","Dusk/Dawn",4,4,"Not at intersection",3,80,"HUME","METROPOLITAN NORTH WEST REGION",-37.66786977,144.8554771,"Dry","Clear"
"T20190020700","21/10/19",19:35:00,"Collision with vehicle","Monday","Dusk/Dawn",2,2,"T intersection",3,40,"PORT PHILLIP","METROPOLITAN NORTH WEST REGION",-37.85697265,144.9875519,"Dry","Clear"
"T20190020701","21/10/19",19:11:00,"Collision with vehicle","Monday","Dusk/Dawn",2,3,"T intersection",3,80,"CASEY","METROPOLITAN SOUTH EAST REGION",-38.11923384,145.3312235,"Dry","Clear"
"T20190020702","21/10/19",19:08:00,"Collision with a fixed object","Monday","Day",1,1,"T intersection",3,50,"KINGSTON","METROPOLITAN SOUTH EAST REGION",-37.9942463,145.0883627,"Dry","Clear"
"T20190020704","21/10/19",19:00:00,"Collision with vehicle","Monday","Day",2,2,"Not at intersection",3,60,"BALLARAT","WESTERN REGION",-37.5414158,143.8417767,"Dry","Not known"
"T20190020705","15/10/19",10:50:00,"Fall from or in moving vehicle","Tuesday","Day",1,1,"Not at intersection",3,999,"DANDENONG","METROPOLITAN SOUTH EAST REGION",-38.01371507,145.24072,"Unknown","Not known"
"T20190020707","21/10/19",15:35:00,"Struck Pedestrian","Monday","Day",1,2,"T intersection",3,40,"WHITTLESEA","METROPOLITAN NORTH WEST REGION",-37.62380544,145.0363491,"Dry","Not known"