"ACCIDENT_NO","ACCIDENTDATE","ACCIDENTTIME","Accident Type Desc","Day Week Description","Light Condition Desc","NO_OF_VEHICLES","NO_PERSONS","Road Geometry Desc","SEVERITY","SPEED_ZONE","LGA_NAME","REGION_NAME","Lat","Long","Surface Cond Desc","Atmosph Cond Desc"
"T20190020708","21/10/19",21:31:00,"Collision with a fixed object","Monday","Dark No street lights",1,2,"Not at intersection",3,100,"MOORABOOL","WESTERN REGION",-37.56147562,144.4581335,"Dry","Clear"
"T20190020710","21/10/19",21:45:00,"Collision with vehicle","Monday","Dark Street lights on",2,3,"Not at intersection",3,60,"CASEY","METROPOLITAN SOUTH EAST REGION",-37.97835103,145.2412039,"Dry","Clear"
"T20190020711","15/10/19",18:16:00,"Struck Pedestrian","Tuesday","Day",1,2,"Not at intersection",3,30,"HUME","METROPOLITAN NORTH WEST REGION",-37.67021121,144.8494964,"Dry","Clear"
"T20190020715","22/10/19",01:57:00,"Collision with a fixed object","Tuesday","Dark Street lights on",1,3,"T intersection",2,50,"YARRA RANGES","METROPOLITAN SOUTH EAST REGION",-37.86288335,145.3536999,"Dry","Not known"
"T20190020717","4/10/19",18:30:00,"Collision with vehicle","Friday","Dark Street lights unknown",2,2,"Not at intersection",3,100,"MOUNT ALEXANDER","NORTHERN REGION",-37.00863319,144.2467957,"Wet","Raining"
"T20190020718","21/10/19",12:42:00,"Collision with vehicle","Monday","Day",2,2,"Not at intersection",3,80,"YARRA RANGES","METROPOLITAN SOUTH EAST REGION",-37.76845754,145.4067688,"Dry","Clear"
"T20190020719","21/10/19",18:45:00,"Collision with a fixed object","Monday","Dusk/Dawn",1,2,"Not at intersection",3,50,"DAREBIN","METROPOLITAN NORTH WEST REGION",-37.6998371,145.0224425,"Dry","Clear"
"T20190020720","21/10/19",18:45:00,"Struck Pedestrian","Monday","Dusk/Dawn",1,4,"T intersection",2,50,"DAREBIN","METROPOLITAN NORTH WEST REGION",-37.69979286,145.0225566,"Dry","Clear"
"T20190020721","18/10/19",07:30:00,"Vehicle overturned (no collision)","Friday","Unknown",1,1,"Not at intersection",3,999,"MELBOURNE","METROPOLITAN NORTH WEST REGION",-37.80137312,144.9135617,"Dry","Not known"
"T20190020722","21/10/19",09:30:00,"Collision with vehicle","Monday","Day",3,4,"Cross intersection",3,50,"MARIBYRNONG","METROPOLITAN NORTH WEST REGION",-37.81060986,144.8821822,"Dry","Clear"
"T20190020724","22/10/19",06:20:00,"Collision with vehicle","Tuesday","Dark Street lights unknown",2,4,"Cross intersection",3,80,"CARDINIA","METROPOLITAN SOUTH EAST REGION",-38.17585011,145.4230552,"Dry","Clear"
"T20190020726","22/10/19",08:30:00,"Collision with vehicle","Tuesday","Day",2,2,"Cross intersection",3,80,"MOIRA","NORTH EASTERN REGION",-35.92529686,145.6319927,"Dry","Clear"
"T20190020728","23/9/19",17:00:00,"Collision with vehicle","Monday","Day",2,2,"Not at intersection",3,100,"BRIMBANK","METROPOLITAN NORTH WEST REGION",-37.74333757,144.8445078,"Wet","Raining"
"T20190020729","21/10/19",20:52:00,"Collision with vehicle","Monday","Dark Street lights on",2,2,"Cross intersection",3,60,"PORT PHILLIP","METROPOLITAN NORTH WEST REGION",-37.83897823,144.9474858,"Dry","Clear"
"T20190020730","22/10/19",07:52:00,"Collision with vehicle","Tuesday","Day",2,2,"Multiple intersection",3,60,"MOONEE VALLEY","METROPOLITAN NORTH WEST REGION",-37.73625791,144.9284151,"Dry","Clear"
"T20190020732","18/10/19",20:30:00,"Struck animal","Friday","Dark No street lights",1,2,"Not at intersection",3,100,"MURRINDINDI","NORTH EASTERN REGION",-37.23207949,145.442568,"Dry","Clear"
"T20190020733","22/10/19",06:45:00,"Vehicle overturned (no collision)","Tuesday","Dusk/Dawn",1,1,"Cross intersection",3,60,"BANYULE","METROPOLITAN NORTH WEST REGION",-37.77035728,145.0634678,"Dry","Clear"
"T20190020734","12/10/19",11:00:00,"Collision with vehicle","Saturday","Day",2,2,"T intersection",3,999,"GEELONG","SOUTH WESTERN REGION",-38.23655356,144.5397901,"Dry","Clear"
"T20190020735","22/10/19",09:16:00,"Collision with vehicle","Tuesday","Day",2,2,"Cross intersection",3,50,"MORELAND","METROPOLITAN NORTH WEST REGION",-37.76729832,144.9490118,"Dry","Clear"
"T20190020737","21/10/19",17:15:00,"Collision with vehicle","Monday","Day",2,2,"Multiple intersection",3,60,"BOROONDARA","METROPOLITAN SOUTH EAST REGION",-37.81961605,145.0912051,"Dry","Clear"
"T20190020739","22/10/19",08:45:00,"Collision with vehicle","Tuesday","Day",3,4,"Not at intersection",3,100,"GOLDEN PLAINS","SOUTH WESTERN REGION",-38.08542629,144.242662,"Dry","Clear"
"T20190020742","14/10/19",17:53:00,"Collision with vehicle","Monday","Unknown",2,3,"T intersection",3,60,"MORNINGTON PENINSULA","METROPOLITAN SOUTH EAST REGION",-38.2512687,145.058579,"Dry","Clear"
"T20190020743","18/10/19",15:13:00,"Collision with vehicle","Friday","Day",2,2,"Not at intersection",3,80,"NILLUMBIK","METROPOLITAN NORTH WEST REGION",-37.69005105,145.0860865,"Dry","Clear"
"T20190020744","22/10/19",10:45:00,"Collision with vehicle","Tuesday","Day",2,3,"T intersection",3,50,"MELBOURNE","METROPOLITAN NORTH WEST REGION",-37.7946316,144.9318422,"Dry","Clear"
"T20190020745","18/10/19",16:08:00,"Collision with vehicle","Friday","Day",2,3,"Not at intersection",3,60,"MORNINGTON PENINSULA","METROPOLITAN SOUTH EAST REGION",-38.19408444,145.1482433,"Dry","Clear"
"T20190020746","22/10/19",11:10:00,"Collision with vehicle","Tuesday","Unknown",2,2,"Not at intersection",3,999,"GEELONG","SOUTH WESTERN REGION",-38.17551691,144.3422349,"Unknown","Clear"
"T20190020747","22/10/19",09:20:00,"Collision with vehicle","Tuesday","Day",2,2,"Not at intersection",3,60,"GEELONG","SOUTH WESTERN REGION",-38.17955506,144.3745888,"Dry","Clear"
"T20190020748","17/10/19",09:40:00,"Collision with vehicle","Thursday","Day",2,3,"Not at intersection",3,80,"MOONEE VALLEY","METROPOLITAN NORTH WEST REGION",-37.73377326,144.8948647,"Unknown","Not known"
"T20190020749","20/10/19",05:30:00,"Vehicle overturned (no collision)","Sunday","Dark No street lights",1,1,"Not at intersection",3,100,"ARARAT","WESTERN REGION",-37.69855136,142.8621117,"Dry","Clear"
"T20190020750","22/10/19",08:49:00,"Collision with vehicle","Tuesday","Day",2,4,"Not at intersection",3,60,"WHITTLESEA","METROPOLITAN NORTH WEST REGION",-37.64501585,145.0304022,"Dry","Not known"
"T20190020754","9/9/19",08:30:00,"Collision with vehicle","Monday","Day",2,2,"Not at intersection",3,40,"BRIMBANK","METROPOLITAN NORTH WEST REGION",-37.74534196,144.8091566,"Dry","Clear"
"T20190020756","25/9/19",13:00:00,"Collision with vehicle","Wednesday","Day",2,2,"Cross intersection",3,80,"DANDENONG","METROPOLITAN SOUTH EAST REGION",-38.02665422,145.2437455,"Dry","Clear"
"T20190020757","21/10/19",15:30:00,"Collision with vehicle","Monday","Day",2,2,"Cross intersection",3,50,"CASEY","METROPOLITAN SOUTH EAST REGION",-38.02951452,145.3514368,"Dry","Clear"
"T20190020758","7/8/19",08:30:00,"Collision with vehicle","Wednesday","Day",2,2,"Not at intersection",3,50,"WHITEHORSE","METROPOLITAN SOUTH EAST REGION",-37.81233269,145.1955068,"Dry","Clear"
"T20190020760","30/9/19",13:00:00,"No collision and no object struck","Monday","Day",2,2,"Cross intersection",3,50,"BALLARAT","WESTERN REGION",-37.55648864,143.8482422,"Dry","Clear"
"T20190020761","17/10/19",15:15:00,"Collision with vehicle","Thursday","Day",2,2,"Not at intersection",3,80,"CASEY","METROPOLITAN SOUTH EAST REGION",-38.13206588,145.2323111,"Dry","Not known"
"T20190020762","22/10/19",13:30:00,"Collision with vehicle","Tuesday","Day",2,2,"Cross intersection",3,60,"KINGSTON","METROPOLITAN SOUTH EAST REGION",-37.94067087,145.0979289,"Dry","Clear"
"T20190020763","21/10/19",16:20:00,"Collision with vehicle","Monday","Day",2,4,"T intersection",3,60,"NILLUMBIK","METROPOLITAN NORTH WEST REGION",-37.72004234,145.2244911,"Dry","Clear"
"T20190020764","22/10/19",13:36:00,"Collision with vehicle","Tuesday","Day",2,3,"Not at intersection",3,60,"WELLINGTON","EASTERN REGION",-38.10512756,147.0691762,"Dry","Clear"
"T20190020768","22/10/19",10:00:00,"Collision with a fixed object","Tuesday","Day",1,1,"Not at intersection",3,60,"MELTON","METROPOLITAN NORTH WEST REGION",-37.72275598,144.738261,"Dry","Clear"
"T20190020770","12/10/19",18:40:00,"Collision with vehicle","Saturday","Dusk/Dawn",3,3,"Cross intersection",3,100,"MELBOURNE","METROPOLITAN NORTH WEST REGION",-37.82659469,144.9473325,"Dry","Clear"
"T20190020771","23/9/19",06:45:00,"Collision with vehicle","Monday","Unknown",2,2,"Not at intersection",3,60,"HUME","METROPOLITAN NORTH WEST REGION",-37.67980449,144.9216603,"Unknown","Not known"
"T20190020772","22/10/19",15:50:00,"Collision with vehicle","Tuesday","Day",2,4,"Cross intersection",3,50,"BALLARAT","WESTERN REGION",-37.56365873,143.8529409,"Dry","Clear"
"T20190020773","27/6/19",18:00:00,"Vehicle overturned (no collision)","Thursday","Day",1,1,"T intersection",3,60,"MORNINGTON PENINSULA","METROPOLITAN SOUTH EAST REGION",-38.35350087,145.186109,"Dry","Clear"
"T20190020775","22/10/19",17:28:00,"Collision with vehicle","Tuesday","Day",2,2,"Cross intersection",3,50,"WARRNAMBOOL","SOUTH WESTERN REGION",-38.3805539,142.4768106,"Dry","Clear"
"T20190020776","22/10/19",16:00:00,"Collision with vehicle","Tuesday","Day",2,2,"Cross intersection",3,50,"WHITTLESEA","METROPOLITAN NORTH WEST REGION",-37.62937965,145.0123295,"Dry","Not known"
"T20190020777","22/10/19",16:30:00,"Struck Pedestrian","Tuesday","Day",1,2,"Not at intersection",3,60,"GEELONG","SOUTH WESTERN REGION",-38.08661841,144.3480815,"Dry","Clear"
"T20190020779","22/10/19",14:50:00,"Collision with vehicle","Tuesday","Day",2,2,"Cross intersection",3,999,"WHITTLESEA","METROPOLITAN NORTH WEST REGION",-37.69783534,145.058832,"Dry","Clear"
"T20190020781","22/10/19",15:08:00,"Collision with a fixed object","Tuesday","Day",2,2,"Not at intersection",3,100,"CARDINIA","METROPOLITAN SOUTH EAST REGION",-38.14461682,145.4124799,"Dry","Clear"
"T20190020784","22/10/19",19:00:00,"Collision with vehicle","Tuesday","Dark Street lights on",2,2,"T intersection",3,40,"MORELAND","METROPOLITAN NORTH WEST REGION",-37.76889368,144.9721707,"Dry","Clear"
"T20190020792","22/10/19",16:42:00,"Collision with vehicle","Tuesday","Day",4,4,"Not at intersection",3,100,"MONASH","METROPOLITAN SOUTH EAST REGION",-37.9079507,145.1597292,"Dry","Clear"
"T20190020795","22/10/19",15:15:00,"Collision with vehicle","Tuesday","Day",3,3,"Cross intersection",3,60,"BAYSIDE","METROPOLITAN SOUTH EAST REGION",-37.96950928,145.0173947,"Dry","Clear"
"T20190020798","22/10/19",19:16:00,"Collision with vehicle","Tuesday","Dusk/Dawn",3,5,"T intersection",3,60,"STONNINGTON","METROPOLITAN SOUTH EAST REGION",-37.83680898,145.0054329,"Dry","Clear"
"T20190020800","22/10/19",23:30:00,"Collision with vehicle","Tuesday","Dark Street lights on",2,4,"Not at intersection",3,60,"MORELAND","METROPOLITAN NORTH WEST REGION",-37.75198295,144.9357298,"Dry","Clear"
"T20190020804","22/10/19",23:32:00,"Collision with a fixed object","Tuesday","Dark Street lights on",1,1,"T intersection",2,50,"MORELAND","METROPOLITAN NORTH WEST REGION",-37.75094226,144.971283,"Dry","Clear"
"T20190020805","23/10/19",01:42:00,"Collision with vehicle","Wednesday","Dark Street lights on",2,3,"Not at intersection",3,80,"CASEY","METROPOLITAN SOUTH EAST REGION",-37.97376229,145.2489777,"Dry","Clear"
"T20190020806","23/10/19",02:30:00,"Collision with vehicle","Wednesday","Dark Street lights on",3,4,"Cross intersection",3,60,"GLEN EIRA","METROPOLITAN SOUTH EAST REGION",-37.87267383,145.0247121,"Dry","Clear"
"T20190020808","21/10/19",17:20:00,"Collision with vehicle","Monday","Day",3,3,"Not at intersection",3,60,"MILDURA","WESTERN REGION",-34.2137596,142.1577182,"Dry","Clear"
"T20190020810","22/10/19",13:50:00,"Collision with vehicle","Tuesday","Day",3,3,"Not at intersection",3,70,"MANNINGHAM","METROPOLITAN SOUTH EAST REGION",-37.77573999,145.0788451,"Dry","Clear"
"T20190020811","11/9/19",11:00:00,"Collision with vehicle","Wednesday","Day",2,2,"Not at intersection",3,50,"BASS COAST","EASTERN REGION",-38.60065305,145.5885915,"Dry","Clear"
"T20190020813","22/10/19",13:48:00,"Collision with vehicle","Tuesday","Day",2,2,"Not at intersection",3,60,"DAREBIN","METROPOLITAN NORTH WEST REGION",-37.72737458,145.0058843,"Dry","Clear"
"T20190020814","12/5/19",20:30:00,"Collision with vehicle","Sunday","Dark Street lights on",2,2,"Cross intersection",3,60,"WYNDHAM","METROPOLITAN NORTH WEST REGION",-37.83611649,144.6723198,"Unknown","Not known"
"T20190020815","23/10/19",06:45:00,"Collision with vehicle","Wednesday","Day",2,2,"Cross intersection",3,60,"WANGARATTA","NORTH EASTERN REGION",-36.44957726,146.4313631,"Dry","Clear"
"T20190020817","23/10/19",07:45:00,"Collision with vehicle","Wednesday","Day",4,4,"Not at intersection",3,70,"MANNINGHAM","METROPOLITAN SOUTH EAST REGION",-37.76052805,145.1409799,"Dry","Clear"
"T20190020818","23/10/19",08:25:00,"Collision with vehicle","Wednesday","Day",2,2,"T intersection",3,60,"SHEPPARTON","NORTH EASTERN REGION",-36.30277951,145.4315673,"Dry","Clear"
"T20190020819","22/10/19",18:02:00,"Collision with vehicle","Tuesday","Day",2,2,"Not at intersection",3,999,"MORELAND","METROPOLITAN NORTH WEST REGION",-37.77115873,144.9717604,"Dry","Clear"
"T20190020820","23/10/19",07:30:00,"Collision with vehicle","Wednesday","Day",2,2,"Not at intersection",3,100,"WHITTLESEA","METROPOLITAN NORTH WEST REGION",-37.66401695,144.983213,"Dry","Clear"
"T20190020821","23/10/19",08:20:00,"Collision with vehicle","Wednesday","Day",5,5,"Not at intersection",3,100,"WHITTLESEA","METROPOLITAN NORTH WEST REGION",-37.69043753,144.9747907,"Dry","Clear"
"T20190020822","28/7/19",19:23:00,"Collision with vehicle","Sunday","Dark Street lights on",2,2,"Cross intersection",3,50,"KNOX","METROPOLITAN SOUTH EAST REGION",-37.88843606,145.2629039,"Dry","Clear"
"T20190020823","23/10/19",09:25:00,"Collision with vehicle","Wednesday","Day",3,4,"Not at intersection",3,60,"DAREBIN","METROPOLITAN NORTH WEST REGION",-37.72915323,145.0576604,"Dry","Clear"
"T20190020825","22/10/19",13:25:00,"Collision with vehicle","Tuesday","Day",4,6,"Not at intersection",3,60,"BOROONDARA","METROPOLITAN SOUTH EAST REGION",-37.80117639,145.0836048,"Dry","Clear"
"T20190020826","23/10/19",09:50:00,"Collision with vehicle","Wednesday","Day",2,2,"Not at intersection",3,80,"CASEY","METROPOLITAN SOUTH EAST REGION",-38.05873955,145.3382857,"Dry","Clear"
"T20190020827","23/10/19",08:46:00,"Struck Pedestrian","Wednesday","Day",1,2,"Cross intersection",3,60,"MELTON","METROPOLITAN NORTH WEST REGION",-37.74325173,144.7356887,"Dry","Clear"
"T20190020830","16/10/19",17:30:00,"Collision with vehicle","Wednesday","Dusk/Dawn",2,2,"Not at intersection",3,80,"DANDENONG","METROPOLITAN SOUTH EAST REGION",-37.95723612,145.2218833,"Wet","Raining"
"T20190020831","23/10/19",08:00:00,"Collision with vehicle","Wednesday","Unknown",2,2,"Cross intersection",3,999,"DAREBIN","METROPOLITAN NORTH WEST REGION",-37.77935179,145.0101787,"Unknown","Not known"
"T20190020834","20/10/19",14:30:00,"Collision with vehicle","Sunday","Day",2,4,"Cross intersection",3,60,"DAREBIN","METROPOLITAN NORTH WEST REGION",-37.75815127,145.0216327,"Dry","Clear"
"T20190020837","4/10/19",16:00:00,"Collision with vehicle","Friday","Day",2,4,"Not at intersection",2,80,"CASEY","METROPOLITAN SOUTH EAST REGION",-37.97769088,145.2787702,"Wet","Clear"
"T20190020838","23/10/19",07:35:00,"Collision with vehicle","Wednesday","Day",2,2,"T intersection",3,60,"PORT PHILLIP","METROPOLITAN NORTH WEST REGION",-37.86967531,144.9881155,"Unknown","Clear"
"T20190020840","23/10/19",15:30:00,"Collision with vehicle","Wednesday","Day",3,4,"Not at intersection",3,40,"STONNINGTON","METROPOLITAN SOUTH EAST REGION",-37.85668129,145.0297512,"Dry","Clear"
"T20190020841","8/10/19",06:10:00,"Collision with vehicle","Tuesday","Dusk/Dawn",2,2,"Not at intersection",3,60,"BANYULE","METROPOLITAN NORTH WEST REGION",-37.76630738,145.0668931,"Unknown","Clear"
"T20190020842","16/9/19",15:18:00,"Collision with vehicle","Monday","Day",2,2,"T intersection",3,100,"CORANGAMITE","SOUTH WESTERN REGION",-38.33445265,143.234867,"Dry","Clear"
"T20190020846","15/10/19",13:30:00,"Collision with vehicle","Tuesday","Unknown",2,2,"Cross intersection",3,50,"HUME","METROPOLITAN NORTH WEST REGION",-37.68606537,144.9269048,"Dry","Clear"
"T20190020848","23/10/19",10:20:00,"Struck Pedestrian","Wednesday","Day",1,2,"Cross intersection",3,60,"WYNDHAM","METROPOLITAN NORTH WEST REGION",-37.90159653,144.6278683,"Dry","Clear"
"T20190020849","23/10/19",11:20:00,"Collision with vehicle","Wednesday","Day",2,8,"Cross intersection",3,100,"WELLINGTON","EASTERN REGION",-38.06802317,147.0738017,"Dry","Clear"
"T20190020850","19/8/19",16:45:00,"Collision with vehicle","Monday","Day",2,2,"Not at intersection",3,60,"WANGARATTA","NORTH EASTERN REGION",-36.37942563,146.3266207,"Dry","Clear"
"T20190020851","23/10/19",14:20:00,"Collision with vehicle","Wednesday","Day",2,2,"Not at intersection",3,60,"MELBOURNE","METROPOLITAN NORTH WEST REGION",-37.80987516,144.9498086,"Dry","Clear"
"T20190020852","23/10/19",14:45:00,"Collision with vehicle","Wednesday","Day",2,3,"T intersection",3,60,"YARRA","METROPOLITAN NORTH WEST REGION",-37.80943804,144.9894831,"Dry","Clear"
"T20190020854","3/8/19",22:30:00,"Collision with vehicle","Saturday","Dark Street lights unknown",2,2,"Cross intersection",3,60,"WHITEHORSE","METROPOLITAN SOUTH EAST REGION",-37.83039493,145.1361821,"Unknown","Not known"
"T20190020855","22/10/19",12:24:00,"Collision with vehicle","Tuesday","Day",2,2,"Cross intersection",3,60,"BANYULE","METROPOLITAN NORTH WEST REGION",-37.74099784,145.036806,"Dry","Clear"
"T20190020857","22/10/19",19:00:00,"Struck Pedestrian","Tuesday","Day",1,2,"Not at intersection",3,50,"BENDIGO","NORTHERN REGION",-36.80412199,144.2317796,"Dry","Clear"
"T20190020858","23/10/19",17:47:00,"Collision with vehicle","Wednesday","Dusk/Dawn",2,3,"T intersection",2,50,"BALLARAT","WESTERN REGION",-37.55601713,143.8396667,"Dry","Clear"
"T20190020859","23/10/19",14:10:00,"Collision with a fixed object","Wednesday","Day",1,1,"Not at intersection",3,60,"MOORABOOL","WESTERN REGION",-37.68294581,144.4601479,"Dry","Clear"
"T20190020860","8/10/19",07:18:00,"Collision with vehicle","Tuesday","Day",3,3,"Not at intersection",3,80,"BRIMBANK","METROPOLITAN NORTH WEST REGION",-37.70136249,144.8001088,"Dry","Clear"
"T20190020862","23/10/19",18:25:00,"Struck Pedestrian","Wednesday","Day",1,2,"Y intersection",3,50,"YARRA RANGES","METROPOLITAN SOUTH EAST REGION",-37.75635242,145.3518767,"Dry","Clear"
"T20190020864","23/10/19",18:15:00,"Struck Pedestrian","Wednesday","Day",1,5,"Not at intersection",3,60,"BANYULE","METROPOLITAN NORTH WEST REGION",-37.70207208,145.0795832,"Dry","Clear"
"T20190020865","12/10/19",23:30:00,"Struck animal","Saturday","Dark Street lights on",1,2,"Not at intersection",3,100,"MITCHELL","NORTHERN REGION",-37.44862401,144.9795649,"Dry","Not known"
"T20190020867","23/10/19",17:56:00,"Collision with vehicle","Wednesday","Day",2,3,"T intersection",3,40,"YARRA","METROPOLITAN NORTH WEST REGION",-37.81934038,144.999039,"Dry","Clear"
"T20190020869","23/10/19",15:30:00,"Collision with vehicle","Wednesday","Day",2,2,"T intersection",3,60,"MELBOURNE","METROPOLITAN NORTH WEST REGION",-37.80871503,144.9785235,"Dry","Not known"
"T20190020870","23/10/19",00:30:00,"Collision with vehicle","Wednesday","Dark Street lights on",2,1,"Not at intersection",3,50,"KNOX","METROPOLITAN SOUTH EAST REGION",-37.90917257,145.2415755,"Dry","Clear"
"T20190020871","23/10/19",17:05:00,"No collision and no object struck","Wednesday","Day",1,1,"Not at intersection",3,100,"ALPINE","NORTH EASTERN REGION",-36.53334197,146.8122105,"Dry","Clear"
"T20190020873","23/10/19",16:23:00,"Collision with vehicle","Wednesday","Day",3,3,"Not at intersection",3,80,"FRANKSTON","METROPOLITAN SOUTH EAST REGION",-38.10702563,145.1649621,"Dry","Clear"
"T20190020874","23/10/19",19:00:00,"Collision with vehicle","Wednesday","Day",2,2,"Cross intersection",3,60,"KINGSTON","METROPOLITAN SOUTH EAST REGION",-38.00460678,145.0882721,"Dry","Clear"
"T20190020876","23/10/19",20:15:00,"Collision with vehicle","Wednesday","Dark Street lights on",2,2,"Not at intersection",3,100,"HUME","METROPOLITAN NORTH WEST REGION",-37.693338,144.9363415,"Dry","Clear"
"T20190020877","6/10/19",10:57:00,"Collision with vehicle","Sunday","Day",3,3,"Not at intersection",3,999,"HOBSONS BAY","METROPOLITAN NORTH WEST REGION",-37.82541628,144.8875594,"Dry","Not known"
"T20190020878","17/10/19",19:21:00,"Collision with vehicle","Thursday","Day",3,3,"T intersection",3,50,"DAREBIN","METROPOLITAN NORTH WEST REGION",-37.73614551,145.0287139,"Dry","Clear"
"T20190020879","23/10/19",20:50:00,"Collision with vehicle","Wednesday","Dark No street lights",2,3,"Not at intersection",1,100,"LATROBE","EASTERN REGION",-38.21360837,146.3236697,"Dry","Clear"
"T20190020880","23/10/19",23:40:00,"Collision with a fixed object","Wednesday","Dark No street lights",1,2,"Not at intersection",3,100,"WELLINGTON","EASTERN REGION",-38.5249815,146.868914,"Dry","Clear"
"T20190020881","24/10/19",02:51:00,"Vehicle overturned (no collision)","Thursday","Dark No street lights",1,1,"T intersection",3,60,"NILLUMBIK","METROPOLITAN NORTH WEST REGION",-37.70805013,145.194297,"Dry","Clear"
"T20190020884","23/10/19",11:35:00,"Collision with vehicle","Wednesday","Day",2,4,"Not at intersection",3,50,"CASEY","METROPOLITAN SOUTH EAST REGION",-38.10754192,145.2779309,"Dry","Clear"
"T20190020886","23/10/19",13:22:00,"Collision with vehicle","Wednesday","Day",3,3,"Not at intersection",3,60,"MARIBYRNONG","METROPOLITAN NORTH WEST REGION",-37.78557701,144.8756332,"Dry","Clear"
"T20190020889","23/10/19",09:15:00,"Collision with vehicle","Wednesday","Day",2,2,"T intersection",3,70,"GLEN EIRA","METROPOLITAN SOUTH EAST REGION",-37.90552882,145.052114,"Dry","Clear"
"T20190020894","24/10/19",06:58:00,"Collision with vehicle","Thursday","Day",2,2,"Not at intersection",3,110,"MELTON","METROPOLITAN NORTH WEST REGION",-37.69427759,144.5863949,"Dry","Clear"
"T20190020896","24/10/19",06:42:00,"Struck Pedestrian","Thursday","Day",1,2,"Not at intersection",3,60,"BAYSIDE","METROPOLITAN SOUTH EAST REGION",-37.95455559,145.0272866,"Dry","Clear"
"T20190020900","24/10/19",08:42:00,"Collision with vehicle","Thursday","Day",3,4,"Not at intersection",3,40,"COLAC OTWAY","SOUTH WESTERN REGION",-38.31203602,143.6918508,"Dry","Clear"
"T20190020901","22/10/19",17:26:00,"Collision with vehicle","Tuesday","Day",2,2,"T intersection",3,80,"CARDINIA","METROPOLITAN SOUTH EAST REGION",-38.06025566,145.4485758,"Dry","Clear"
"T20190020902","24/10/19",09:41:00,"Collision with vehicle","Thursday","Day",2,4,"Cross intersection",3,60,"BENDIGO","NORTHERN REGION",-36.75980605,144.2452085,"Dry","Clear"
"T20190020903","24/10/19",08:55:00,"Collision with vehicle","Thursday","Day",2,2,"Cross intersection",3,40,"YARRA","METROPOLITAN NORTH WEST REGION",-37.7925217,144.9713587,"Dry","Clear"
"T20190020904","24/10/19",09:09:00,"Collision with vehicle","Thursday","Day",2,2,"Not at intersection",3,100,"WHITTLESEA","METROPOLITAN NORTH WEST REGION",-37.57043355,145.1246215,"Dry","Not known"
"T20190020905","23/10/19",20:30:00,"Struck animal","Wednesday","Dark No street lights",1,1,"Not at intersection",3,100,"PYRENEES","WESTERN REGION",-36.97355676,143.3650082,"Dry","Clear"
"T20190020907","24/10/19",08:35:00,"Struck Pedestrian","Thursday","Day",1,2,"T intersection",3,999,"MONASH","METROPOLITAN SOUTH EAST REGION",-37.90660907,145.1234152,"Dry","Clear"
"T20190020908","24/10/19",10:40:00,"Collision with a fixed object","Thursday","Day",1,1,"Not at intersection",3,110,"MITCHELL","NORTHERN REGION",-37.12991462,145.0885332,"Dry","Clear"
"T20190020911","24/10/19",07:15:00,"Collision with a fixed object","Thursday","Day",1,3,"Not at intersection",3,100,"SOUTHERN GRAMPIANS","SOUTH WESTERN REGION",-37.46320333,141.5324527,"Dry","Clear"
"T20190020912","24/10/19",11:42:00,"Struck Pedestrian","Thursday","Day",1,2,"T intersection",3,60,"MOONEE VALLEY","METROPOLITAN NORTH WEST REGION",-37.74839784,144.8623565,"Dry","Clear"
"T20190020915","24/10/19",11:11:00,"Vehicle overturned (no collision)","Thursday","Day",1,1,"Not at intersection",3,60,"BASS COAST","EASTERN REGION",-38.51477922,145.13821,"Dry","Clear"
"T20190020916","16/5/19",14:00:00,"Collision with vehicle","Thursday","Unknown",2,2,"Not at intersection",3,60,"HUME","METROPOLITAN NORTH WEST REGION",-37.66501995,144.932967,"Unknown","Not known"
"T20190020919","22/10/19",14:05:00,"Collision with vehicle","Tuesday","Day",2,2,"Not at intersection",3,80,"MARIBYRNONG","METROPOLITAN NORTH WEST REGION",-37.81095127,144.8701106,"Dry","Clear"
"T20190020922","24/10/19",07:45:00,"Collision with vehicle","Thursday","Day",2,2,"T intersection",3,80,"CASEY","METROPOLITAN SOUTH EAST REGION",-38.1134797,145.2516968,"Dry","Clear"
"T20190020924","24/10/19",07:55:00,"Struck Pedestrian","Thursday","Day",1,2,"T intersection",3,999,"STONNINGTON","METROPOLITAN SOUTH EAST REGION",-37.83411449,144.993525,"Dry","Clear"
"T20190020926","24/10/19",10:58:00,"Struck Pedestrian","Thursday","Day",1,2,"T intersection",3,50,"DAREBIN","METROPOLITAN NORTH WEST REGION",-37.72361207,145.0299265,"Dry","Clear"
"T20190020927","21/10/19",07:50:00,"Collision with vehicle","Monday","Day",2,2,"Cross intersection",3,50,"YARRA","METROPOLITAN NORTH WEST REGION",-37.81755251,145.0054616,"Dry","Clear"
"T20190020928","23/10/19",07:48:00,"Collision with vehicle","Wednesday","Day",2,3,"Cross intersection",3,60,"BANYULE","METROPOLITAN NORTH WEST REGION",-37.75939494,145.0666767,"Dry","Clear"
"T20190020929","24/10/19",11:35:00,"No collision and no object struck","Thursday","Day",1,1,"Not at intersection",3,80,"KNOX","METROPOLITAN SOUTH EAST REGION",-37.93892245,145.2309227,"Dry","Clear"