"ACCIDENT_NO","ACCIDENTDATE","ACCIDENTTIME","Accident Type Desc","Day Week Description","Light Condition Desc","NO_OF_VEHICLES","NO_PERSONS","Road Geometry Desc","SEVERITY","SPEED_ZONE","LGA_NAME","REGION_NAME","Lat","Long","Surface Cond Desc","Atmosph Cond Desc"
"T20190020931","22/10/19",17:33:00,"Collision with vehicle","Tuesday","Day",3,3,"Not at intersection",3,100,"BRIMBANK","METROPOLITAN NORTH WEST REGION",-37.80013882,144.7949982,"Dry","Clear"
"T20190020936","24/10/19",10:30:00,"Collision with a fixed object","Thursday","Day",1,1,"Not at intersection",3,80,"EAST GIPPSLAND","EASTERN REGION",-37.37831492,148.6358283,"Dry","Clear"
"T20190020937","15/10/19",17:30:00,"Collision with vehicle","Tuesday","Unknown",3,5,"Cross intersection",3,80,"HUME","METROPOLITAN NORTH WEST REGION",-37.64376499,144.9290771,"Dry","Clear"
"T20190020941","23/10/19",15:45:00,"Collision with vehicle","Wednesday","Day",2,2,"T intersection",3,60,"WHITEHORSE","METROPOLITAN SOUTH EAST REGION",-37.80379452,145.1591303,"Dry","Clear"
"T20190020942","14/10/19",08:40:00,"Collision with vehicle","Monday","Day",2,2,"T intersection",3,40,"MORNINGTON PENINSULA","METROPOLITAN SOUTH EAST REGION",-38.27307678,145.0326632,"Unknown","Not known"
"T20190020943","24/10/19",11:00:00,"Collision with vehicle","Thursday","Day",2,3,"Not at intersection",3,60,"FRANKSTON","METROPOLITAN SOUTH EAST REGION",-38.11263676,145.1570787,"Dry","Clear"
"T20190020945","23/10/19",12:50:00,"Collision with vehicle","Wednesday","Day",3,3,"Not at intersection",3,60,"HUME","METROPOLITAN NORTH WEST REGION",-37.68580026,144.9241348,"Dry","Clear"
"T20190020950","13/10/19",16:00:00,"Vehicle overturned (no collision)","Sunday","Day",1,1,"Not at intersection",3,50,"DANDENONG","METROPOLITAN SOUTH EAST REGION",-37.9777993,145.1907641,"Dry","Clear"
"T20190020951","24/10/19",15:24:00,"No collision and no object struck","Thursday","Day",2,3,"Not at intersection",2,80,"BALLARAT","WESTERN REGION",-37.59202424,143.7787984,"Dry","Clear"
"T20190020953","24/10/19",14:15:00,"Collision with vehicle","Thursday","Day",3,4,"Not at intersection",3,100,"MONASH","METROPOLITAN SOUTH EAST REGION",-37.88651839,145.1065868,"Dry","Clear"
"T20190020955","24/10/19",16:30:00,"Collision with a fixed object","Thursday","Day",1,1,"Not at intersection",3,80,"YARRA RANGES","METROPOLITAN SOUTH EAST REGION",-37.595543,145.5202269,"Dry","Clear"
"T20190020957","23/10/19",12:50:00,"Collision with vehicle","Wednesday","Day",2,2,"T intersection",3,60,"BRIMBANK","METROPOLITAN NORTH WEST REGION",-37.76433324,144.8310441,"Dry","Clear"
"T20190020961","24/10/19",18:30:00,"Struck Pedestrian","Thursday","Day",1,2,"Not at intersection",3,40,"WHITTLESEA","METROPOLITAN NORTH WEST REGION",-37.64228801,145.0264522,"Dry","Not known"
"T20190020962","24/10/19",17:20:00,"Collision with vehicle","Thursday","Day",2,2,"Not at intersection",3,60,"YARRA RANGES","METROPOLITAN SOUTH EAST REGION",-37.81379537,145.5081518,"Dry","Clear"
"T20190020967","23/10/19",18:00:00,"Collision with vehicle","Wednesday","Day",2,2,"Cross intersection",3,60,"KNOX","METROPOLITAN SOUTH EAST REGION",-37.84407482,145.3000597,"Dry","Clear"
"T20190020968","24/10/19",21:10:00,"Collision with vehicle","Thursday","Dark Street lights on",2,5,"Not at intersection",3,60,"MELTON","METROPOLITAN NORTH WEST REGION",-37.72560277,144.6512447,"Dry","Clear"
"T20190020969","3/10/19",21:00:00,"Collision with vehicle","Thursday","Dark Street lights on",2,2,"Cross intersection",3,999,"DANDENONG","METROPOLITAN SOUTH EAST REGION",-38.07047747,145.182728,"Dry","Clear"
"T20190020971","24/10/19",14:47:00,"Collision with vehicle","Thursday","Day",2,2,"Not at intersection",3,60,"MONASH","METROPOLITAN SOUTH EAST REGION",-37.89503708,145.1065436,"Dry","Not known"
"T20190020972","24/10/19",17:19:00,"Collision with vehicle","Thursday","Day",2,2,"Cross intersection",3,50,"PORT PHILLIP","METROPOLITAN NORTH WEST REGION",-37.83636706,144.9621213,"Dry","Clear"
"T20190020973","24/10/19",15:45:00,"Collision with a fixed object","Thursday","Day",2,2,"Not at intersection",3,100,"KINGSTON","METROPOLITAN SOUTH EAST REGION",-38.07487914,145.1498959,"Dry","Clear"
"T20190020975","24/10/19",17:25:00,"Collision with vehicle","Thursday","Day",2,2,"T intersection",3,60,"KINGSTON","METROPOLITAN SOUTH EAST REGION",-37.93460835,145.0467677,"Dry","Clear"
"T20190020979","24/10/19",23:35:00,"Collision with vehicle","Thursday","Dark No street lights",3,5,"Not at intersection",3,100,"BRIMBANK","METROPOLITAN NORTH WEST REGION",-37.79767532,144.7630166,"Dry","Clear"
"T20190020979","24/10/19",23:35:00,"Collision with vehicle","Thursday","Dark No street lights",3,5,"Not at intersection",3,100,"BRIMBANK","METROPOLITAN NORTH WEST REGION",-37.79767532,144.7630166,"Dry","Strong winds"
"T20190020980","25/7/19",21:50:00,"Collision with vehicle","Thursday","Dark Street lights unknown",4,4,"Cross intersection",3,60,"MORELAND","METROPOLITAN NORTH WEST REGION",-37.74134746,144.9666737,"Unknown","Not known"
"T20190020982","25/10/19",04:50:00,"Collision with vehicle","Friday","Dark Street lights on",2,2,"Cross intersection",3,80,"YARRA RANGES","METROPOLITAN SOUTH EAST REGION",-37.7591436,145.3208207,"Dry","Clear"
"T20190020984","22/10/19",14:25:00,"Collision with vehicle","Tuesday","Day",2,2,"Not at intersection",3,40,"STONNINGTON","METROPOLITAN SOUTH EAST REGION",-37.8518179,145.0314293,"Dry","Clear"
"T20190020986","19/10/19",13:00:00,"Collision with a fixed object","Saturday","Day",1,1,"Not at intersection",3,60,"KINGSTON","METROPOLITAN SOUTH EAST REGION",-38.02052689,145.0978938,"Dry","Clear"
"T20190020987","22/10/19",08:45:00,"Collision with vehicle","Tuesday","Day",2,3,"Cross intersection",3,50,"BALLARAT","WESTERN REGION",-37.56615951,143.8663175,"Dry","Clear"
"T20190020988","25/10/19",06:30:00,"No collision and no object struck","Friday","Dusk/Dawn",1,1,"Not at intersection",3,50,"BASS COAST","EASTERN REGION",-38.44806221,145.2413308,"Dry","Clear"
"T20190020989","22/10/19",07:30:00,"Collision with vehicle","Tuesday","Day",2,2,"Cross intersection",3,60,"MELBOURNE","METROPOLITAN NORTH WEST REGION",-37.8098303,144.9783323,"Dry","Clear"
"T20190020990","25/10/19",08:40:00,"Collision with vehicle","Friday","Day",2,2,"T intersection",3,60,"KNOX","METROPOLITAN SOUTH EAST REGION",-37.85905316,145.2624009,"Wet","Raining"
"T20190020991","9/10/19",20:00:00,"Collision with a fixed object","Wednesday","Dark No street lights",1,1,"Not at intersection",3,100,"LODDON","NORTHERN REGION",-36.47647035,143.8501654,"Dry","Not known"
"T20190020993","25/10/19",08:30:00,"Collision with vehicle","Friday","Day",2,2,"Cross intersection",3,80,"MOORABOOL","WESTERN REGION",-37.60775339,144.3185272,"Wet","Raining"
"T20190020994","28/9/19",14:00:00,"No collision and no object struck","Saturday","Day",1,1,"Not at intersection",3,999,"YARRA RANGES","METROPOLITAN SOUTH EAST REGION",-37.75508209,145.6859643,"Dry","Clear"
"T20190020996","25/10/19",07:40:00,"Collision with vehicle","Friday","Day",2,2,"Cross intersection",3,60,"SURF COAST","SOUTH WESTERN REGION",-38.40519437,144.1889501,"Unknown","Not known"
"T20190020998","23/10/19",07:35:00,"Struck Pedestrian","Wednesday","Day",1,2,"Cross intersection",3,50,"MELBOURNE","METROPOLITAN NORTH WEST REGION",-37.79646609,144.9513298,"Dry","Clear"
"T20190020999","25/10/19",08:25:00,"Collision with a fixed object","Friday","Day",1,1,"Not at intersection",3,100,"EAST GIPPSLAND","EASTERN REGION",-37.20612832,147.7188624,"Dry","Clear"
"T20190020999","25/10/19",08:25:00,"Collision with a fixed object","Friday","Day",1,1,"Not at intersection",3,100,"EAST GIPPSLAND","EASTERN REGION",-37.20612832,147.7188624,"Dry","Strong winds"
"T20190021002","25/10/19",07:35:00,"Collision with vehicle","Friday","Day",2,2,"T intersection",3,70,"HOBSONS BAY","METROPOLITAN NORTH WEST REGION",-37.84493909,144.7907499,"Dry","Clear"
"T20190021004","18/10/19",21:35:00,"Collision with vehicle","Friday","Dark Street lights on",2,2,"Cross intersection",3,60,"HUME","METROPOLITAN NORTH WEST REGION",-37.63679104,144.9325937,"Dry","Clear"
"T20190021006","25/10/19",10:30:00,"Collision with vehicle","Friday","Day",2,4,"Cross intersection",3,60,"PORT PHILLIP","METROPOLITAN NORTH WEST REGION",-37.8359726,144.9488966,"Wet","Raining"
"T20190021007","21/10/19",15:20:00,"Collision with vehicle","Monday","Day",2,2,"T intersection",3,999,"DANDENONG","METROPOLITAN SOUTH EAST REGION",-38.00585397,145.2279043,"Unknown","Clear"
"T20190021008","24/10/19",07:00:00,"Collision with a fixed object","Thursday","Day",1,1,"Not at intersection",3,100,"MOORABOOL","WESTERN REGION",-37.58832676,144.2103249,"Dry","Clear"
"T20190021009","25/10/19",08:32:00,"Collision with a fixed object","Friday","Day",1,1,"Not at intersection",3,70,"MANNINGHAM","METROPOLITAN SOUTH EAST REGION",-37.75843253,145.2095786,"Wet","Raining"
"T20190021010","14/10/19",18:00:00,"Collision with vehicle","Monday","Day",2,2,"T intersection",3,60,"SOUTH GIPPSLAND","EASTERN REGION",-38.34308093,145.6449993,"Dry","Clear"
"T20190021012","23/10/19",10:55:00,"Collision with vehicle","Wednesday","Unknown",2,2,"Not at intersection",3,60,"KINGSTON","METROPOLITAN SOUTH EAST REGION",-37.96761846,145.0552776,"Unknown","Not known"
"T20190021016","22/10/19",16:15:00,"Collision with vehicle","Tuesday","Day",2,2,"Cross intersection",3,50,"MELBOURNE","METROPOLITAN NORTH WEST REGION",-37.80614597,144.9448453,"Dry","Clear"
"T20190021017","25/10/19",09:50:00,"No collision and no object struck","Friday","Day",1,1,"Not at intersection",3,100,"ALPINE","NORTH EASTERN REGION",-37.11930517,147.1680714,"Muddy","Strong winds"
"T20190021018","25/10/19",10:30:00,"Collision with vehicle","Friday","Unknown",2,1,"Cross intersection",3,999,"BRIMBANK","METROPOLITAN NORTH WEST REGION",-37.77289647,144.8414424,"Dry","Clear"
"T20190021019","25/10/19",13:08:00,"Collision with vehicle","Friday","Day",2,3,"Not at intersection",3,80,"WHITEHORSE","METROPOLITAN SOUTH EAST REGION",-37.85315904,145.1695838,"Wet","Clear"
"T20190021022","19/10/19",08:42:00,"Collision with vehicle","Saturday","Day",2,2,"Cross intersection",3,50,"HOBSONS BAY","METROPOLITAN NORTH WEST REGION",-37.871547,144.7774603,"Dry","Clear"
"T20190021023","23/10/19",14:00:00,"Collision with vehicle","Wednesday","Day",2,2,"Cross intersection",3,999,"DAREBIN","METROPOLITAN NORTH WEST REGION",-37.77903474,145.0102359,"Dry","Clear"
"T20190021024","25/10/19",14:57:00,"Collision with vehicle","Friday","Day",3,5,"Not at intersection",3,60,"MILDURA","WESTERN REGION",-34.20280262,142.1512567,"Dry","Dust"
"T20190021025","4/10/19",17:19:00,"Collision with vehicle","Friday","Day",4,4,"Cross intersection",3,80,"CASEY","METROPOLITAN SOUTH EAST REGION",-37.97482769,145.2581099,"Unknown","Not known"
"T20190021026","25/10/19",15:00:00,"Collision with vehicle","Friday","Day",2,7,"Not at intersection",3,60,"SHEPPARTON","NORTH EASTERN REGION",-36.38388773,145.4159066,"Dry","Clear"
"T20190021027","25/10/19",13:06:00,"Collision with vehicle","Friday","Day",2,2,"Cross intersection",3,50,"PORT PHILLIP","METROPOLITAN NORTH WEST REGION",-37.83855236,144.9631281,"Dry","Clear"
"T20190021028","15/10/19",20:10:00,"Collision with vehicle","Tuesday","Dark Street lights on",2,2,"Not at intersection",3,50,"DAREBIN","METROPOLITAN NORTH WEST REGION",-37.73780946,145.0023794,"Dry","Clear"
"T20190021029","25/10/19",15:54:00,"Struck Pedestrian","Friday","Day",1,5,"T intersection",3,50,"WHITTLESEA","METROPOLITAN NORTH WEST REGION",-37.62495772,145.0062542,"Dry","Clear"
"T20190021030","25/10/19",16:02:00,"Collision with vehicle","Friday","Day",2,2,"Cross intersection",3,60,"GEELONG","SOUTH WESTERN REGION",-38.17938975,144.3692965,"Dry","Clear"
"T20190021031","22/10/19",20:00:00,"Collision with vehicle","Tuesday","Dark Street lights on",2,2,"Cross intersection",3,40,"MORELAND","METROPOLITAN NORTH WEST REGION",-37.77709528,144.9604401,"Dry","Clear"
"T20190021032","25/10/19",14:15:00,"Struck Pedestrian","Friday","Day",1,2,"T intersection",3,50,"MELTON","METROPOLITAN NORTH WEST REGION",-37.68256447,144.5830615,"Dry","Clear"
"T20190021034","25/10/19",08:28:00,"Collision with vehicle","Friday","Day",2,2,"T intersection",3,60,"BAYSIDE","METROPOLITAN SOUTH EAST REGION",-37.9098504,144.9863307,"Dry","Clear"
"T20190021035","24/10/19",18:20:00,"Collision with vehicle","Thursday","Day",3,5,"Not at intersection",3,60,"YARRA RANGES","METROPOLITAN SOUTH EAST REGION",-37.78330514,145.3113624,"Dry","Clear"
"T20190021036","15/7/19",17:45:00,"Collision with vehicle","Monday","Day",2,3,"T intersection",3,50,"GEELONG","SOUTH WESTERN REGION",-38.17180024,144.3188688,"Dry","Clear"
"T20190021037","25/10/19",12:19:00,"Collision with vehicle","Friday","Day",2,2,"Cross intersection",2,70,"CASEY","METROPOLITAN SOUTH EAST REGION",-38.02079391,145.308244,"Wet","Clear"
"T20190021039","25/10/19",13:50:00,"Collision with vehicle","Friday","Day",2,3,"Cross intersection",3,100,"INDIGO","NORTH EASTERN REGION",-36.04531572,146.6193123,"Dry","Raining"
"T20190021040","25/10/19",16:42:00,"Collision with vehicle","Friday","Day",2,1,"Not at intersection",3,60,"BAYSIDE","METROPOLITAN SOUTH EAST REGION",-37.97408841,145.0149364,"Dry","Clear"
"T20190021042","25/10/19",17:18:00,"Collision with vehicle","Friday","Day",2,2,"T intersection",3,60,"HORSHAM","WESTERN REGION",-36.70932012,142.1938793,"Dry","Clear"
"T20190021047","25/10/19",17:53:00,"Collision with vehicle","Friday","Day",3,3,"T intersection",3,999,"WHITTLESEA","METROPOLITAN NORTH WEST REGION",-37.63635088,145.0147957,"Dry","Clear"
"T20190021050","25/10/19",18:00:00,"Collision with vehicle","Friday","Day",3,3,"Cross intersection",3,80,"WHITTLESEA","METROPOLITAN NORTH WEST REGION",-37.5989642,145.0819703,"Dry","Clear"
"T20190021051","19/10/19",11:08:00,"Collision with vehicle","Saturday","Day",2,3,"Not at intersection",3,999,"WHITTLESEA","METROPOLITAN NORTH WEST REGION",-37.69413565,145.0606649,"Dry","Clear"
"T20190021054","18/10/19",10:50:00,"Collision with vehicle","Friday","Day",2,2,"T intersection",3,999,"MELBOURNE","METROPOLITAN NORTH WEST REGION",-37.79496021,144.9709418,"Dry","Clear"
"T20190021055","25/10/19",17:48:00,"Collision with vehicle","Friday","Day",3,3,"Not at intersection",3,60,"MELBOURNE","METROPOLITAN NORTH WEST REGION",-37.82561868,144.9403181,"Dry","Clear"
"T20190021056","25/10/19",18:45:00,"Collision with vehicle","Friday","Day",2,3,"Not at intersection",3,60,"MARIBYRNONG","METROPOLITAN NORTH WEST REGION",-37.78695371,144.8643117,"Dry","Clear"
"T20190021057","24/10/19",14:30:00,"Collision with vehicle","Thursday","Day",2,2,"T intersection",3,60,"STONNINGTON","METROPOLITAN SOUTH EAST REGION",-37.85129894,145.0275624,"Dry","Clear"
"T20190021062","25/10/19",21:20:00,"Collision with a fixed object","Friday","Dark Street lights on",1,3,"Not at intersection",3,50,"CASEY","METROPOLITAN SOUTH EAST REGION",-38.10176959,145.3005189,"Dry","Clear"
"T20190021064","25/10/19",21:00:00,"Collision with vehicle","Friday","Dark Street lights on",3,4,"Cross intersection",2,70,"MAROONDAH","METROPOLITAN SOUTH EAST REGION",-37.81455755,145.2311163,"Dry","Clear"
"T20190021067","25/10/19",23:35:00,"Collision with vehicle","Friday","Dark Street lights on",2,4,"Not at intersection",3,50,"BALLARAT","WESTERN REGION",-37.5603091,143.8642658,"Dry","Clear"
"T20190021069","25/10/19",18:00:00,"Collision with a fixed object","Friday","Day",1,2,"T intersection",2,80,"SURF COAST","SOUTH WESTERN REGION",-38.25747169,143.9778368,"Dry","Clear"
"T20190021071","26/10/19",00:50:00,"Struck Pedestrian","Saturday","Dark Street lights off",1,2,"Not at intersection",3,80,"WHITEHORSE","METROPOLITAN SOUTH EAST REGION",-37.85497404,145.1711764,"Dry","Clear"
"T20190021072","25/10/19",21:48:00,"Collision with vehicle","Friday","Dark Street lights on",2,2,"Cross intersection",3,80,"FRANKSTON","METROPOLITAN SOUTH EAST REGION",-38.16334556,145.1364194,"Dry","Clear"
"T20190021074","26/10/19",02:25:00,"Collision with a fixed object","Saturday","Dark Street lights on",1,1,"Not at intersection",3,50,"DANDENONG","METROPOLITAN SOUTH EAST REGION",-37.93633748,145.1604072,"Dry","Clear"
"T20190021075","23/10/19",21:15:00,"Collision with vehicle","Wednesday","Dark No street lights",2,6,"Not at intersection",3,110,"LATROBE","EASTERN REGION",-38.19772719,146.2890823,"Dry","Clear"
"T20190021076","26/10/19",00:40:00,"Vehicle overturned (no collision)","Saturday","Dark Street lights on",1,1,"Not at intersection",3,60,"MACEDON RANGES","NORTHERN REGION",-37.24107595,144.4414108,"Dry","Clear"
"T20190021078","26/10/19",03:05:00,"Struck Pedestrian","Saturday","Dark No street lights",1,2,"Not at intersection",1,80,"BALLARAT","WESTERN REGION",-37.62925701,143.8902348,"Dry","Clear"
"T20190021079","25/10/19",16:00:00,"Collision with vehicle","Friday","Day",2,3,"Cross intersection",3,50,"MONASH","METROPOLITAN SOUTH EAST REGION",-37.93427324,145.1658074,"Dry","Clear"
"T20190021081","25/10/19",12:10:00,"Collision with vehicle","Friday","Day",2,2,"Cross intersection",3,40,"MELBOURNE","METROPOLITAN NORTH WEST REGION",-37.80074287,144.9669242,"Dry","Clear"
"T20190021082","26/10/19",04:27:00,"collision with some other object","Saturday","Dark No street lights",1,1,"Not at intersection",3,100,"MORNINGTON PENINSULA","METROPOLITAN SOUTH EAST REGION",-38.4480403,144.9802562,"Dry","Clear"
"T20190021083","24/10/19",16:10:00,"Collision with vehicle","Thursday","Day",2,2,"Not at intersection",3,60,"WHITEHORSE","METROPOLITAN SOUTH EAST REGION",-37.81179914,145.1797714,"Dry","Clear"
"T20190021085","18/10/19",15:30:00,"Collision with vehicle","Friday","Day",2,2,"Cross intersection",3,50,"FRANKSTON","METROPOLITAN SOUTH EAST REGION",-38.15254261,145.1252204,"Dry","Clear"
"T20190021086","25/10/19",16:00:00,"Collision with vehicle","Friday","Day",3,2,"Not at intersection",3,50,"DANDENONG","METROPOLITAN SOUTH EAST REGION",-37.94495715,145.1701544,"Dry","Clear"
"T20190021088","19/10/19",23:45:00,"Struck Pedestrian","Saturday","Unknown",1,4,"Not at intersection",3,999,"GEELONG","SOUTH WESTERN REGION",-38.26512551,144.5502874,"Unknown","Not known"
"T20190021092","26/10/19",11:35:00,"Collision with vehicle","Saturday","Day",2,2,"Not at intersection",3,60,"GEELONG","SOUTH WESTERN REGION",-38.09692446,144.3460965,"Dry","Clear"
"T20190021093","26/10/19",10:30:00,"Vehicle overturned (no collision)","Saturday","Day",1,1,"Not at intersection",3,100,"CARDINIA","METROPOLITAN SOUTH EAST REGION",-38.22513568,145.5096953,"Dry","Strong winds"
"T20190021094","26/10/19",09:00:00,"Collision with a fixed object","Saturday","Day",1,1,"Not at intersection",3,100,"WELLINGTON","EASTERN REGION",-37.93396221,146.7846285,"Dry","Clear"
"T20190021097","26/10/19",13:15:00,"Collision with vehicle","Saturday","Day",3,3,"T intersection",3,70,"GLEN EIRA","METROPOLITAN SOUTH EAST REGION",-37.93348945,145.0389499,"Wet","Raining"
"T20190021097","26/10/19",13:15:00,"Collision with vehicle","Saturday","Day",3,3,"T intersection",3,70,"GLEN EIRA","METROPOLITAN SOUTH EAST REGION",-37.93348945,145.0389499,"Wet","Strong winds"
"T20190021098","26/10/19",12:00:00,"Collision with a fixed object","Saturday","Day",1,1,"Not at intersection",3,50,"BAW BAW","EASTERN REGION",-38.15640534,145.9423837,"Wet","Raining"
"T20190021098","26/10/19",12:00:00,"Collision with a fixed object","Saturday","Day",1,1,"Not at intersection",3,50,"BAW BAW","EASTERN REGION",-38.15640534,145.9423837,"Wet","Strong winds"
"T20190021100","26/10/19",14:55:00,"Collision with vehicle","Saturday","Day",2,4,"Cross intersection",3,60,"WODONGA","NORTH EASTERN REGION",-36.11484639,146.8686262,"Wet","Raining"
"T20190021100","26/10/19",14:55:00,"Collision with vehicle","Saturday","Day",2,4,"Cross intersection",3,60,"WODONGA","NORTH EASTERN REGION",-36.11484639,146.8686262,"Wet","Strong winds"
"T20190021105","26/10/19",14:25:00,"Collision with vehicle","Saturday","Day",2,5,"T intersection",3,80,"GEELONG","SOUTH WESTERN REGION",-38.26096115,144.6088335,"Dry","Clear"
"T20190021106","26/10/19",16:00:00,"Collision with a fixed object","Saturday","Day",1,1,"Not at intersection",3,80,"HUME","METROPOLITAN NORTH WEST REGION",-37.69835332,144.8969505,"Wet","Raining"
"T20190021108","25/10/19",08:10:00,"Collision with vehicle","Friday","Day",2,2,"Not at intersection",3,60,"BOROONDARA","METROPOLITAN SOUTH EAST REGION",-37.81915312,145.0873218,"Wet","Raining"
"T20190021115","26/10/19",17:15:00,"Collision with vehicle","Saturday","Day",2,7,"Cross intersection",3,80,"GEELONG","SOUTH WESTERN REGION",-38.1963306,144.6408825,"Dry","Clear"
"T20190021116","26/10/19",16:55:00,"Collision with vehicle","Saturday","Day",3,4,"Cross intersection",3,60,"DAREBIN","METROPOLITAN NORTH WEST REGION",-37.73558324,145.0243692,"Dry","Clear"
"T20190021118","26/10/19",18:15:00,"Collision with vehicle","Saturday","Day",2,2,"T intersection",3,60,"STONNINGTON","METROPOLITAN SOUTH EAST REGION",-37.87895433,145.0773064,"Dry","Clear"
"T20190021125","26/10/19",21:54:00,"Vehicle overturned (no collision)","Saturday","Dark No street lights",1,1,"Not at intersection",2,50,"FRANKSTON","METROPOLITAN SOUTH EAST REGION",-38.13391261,145.122446,"Dry","Clear"
"T20190021127","26/10/19",05:15:00,"Collision with a fixed object","Saturday","Dark No street lights",1,2,"Not at intersection",3,50,"NILLUMBIK","METROPOLITAN NORTH WEST REGION",-37.65809531,145.1792978,"Wet","Raining"
"T20190021131","27/10/19",04:02:00,"Collision with vehicle","Sunday","Dark Street lights on",2,2,"Cross intersection",3,60,"DAREBIN","METROPOLITAN NORTH WEST REGION",-37.7473364,145.0218556,"Dry","Clear"
"T20190021133","27/10/19",00:34:00,"Collision with a fixed object","Sunday","Dark Street lights on",1,1,"Not at intersection",3,50,"BRIMBANK","METROPOLITAN NORTH WEST REGION",-37.73873691,144.8158183,"Dry","Clear"
"T20190021134","26/10/19",15:58:00,"Collision with vehicle","Saturday","Day",2,2,"Not at intersection",3,100,"BASS COAST","EASTERN REGION",-38.60825118,145.7588936,"Dry","Clear"
"T20190021137","26/10/19",13:00:00,"Collision with a fixed object","Saturday","Day",1,1,"Not at intersection",3,60,"WYNDHAM","METROPOLITAN NORTH WEST REGION",-37.87464358,144.6646172,"Wet","Clear"
"T20190021139","20/10/19",03:30:00,"Vehicle overturned (no collision)","Sunday","Dark No street lights",1,2,"Not at intersection",2,100,"SWAN HILL","NORTHERN REGION",-35.42206927,143.5744168,"Unknown","Not known"
"T20190021142","27/10/19",08:57:00,"Vehicle overturned (no collision)","Sunday","Day",1,1,"Not at intersection",3,110,"BALLARAT","WESTERN REGION",-37.5170688,143.8288522,"Dry","Clear"
"T20190021145","27/10/19",09:15:00,"Collision with vehicle","Sunday","Day",2,7,"Not at intersection",3,50,"YARRA RANGES","METROPOLITAN SOUTH EAST REGION",-37.76373535,145.326559,"Dry","Clear"
"T20190021146","27/10/19",09:28:00,"Collision with vehicle","Sunday","Day",3,5,"T intersection",3,80,"BRIMBANK","METROPOLITAN NORTH WEST REGION",-37.77748288,144.8334023,"Dry","Clear"
"T20190021148","25/10/19",19:46:00,"Collision with vehicle","Friday","Dark Street lights on",3,3,"Cross intersection",3,60,"KNOX","METROPOLITAN SOUTH EAST REGION",-37.83862517,145.2710825,"Dry","Clear"
"T20190021149","17/10/19",16:15:00,"Collision with vehicle","Thursday","Day",4,6,"T intersection",3,60,"MOONEE VALLEY","METROPOLITAN NORTH WEST REGION",-37.76531162,144.9237585,"Dry","Clear"
"T20190021150","15/9/19",19:55:00,"Vehicle overturned (no collision)","Sunday","Dark Street lights on",1,1,"Not at intersection",3,60,"MAROONDAH","METROPOLITAN SOUTH EAST REGION",-37.81018896,145.2384476,"Wet","Clear"
"T20190021151","27/10/19",12:08:00,"Collision with vehicle","Sunday","Day",3,3,"T intersection",3,80,"BENDIGO","NORTHERN REGION",-36.80853699,144.3722003,"Dry","Clear"
"T20190021153","27/10/19",11:00:00,"No collision and no object struck","Sunday","Day",1,1,"Unknown",3,100,"MURRINDINDI","NORTH EASTERN REGION",-37.52428262,146.0139818,"Unknown","Not known"
"T20190021158","6/10/19",20:00:00,"Collision with a fixed object","Sunday","Dark No street lights",1,1,"Not at intersection",3,50,"MANNINGHAM","METROPOLITAN SOUTH EAST REGION",-37.72377519,145.2797977,"Dry","Clear"
"T20190021159","27/10/19",13:20:00,"Collision with a fixed object","Sunday","Day",1,23,"Not at intersection",2,80,"COLAC OTWAY","SOUTH WESTERN REGION",-38.74602274,143.5639295,"Wet","Raining"
"T20190021161","27/10/19",18:15:00,"Collision with vehicle","Sunday","Day",2,5,"T intersection",3,80,"CASEY","METROPOLITAN SOUTH EAST REGION",-38.10289084,145.3302846,"Wet","Raining"
"T20190021162","27/10/19",15:40:00,"Collision with a fixed object","Sunday","Day",1,1,"Cross intersection",3,50,"KNOX","METROPOLITAN SOUTH EAST REGION",-37.89059792,145.2404509,"Dry","Clear"
"T20190021163","27/10/19",14:16:00,"Collision with a fixed object","Sunday","Day",1,1,"Not at intersection",2,80,"BRIMBANK","METROPOLITAN NORTH WEST REGION",-37.80582092,144.8189983,"Dry","Clear"
"T20190021164","27/10/19",19:20:00,"Collision with vehicle","Sunday","Dusk/Dawn",2,4,"Cross intersection",3,50,"WODONGA","NORTH EASTERN REGION",-36.12988698,146.9075642,"Dry","Clear"
"T20190021167","27/10/19",19:20:00,"Collision with vehicle","Sunday","Day",2,3,"T intersection",3,60,"CASEY","METROPOLITAN SOUTH EAST REGION",-38.21013045,145.3436702,"Dry","Clear"
"T20190021168","27/10/19",18:37:00,"Vehicle overturned (no collision)","Sunday","Day",1,2,"Not at intersection",3,40,"STONNINGTON","METROPOLITAN SOUTH EAST REGION",-37.84267196,145.0222366,"Wet","Raining"
"T20190021169","27/10/19",20:20:00,"Collision with a fixed object","Sunday","Dark Street lights on",1,1,"Not at intersection",3,60,"BENDIGO","NORTHERN REGION",-36.72622125,144.2488527,"Wet","Clear"
"T20190021171","27/10/19",13:05:00,"Collision with vehicle","Sunday","Day",3,4,"Not at intersection",1,100,"GEELONG","SOUTH WESTERN REGION",-37.82998943,144.393045,"Dry","Clear"