"ACCIDENT_NO","ACCIDENTDATE","ACCIDENTTIME","Accident Type Desc","Day Week Description","Light Condition Desc","NO_OF_VEHICLES","NO_PERSONS","Road Geometry Desc","SEVERITY","SPEED_ZONE","LGA_NAME","REGION_NAME","Lat","Long","Surface Cond Desc","Atmosph Cond Desc"
"T20190021172","15/10/19",17:00:00,"Collision with vehicle","Tuesday","Unknown",2,2,"Not at intersection",3,50,"STONNINGTON","METROPOLITAN SOUTH EAST REGION",-37.83721002,145.0088117,"Unknown","Not known"
"T20190021177","27/10/19",22:00:00,"Struck Pedestrian","Sunday","Dark Street lights on",1,2,"Not at intersection",1,70,"MORNINGTON PENINSULA","METROPOLITAN SOUTH EAST REGION",-38.36375997,144.791375,"Dry","Clear"
"T20190021180","28/10/19",04:05:00,"Collision with vehicle","Monday","Dark Street lights on",2,2,"Cross intersection",3,60,"DAREBIN","METROPOLITAN NORTH WEST REGION",-37.6949689,145.0113957,"Dry","Clear"
"T20190021181","27/10/19",14:00:00,"Collision with vehicle","Sunday","Day",2,2,"T intersection",3,40,"MELBOURNE","METROPOLITAN NORTH WEST REGION",-37.79350736,144.9271119,"Dry","Clear"
"T20190021183","28/10/19",05:25:00,"Struck Pedestrian","Monday","Dark Street lights on",2,2,"Not at intersection",3,50,"MOONEE VALLEY","METROPOLITAN NORTH WEST REGION",-37.76176352,144.9176517,"Dry","Clear"
"T20190021185","28/10/19",07:14:00,"Collision with vehicle","Monday","Day",2,2,"T intersection",3,40,"DAREBIN","METROPOLITAN NORTH WEST REGION",-37.75509544,145.0267267,"Dry","Clear"
"T20190021188","28/10/19",07:58:00,"Collision with vehicle","Monday","Day",2,2,"T intersection",3,40,"PORT PHILLIP","METROPOLITAN NORTH WEST REGION",-37.85653638,144.9664905,"Dry","Clear"
"T20190021189","28/10/19",07:30:00,"Struck Pedestrian","Monday","Day",1,2,"T intersection",3,50,"MARIBYRNONG","METROPOLITAN NORTH WEST REGION",-37.79769849,144.8799135,"Dry","Clear"
"T20190021192","27/10/19",11:00:00,"Struck animal","Sunday","Day",1,1,"Not at intersection",2,999,"MURRINDINDI","NORTH EASTERN REGION",-37.00579701,145.6125244,"Wet","Clear"
"T20190021194","25/9/19",18:58:00,"Collision with vehicle","Wednesday","Dark Street lights on",2,2,"Not at intersection",3,60,"CASEY","METROPOLITAN SOUTH EAST REGION",-38.07563252,145.3353917,"Dry","Clear"
"T20190021196","22/10/19",18:40:00,"Collision with vehicle","Tuesday","Day",3,3,"Not at intersection",3,100,"MAROONDAH","METROPOLITAN SOUTH EAST REGION",-37.81947456,145.2167294,"Dry","Clear"
"T20190021197","24/10/19",08:45:00,"Collision with vehicle","Thursday","Day",3,2,"Not at intersection",3,60,"PORT PHILLIP","METROPOLITAN NORTH WEST REGION",-37.86366589,144.9851943,"Dry","Not known"
"T20190021198","20/9/19",21:30:00,"No collision and no object struck","Friday","Unknown",2,2,"T intersection",3,999,"SURF COAST","SOUTH WESTERN REGION",-38.34903583,144.2991554,"Unknown","Not known"
"T20190021199","25/10/19",12:50:00,"Collision with vehicle","Friday","Day",2,2,"Not at intersection",3,50,"BRIMBANK","METROPOLITAN NORTH WEST REGION",-37.73486427,144.8550349,"Dry","Not known"
"T20190021200","27/10/19",11:25:00,"Vehicle overturned (no collision)","Sunday","Day",2,5,"Not at intersection",2,70,"BRIMBANK","METROPOLITAN NORTH WEST REGION",-37.76970093,144.7709218,"Dry","Clear"
"T20190021201","25/10/19",18:45:00,"Vehicle overturned (no collision)","Friday","Dusk/Dawn",2,3,"Not at intersection",3,60,"KINGSTON","METROPOLITAN SOUTH EAST REGION",-38.02882513,145.1300398,"Dry","Clear"
"T20190021203","26/10/19",16:30:00,"Vehicle overturned (no collision)","Saturday","Day",1,1,"T intersection",3,999,"MITCHELL","NORTHERN REGION",-37.35144442,145.1062402,"Unknown","Not known"
"T20190021204","27/10/19",13:00:00,"Vehicle overturned (no collision)","Sunday","Day",1,1,"T intersection",3,999,"SURF COAST","SOUTH WESTERN REGION",-38.34585194,144.1472608,"Unknown","Clear"
"T20190021206","22/10/19",15:10:00,"No collision and no object struck","Tuesday","Day",2,2,"Not at intersection",3,80,"YARRA RANGES","METROPOLITAN SOUTH EAST REGION",-37.73975382,145.525575,"Dry","Clear"
"T20190021207","17/10/19",14:10:00,"Collision with a fixed object","Thursday","Day",1,1,"T intersection",3,50,"CARDINIA","METROPOLITAN SOUTH EAST REGION",-37.92691582,145.448118,"Dry","Clear"
"T20190021209","11/10/19",11:50:00,"Collision with vehicle","Friday","Day",2,2,"Not at intersection",3,70,"CAMPASPE","NORTHERN REGION",-36.14056302,144.7454967,"Dry","Clear"
"T20190021211","26/10/19",13:00:00,"Collision with vehicle","Saturday","Day",2,2,"T intersection",3,60,"DAREBIN","METROPOLITAN NORTH WEST REGION",-37.70837891,145.0138553,"Unknown","Clear"
"T20190021215","28/10/19",12:35:00,"Collision with vehicle","Monday","Day",2,2,"Not at intersection",3,50,"DANDENONG","METROPOLITAN SOUTH EAST REGION",-37.96860949,145.153448,"Dry","Clear"
"T20190021216","28/10/19",09:55:00,"Collision with a fixed object","Monday","Day",1,1,"Not at intersection",3,100,"FRANKSTON","METROPOLITAN SOUTH EAST REGION",-38.07990675,145.1494117,"Dry","Clear"
"T20190021217","27/10/19",17:45:00,"Collision with vehicle","Sunday","Day",2,6,"Multiple intersection",3,60,"MELTON","METROPOLITAN NORTH WEST REGION",-37.6921735,144.5666736,"Dry","Clear"
"T20190021218","28/10/19",13:38:00,"Collision with vehicle","Monday","Day",2,2,"Multiple intersection",3,60,"GEELONG","SOUTH WESTERN REGION",-38.18021844,144.3823024,"Dry","Clear"
"T20190021221","28/10/19",12:20:00,"Collision with vehicle","Monday","Day",2,2,"Not at intersection",3,80,"CASEY","METROPOLITAN SOUTH EAST REGION",-37.97777542,145.2787748,"Dry","Clear"
"T20190021222","28/10/19",13:40:00,"Collision with vehicle","Monday","Day",2,3,"Not at intersection",3,50,"MELBOURNE","METROPOLITAN NORTH WEST REGION",-37.81726847,144.9642771,"Dry","Clear"
"T20190021223","28/10/19",09:45:00,"Collision with a fixed object","Monday","Day",1,1,"Not at intersection",3,100,"WELLINGTON","EASTERN REGION",-38.23051498,147.1207264,"Dry","Clear"
"T20190021224","6/9/19",16:10:00,"Collision with vehicle","Friday","Day",2,6,"Cross intersection",3,60,"BENDIGO","NORTHERN REGION",-36.74977885,144.2907517,"Dry","Clear"
"T20190021225","28/10/19",14:06:00,"Collision with vehicle","Monday","Day",2,4,"Not at intersection",3,60,"MELTON","METROPOLITAN NORTH WEST REGION",-37.7519299,144.7017933,"Dry","Clear"
"T20190021226","28/10/19",13:21:00,"Collision with vehicle","Monday","Day",2,2,"Not at intersection",3,50,"WHITTLESEA","METROPOLITAN NORTH WEST REGION",-37.64354534,144.998926,"Dry","Clear"
"T20190021227","28/10/19",15:53:00,"Collision with vehicle","Monday","Day",2,2,"T intersection",3,50,"MELTON","METROPOLITAN NORTH WEST REGION",-37.67780796,144.5690051,"Wet","Raining"
"T20190021233","8/10/19",09:40:00,"Collision with vehicle","Tuesday","Day",2,2,"Not at intersection",3,70,"WHITEHORSE","METROPOLITAN SOUTH EAST REGION",-37.85218955,145.149515,"Wet","Raining"
"T20190021234","28/10/19",11:14:00,"Collision with vehicle","Monday","Day",2,2,"Not at intersection",3,999,"WHITTLESEA","METROPOLITAN NORTH WEST REGION",-37.68436111,145.0277196,"Dry","Clear"
"T20190021235","26/10/19",13:30:00,"Collision with vehicle","Saturday","Day",2,2,"Not at intersection",3,60,"BOROONDARA","METROPOLITAN SOUTH EAST REGION",-37.82325529,145.040758,"Dry","Clear"
"T20190021236","28/10/19",16:45:00,"Collision with vehicle","Monday","Day",2,11,"Not at intersection",3,60,"CORANGAMITE","SOUTH WESTERN REGION",-38.6682914,143.1126671,"Dry","Clear"
"T20190021237","28/10/19",16:21:00,"Collision with vehicle","Monday","Day",2,2,"Cross intersection",2,60,"BANYULE","METROPOLITAN NORTH WEST REGION",-37.70317909,145.0899216,"Dry","Clear"
"T20190021239","23/10/19",07:45:00,"Collision with vehicle","Wednesday","Day",2,1,"Not at intersection",3,999,"MORELAND","METROPOLITAN NORTH WEST REGION",-37.72193388,144.9273365,"Dry","Clear"
"T20190021243","9/10/19",20:30:00,"Struck Pedestrian","Wednesday","Dusk/Dawn",1,2,"T intersection",3,60,"MELBOURNE","METROPOLITAN NORTH WEST REGION",-37.82420628,144.9850452,"Dry","Not known"
"T20190021244","28/10/19",16:05:00,"Collision with a fixed object","Monday","Day",2,2,"Not at intersection",3,80,"WYNDHAM","METROPOLITAN NORTH WEST REGION",-37.81140076,144.6188788,"Dry","Clear"
"T20190021245","28/10/19",17:50:00,"Collision with vehicle","Monday","Day",4,7,"Not at intersection",3,60,"HUME","METROPOLITAN NORTH WEST REGION",-37.68675764,144.9318797,"Dry","Clear"
"T20190021246","23/10/19",08:45:00,"Collision with vehicle","Wednesday","Day",2,2,"T intersection",3,60,"BOROONDARA","METROPOLITAN SOUTH EAST REGION",-37.82086241,145.0265217,"Dry","Clear"
"T20190021248","28/10/19",14:30:00,"No collision and no object struck","Monday","Day",1,1,"Not at intersection",3,100,"EAST GIPPSLAND","EASTERN REGION",-37.21871411,147.4153717,"Dry","Clear"
"T20190021249","21/10/19",16:00:00,"Collision with vehicle","Monday","Day",2,2,"T intersection",3,60,"WYNDHAM","METROPOLITAN NORTH WEST REGION",-37.90987086,144.7518278,"Dry","Clear"
"T20190021250","26/10/19",21:21:00,"Collision with vehicle","Saturday","Unknown",2,2,"Cross intersection",3,60,"DAREBIN","METROPOLITAN NORTH WEST REGION",-37.77911074,144.9970436,"Dry","Not known"
"T20190021252","28/10/19",17:30:00,"Struck animal","Monday","Day",1,1,"Not at intersection",3,100,"CORANGAMITE","SOUTH WESTERN REGION",-38.61522455,143.1740712,"Dry","Clear"
"T20190021253","28/10/19",20:21:00,"Collision with vehicle","Monday","Dark No street lights",2,3,"Not at intersection",3,60,"GEELONG","SOUTH WESTERN REGION",-38.20122079,144.4526166,"Dry","Clear"
"T20190021254","28/10/19",16:33:00,"Collision with vehicle","Monday","Day",2,2,"T intersection",3,80,"FRANKSTON","METROPOLITAN SOUTH EAST REGION",-38.11326247,145.1566194,"Dry","Clear"
"T20190021257","28/10/19",20:40:00,"Collision with a fixed object","Monday","Dark No street lights",1,1,"Not at intersection",3,100,"MORNINGTON PENINSULA","METROPOLITAN SOUTH EAST REGION",-38.27952153,145.0708238,"Dry","Clear"
"T20190021258","28/10/19",16:45:00,"Collision with vehicle","Monday","Day",4,4,"Not at intersection",3,999,"WHITEHORSE","METROPOLITAN SOUTH EAST REGION",-37.7977111,145.1359047,"Unknown","Clear"
"T20190021259","28/10/19",11:04:00,"Collision with a fixed object","Monday","Day",1,1,"Not at intersection",1,100,"TOWONG","NORTH EASTERN REGION",-36.06052065,147.194274,"Dry","Clear"
"T20190021261","28/10/19",17:15:00,"Collision with vehicle","Monday","Day",2,2,"T intersection",3,50,"BANYULE","METROPOLITAN NORTH WEST REGION",-37.72160951,145.1370221,"Dry","Clear"
"T20190021263","28/10/19",22:36:00,"Collision with vehicle","Monday","Dark Street lights on",3,8,"Not at intersection",3,60,"HOBSONS BAY","METROPOLITAN NORTH WEST REGION",-37.8253935,144.837118,"Dry","Clear"
"T20190021265","29/10/19",04:15:00,"Collision with vehicle","Tuesday","Dark Street lights on",2,3,"Not at intersection",3,80,"BALLARAT","WESTERN REGION",-37.56385677,143.9352101,"Dry","Clear"
"T20190021266","28/10/19",00:04:00,"Collision with a fixed object","Monday","Dark Street lights on",1,1,"Not at intersection",3,70,"WHITTLESEA","METROPOLITAN NORTH WEST REGION",-37.68032507,144.9989887,"Dry","Clear"
"T20190021272","28/10/19",21:00:00,"Collision with a fixed object","Monday","Dark No street lights",1,1,"Not at intersection",3,100,"BENDIGO","NORTHERN REGION",-36.81629447,144.1423167,"Dry","Clear"
"T20190021274","8/10/19",09:30:00,"Collision with vehicle","Tuesday","Day",2,2,"T intersection",3,80,"MONASH","METROPOLITAN SOUTH EAST REGION",-37.91752191,145.149303,"Dry","Clear"
"T20190021277","29/10/19",08:35:00,"Collision with vehicle","Tuesday","Day",2,2,"T intersection",3,60,"BALLARAT","WESTERN REGION",-37.47693633,143.7994279,"Dry","Clear"
"T20190021280","29/10/19",07:10:00,"Collision with vehicle","Tuesday","Day",2,2,"Cross intersection",3,60,"BOROONDARA","METROPOLITAN SOUTH EAST REGION",-37.81016032,145.0263218,"Dry","Clear"
"T20190021282","29/10/19",08:45:00,"Collision with vehicle","Tuesday","Day",5,3,"Not at intersection",2,40,"GEELONG","SOUTH WESTERN REGION",-38.15374865,144.3756449,"Dry","Clear"
"T20190021285","24/10/19",07:25:00,"Collision with vehicle","Thursday","Day",3,6,"Not at intersection",3,100,"WHITEHORSE","METROPOLITAN SOUTH EAST REGION",-37.80210565,145.1628696,"Dry","Clear"
"T20190021286","29/10/19",10:23:00,"Collision with vehicle","Tuesday","Day",6,7,"Not at intersection",3,100,"MONASH","METROPOLITAN SOUTH EAST REGION",-37.9293938,145.1847445,"Dry","Clear"
"T20190021289","29/10/19",10:49:00,"Collision with vehicle","Tuesday","Day",2,2,"Cross intersection",3,50,"WELLINGTON","EASTERN REGION",-38.0955427,147.0845061,"Dry","Clear"
"T20190021290","29/10/19",10:45:00,"Collision with vehicle","Tuesday","Day",2,2,"T intersection",3,50,"DANDENONG","METROPOLITAN SOUTH EAST REGION",-38.03352064,145.1946772,"Dry","Clear"
"T20190021291","29/10/19",08:50:00,"Collision with vehicle","Tuesday","Day",2,2,"Multiple intersection",3,100,"HOBSONS BAY","METROPOLITAN NORTH WEST REGION",-37.85064447,144.7796652,"Dry","Not known"
"T20190021292","29/10/19",09:00:00,"Collision with vehicle","Tuesday","Day",4,3,"Not at intersection",3,60,"GLEN EIRA","METROPOLITAN SOUTH EAST REGION",-37.90544332,145.0522207,"Dry","Clear"
"T20190021294","29/10/19",10:15:00,"Collision with vehicle","Tuesday","Day",2,2,"Cross intersection",3,50,"MOONEE VALLEY","METROPOLITAN NORTH WEST REGION",-37.71843686,144.8809108,"Dry","Clear"
"T20190021296","29/10/19",07:45:00,"Collision with vehicle","Tuesday","Day",2,2,"T intersection",3,60,"MORNINGTON PENINSULA","METROPOLITAN SOUTH EAST REGION",-38.30443602,144.9946357,"Dry","Clear"
"T20190021297","28/10/19",20:05:00,"Collision with vehicle","Monday","Dusk/Dawn",2,2,"Not at intersection",2,888,"MONASH","METROPOLITAN SOUTH EAST REGION",-37.89646772,145.1657467,"Dry","Clear"
"T20190021299","27/10/19",18:20:00,"Collision with vehicle","Sunday","Day",2,2,"T intersection",3,60,"CASEY","METROPOLITAN SOUTH EAST REGION",-38.05774965,145.2901202,"Wet","Raining"
"T20190021300","22/10/19",10:45:00,"Vehicle overturned (no collision)","Tuesday","Day",1,1,"Not at intersection",2,60,"MOUNT ALEXANDER","NORTHERN REGION",-36.98641034,144.0694516,"Dry","Clear"
"T20190021302","25/10/19",11:40:00,"No collision and no object struck","Friday","Day",1,2,"Not at intersection",3,100,"NORTHERN GRAMPIANS","WESTERN REGION",-37.24005014,142.5368762,"Dry","Clear"
"T20190021303","29/10/19",12:10:00,"Collision with vehicle","Tuesday","Day",2,2,"T intersection",2,50,"WHITTLESEA","METROPOLITAN NORTH WEST REGION",-37.64641444,145.0122676,"Dry","Clear"
"T20190021304","29/10/19",10:50:00,"Collision with vehicle","Tuesday","Day",2,2,"Cross intersection",3,80,"SHEPPARTON","NORTH EASTERN REGION",-36.39892564,145.4318253,"Dry","Clear"
"T20190021306","29/10/19",11:50:00,"Collision with vehicle","Tuesday","Day",2,2,"Not at intersection",3,40,"YARRA","METROPOLITAN NORTH WEST REGION",-37.78642862,144.9879606,"Dry","Clear"
"T20190021308","24/10/19",10:30:00,"Collision with vehicle","Thursday","Day",2,2,"Cross intersection",2,60,"HUME","METROPOLITAN NORTH WEST REGION",-37.64065825,144.928765,"Unknown","Not known"
"T20190021309","29/10/19",13:35:00,"Collision with vehicle","Tuesday","Day",2,2,"Not at intersection",3,80,"WHITEHORSE","METROPOLITAN SOUTH EAST REGION",-37.81668565,145.2083406,"Dry","Clear"
"T20190021310","29/10/19",14:30:00,"No collision and no object struck","Tuesday","Day",1,1,"Not at intersection",2,999,"NILLUMBIK","METROPOLITAN NORTH WEST REGION",-37.60052396,145.2743655,"Dry","Clear"
"T20190021313","29/10/19",10:20:00,"Collision with vehicle","Tuesday","Day",2,2,"Not at intersection",3,80,"CASEY","METROPOLITAN SOUTH EAST REGION",-38.02064693,145.3082608,"Wet","Raining"
"T20190021314","29/1/19",17:00:00,"Collision with vehicle","Tuesday","Dusk/Dawn",2,2,"Not at intersection",3,100,"BRIMBANK","METROPOLITAN NORTH WEST REGION",-37.80094456,144.8008489,"Unknown","Not known"
"T20190021315","25/10/19",16:30:00,"Collision with vehicle","Friday","Day",2,2,"Not at intersection",3,60,"FRANKSTON","METROPOLITAN SOUTH EAST REGION",-38.11285448,145.1588404,"Dry","Clear"
"T20190021318","6/10/19",19:00:00,"Collision with vehicle","Sunday","Dusk/Dawn",3,3,"Not at intersection",3,60,"SHEPPARTON","NORTH EASTERN REGION",-36.38593177,145.3983332,"Dry","Clear"
"T20190021324","8/10/19",16:00:00,"Collision with vehicle","Tuesday","Unknown",2,2,"T intersection",3,999,"MOONEE VALLEY","METROPOLITAN NORTH WEST REGION",-37.7722396,144.9208807,"Unknown","Not known"
"T20190021326","22/7/19",15:30:00,"Collision with vehicle","Monday","Day",3,3,"Not at intersection",3,60,"CARDINIA","METROPOLITAN SOUTH EAST REGION",-38.06886679,145.4714432,"Dry","Clear"
"T20190021328","29/10/19",14:32:00,"Collision with vehicle","Tuesday","Day",2,2,"Not at intersection",3,60,"MORNINGTON PENINSULA","METROPOLITAN SOUTH EAST REGION",-38.30336299,145.1836217,"Dry","Clear"
"T20190021330","29/10/19",15:45:00,"Collision with vehicle","Tuesday","Day",3,5,"Not at intersection",3,100,"WHITTLESEA","METROPOLITAN NORTH WEST REGION",-37.64790935,144.9905623,"Dry","Clear"
"T20190021332","29/10/19",15:30:00,"Collision with vehicle","Tuesday","Day",2,2,"Cross intersection",3,100,"PYRENEES","WESTERN REGION",-37.59799442,143.591269,"Dry","Clear"
"T20190021333","14/4/19",23:45:00,"Collision with a fixed object","Sunday","Dark No street lights",1,1,"Not at intersection",3,40,"CASEY","METROPOLITAN SOUTH EAST REGION",-38.10316678,145.3302693,"Dry","Not known"
"T20190021336","29/10/19",12:03:00,"Collision with vehicle","Tuesday","Day",2,3,"Not at intersection",1,100,"BENDIGO","NORTHERN REGION",-36.78730547,144.1542935,"Dry","Clear"
"T20190021338","29/10/19",17:00:00,"Collision with vehicle","Tuesday","Day",2,5,"T intersection",3,60,"BOROONDARA","METROPOLITAN SOUTH EAST REGION",-37.86425636,145.0865011,"Dry","Clear"
"T20190021341","28/10/19",17:40:00,"Collision with vehicle","Monday","Day",2,2,"Not at intersection",3,50,"MELBOURNE","METROPOLITAN NORTH WEST REGION",-37.82575306,144.9709846,"Dry","Clear"
"T20190021342","29/10/19",15:00:00,"Collision with vehicle","Tuesday","Day",2,2,"Not at intersection",3,60,"GEELONG","SOUTH WESTERN REGION",-38.16698247,144.4225643,"Dry","Clear"
"T20190021345","29/10/19",18:44:00,"Collision with vehicle","Tuesday","Day",2,4,"T intersection",3,80,"SHEPPARTON","NORTH EASTERN REGION",-36.30373132,145.4310258,"Dry","Clear"
"T20190021346","23/5/19",09:00:00,"Collision with vehicle","Thursday","Unknown",2,3,"T intersection",3,999,"BAYSIDE","METROPOLITAN SOUTH EAST REGION",-37.92001359,144.9987642,"Unknown","Not known"
"T20190021351","29/10/19",15:47:00,"Collision with vehicle","Tuesday","Day",3,3,"Not at intersection",3,80,"DANDENONG","METROPOLITAN SOUTH EAST REGION",-38.0127935,145.1983437,"Dry","Clear"
"T20190021352","29/10/19",20:32:00,"Collision with vehicle","Tuesday","Dark Street lights on",2,2,"T intersection",2,50,"YARRA","METROPOLITAN NORTH WEST REGION",-37.82741564,144.9976217,"Dry","Clear"
"T20190021353","29/10/19",17:13:00,"Collision with vehicle","Tuesday","Day",2,4,"T intersection",2,50,"DAREBIN","METROPOLITAN NORTH WEST REGION",-37.73058851,145.003079,"Dry","Clear"
"T20190021355","29/10/19",20:52:00,"Collision with a fixed object","Tuesday","Dark No street lights",2,4,"Not at intersection",2,100,"GOLDEN PLAINS","SOUTH WESTERN REGION",-38.11232241,144.2645861,"Dry","Clear"
"T20190021357","29/10/19",20:00:00,"Collision with a fixed object","Tuesday","Dusk/Dawn",1,4,"Not at intersection",3,100,"CARDINIA","METROPOLITAN SOUTH EAST REGION",-38.11608939,145.4241651,"Dry","Clear"
"T20190021358","29/10/19",21:05:00,"Collision with vehicle","Tuesday","Dark Street lights on",2,3,"Cross intersection",3,50,"MORELAND","METROPOLITAN NORTH WEST REGION",-37.70059367,144.9706591,"Dry","Clear"
"T20190021360","29/10/19",20:15:00,"Collision with vehicle","Tuesday","Dark Street lights on",5,1,"Not at intersection",3,777,"BALLARAT","WESTERN REGION",-37.55073258,143.80629,"Dry","Clear"
"T20190021361","29/10/19",18:30:00,"Collision with vehicle","Tuesday","Dusk/Dawn",3,4,"Not at intersection",3,999,"HUME","METROPOLITAN NORTH WEST REGION",-37.69191529,144.9576343,"Dry","Clear"
"T20190021363","29/10/19",18:03:00,"Collision with vehicle","Tuesday","Day",2,2,"T intersection",2,60,"YARRA","METROPOLITAN NORTH WEST REGION",-37.82741564,144.9976217,"Dry","Clear"
"T20190021366","24/10/19",18:30:00,"Collision with vehicle","Thursday","Day",2,5,"Cross intersection",3,80,"CASEY","METROPOLITAN SOUTH EAST REGION",-38.11008396,145.2583638,"Dry","Clear"
"T20190021367","30/10/19",03:45:00,"Collision with a fixed object","Wednesday","Dark Street lights on",1,1,"T intersection",3,60,"MOORABOOL","WESTERN REGION",-37.65546564,144.4496061,"Dry","Clear"
"T20190021370","13/10/19",06:00:00,"Collision with vehicle","Sunday","Dusk/Dawn",2,3,"Not at intersection",3,40,"MELBOURNE","METROPOLITAN NORTH WEST REGION",-37.81785554,144.98188,"Dry","Clear"
"T20190021371","15/10/19",06:50:00,"Collision with vehicle","Tuesday","Day",2,2,"Not at intersection",3,100,"BRIMBANK","METROPOLITAN NORTH WEST REGION",-37.74128404,144.8479102,"Dry","Not known"
"T20190021372","28/10/19",12:20:00,"Collision with a fixed object","Monday","Day",1,1,"Not at intersection",3,80,"BENDIGO","NORTHERN REGION",-36.86006028,144.3238503,"Dry","Clear"
"T20190021373","30/10/19",06:30:00,"Collision with vehicle","Wednesday","Day",2,2,"T intersection",3,60,"BANYULE","METROPOLITAN NORTH WEST REGION",-37.73832241,145.0750833,"Dry","Clear"
"T20190021375","29/10/19",07:40:00,"Collision with vehicle","Tuesday","Day",2,2,"T intersection",3,50,"LATROBE","EASTERN REGION",-38.20334256,146.5211666,"Dry","Clear"
"T20190021378","20/10/19",11:35:00,"Collision with a fixed object","Sunday","Day",1,1,"Not at intersection",3,100,"MITCHELL","NORTHERN REGION",-37.38215457,144.9628151,"Dry","Clear"
"T20190021379","30/10/19",07:30:00,"Collision with a fixed object","Wednesday","Day",1,1,"Not at intersection",3,80,"MELTON","METROPOLITAN NORTH WEST REGION",-37.80232447,144.6716005,"Dry","Clear"
"T20190021380","26/10/19",13:30:00,"Collision with vehicle","Saturday","Day",2,3,"Cross intersection",3,100,"WYNDHAM","METROPOLITAN NORTH WEST REGION",-37.81558608,144.8103738,"Dry","Clear"
"T20190021381","30/10/19",08:30:00,"Collision with vehicle","Wednesday","Day",2,2,"T intersection",3,60,"WHITTLESEA","METROPOLITAN NORTH WEST REGION",-37.66704492,145.016307,"Dry","Clear"
"T20190021383","30/10/19",08:50:00,"Collision with vehicle","Wednesday","Day",3,4,"Not at intersection",3,70,"BANYULE","METROPOLITAN NORTH WEST REGION",-37.73319181,145.0819541,"Dry","Clear"
"T20190021384","30/10/19",08:35:00,"Collision with vehicle","Wednesday","Day",2,3,"Not at intersection",3,100,"HOBSONS BAY","METROPOLITAN NORTH WEST REGION",-37.83988443,144.7955951,"Dry","Clear"
"T20190021386","30/10/19",06:55:00,"Collision with vehicle","Wednesday","Unknown",2,2,"Not at intersection",3,999,"BOROONDARA","METROPOLITAN SOUTH EAST REGION",-37.8450446,145.0417605,"Unknown","Not known"
"T20190021387","5/10/19",13:30:00,"Fall from or in moving vehicle","Saturday","Day",1,1,"Not at intersection",3,70,"MANNINGHAM","METROPOLITAN SOUTH EAST REGION",-37.77567371,145.1258192,"Dry","Clear"
"T20190021388","30/10/19",04:20:00,"Collision with a fixed object","Wednesday","Dark No street lights",1,1,"Not at intersection",2,100,"HINDMARSH","WESTERN REGION",-36.40853636,141.9700931,"Dry","Clear"
"T20190021389","16/10/19",15:30:00,"Collision with vehicle","Wednesday","Unknown",2,2,"Not at intersection",3,80,"DANDENONG","METROPOLITAN SOUTH EAST REGION",-38.05726122,145.2432628,"Wet","Not known"
"T20190021391","29/10/19",16:00:00,"Collision with vehicle","Tuesday","Day",2,2,"T intersection",3,999,"BAYSIDE","METROPOLITAN SOUTH EAST REGION",-37.92284438,145.0231638,"Dry","Clear"
"T20190021392","30/10/19",10:50:00,"Collision with vehicle","Wednesday","Day",4,4,"Not at intersection",3,60,"PORT PHILLIP","METROPOLITAN NORTH WEST REGION",-37.85977418,144.9714227,"Dry","Clear"
"T20190021393","29/10/19",15:30:00,"Collision with vehicle","Tuesday","Day",2,7,"Cross intersection",3,999,"MORELAND","METROPOLITAN NORTH WEST REGION",-37.72746039,144.9636776,"Dry","Clear"
"T20190021395","25/10/19",18:25:00,"Struck Pedestrian","Friday","Dusk/Dawn",1,2,"Cross intersection",2,999,"MORELAND","METROPOLITAN NORTH WEST REGION",-37.77000787,144.9719596,"Unknown","Not known"
"T20190021396","30/10/19",11:20:00,"Collision with vehicle","Wednesday","Day",3,3,"Not at intersection",3,80,"KINGSTON","METROPOLITAN SOUTH EAST REGION",-37.95249483,145.0768972,"Dry","Clear"
"T20190021399","28/10/19",15:15:00,"Collision with vehicle","Monday","Day",2,3,"Cross intersection",3,50,"BENDIGO","NORTHERN REGION",-36.77694267,144.2919623,"Dry","Clear"
"T20190021401","30/10/19",12:05:00,"Collision with vehicle","Wednesday","Day",2,2,"Not at intersection",3,40,"BANYULE","METROPOLITAN NORTH WEST REGION",-37.76876555,145.0424291,"Dry","Clear"
"T20190021402","30/10/19",09:52:00,"Collision with vehicle","Wednesday","Day",3,3,"Not at intersection",3,100,"BOROONDARA","METROPOLITAN SOUTH EAST REGION",-37.78723646,145.0572797,"Dry","Clear"
"T20190021403","21/10/19",16:14:00,"Collision with vehicle","Monday","Day",2,2,"Not at intersection",3,60,"HUME","METROPOLITAN NORTH WEST REGION",-37.64024751,144.8161565,"Dry","Not known"
"T20190021404","30/10/19",08:14:00,"Collision with vehicle","Wednesday","Day",2,2,"Not at intersection",3,40,"WYNDHAM","METROPOLITAN NORTH WEST REGION",-37.83731727,144.723477,"Dry","Clear"
"T20190021405","30/10/19",13:15:00,"Collision with vehicle","Wednesday","Day",2,2,"Cross intersection",3,60,"CASEY","METROPOLITAN SOUTH EAST REGION",-38.04399703,145.3414662,"Dry","Clear"
"T20190021407","30/10/19",14:10:00,"No collision and no object struck","Wednesday","Day",1,1,"Multiple intersection",3,50,"GLENELG","SOUTH WESTERN REGION",-38.3669886,141.6096506,"Dry","Clear"