"ACCIDENT_NO","ACCIDENTDATE","ACCIDENTTIME","Accident Type Desc","Day Week Description","Light Condition Desc","NO_OF_VEHICLES","NO_PERSONS","Road Geometry Desc","SEVERITY","SPEED_ZONE","LGA_NAME","REGION_NAME","Lat","Long","Surface Cond Desc","Atmosph Cond Desc"
"T20190021409","30/10/19",07:15:00,"Collision with a fixed object","Wednesday","Day",1,4,"Not at intersection",1,100,"MILDURA","WESTERN REGION",-34.50142312,142.33214,"Dry","Clear"
"T20190021412","30/10/19",13:30:00,"Collision with vehicle","Wednesday","Day",2,5,"Cross intersection",3,60,"SOUTHERN GRAMPIANS","SOUTH WESTERN REGION",-37.73228502,142.0279583,"Dry","Clear"
"T20190021413","28/10/19",06:34:00,"Collision with vehicle","Monday","Day",2,2,"T intersection",3,60,"MELTON","METROPOLITAN NORTH WEST REGION",-37.68299597,144.5500157,"Dry","Not known"
"T20190021415","29/10/19",17:00:00,"Collision with vehicle","Tuesday","Day",2,3,"Not at intersection",3,100,"BENDIGO","NORTHERN REGION",-36.86857832,144.1899022,"Dry","Clear"
"T20190021417","25/10/19",15:00:00,"Collision with vehicle","Friday","Day",4,4,"T intersection",3,60,"DANDENONG","METROPOLITAN SOUTH EAST REGION",-37.93283115,145.1534407,"Dry","Clear"
"T20190021421","30/10/19",14:05:00,"Struck Pedestrian","Wednesday","Day",1,2,"T intersection",3,60,"WHITEHORSE","METROPOLITAN SOUTH EAST REGION",-37.81036259,145.1517409,"Dry","Clear"
"T20190021423","20/10/19",13:00:00,"No collision and no object struck","Sunday","Day",1,1,"Y intersection",3,999,"MOORABOOL","WESTERN REGION",-37.52931407,144.2738407,"Unknown","Clear"
"T20190021428","5/9/19",17:30:00,"Collision with vehicle","Thursday","Dusk/Dawn",3,3,"Cross intersection",3,60,"MONASH","METROPOLITAN SOUTH EAST REGION",-37.88210059,145.1278451,"Dry","Clear"
"T20190021429","30/10/19",13:00:00,"Vehicle overturned (no collision)","Wednesday","Day",1,1,"Not at intersection",3,50,"MORNINGTON PENINSULA","METROPOLITAN SOUTH EAST REGION",-38.35584661,144.9517574,"Dry","Clear"
"T20190021431","30/10/19",16:15:00,"Collision with vehicle","Wednesday","Day",3,3,"Not at intersection",3,80,"GOLDEN PLAINS","SOUTH WESTERN REGION",-38.11533348,144.1739091,"Dry","Clear"
"T20190021432","30/10/19",17:50:00,"Struck Pedestrian","Wednesday","Day",1,2,"Cross intersection",3,60,"MOONEE VALLEY","METROPOLITAN NORTH WEST REGION",-37.75594002,144.9260982,"Dry","Clear"
"T20190021434","30/10/19",15:40:00,"Collision with vehicle","Wednesday","Day",2,2,"T intersection",3,100,"SOUTH GIPPSLAND","EASTERN REGION",-38.70268286,146.0871188,"Dry","Clear"
"T20190021435","16/10/19",17:16:00,"Collision with vehicle","Wednesday","Day",2,2,"Not at intersection",3,999,"MELBOURNE","METROPOLITAN NORTH WEST REGION",-37.83113717,144.9117381,"Dry","Clear"
"T20190021438","30/10/19",16:30:00,"Collision with vehicle","Wednesday","Unknown",2,3,"Not at intersection",3,999,"MELTON","METROPOLITAN NORTH WEST REGION",-37.71997485,144.6453142,"Unknown","Not known"
"T20190021440","7/10/19",16:00:00,"Fall from or in moving vehicle","Monday","Day",1,1,"T intersection",3,999,"GLEN EIRA","METROPOLITAN SOUTH EAST REGION",-37.88471365,145.0040825,"Unknown","Not known"
"T20190021442","28/10/19",16:20:00,"No collision and no object struck","Monday","Day",2,2,"Cross intersection",3,40,"YARRA","METROPOLITAN NORTH WEST REGION",-37.80611028,144.9806125,"Dry","Clear"
"T20190021443","30/10/19",15:55:00,"Vehicle overturned (no collision)","Wednesday","Day",2,3,"Not at intersection",3,50,"MORELAND","METROPOLITAN NORTH WEST REGION",-37.7039058,144.9652531,"Dry","Clear"
"T20190021445","28/10/19",16:30:00,"Collision with vehicle","Monday","Day",2,2,"Not at intersection",3,50,"MONASH","METROPOLITAN SOUTH EAST REGION",-37.89000466,145.176309,"Dry","Clear"
"T20190021446","5/8/19",06:45:00,"Collision with vehicle","Monday","Dusk/Dawn",2,2,"Not at intersection",3,60,"SHEPPARTON","NORTH EASTERN REGION",-36.37947243,145.3959447,"Dry","Clear"
"T20190021447","6/2/19",15:35:00,"Struck Pedestrian","Wednesday","Day",1,2,"Cross intersection",3,999,"CARDINIA","METROPOLITAN SOUTH EAST REGION",-38.09561189,145.7174773,"Dry","Clear"
"T20190021449","30/10/19",14:15:00,"Collision with vehicle","Wednesday","Day",2,2,"Not at intersection",3,60,"KINGSTON","METROPOLITAN SOUTH EAST REGION",-38.0541963,145.1168351,"Dry","Clear"
"T20190021450","30/10/19",14:34:00,"Collision with vehicle","Wednesday","Day",2,3,"Cross intersection",3,50,"HOBSONS BAY","METROPOLITAN NORTH WEST REGION",-37.83533546,144.8526875,"Dry","Clear"
"T20190021452","30/10/19",16:50:00,"Collision with vehicle","Wednesday","Unknown",2,3,"Cross intersection",3,50,"MELBOURNE","METROPOLITAN NORTH WEST REGION",-37.80818237,144.9603755,"Unknown","Not known"
"T20190021454","26/10/19",18:00:00,"Collision with vehicle","Saturday","Unknown",2,2,"T intersection",3,60,"MOONEE VALLEY","METROPOLITAN NORTH WEST REGION",-37.76526163,144.9237273,"Unknown","Not known"
"T20190021455","28/10/19",18:15:00,"Collision with vehicle","Monday","Day",2,2,"Not at intersection",3,60,"GLEN EIRA","METROPOLITAN SOUTH EAST REGION",-37.86775515,145.0091368,"Dry","Clear"
"T20190021457","30/10/19",16:26:00,"Collision with vehicle","Wednesday","Day",2,2,"T intersection",3,40,"MELBOURNE","METROPOLITAN NORTH WEST REGION",-37.81784429,144.9563945,"Dry","Clear"
"T20190021460","20/10/19",18:10:00,"Collision with vehicle","Sunday","Day",2,2,"Not at intersection",3,60,"BOROONDARA","METROPOLITAN SOUTH EAST REGION",-37.8221024,145.0451117,"Dry","Clear"
"T20190021462","30/10/19",17:00:00,"Collision with vehicle","Wednesday","Day",3,3,"Not at intersection",3,50,"WHITTLESEA","METROPOLITAN NORTH WEST REGION",-37.65360404,145.0784045,"Dry","Clear"
"T20190021463","30/10/19",22:02:00,"Collision with vehicle","Wednesday","Dark Street lights on",2,2,"T intersection",3,60,"WHITTLESEA","METROPOLITAN NORTH WEST REGION",-37.67259948,145.0152908,"Dry","Clear"
"T20190021464","14/10/19",13:57:00,"Collision with vehicle","Monday","Day",2,2,"T intersection",2,60,"MELTON","METROPOLITAN NORTH WEST REGION",-37.67396472,144.5782437,"Dry","Clear"
"T20190021468","30/10/19",19:51:00,"Collision with a fixed object","Wednesday","Dusk/Dawn",1,1,"Not at intersection",3,80,"FRANKSTON","METROPOLITAN SOUTH EAST REGION",-38.17599384,145.1387473,"Dry","Clear"
"T20190021469","30/10/19",11:50:00,"Collision with a fixed object","Wednesday","Day",1,1,"Not at intersection",3,50,"KINGSTON","METROPOLITAN SOUTH EAST REGION",-37.94005731,145.1342466,"Dry","Clear"
"T20190021470","9/5/19",17:20:00,"Collision with vehicle","Thursday","Dusk/Dawn",2,2,"Cross intersection",3,60,"MOONEE VALLEY","METROPOLITAN NORTH WEST REGION",-37.76511865,144.9057419,"Dry","Not known"
"T20190021472","31/10/19",07:21:00,"Collision with vehicle","Thursday","Day",2,2,"Not at intersection",3,50,"HUME","METROPOLITAN NORTH WEST REGION",-37.66723352,144.9572094,"Dry","Clear"
"T20190021473","30/10/19",13:25:00,"Struck Pedestrian","Wednesday","Day",1,2,"Not at intersection",3,60,"MILDURA","WESTERN REGION",-34.18221386,142.1486014,"Dry","Clear"
"T20190021474","23/10/19",19:00:00,"Collision with vehicle","Wednesday","Unknown",2,2,"Not at intersection",3,60,"MACEDON RANGES","NORTHERN REGION",-37.48816983,144.5929107,"Unknown","Not known"
"T20190021476","31/10/19",08:20:00,"Collision with vehicle","Thursday","Day",2,2,"Cross intersection",3,60,"PORT PHILLIP","METROPOLITAN NORTH WEST REGION",-37.84595727,144.9548989,"Dry","Clear"
"T20190021478","31/10/19",07:38:00,"Collision with vehicle","Thursday","Day",2,1,"Cross intersection",3,40,"MITCHELL","NORTHERN REGION",-36.99944707,145.0419238,"Dry","Clear"
"T20190021480","13/10/19",11:00:00,"Collision with vehicle","Sunday","Day",2,1,"Not at intersection",3,888,"DAREBIN","METROPOLITAN NORTH WEST REGION",-37.75961042,145.0237677,"Dry","Not known"
"T20190021483","31/10/19",05:50:00,"Collision with vehicle","Thursday","Dusk/Dawn",2,2,"T intersection",3,80,"BALLARAT","WESTERN REGION",-37.55963353,143.915979,"Dry","Clear"
"T20190021484","31/10/19",09:00:00,"Collision with vehicle","Thursday","Day",2,2,"Cross intersection",3,999,"YARRA RANGES","METROPOLITAN SOUTH EAST REGION",-37.87327529,145.4056312,"Dry","Clear"
"T20190021485","11/9/19",20:30:00,"Collision with a fixed object","Wednesday","Dark Street lights on",2,2,"T intersection",3,60,"YARRA RANGES","METROPOLITAN SOUTH EAST REGION",-37.66873614,145.5299965,"Dry","Clear"
"T20190021486","31/10/19",09:00:00,"Collision with vehicle","Thursday","Day",2,2,"Cross intersection",3,80,"MELTON","METROPOLITAN NORTH WEST REGION",-37.8050188,144.6959414,"Dry","Clear"
"T20190021487","31/10/19",08:53:00,"Collision with a fixed object","Thursday","Day",1,1,"T intersection",3,50,"BALLARAT","WESTERN REGION",-37.54822553,143.792279,"Dry","Clear"
"T20190021488","19/10/19",14:30:00,"Vehicle overturned (no collision)","Saturday","Day",1,1,"Not at intersection",2,50,"MOORABOOL","WESTERN REGION",-37.43982259,144.3439886,"Dry","Clear"
"T20190021490","29/10/19",16:40:00,"Struck Pedestrian","Tuesday","Day",1,2,"Not at intersection",3,60,"HOBSONS BAY","METROPOLITAN NORTH WEST REGION",-37.8588157,144.8103434,"Unknown","Clear"
"T20190021491","31/10/19",10:52:00,"Collision with vehicle","Thursday","Day",2,3,"Cross intersection",3,60,"MORELAND","METROPOLITAN NORTH WEST REGION",-37.7180673,144.95171,"Dry","Clear"
"T20190021493","31/10/19",10:35:00,"Collision with vehicle","Thursday","Day",2,2,"Cross intersection",3,70,"MANNINGHAM","METROPOLITAN SOUTH EAST REGION",-37.75909744,145.1299434,"Dry","Clear"
"T20190021495","31/10/19",11:44:00,"Collision with vehicle","Thursday","Day",2,2,"Not at intersection",3,60,"WYNDHAM","METROPOLITAN NORTH WEST REGION",-37.83962422,144.7511538,"Dry","Clear"
"T20190021496","27/10/19",14:00:00,"No collision and no object struck","Sunday","Day",1,1,"Y intersection",3,999,"BENDIGO","NORTHERN REGION",-36.80965714,144.1994198,"Dry","Clear"
"T20190021501","31/10/19",10:39:00,"collision with some other object","Thursday","Day",3,3,"Not at intersection",3,999,"MONASH","METROPOLITAN SOUTH EAST REGION",-37.92801106,145.1834807,"Dry","Clear"
"T20190021503","29/10/19",15:30:00,"Collision with vehicle","Tuesday","Day",2,2,"Not at intersection",2,999,"KINGSTON","METROPOLITAN SOUTH EAST REGION",-37.95343658,145.0789334,"Unknown","Not known"
"T20190021504","31/10/19",12:24:00,"Collision with vehicle","Thursday","Day",2,2,"Not at intersection",3,999,"MORELAND","METROPOLITAN NORTH WEST REGION",-37.73401294,144.9655637,"Dry","Clear"
"T20190021505","31/10/19",10:15:00,"Collision with vehicle","Thursday","Day",2,3,"Not at intersection",3,60,"WODONGA","NORTH EASTERN REGION",-36.11863676,146.8748352,"Dry","Clear"
"T20190021508","31/10/19",12:30:00,"Collision with vehicle","Thursday","Day",2,6,"T intersection",3,60,"WHITTLESEA","METROPOLITAN NORTH WEST REGION",-37.64667562,145.0200709,"Dry","Clear"
"T20190021509","31/10/19",13:30:00,"Collision with vehicle","Thursday","Day",2,3,"Cross intersection",3,40,"YARRA","METROPOLITAN NORTH WEST REGION",-37.80599048,144.9795185,"Dry","Clear"
"T20190021510","29/8/19",08:30:00,"Collision with vehicle","Thursday","Day",2,2,"Not at intersection",3,60,"MELTON","METROPOLITAN NORTH WEST REGION",-37.70679061,144.5743418,"Dry","Not known"
"T20190021511","29/10/19",07:50:00,"Collision with vehicle","Tuesday","Day",3,3,"Not at intersection",3,100,"GOLDEN PLAINS","SOUTH WESTERN REGION",-38.10848005,144.2608206,"Dry","Fog"
"T20190021512","20/10/19",13:00:00,"No collision and no object struck","Sunday","Day",1,1,"Not at intersection",3,999,"MURRINDINDI","NORTH EASTERN REGION",-37.52927282,145.8209428,"Wet","Clear"
"T20190021513","31/10/19",13:29:00,"Collision with a fixed object","Thursday","Day",1,3,"Not at intersection",3,40,"WANGARATTA","NORTH EASTERN REGION",-36.35502065,146.325224,"Dry","Clear"
"T20190021515","31/10/19",08:47:00,"Collision with vehicle","Thursday","Day",2,2,"Not at intersection",3,60,"MONASH","METROPOLITAN SOUTH EAST REGION",-37.89918302,145.0872335,"Dry","Clear"
"T20190021516","31/10/19",12:07:00,"Collision with vehicle","Thursday","Day",2,4,"Not at intersection",3,80,"GEELONG","SOUTH WESTERN REGION",-37.99661119,144.3636377,"Dry","Clear"
"T20190021517","31/10/19",11:15:00,"Collision with vehicle","Thursday","Day",2,2,"T intersection",3,100,"GLENELG","SOUTH WESTERN REGION",-37.91908966,141.1568702,"Dry","Clear"
"T20190021519","31/10/19",13:45:00,"Struck Pedestrian","Thursday","Day",1,2,"Cross intersection",3,50,"PORT PHILLIP","METROPOLITAN NORTH WEST REGION",-37.86716125,144.9811642,"Dry","Clear"
"T20190021520","31/10/19",11:40:00,"Collision with vehicle","Thursday","Day",2,2,"Cross intersection",3,60,"DANDENONG","METROPOLITAN SOUTH EAST REGION",-38.00599576,145.207301,"Dry","Clear"
"T20190021522","22/10/19",16:30:00,"Collision with vehicle","Tuesday","Day",2,3,"Cross intersection",3,60,"MORELAND","METROPOLITAN NORTH WEST REGION",-37.71651378,144.9366391,"Dry","Not known"
"T20190021523","31/10/19",15:40:00,"Collision with vehicle","Thursday","Day",2,2,"Not at intersection",3,60,"HUME","METROPOLITAN NORTH WEST REGION",-37.637314,144.9237251,"Dry","Clear"
"T20190021524","28/10/19",19:30:00,"Collision with vehicle","Monday","Day",2,2,"T intersection",3,999,"MONASH","METROPOLITAN SOUTH EAST REGION",-37.92657739,145.1904618,"Dry","Clear"
"T20190021525","31/10/19",14:40:00,"Collision with vehicle","Thursday","Day",2,2,"T intersection",3,60,"STONNINGTON","METROPOLITAN SOUTH EAST REGION",-37.85066231,145.0027906,"Dry","Clear"
"T20190021526","31/10/19",16:13:00,"Collision with vehicle","Thursday","Day",2,2,"Cross intersection",3,70,"GEELONG","SOUTH WESTERN REGION",-38.18281808,144.334758,"Dry","Clear"
"T20190021527","19/9/19",16:00:00,"Collision with vehicle","Thursday","Day",2,4,"Cross intersection",3,999,"HUME","METROPOLITAN NORTH WEST REGION",-37.68963801,144.9580061,"Dry","Clear"
"T20190021528","25/10/19",11:45:00,"Collision with vehicle","Friday","Day",2,3,"Not at intersection",3,60,"DANDENONG","METROPOLITAN SOUTH EAST REGION",-37.93216739,145.1479547,"Wet","Raining"
"T20190021530","31/10/19",18:00:00,"Collision with vehicle","Thursday","Day",2,4,"Cross intersection",3,80,"CASEY","METROPOLITAN SOUTH EAST REGION",-38.05991227,145.3382239,"Dry","Clear"
"T20190021531","31/10/19",15:43:00,"Collision with vehicle","Thursday","Day",2,4,"Y intersection",3,60,"CARDINIA","METROPOLITAN SOUTH EAST REGION",-38.06699553,145.4957335,"Dry","Clear"
"T20190021532","28/10/19",08:00:00,"Collision with vehicle","Monday","Day",3,3,"Not at intersection",2,50,"YARRA RANGES","METROPOLITAN SOUTH EAST REGION",-37.75682545,145.3468205,"Dry","Clear"
"T20190021533","31/10/19",16:30:00,"Collision with vehicle","Thursday","Day",2,3,"T intersection",3,60,"YARRA","METROPOLITAN NORTH WEST REGION",-37.80904264,144.9856605,"Dry","Clear"
"T20190021535","31/10/19",05:00:00,"Struck Pedestrian","Thursday","Dark Street lights on",1,3,"Not at intersection",2,40,"BANYULE","METROPOLITAN NORTH WEST REGION",-37.75615663,145.0656395,"Dry","Clear"
"T20190021536","31/10/19",20:15:00,"Struck Pedestrian","Thursday","Dark Street lights on",1,2,"T intersection",3,40,"BENDIGO","NORTHERN REGION",-36.76058329,144.2794884,"Dry","Clear"
"T20190021537","29/10/19",07:30:00,"Collision with vehicle","Tuesday","Day",2,2,"Not at intersection",3,80,"MONASH","METROPOLITAN SOUTH EAST REGION",-37.89313326,145.0885166,"Dry","Not known"
"T20190021539","31/10/19",07:45:00,"Collision with vehicle","Thursday","Day",2,2,"T intersection",3,80,"DANDENONG","METROPOLITAN SOUTH EAST REGION",-38.03160576,145.1833238,"Dry","Clear"
"T20190021540","31/10/19",15:30:00,"Collision with vehicle","Thursday","Day",2,2,"Cross intersection",3,60,"MORELAND","METROPOLITAN NORTH WEST REGION",-37.70630225,144.9285986,"Unknown","Not known"
"T20190021544","31/10/19",16:15:00,"Struck Pedestrian","Thursday","Day",1,2,"Not at intersection",3,50,"WHITEHORSE","METROPOLITAN SOUTH EAST REGION",-37.80362683,145.1867301,"Dry","Clear"
"T20190021545","31/10/19",01:45:00,"Collision with a fixed object","Thursday","Dark No street lights",1,1,"T intersection",3,100,"COLAC OTWAY","SOUTH WESTERN REGION",-38.33592942,143.5200818,"Dry","Clear"
"T20190021546","31/10/19",19:04:00,"Collision with a fixed object","Thursday","Dusk/Dawn",3,1,"Not at intersection",3,80,"NILLUMBIK","METROPOLITAN NORTH WEST REGION",-37.70205994,145.2095436,"Dry","Clear"
"T20190021547","31/10/19",20:40:00,"Struck animal","Thursday","Dark No street lights",1,1,"Not at intersection",3,100,"CAMPASPE","NORTHERN REGION",-36.28581184,144.5938414,"Dry","Clear"
"T20190021548","31/10/19",14:06:00,"Struck Pedestrian","Thursday","Day",1,2,"Not at intersection",3,50,"MONASH","METROPOLITAN SOUTH EAST REGION",-37.93119351,145.1897328,"Dry","Clear"
"T20190021549","31/10/19",21:47:00,"Collision with vehicle","Thursday","Dark Street lights on",2,4,"Cross intersection",3,40,"MELBOURNE","METROPOLITAN NORTH WEST REGION",-37.81228152,144.9622574,"Dry","Clear"
"T20190021550","31/10/19",05:50:00,"Collision with vehicle","Thursday","Dusk/Dawn",3,3,"Not at intersection",3,80,"MELBOURNE","METROPOLITAN NORTH WEST REGION",-37.79395221,144.9363848,"Dry","Clear"
"T20190021553","31/10/19",21:06:00,"Collision with vehicle","Thursday","Dark No street lights",5,7,"Not at intersection",1,100,"MORNINGTON PENINSULA","METROPOLITAN SOUTH EAST REGION",-38.26683963,145.1008817,"Dry","Clear"
"T20190021555","31/10/19",23:52:00,"Collision with a fixed object","Thursday","Dark Street lights on",1,1,"Not at intersection",3,60,"MARIBYRNONG","METROPOLITAN NORTH WEST REGION",-37.77292996,144.8861296,"Dry","Clear"
"T20190021557","1/11/19",07:30:00,"Collision with vehicle","Friday","Dusk/Dawn",2,2,"Cross intersection",3,60,"MELTON","METROPOLITAN NORTH WEST REGION",-37.74693993,144.7489435,"Dry","Clear"
"T20190021559","26/10/19",08:10:00,"Collision with vehicle","Saturday","Day",2,2,"Cross intersection",3,999,"HUME","METROPOLITAN NORTH WEST REGION",-37.67693619,144.8526091,"Unknown","Not known"
"T20190021560","1/11/19",07:00:00,"Collision with vehicle","Friday","Dusk/Dawn",2,2,"Cross intersection",3,80,"KINGSTON","METROPOLITAN SOUTH EAST REGION",-38.06740112,145.1472257,"Unknown","Not known"
"T20190021561","28/10/19",18:15:00,"Collision with vehicle","Monday","Day",2,2,"Cross intersection",3,50,"PORT PHILLIP","METROPOLITAN NORTH WEST REGION",-37.85342892,144.9804955,"Unknown","Not known"
"T20190021566","1/11/19",09:36:00,"Collision with vehicle","Friday","Day",2,1,"Not at intersection",3,80,"KINGSTON","METROPOLITAN SOUTH EAST REGION",-37.97147708,145.1118241,"Dry","Clear"
"T20190021567","1/11/19",09:40:00,"Collision with vehicle","Friday","Day",2,2,"Cross intersection",3,60,"WHITEHORSE","METROPOLITAN SOUTH EAST REGION",-37.82308016,145.1524287,"Dry","Clear"
"T20190021568","1/11/19",08:50:00,"Struck Pedestrian","Friday","Day",1,2,"Unknown",3,40,"PORT PHILLIP","METROPOLITAN NORTH WEST REGION",-37.84090212,144.9402122,"Dry","Clear"
"T20190021569","23/10/19",09:15:00,"Collision with vehicle","Wednesday","Day",2,2,"T intersection",3,999,"KNOX","METROPOLITAN SOUTH EAST REGION",-37.88865873,145.2876146,"Dry","Clear"
"T20190021570","1/11/19",10:50:00,"Collision with a fixed object","Friday","Day",1,1,"Not at intersection",3,70,"YARRA RANGES","METROPOLITAN SOUTH EAST REGION",-37.90009127,145.4694707,"Dry","Clear"
"T20190021571","30/10/19",07:45:00,"Struck Pedestrian","Wednesday","Day",1,2,"Not at intersection",3,40,"GEELONG","SOUTH WESTERN REGION",-38.06364888,144.358286,"Dry","Clear"
"T20190021572","1/11/19",11:20:00,"Collision with vehicle","Friday","Day",2,3,"Cross intersection",3,50,"MURRINDINDI","NORTH EASTERN REGION",-37.21141153,145.4242054,"Dry","Clear"
"T20190021577","11/10/19",16:35:00,"Collision with vehicle","Friday","Day",2,3,"T intersection",3,70,"MAROONDAH","METROPOLITAN SOUTH EAST REGION",-37.80055747,145.2634549,"Dry","Clear"
"T20190021579","1/11/19",10:50:00,"Collision with vehicle","Friday","Day",2,2,"Cross intersection",3,40,"MELBOURNE","METROPOLITAN NORTH WEST REGION",-37.81764326,144.9591106,"Dry","Clear"
"T20190021580","1/11/19",12:31:00,"Collision with a fixed object","Friday","Day",1,1,"Not at intersection",3,60,"BOROONDARA","METROPOLITAN SOUTH EAST REGION",-37.82025776,145.0170002,"Dry","Clear"
"T20190021582","30/10/19",15:10:00,"Vehicle overturned (no collision)","Wednesday","Day",1,2,"Not at intersection",2,80,"EAST GIPPSLAND","EASTERN REGION",-37.6044128,147.8820813,"Dry","Clear"
"T20190021583","30/10/19",11:00:00,"Collision with a fixed object","Wednesday","Day",1,1,"Not at intersection",3,999,"YARRA RANGES","METROPOLITAN SOUTH EAST REGION",-37.79436545,145.4561865,"Dry","Clear"
"T20190021584","1/11/19",13:14:00,"Collision with vehicle","Friday","Day",4,5,"Not at intersection",3,100,"MORELAND","METROPOLITAN NORTH WEST REGION",-37.69421317,144.9266854,"Dry","Clear"
"T20190021587","1/11/19",07:30:00,"Collision with vehicle","Friday","Dusk/Dawn",2,2,"T intersection",3,999,"MOONEE VALLEY","METROPOLITAN NORTH WEST REGION",-37.7802037,144.9226174,"Dry","Clear"
"T20190021589","1/11/19",13:56:00,"Struck Pedestrian","Friday","Day",1,2,"Not at intersection",3,50,"MELBOURNE","METROPOLITAN NORTH WEST REGION",-37.82374914,144.9563029,"Dry","Clear"
"T20190021592","31/10/19",20:45:00,"Collision with vehicle","Thursday","Dark Street lights on",2,3,"Not at intersection",3,999,"YARRA","METROPOLITAN NORTH WEST REGION",-37.78086064,144.9717956,"Unknown","Clear"
"T20190021593","1/11/19",15:20:00,"Collision with a fixed object","Friday","Day",1,1,"Not at intersection",3,100,"MITCHELL","NORTHERN REGION",-37.0699051,144.8192661,"Dry","Clear"
"T20190021595","1/11/19",15:50:00,"Collision with vehicle","Friday","Day",2,2,"Not at intersection",3,40,"STONNINGTON","METROPOLITAN SOUTH EAST REGION",-37.8424701,144.9950208,"Dry","Not known"
"T20190021596","31/10/19",15:53:00,"Collision with vehicle","Thursday","Day",2,2,"Cross intersection",3,40,"MELBOURNE","METROPOLITAN NORTH WEST REGION",-37.81031669,144.9613588,"Dry","Not known"
"T20190021597","29/10/19",18:22:00,"Collision with vehicle","Tuesday","Dusk/Dawn",2,2,"T intersection",3,50,"WHITTLESEA","METROPOLITAN NORTH WEST REGION",-37.61181293,145.0889537,"Dry","Clear"
"T20190021598","31/10/19",18:00:00,"Collision with vehicle","Thursday","Day",3,3,"Not at intersection",3,70,"GEELONG","SOUTH WESTERN REGION",-38.18181276,144.3476284,"Dry","Clear"
"T20190021599","1/11/19",08:30:00,"Collision with vehicle","Friday","Day",2,2,"T intersection",3,60,"MONASH","METROPOLITAN SOUTH EAST REGION",-37.89238762,145.1304421,"Dry","Clear"
"T20190021601","3/10/19",17:45:00,"Collision with vehicle","Thursday","Day",2,4,"T intersection",3,60,"BAYSIDE","METROPOLITAN SOUTH EAST REGION",-37.95580065,145.0382669,"Dry","Clear"
"T20190021602","28/10/19",07:55:00,"Collision with vehicle","Monday","Day",2,2,"Cross intersection",3,60,"PORT PHILLIP","METROPOLITAN NORTH WEST REGION",-37.84960325,144.9650099,"Dry","Clear"
"T20190021604","1/11/19",09:00:00,"Collision with vehicle","Friday","Day",2,3,"Not at intersection",3,70,"YARRA","METROPOLITAN NORTH WEST REGION",-37.80088998,144.9928109,"Dry","Clear"
"T20190021606","22/8/19",12:15:00,"Collision with vehicle","Thursday","Day",2,2,"Not at intersection",3,60,"DANDENONG","METROPOLITAN SOUTH EAST REGION",-37.98509036,145.2162204,"Dry","Clear"
"T20190021607","1/11/19",16:45:00,"Collision with vehicle","Friday","Day",2,5,"Not at intersection",3,100,"MITCHELL","NORTHERN REGION",-37.50031249,144.9028053,"Dry","Dust"
"T20190021607","1/11/19",16:45:00,"Collision with vehicle","Friday","Day",2,5,"Not at intersection",3,100,"MITCHELL","NORTHERN REGION",-37.50031249,144.9028053,"Dry","Strong winds"
"T20190021608","31/10/19",07:30:00,"Collision with vehicle","Thursday","Day",2,2,"Not at intersection",3,100,"BRIMBANK","METROPOLITAN NORTH WEST REGION",-37.80059996,144.7995669,"Dry","Clear"
"T20190021609","1/11/19",14:30:00,"Struck Pedestrian","Friday","Day",1,2,"Cross intersection",3,999,"MELBOURNE","METROPOLITAN NORTH WEST REGION",-37.80058525,144.9654536,"Dry","Not known"
"T20190021611","29/10/19",16:45:00,"Collision with vehicle","Tuesday","Day",2,2,"Not at intersection",3,999,"HUME","METROPOLITAN NORTH WEST REGION",-37.6893094,144.9582183,"Dry","Clear"
"T20190021612","1/11/19",17:48:00,"Collision with a fixed object","Friday","Day",1,1,"Not at intersection",3,60,"BANYULE","METROPOLITAN NORTH WEST REGION",-37.7016105,145.1228559,"Dry","Clear"
"T20190021613","29/10/19",07:40:00,"Collision with vehicle","Tuesday","Day",2,2,"Cross intersection",3,40,"YARRA","METROPOLITAN NORTH WEST REGION",-37.80159087,144.9779044,"Dry","Clear"
"T20190021616","1/11/19",17:20:00,"Vehicle overturned (no collision)","Friday","Day",1,1,"Not at intersection",3,100,"SOUTHERN GRAMPIANS","SOUTH WESTERN REGION",-37.71978672,142.1422887,"Wet","Raining"
"T20190021617","31/10/19",08:05:00,"Collision with vehicle","Thursday","Day",2,2,"Multiple intersection",3,50,"MELBOURNE","METROPOLITAN NORTH WEST REGION",-37.78745857,144.9213086,"Dry","Clear"
"T20190021618","25/10/19",16:40:00,"Collision with vehicle","Friday","Day",2,2,"Not at intersection",3,999,"GEELONG","SOUTH WESTERN REGION",-38.14637538,144.3639922,"Unknown","Clear"
"T20190021619","16/10/19",13:20:00,"Collision with vehicle","Wednesday","Day",2,2,"Not at intersection",3,40,"BENDIGO","NORTHERN REGION",-36.75865895,144.2799088,"Dry","Not known"
"T20190021620","1/11/19",15:28:00,"Collision with vehicle","Friday","Day",4,4,"Not at intersection",2,70,"WHITTLESEA","METROPOLITAN NORTH WEST REGION",-37.67212935,145.0706794,"Dry","Clear"
"T20190021624","1/11/19",16:40:00,"Collision with vehicle","Friday","Day",2,3,"Cross intersection",3,100,"COLAC OTWAY","SOUTH WESTERN REGION",-38.41601383,143.4875212,"Dry","Clear"