"ACCIDENT_NO","ACCIDENTDATE","ACCIDENTTIME","Accident Type Desc","Day Week Description","Light Condition Desc","NO_OF_VEHICLES","NO_PERSONS","Road Geometry Desc","SEVERITY","SPEED_ZONE","LGA_NAME","REGION_NAME","Lat","Long","Surface Cond Desc","Atmosph Cond Desc"
"T20190021626","1/11/19",19:36:00,"Collision with a fixed object","Friday","Dusk/Dawn",1,3,"T intersection",3,75,"MANNINGHAM","METROPOLITAN SOUTH EAST REGION",-37.75592708,145.0918008,"Dry","Clear"
"T20190021627","1/11/19",17:50:00,"Collision with vehicle","Friday","Day",2,2,"Cross intersection",2,50,"BENDIGO","NORTHERN REGION",-36.79245297,144.2502036,"Dry","Not known"
"T20190021628","1/11/19",08:45:00,"Collision with vehicle","Friday","Day",2,2,"Cross intersection",3,999,"PORT PHILLIP","METROPOLITAN NORTH WEST REGION",-37.82876141,144.9600197,"Unknown","Clear"
"T20190021629","1/11/19",10:30:00,"Collision with vehicle","Friday","Day",2,2,"Cross intersection",3,80,"FRANKSTON","METROPOLITAN SOUTH EAST REGION",-38.1522417,145.1911059,"Dry","Clear"
"T20190021632","1/11/19",19:03:00,"Collision with vehicle","Friday","Dusk/Dawn",2,2,"Not at intersection",3,50,"BAYSIDE","METROPOLITAN SOUTH EAST REGION",-37.89545203,145.0035067,"Dry","Clear"
"T20190021633","1/11/19",16:50:00,"Collision with vehicle","Friday","Day",3,3,"T intersection",1,60,"MANNINGHAM","METROPOLITAN SOUTH EAST REGION",-37.76357288,145.1193037,"Dry","Clear"
"T20190021636","1/11/19",19:30:00,"Vehicle overturned (no collision)","Friday","Day",1,1,"Not at intersection",3,60,"BANYULE","METROPOLITAN NORTH WEST REGION",-37.75565736,145.0725149,"Dry","Clear"
"T20190021639","1/11/19",23:53:00,"Fall from or in moving vehicle","Friday","Dark Street lights on",1,3,"Not at intersection",3,80,"KNOX","METROPOLITAN SOUTH EAST REGION",-37.905791,145.2373864,"Dry","Clear"
"T20190021642","17/9/19",16:00:00,"Collision with vehicle","Tuesday","Unknown",2,2,"Not at intersection",3,999,"WHITEHORSE","METROPOLITAN SOUTH EAST REGION",-37.83498414,145.172656,"Unknown","Not known"
"T20190021645","29/10/19",08:50:00,"Collision with vehicle","Tuesday","Day",2,2,"Not at intersection",3,60,"PORT PHILLIP","METROPOLITAN NORTH WEST REGION",-37.83399424,144.9554207,"Dry","Clear"
"T20190021647","26/10/19",17:30:00,"Collision with a fixed object","Saturday","Day",1,1,"Not at intersection",3,100,"LATROBE","EASTERN REGION",-38.23140003,146.5153694,"Dry","Clear"
"T20190021648","30/10/19",12:04:00,"Collision with vehicle","Wednesday","Day",2,3,"Y intersection",3,50,"YARRA RANGES","METROPOLITAN SOUTH EAST REGION",-37.87902646,145.3724543,"Dry","Clear"
"T20190021649","2/11/19",04:57:00,"Collision with a fixed object","Saturday","Dusk/Dawn",1,3,"Not at intersection",3,80,"CAMPASPE","NORTHERN REGION",-36.31350858,145.074136,"Dry","Clear"
"T20190021650","2/11/19",06:10:00,"Collision with a fixed object","Saturday","Dusk/Dawn",1,1,"Cross intersection",3,80,"DANDENONG","METROPOLITAN SOUTH EAST REGION",-38.02665422,145.2437455,"Wet","Clear"
"T20190021651","1/11/19",11:00:00,"Collision with a fixed object","Friday","Day",1,2,"Not at intersection",3,80,"GLENELG","SOUTH WESTERN REGION",-38.18831985,141.6798073,"Dry","Clear"
"T20190021653","27/10/19",11:03:00,"Collision with vehicle","Sunday","Day",2,2,"Cross intersection",3,40,"YARRA","METROPOLITAN NORTH WEST REGION",-37.80766817,144.9732313,"Dry","Clear"
"T20190021654","23/9/19",17:45:00,"Collision with a fixed object","Monday","Dusk/Dawn",1,1,"Not at intersection",3,100,"CASEY","METROPOLITAN SOUTH EAST REGION",-38.16044125,145.3187577,"Unknown","Not known"
"T20190021655","25/10/19",12:27:00,"Vehicle overturned (no collision)","Friday","Day",1,1,"Not at intersection",3,100,"BASS COAST","EASTERN REGION",-38.45045674,145.6585956,"Dry","Clear"
"T20190021660","1/11/19",21:09:00,"Collision with a fixed object","Friday","Dark Street lights on",1,1,"Not at intersection",2,80,"BRIMBANK","METROPOLITAN NORTH WEST REGION",-37.72672139,144.8629221,"Dry","Clear"
"T20190021663","2/11/19",10:30:00,"Collision with vehicle","Saturday","Day",2,2,"Not at intersection",3,999,"GLEN EIRA","METROPOLITAN SOUTH EAST REGION",-37.92283024,145.0266683,"Wet","Raining"
"T20190021665","2/11/19",08:15:00,"Collision with vehicle","Saturday","Day",2,2,"Not at intersection",3,999,"YARRA","METROPOLITAN NORTH WEST REGION",-37.80280885,144.9924884,"Dry","Clear"
"T20190021666","2/11/19",10:20:00,"Collision with vehicle","Saturday","Day",2,4,"T intersection",3,60,"YARRA RANGES","METROPOLITAN SOUTH EAST REGION",-37.75887028,145.3545244,"Wet","Raining"
"T20190021668","2/11/19",10:18:00,"Collision with vehicle","Saturday","Day",2,3,"T intersection",3,100,"CARDINIA","METROPOLITAN SOUTH EAST REGION",-38.21528449,145.4976805,"Wet","Raining"
"T20190021670","30/10/19",16:40:00,"Collision with vehicle","Wednesday","Unknown",2,2,"T intersection",3,40,"MELBOURNE","METROPOLITAN NORTH WEST REGION",-37.7955226,144.9555273,"Dry","Clear"
"T20190021671","2/11/19",11:00:00,"Collision with a fixed object","Saturday","Day",1,1,"Not at intersection",2,100,"CASEY","METROPOLITAN SOUTH EAST REGION",-38.0295088,145.2469767,"Wet","Raining"
"T20190021672","30/10/19",21:00:00,"Collision with vehicle","Wednesday","Dark Street lights on",2,4,"T intersection",3,80,"DANDENONG","METROPOLITAN SOUTH EAST REGION",-38.00314201,145.2471539,"Dry","Clear"
"T20190021673","29/10/19",14:40:00,"Collision with vehicle","Tuesday","Day",2,2,"Cross intersection",3,80,"KINGSTON","METROPOLITAN SOUTH EAST REGION",-38.02189799,145.1241988,"Dry","Clear"
"T20190021675","2/11/19",11:47:00,"Collision with vehicle","Saturday","Day",2,2,"Not at intersection",3,50,"COLAC OTWAY","SOUTH WESTERN REGION",-38.33876849,143.5789574,"Wet","Raining"
"T20190021680","2/11/19",12:20:00,"Collision with a fixed object","Saturday","Day",1,5,"Not at intersection",3,80,"YARRA RANGES","METROPOLITAN SOUTH EAST REGION",-37.85500866,145.429648,"Wet","Raining"
"T20190021682","2/11/19",10:00:00,"Collision with vehicle","Saturday","Day",2,3,"T intersection",3,60,"MOONEE VALLEY","METROPOLITAN NORTH WEST REGION",-37.77907848,144.9132923,"Wet","Raining"
"T20190021683","2/11/19",09:47:00,"Struck Pedestrian","Saturday","Day",1,2,"T intersection",3,60,"MORELAND","METROPOLITAN NORTH WEST REGION",-37.74248463,144.9780792,"Wet","Raining"
"T20190021685","2/11/19",13:20:00,"Fall from or in moving vehicle","Saturday","Day",1,2,"Not at intersection",3,60,"MOYNE","SOUTH WESTERN REGION",-38.55407443,142.8203552,"Wet","Not known"
"T20190021685","2/11/19",13:20:00,"Fall from or in moving vehicle","Saturday","Day",1,2,"Not at intersection",3,60,"MOYNE","SOUTH WESTERN REGION",-38.55407443,142.8203552,"Muddy","Not known"
"T20190021687","2/11/19",13:20:00,"Collision with a fixed object","Saturday","Day",1,3,"Not at intersection",3,110,"INDIGO","NORTH EASTERN REGION",-36.16659289,146.5183902,"Dry","Dust"
"T20190021687","2/11/19",13:20:00,"Collision with a fixed object","Saturday","Day",1,3,"Not at intersection",3,110,"INDIGO","NORTH EASTERN REGION",-36.16659289,146.5183902,"Dry","Strong winds"
"T20190021688","2/11/19",14:50:00,"Collision with vehicle","Saturday","Day",2,3,"T intersection",3,40,"BOROONDARA","METROPOLITAN SOUTH EAST REGION",-37.8336265,145.0762494,"Wet","Raining"
"T20190021689","27/10/19",17:40:00,"Collision with vehicle","Sunday","Day",2,4,"Not at intersection",3,60,"PORT PHILLIP","METROPOLITAN NORTH WEST REGION",-37.83416528,144.9690529,"Dry","Clear"
"T20190021690","2/11/19",12:20:00,"Collision with a fixed object","Saturday","Day",1,1,"Not at intersection",3,100,"HOBSONS BAY","METROPOLITAN NORTH WEST REGION",-37.86844338,144.7635314,"Wet","Raining"
"T20190021696","2/11/19",16:45:00,"Collision with a fixed object","Saturday","Day",1,4,"Not at intersection",3,100,"DANDENONG","METROPOLITAN SOUTH EAST REGION",-37.9580392,145.2242148,"Wet","Clear"
"T20190021698","21/10/19",09:32:00,"Collision with vehicle","Monday","Day",2,2,"Multiple intersection",3,100,"GEELONG","SOUTH WESTERN REGION",-38.05735463,144.3868274,"Dry","Clear"
"T20190021699","2/11/19",16:10:00,"Vehicle overturned (no collision)","Saturday","Day",1,1,"Not at intersection",3,100,"FRANKSTON","METROPOLITAN SOUTH EAST REGION",-38.10523639,145.2338315,"Wet","Raining"
"T20190021701","2/11/19",17:00:00,"Collision with a fixed object","Saturday","Day",2,3,"Not at intersection",2,100,"CAMPASPE","NORTHERN REGION",-36.11442952,144.6442039,"Wet","Raining"
"T20190021701","2/11/19",17:00:00,"Collision with a fixed object","Saturday","Day",2,3,"Not at intersection",2,100,"CAMPASPE","NORTHERN REGION",-36.11442952,144.6442039,"Muddy","Raining"
"T20190021703","2/11/19",15:30:00,"Collision with vehicle","Saturday","Day",3,4,"Cross intersection",3,70,"BRIMBANK","METROPOLITAN NORTH WEST REGION",-37.71085033,144.777979,"Wet","Clear"
"T20190021705","2/11/19",19:29:00,"Collision with a fixed object","Saturday","Dusk/Dawn",1,1,"Not at intersection",3,80,"NILLUMBIK","METROPOLITAN NORTH WEST REGION",-37.68834014,145.1141205,"Wet","Raining"
"T20190021706","2/11/19",18:30:00,"Vehicle overturned (no collision)","Saturday","Day",1,1,"T intersection",3,50,"CASEY","METROPOLITAN SOUTH EAST REGION",-38.11701596,145.2950878,"Unknown","Not known"
"T20190021707","2/11/19",19:30:00,"Collision with vehicle","Saturday","Day",2,2,"T intersection",3,50,"HUME","METROPOLITAN NORTH WEST REGION",-37.64440855,144.9261836,"Dry","Clear"
"T20190021708","2/11/19",20:20:00,"Collision with a fixed object","Saturday","Dusk/Dawn",2,3,"Not at intersection",3,80,"HUME","METROPOLITAN NORTH WEST REGION",-37.6995669,144.8958463,"Wet","Clear"
"T20190021709","2/11/19",15:38:00,"Collision with vehicle","Saturday","Day",2,2,"Not at intersection",3,50,"MILDURA","WESTERN REGION",-34.17890019,142.1588071,"Wet","Clear"
"T20190021713","2/11/19",21:20:00,"Collision with vehicle","Saturday","Dark Street lights on",2,3,"Cross intersection",3,60,"MANNINGHAM","METROPOLITAN SOUTH EAST REGION",-37.79625526,145.1185105,"Wet","Clear"
"T20190021714","2/11/19",19:20:00,"Struck Pedestrian","Saturday","Day",1,3,"Not at intersection",3,60,"MARIBYRNONG","METROPOLITAN NORTH WEST REGION",-37.77948907,144.8516259,"Dry","Clear"
"T20190021715","19/10/19",14:30:00,"Collision with vehicle","Saturday","Day",2,4,"Not at intersection",3,80,"MORELAND","METROPOLITAN NORTH WEST REGION",-37.75225522,144.9358812,"Dry","Clear"
"T20190021717","2/11/19",23:13:00,"Collision with vehicle","Saturday","Dark Street lights on",2,2,"Cross intersection",3,999,"WHITEHORSE","METROPOLITAN SOUTH EAST REGION",-37.80830844,145.1257512,"Dry","Clear"
"T20190021718","1/11/19",21:55:00,"Collision with vehicle","Friday","Dark Street lights on",2,2,"Cross intersection",3,80,"CARDINIA","METROPOLITAN SOUTH EAST REGION",-38.07117188,145.4752107,"Dry","Clear"
"T20190021720","3/11/19",00:41:00,"Collision with vehicle","Sunday","Dark Street lights on",2,2,"Not at intersection",3,30,"MELBOURNE","METROPOLITAN NORTH WEST REGION",-37.81623244,144.9696722,"Wet","Raining"
"T20190021723","16/5/19",08:20:00,"Collision with vehicle","Thursday","Day",2,2,"Cross intersection",3,60,"BENDIGO","NORTHERN REGION",-36.7416159,144.2572007,"Dry","Clear"
"T20190021728","3/11/19",02:00:00,"Collision with a fixed object","Sunday","Dark No street lights",1,1,"Not at intersection",3,100,"NORTHERN GRAMPIANS","WESTERN REGION",-37.05274855,142.9333992,"Dry","Clear"
"T20190021730","2/11/19",09:24:00,"Collision with vehicle","Saturday","Day",2,3,"Not at intersection",3,50,"CASEY","METROPOLITAN SOUTH EAST REGION",-38.04109185,145.3473745,"Wet","Raining"
"T20190021731","6/10/19",17:51:00,"Collision with vehicle","Sunday","Day",2,2,"Not at intersection",3,60,"HUME","METROPOLITAN NORTH WEST REGION",-37.70319556,144.8558081,"Dry","Clear"
"T20190021732","2/11/19",16:00:00,"Collision with a fixed object","Saturday","Day",1,1,"Cross intersection",3,80,"CASEY","METROPOLITAN SOUTH EAST REGION",-37.99429535,145.3501613,"Wet","Raining"
"T20190021734","2/11/19",09:10:00,"Collision with vehicle","Saturday","Day",2,2,"Multiple intersection",3,60,"KNOX","METROPOLITAN SOUTH EAST REGION",-37.8474214,145.2271458,"Wet","Raining"
"T20190021737","3/11/19",08:35:00,"Collision with vehicle","Sunday","Day",3,4,"Cross intersection",3,80,"KNOX","METROPOLITAN SOUTH EAST REGION",-37.89925757,145.2330113,"Dry","Clear"
"T20190021740","3/11/19",08:41:00,"Collision with vehicle","Sunday","Day",2,2,"T intersection",3,60,"WHITEHORSE","METROPOLITAN SOUTH EAST REGION",-37.82624733,145.099929,"Dry","Clear"
"T20190021741","3/11/19",09:35:00,"Collision with a fixed object","Sunday","Day",1,1,"Not at intersection",3,60,"BALLARAT","WESTERN REGION",-37.57503067,143.8362191,"Wet","Clear"
"T20190021742","3/11/19",10:30:00,"Collision with vehicle","Sunday","Day",2,2,"Not at intersection",3,999,"HUME","METROPOLITAN NORTH WEST REGION",-37.58059353,144.8763608,"Dry","Clear"
"T20190021743","3/11/19",11:30:00,"collision with some other object","Sunday","Day",1,1,"Not at intersection",3,100,"LATROBE","EASTERN REGION",-38.20598227,146.2655517,"Dry","Clear"
"T20190021744","1/7/19",19:00:00,"Collision with vehicle","Monday","Unknown",2,3,"Cross intersection",3,999,"MONASH","METROPOLITAN SOUTH EAST REGION",-37.87249794,145.150876,"Unknown","Not known"
"T20190021747","3/11/19",10:42:00,"Vehicle overturned (no collision)","Sunday","Day",1,1,"Not at intersection",3,100,"MITCHELL","NORTHERN REGION",-36.98184877,145.1417453,"Dry","Clear"
"T20190021748","2/11/19",22:00:00,"Collision with a fixed object","Saturday","Dark No street lights",1,1,"Y intersection",3,100,"BAW BAW","EASTERN REGION",-37.96300705,145.974988,"Wet","Clear"
"T20190021750","2/11/19",14:00:00,"Collision with vehicle","Saturday","Day",2,3,"T intersection",3,60,"BANYULE","METROPOLITAN NORTH WEST REGION",-37.74279366,145.0725322,"Wet","Raining"
"T20190021751","3/11/19",12:01:00,"Struck Pedestrian","Sunday","Day",1,2,"Cross intersection",3,40,"GEELONG","SOUTH WESTERN REGION",-38.14522593,144.3616924,"Dry","Clear"
"T20190021752","2/11/19",21:25:00,"Collision with vehicle","Saturday","Dark Street lights on",2,3,"Cross intersection",3,60,"BRIMBANK","METROPOLITAN NORTH WEST REGION",-37.72771279,144.7823616,"Dry","Clear"
"T20190021756","19/8/19",11:42:00,"No collision and no object struck","Monday","Unknown",1,2,"Not at intersection",3,50,"MELTON","METROPOLITAN NORTH WEST REGION",-37.68474112,144.580244,"Unknown","Not known"
"T20190021757","3/11/19",13:50:00,"Collision with vehicle","Sunday","Day",2,3,"Not at intersection",3,80,"KNOX","METROPOLITAN SOUTH EAST REGION",-37.87483968,145.2535836,"Wet","Clear"
"T20190021758","2/11/19",16:30:00,"Collision with a fixed object","Saturday","Day",1,1,"Not at intersection",3,100,"MITCHELL","NORTHERN REGION",-36.98221354,145.1410718,"Wet","Raining"
"T20190021760","3/11/19",13:56:00,"Collision with a fixed object","Sunday","Day",1,1,"T intersection",3,60,"MELTON","METROPOLITAN NORTH WEST REGION",-37.71677609,144.6682073,"Dry","Clear"
"T20190021763","3/11/19",14:45:00,"Vehicle overturned (no collision)","Sunday","Day",1,1,"Not at intersection",3,80,"BAW BAW","EASTERN REGION",-38.21383778,145.7538375,"Dry","Clear"
"T20190021765","3/11/19",15:25:00,"No collision and no object struck","Sunday","Day",2,2,"Not at intersection",3,50,"MELBOURNE","METROPOLITAN NORTH WEST REGION",-37.81030194,144.9572311,"Wet","Raining"
"T20190021768","3/11/19",18:44:00,"Collision with vehicle","Sunday","Day",2,4,"T intersection",2,60,"KINGSTON","METROPOLITAN SOUTH EAST REGION",-37.99422827,145.0690696,"Dry","Clear"
"T20190021770","1/11/19",16:30:00,"Collision with vehicle","Friday","Day",2,2,"Not at intersection",3,60,"MARIBYRNONG","METROPOLITAN NORTH WEST REGION",-37.79930994,144.8600177,"Dry","Clear"
"T20190021772","3/11/19",16:58:00,"Collision with vehicle","Sunday","Day",2,2,"Cross intersection",3,50,"HUME","METROPOLITAN NORTH WEST REGION",-37.68420762,144.9275345,"Wet","Clear"
"T20190021773","3/11/19",18:53:00,"Collision with vehicle","Sunday","Dusk/Dawn",3,3,"Not at intersection",3,60,"BAW BAW","EASTERN REGION",-38.15412027,145.9192537,"Wet","Raining"
"T20190021776","3/11/19",18:40:00,"Collision with a fixed object","Sunday","Day",1,1,"Not at intersection",3,60,"WYNDHAM","METROPOLITAN NORTH WEST REGION",-37.84856106,144.6924523,"Wet","Raining"
"T20190021778","14/10/19",11:20:00,"Collision with vehicle","Monday","Day",2,2,"Cross intersection",3,999,"STONNINGTON","METROPOLITAN SOUTH EAST REGION",-37.87804337,145.0475685,"Dry","Clear"
"T20190021780","3/11/19",21:20:00,"Collision with a fixed object","Sunday","Dark Street lights on",1,1,"Not at intersection",3,50,"CASEY","METROPOLITAN SOUTH EAST REGION",-38.06404025,145.2890645,"Wet","Clear"
"T20190021781","3/11/19",17:30:00,"Collision with vehicle","Sunday","Dark Street lights on",2,2,"Not at intersection",3,70,"MARIBYRNONG","METROPOLITAN NORTH WEST REGION",-37.77279943,144.8861555,"Wet","Raining"
"T20190021782","3/11/19",18:45:00,"Vehicle overturned (no collision)","Sunday","Day",1,1,"Not at intersection",3,60,"WHITTLESEA","METROPOLITAN NORTH WEST REGION",-37.64862219,145.0257769,"Wet","Not known"
"T20190021783","29/10/19",16:00:00,"Collision with vehicle","Tuesday","Day",2,2,"Not at intersection",3,50,"STONNINGTON","METROPOLITAN SOUTH EAST REGION",-37.83749485,145.032661,"Dry","Clear"
"T20190021788","3/11/19",21:25:00,"Collision with vehicle","Sunday","Dark Street lights on",2,3,"Cross intersection",3,60,"MORELAND","METROPOLITAN NORTH WEST REGION",-37.7339906,144.9653435,"Wet","Clear"
"T20190021790","4/11/19",07:03:00,"Struck Pedestrian","Monday","Dusk/Dawn",2,2,"Not at intersection",3,50,"WHITEHORSE","METROPOLITAN SOUTH EAST REGION",-37.83732528,145.1438119,"Dry","Clear"
"T20190021792","4/11/19",07:30:00,"Collision with vehicle","Monday","Dusk/Dawn",2,2,"Not at intersection",3,80,"BRIMBANK","METROPOLITAN NORTH WEST REGION",-37.70715087,144.8189351,"Dry","Clear"
"T20190021793","4/11/19",08:00:00,"Collision with vehicle","Monday","Day",2,2,"Cross intersection",3,60,"DANDENONG","METROPOLITAN SOUTH EAST REGION",-37.9918315,145.2210492,"Dry","Clear"
"T20190021796","17/10/19",15:25:00,"Struck Pedestrian","Thursday","Unknown",1,2,"Not at intersection",3,999,"MELBOURNE","METROPOLITAN NORTH WEST REGION",-37.82601587,144.9555089,"Unknown","Not known"
"T20190021798","4/11/19",07:50:00,"Collision with a fixed object","Monday","Day",1,1,"Not at intersection",2,100,"YARRA RANGES","METROPOLITAN SOUTH EAST REGION",-37.67297649,145.3816847,"Dry","Fog"
"T20190021802","2/11/19",13:30:00,"Collision with vehicle","Saturday","Day",2,3,"Not at intersection",3,60,"CAMPASPE","NORTHERN REGION",-36.14125826,144.7297409,"Wet","Raining"
"T20190021804","1/11/19",11:30:00,"Collision with vehicle","Friday","Unknown",2,3,"T intersection",3,60,"MORELAND","METROPOLITAN NORTH WEST REGION",-37.71249175,144.9171823,"Dry","Clear"
"T20190021805","4/11/19",03:15:00,"Collision with a fixed object","Monday","Dark No street lights",2,2,"Not at intersection",1,100,"WYNDHAM","METROPOLITAN NORTH WEST REGION",-37.90786859,144.6933031,"Dry","Clear"
"T20190021806","4/11/19",10:00:00,"Collision with vehicle","Monday","Day",2,1,"Not at intersection",3,50,"DANDENONG","METROPOLITAN SOUTH EAST REGION",-37.98413897,145.1804608,"Dry","Clear"
"T20190021807","4/11/19",06:55:00,"Collision with vehicle","Monday","Day",2,2,"Cross intersection",3,100,"MANNINGHAM","METROPOLITAN SOUTH EAST REGION",-37.80346298,145.1780281,"Dry","Clear"
"T20190021810","10/10/19",18:46:00,"Collision with vehicle","Thursday","Day",3,2,"T intersection",3,70,"WHITTLESEA","METROPOLITAN NORTH WEST REGION",-37.66072478,144.996726,"Dry","Clear"
"T20190021811","26/8/19",15:30:00,"Collision with vehicle","Monday","Day",2,2,"Not at intersection",3,50,"WANGARATTA","NORTH EASTERN REGION",-36.35630699,146.3242988,"Dry","Clear"
"T20190021812","4/11/19",12:30:00,"Collision with vehicle","Monday","Day",2,3,"T intersection",3,70,"BENDIGO","NORTHERN REGION",-36.75896244,144.3083203,"Dry","Clear"
"T20190021814","4/11/19",13:45:00,"Collision with vehicle","Monday","Day",2,4,"Not at intersection",3,60,"DAREBIN","METROPOLITAN NORTH WEST REGION",-37.73100544,145.0252077,"Wet","Raining"
"T20190021815","4/11/19",11:34:00,"Struck Pedestrian","Monday","Day",1,3,"Not at intersection",3,50,"WHITTLESEA","METROPOLITAN NORTH WEST REGION",-37.66529936,144.9941268,"Dry","Clear"
"T20190021816","1/11/19",15:30:00,"Vehicle overturned (no collision)","Friday","Day",1,1,"T intersection",3,100,"INDIGO","NORTH EASTERN REGION",-36.36635131,146.7376267,"Dry","Clear"
"T20190021820","4/11/19",12:50:00,"Collision with vehicle","Monday","Day",2,3,"Not at intersection",3,100,"BAW BAW","EASTERN REGION",-38.08273209,145.7525208,"Wet","Raining"
"T20190021823","4/11/19",13:42:00,"Collision with vehicle","Monday","Day",2,2,"T intersection",3,60,"GLEN EIRA","METROPOLITAN SOUTH EAST REGION",-37.90352588,145.0366873,"Wet","Not known"
"T20190021824","3/11/19",20:45:00,"Collision with a fixed object","Sunday","Dark No street lights",1,1,"Not at intersection",3,100,"CASEY","METROPOLITAN SOUTH EAST REGION",-38.06223582,145.3668588,"Dry","Clear"
"T20190021825","30/10/19",22:00:00,"Collision with vehicle","Wednesday","Dark Street lights on",2,2,"Not at intersection",3,40,"YARRA","METROPOLITAN NORTH WEST REGION",-37.79765511,144.9785834,"Dry","Clear"
"T20190021829","4/11/19",13:45:00,"Collision with vehicle","Monday","Day",2,3,"Not at intersection",3,100,"MOIRA","NORTH EASTERN REGION",-35.92548227,145.5723093,"Dry","Clear"
"T20190021830","3/11/19",09:00:00,"Collision with vehicle","Sunday","Day",2,2,"Cross intersection",3,60,"FRANKSTON","METROPOLITAN SOUTH EAST REGION",-38.17396292,145.1206302,"Dry","Clear"
"T20190021831","26/10/19",11:50:00,"Collision with vehicle","Saturday","Day",2,2,"Cross intersection",3,60,"WYNDHAM","METROPOLITAN NORTH WEST REGION",-37.88655706,144.6315589,"Dry","Clear"
"T20190021832","18/10/19",16:54:00,"Collision with vehicle","Friday","Day",2,3,"Not at intersection",3,80,"MELTON","METROPOLITAN NORTH WEST REGION",-37.68440306,144.6727043,"Dry","Clear"
"T20190021834","4/11/19",16:50:00,"Collision with vehicle","Monday","Day",2,2,"T intersection",3,60,"WELLINGTON","EASTERN REGION",-38.09088769,147.0694231,"Wet","Raining"
"T20190021834","4/11/19",16:50:00,"Collision with vehicle","Monday","Day",2,2,"T intersection",3,60,"WELLINGTON","EASTERN REGION",-38.09088769,147.0694231,"Wet","Strong winds"
"T20190021837","4/11/19",15:30:00,"Collision with vehicle","Monday","Day",2,2,"Not at intersection",3,50,"BENDIGO","NORTHERN REGION",-36.74400698,144.2452715,"Wet","Clear"
"T20190021840","4/11/19",17:10:00,"Collision with vehicle","Monday","Day",2,2,"T intersection",3,70,"CASEY","METROPOLITAN SOUTH EAST REGION",-38.02778165,145.2649286,"Dry","Clear"
"T20190021841","4/11/19",14:00:00,"Vehicle overturned (no collision)","Monday","Day",2,2,"T intersection",3,100,"INDIGO","NORTH EASTERN REGION",-35.99058757,146.419427,"Dry","Clear"
"T20190021845","4/11/19",17:15:00,"Collision with vehicle","Monday","Day",2,3,"Cross intersection",3,100,"LODDON","NORTHERN REGION",-36.29905099,144.2322831,"Dry","Clear"
"T20190021846","30/10/19",09:15:00,"Collision with vehicle","Wednesday","Day",2,2,"T intersection",3,50,"BENDIGO","NORTHERN REGION",-36.79430693,144.2409396,"Dry","Clear"
"T20190021847","4/11/19",18:00:00,"Collision with a fixed object","Monday","Day",1,1,"T intersection",3,80,"CASEY","METROPOLITAN SOUTH EAST REGION",-38.06223582,145.3668588,"Wet","Raining"
"T20190021849","4/11/19",17:15:00,"Collision with vehicle","Monday","Day",3,5,"Not at intersection",3,70,"CASEY","METROPOLITAN SOUTH EAST REGION",-38.05610712,145.308693,"Wet","Clear"
"T20190021854","4/11/19",20:40:00,"Collision with a fixed object","Monday","Dark Street lights on",1,1,"Cross intersection",3,60,"DAREBIN","METROPOLITAN NORTH WEST REGION",-37.73228962,145.0250821,"Wet","Raining"
"T20190021855","4/11/19",18:42:00,"Collision with vehicle","Monday","Day",2,4,"Not at intersection",3,60,"WHITTLESEA","METROPOLITAN NORTH WEST REGION",-37.67892522,145.0008917,"Dry","Clear"
"T20190021858","4/11/19",17:27:00,"Collision with a fixed object","Monday","Day",1,3,"Not at intersection",3,60,"KINGSTON","METROPOLITAN SOUTH EAST REGION",-37.96940348,145.0882693,"Wet","Clear"
"T20190021859","4/11/19",15:06:00,"Collision with vehicle","Monday","Day",2,3,"Not at intersection",3,60,"EAST GIPPSLAND","EASTERN REGION",-37.81679301,147.7379386,"Wet","Raining"
"T20190021860","4/11/19",15:30:00,"Collision with a fixed object","Monday","Day",1,1,"T intersection",3,60,"BANYULE","METROPOLITAN NORTH WEST REGION",-37.70103922,145.1403995,"Wet","Raining"
"T20190021861","4/11/19",19:52:00,"Vehicle overturned (no collision)","Monday","Dusk/Dawn",1,1,"Not at intersection",3,100,"MITCHELL","NORTHERN REGION",-37.32800118,144.9811194,"Wet","Raining"
"T20190021862","2/10/19",12:30:00,"Collision with vehicle","Wednesday","Day",2,3,"Not at intersection",3,80,"MORNINGTON PENINSULA","METROPOLITAN SOUTH EAST REGION",-38.22054192,145.056631,"Unknown","Not known"
"T20190021867","4/11/19",22:56:00,"Collision with a fixed object","Monday","Dark Street lights on",1,2,"Not at intersection",3,60,"YARRA RANGES","METROPOLITAN SOUTH EAST REGION",-37.90672699,145.3554511,"Wet","Raining"
"T20190021869","4/11/19",00:35:00,"Collision with a fixed object","Monday","Dark No street lights",1,1,"Not at intersection",3,100,"HUME","METROPOLITAN NORTH WEST REGION",-37.54083981,144.9453094,"Unknown","Not known"
"T20190021870","1/11/19",23:00:00,"Collision with a fixed object","Friday","Dark No street lights",1,1,"Not at intersection",3,80,"BAW BAW","EASTERN REGION",-38.27648423,145.9221544,"Unknown","Not known"