"ACCIDENT_NO","ACCIDENTDATE","ACCIDENTTIME","Accident Type Desc","Day Week Description","Light Condition Desc","NO_OF_VEHICLES","NO_PERSONS","Road Geometry Desc","SEVERITY","SPEED_ZONE","LGA_NAME","REGION_NAME","Lat","Long","Surface Cond Desc","Atmosph Cond Desc"
"T20190021871","2/11/19",15:30:00,"Collision with a fixed object","Saturday","Day",1,1,"T intersection",3,80,"NILLUMBIK","METROPOLITAN NORTH WEST REGION",-37.66023961,145.144859,"Wet","Raining"
"T20190021873","10/10/19",15:30:00,"Collision with vehicle","Thursday","Day",2,2,"Not at intersection",3,999,"CASEY","METROPOLITAN SOUTH EAST REGION",-38.04256949,145.2469709,"Dry","Not known"
"T20190021874","25/10/19",19:20:00,"Collision with vehicle","Friday","Dark Street lights on",2,2,"Not at intersection",3,50,"MORELAND","METROPOLITAN NORTH WEST REGION",-37.76318669,144.9627882,"Dry","Clear"
"T20190021875","5/11/19",07:05:00,"Collision with vehicle","Tuesday","Dusk/Dawn",2,1,"Not at intersection",3,50,"MARIBYRNONG","METROPOLITAN NORTH WEST REGION",-37.79818734,144.8669372,"Dry","Clear"
"T20190021876","29/10/19",13:00:00,"Vehicle overturned (no collision)","Tuesday","Day",1,1,"Not at intersection",3,999,"TOWONG","NORTH EASTERN REGION",-36.47557369,147.8071989,"Dry","Dust"
"T20190021877","5/11/19",07:54:00,"Collision with vehicle","Tuesday","Day",2,3,"Cross intersection",3,60,"BOROONDARA","METROPOLITAN SOUTH EAST REGION",-37.82594632,145.0972284,"Dry","Clear"
"T20190021881","25/10/19",06:02:00,"Collision with vehicle","Friday","Dusk/Dawn",2,2,"Not at intersection",3,80,"YARRA","METROPOLITAN NORTH WEST REGION",-37.83146367,145.0211036,"Wet","Clear"
"T20190021883","5/11/19",10:27:00,"Collision with a fixed object","Tuesday","Day",1,1,"Not at intersection",3,110,"WANGARATTA","NORTH EASTERN REGION",-36.34850543,146.3825135,"Dry","Not known"
"T20190021884","4/11/19",22:30:00,"Vehicle overturned (no collision)","Monday","Dark Street lights unknown",1,1,"Not at intersection",3,50,"BOROONDARA","METROPOLITAN SOUTH EAST REGION",-37.79941611,145.0209643,"Wet","Raining"
"T20190021885","4/11/19",17:03:00,"Collision with vehicle","Monday","Day",2,3,"Not at intersection",3,60,"WELLINGTON","EASTERN REGION",-38.09632552,147.0683033,"Wet","Raining"
"T20190021887","5/11/19",11:45:00,"No collision and no object struck","Tuesday","Day",1,1,"T intersection",3,70,"CARDINIA","METROPOLITAN SOUTH EAST REGION",-37.9232041,145.4732097,"Dry","Clear"
"T20190021888","4/11/19",17:00:00,"Collision with vehicle","Monday","Unknown",2,2,"T intersection",3,60,"YARRA","METROPOLITAN NORTH WEST REGION",-37.79954434,144.9899738,"Unknown","Not known"
"T20190021889","13/10/19",21:56:00,"Collision with vehicle","Sunday","Dark Street lights on",2,3,"T intersection",3,70,"CASEY","METROPOLITAN SOUTH EAST REGION",-38.07376243,145.3294991,"Dry","Clear"
"T20190021894","5/11/19",12:55:00,"Collision with vehicle","Tuesday","Day",2,6,"Cross intersection",3,80,"GEELONG","SOUTH WESTERN REGION",-38.18078414,144.5129639,"Dry","Clear"
"T20190021897","2/3/19",18:00:00,"Collision with vehicle","Saturday","Day",2,2,"Not at intersection",3,100,"SOUTH GIPPSLAND","EASTERN REGION",-38.41468735,146.0445476,"Dry","Clear"
"T20190021899","5/11/19",14:45:00,"Collision with vehicle","Tuesday","Day",2,2,"Cross intersection",3,60,"BALLARAT","WESTERN REGION",-37.54029791,143.8671064,"Dry","Clear"
"T20190021900","26/9/19",18:00:00,"Fall from or in moving vehicle","Thursday","Unknown",1,1,"Cross intersection",3,60,"STONNINGTON","METROPOLITAN SOUTH EAST REGION",-37.85430469,145.0115007,"Unknown","Not known"
"T20190021901","5/11/19",12:30:00,"Vehicle overturned (no collision)","Tuesday","Day",1,2,"Not at intersection",3,100,"ARARAT","WESTERN REGION",-37.68365177,143.0209864,"Dry","Clear"
"T20190021902","22/10/19",15:45:00,"Collision with vehicle","Tuesday","Day",2,2,"Not at intersection",3,80,"CASEY","METROPOLITAN SOUTH EAST REGION",-38.0746486,145.2717802,"Unknown","Not known"
"T20190021903","5/11/19",14:48:00,"Collision with vehicle","Tuesday","Day",2,2,"Cross intersection",3,40,"MORELAND","METROPOLITAN NORTH WEST REGION",-37.77266124,144.9715002,"Dry","Clear"
"T20190021904","3/11/19",17:00:00,"Fall from or in moving vehicle","Sunday","Day",1,1,"T intersection",3,999,"BENDIGO","NORTHERN REGION",-36.79976938,144.7865931,"Unknown","Not known"
"T20190021906","5/11/19",13:45:00,"Collision with vehicle","Tuesday","Day",2,5,"Not at intersection",3,100,"COLAC OTWAY","SOUTH WESTERN REGION",-38.77359806,143.6077655,"Dry","Clear"
"T20190021907","5/11/19",15:07:00,"Collision with vehicle","Tuesday","Day",2,4,"Not at intersection",3,100,"YARRA RANGES","METROPOLITAN SOUTH EAST REGION",-37.80091174,145.5258385,"Dry","Clear"
"T20190021908","5/11/19",15:20:00,"Collision with vehicle","Tuesday","Day",2,2,"Not at intersection",3,50,"CARDINIA","METROPOLITAN SOUTH EAST REGION",-38.26623844,145.5615676,"Dry","Clear"
"T20190021909","5/11/19",14:51:00,"Collision with a fixed object","Tuesday","Day",1,5,"Not at intersection",3,100,"NORTHERN GRAMPIANS","WESTERN REGION",-36.95203608,142.9293826,"Dry","Clear"
"T20190021913","4/11/19",14:30:00,"Collision with vehicle","Monday","Day",3,9,"Not at intersection",3,60,"HUME","METROPOLITAN NORTH WEST REGION",-37.66685414,144.950727,"Wet","Raining"
"T20190021916","5/11/19",15:24:00,"Collision with vehicle","Tuesday","Day",2,3,"Multiple intersection",2,80,"DANDENONG","METROPOLITAN SOUTH EAST REGION",-37.933173,145.1569373,"Dry","Clear"
"T20190021917","5/11/19",18:27:00,"No collision and no object struck","Tuesday","Day",1,1,"Not at intersection",3,50,"FRANKSTON","METROPOLITAN SOUTH EAST REGION",-38.10796946,145.1378297,"Dry","Clear"
"T20190021918","5/11/19",20:00:00,"Collision with vehicle","Tuesday","Dusk/Dawn",2,2,"Cross intersection",3,40,"MELBOURNE","METROPOLITAN NORTH WEST REGION",-37.81745307,144.967438,"Dry","Clear"
"T20190021921","5/11/19",18:00:00,"Vehicle overturned (no collision)","Tuesday","Day",1,4,"Not at intersection",2,100,"WANGARATTA","NORTH EASTERN REGION",-36.31918458,146.2682389,"Dry","Clear"
"T20190021923","5/11/19",21:57:00,"Collision with vehicle","Tuesday","Dark Street lights on",3,4,"Not at intersection",3,80,"HUME","METROPOLITAN NORTH WEST REGION",-37.59128643,144.8914749,"Dry","Clear"
"T20190021924","5/11/19",15:17:00,"Collision with vehicle","Tuesday","Day",2,2,"T intersection",3,60,"MOONEE VALLEY","METROPOLITAN NORTH WEST REGION",-37.75151884,144.9253456,"Dry","Clear"
"T20190021925","5/11/19",22:05:00,"Collision with vehicle","Tuesday","Dark Street lights on",2,2,"Not at intersection",3,60,"HUME","METROPOLITAN NORTH WEST REGION",-37.66663535,144.9485699,"Dry","Clear"
"T20190021926","5/11/19",05:45:00,"Collision with vehicle","Tuesday","Day",2,2,"Not at intersection",3,100,"MORELAND","METROPOLITAN NORTH WEST REGION",-37.69705551,144.8993637,"Dry","Clear"
"T20190021927","5/11/19",19:15:00,"Collision with vehicle","Tuesday","Day",2,5,"Cross intersection",3,50,"DAREBIN","METROPOLITAN NORTH WEST REGION",-37.73634648,145.0100132,"Dry","Clear"
"T20190021930","6/11/19",00:20:00,"Collision with a fixed object","Wednesday","Dark No street lights",1,1,"Not at intersection",3,80,"DANDENONG","METROPOLITAN SOUTH EAST REGION",-38.03415396,145.1812757,"Dry","Clear"
"T20190021939","2/11/19",15:55:00,"Collision with vehicle","Saturday","Day",2,3,"T intersection",3,999,"BRIMBANK","METROPOLITAN NORTH WEST REGION",-37.7429586,144.7885615,"Wet","Raining"
"T20190021940","5/11/19",15:24:00,"Collision with a fixed object","Tuesday","Day",1,2,"Not at intersection",3,50,"DAREBIN","METROPOLITAN NORTH WEST REGION",-37.76504112,144.9983499,"Dry","Clear"
"T20190021941","29/8/19",11:28:00,"Collision with a fixed object","Thursday","Day",1,1,"Not at intersection",3,100,"GEELONG","SOUTH WESTERN REGION",-38.14003359,144.2951383,"Dry","Clear"
"T20190021948","6/11/19",10:40:00,"Collision with vehicle","Wednesday","Day",2,4,"Not at intersection",1,100,"SOUTHERN GRAMPIANS","SOUTH WESTERN REGION",-37.65524412,142.3154727,"Dry","Clear"
"T20190021950","6/11/19",17:25:00,"Collision with vehicle","Wednesday","Day",2,3,"Cross intersection",3,50,"MORELAND","METROPOLITAN NORTH WEST REGION",-37.71088118,144.9151685,"Dry","Clear"
"T20190021953","27/10/19",13:00:00,"Collision with vehicle","Sunday","Day",2,2,"Cross intersection",3,999,"WHITTLESEA","METROPOLITAN NORTH WEST REGION",-37.63974275,145.0678984,"Unknown","Clear"
"T20190021955","6/11/19",16:44:00,"Collision with vehicle","Wednesday","Day",2,2,"Cross intersection",3,50,"MACEDON RANGES","NORTHERN REGION",-37.49200874,144.5904185,"Dry","Clear"
"T20190021956","6/11/19",18:05:00,"Collision with vehicle","Wednesday","Day",2,4,"Not at intersection",3,80,"BAW BAW","EASTERN REGION",-38.14261097,145.8771734,"Wet","Clear"
"T20190021958","6/11/19",17:00:00,"Collision with vehicle","Wednesday","Day",2,2,"Cross intersection",3,40,"GEELONG","SOUTH WESTERN REGION",-38.15989693,144.5835632,"Dry","Clear"
"T20190021958","6/11/19",17:00:00,"Collision with vehicle","Wednesday","Day",2,2,"Cross intersection",3,40,"GEELONG","SOUTH WESTERN REGION",-38.15989693,144.5835632,"Dry","Strong winds"
"T20190021959","28/10/19",15:30:00,"Collision with vehicle","Monday","Day",2,2,"Not at intersection",3,60,"DANDENONG","METROPOLITAN SOUTH EAST REGION",-37.92694598,145.1427018,"Dry","Clear"
"T20190021960","6/11/19",19:00:00,"Collision with vehicle","Wednesday","Day",3,3,"Not at intersection",3,60,"YARRA RANGES","METROPOLITAN SOUTH EAST REGION",-37.78264765,145.3114958,"Unknown","Clear"
"T20190021961","6/11/19",16:15:00,"Collision with vehicle","Wednesday","Day",2,2,"T intersection",2,50,"MANNINGHAM","METROPOLITAN SOUTH EAST REGION",-37.76490267,145.0825815,"Dry","Clear"
"T20190021965","6/11/19",17:45:00,"Collision with vehicle","Wednesday","Day",2,2,"Not at intersection",2,60,"BALLARAT","WESTERN REGION",-37.53971731,143.8266558,"Dry","Clear"
"T20190021969","6/11/19",20:00:00,"Collision with vehicle","Wednesday","Dark Street lights on",2,2,"Cross intersection",3,60,"CARDINIA","METROPOLITAN SOUTH EAST REGION",-38.07948465,145.4929887,"Dry","Clear"
"T20190021970","6/11/19",21:17:00,"Collision with vehicle","Wednesday","Dark Street lights on",6,14,"Multiple intersection",2,70,"BRIMBANK","METROPOLITAN NORTH WEST REGION",-37.77696718,144.8287346,"Dry","Clear"
"T20190021971","25/10/19",10:09:00,"Collision with vehicle","Friday","Day",2,2,"T intersection",3,60,"STONNINGTON","METROPOLITAN SOUTH EAST REGION",-37.84430581,145.0355664,"Dry","Clear"
"T20190021972","6/11/19",00:00:00,"Collision with a fixed object","Wednesday","Dark No street lights",1,2,"Not at intersection",3,60,"LATROBE","EASTERN REGION",-38.31169579,146.4206681,"Dry","Clear"
"T20190021976","10/10/19",15:34:00,"Collision with vehicle","Thursday","Day",2,4,"T intersection",3,60,"BENDIGO","NORTHERN REGION",-36.79280186,144.2371139,"Dry","Clear"
"T20190021977","12/10/19",09:00:00,"Struck animal","Saturday","Unknown",1,1,"Not at intersection",3,70,"CASEY","METROPOLITAN SOUTH EAST REGION",-37.95629585,145.2555933,"Unknown","Not known"
"T20190021978","6/11/19",11:18:00,"Struck Pedestrian","Wednesday","Day",1,3,"Not at intersection",3,50,"MELBOURNE","METROPOLITAN NORTH WEST REGION",-37.79476729,144.9280735,"Dry","Clear"
"T20190021980","6/11/19",14:20:00,"Collision with vehicle","Wednesday","Day",2,2,"Not at intersection",3,100,"MONASH","METROPOLITAN SOUTH EAST REGION",-37.88496217,145.0981517,"Dry","Clear"
"T20190021984","6/11/19",17:00:00,"Collision with vehicle","Wednesday","Day",2,2,"T intersection",3,999,"MONASH","METROPOLITAN SOUTH EAST REGION",-37.923371,145.1974526,"Unknown","Not known"
"T20190021985","3/11/19",11:54:00,"Collision with vehicle","Sunday","Unknown",2,2,"Not at intersection",3,50,"DANDENONG","METROPOLITAN SOUTH EAST REGION",-37.98281513,145.2028059,"Unknown","Clear"
"T20190021987","7/11/19",12:05:00,"Collision with vehicle","Thursday","Day",2,2,"Not at intersection",3,60,"MORELAND","METROPOLITAN NORTH WEST REGION",-37.77821103,144.9699975,"Dry","Clear"
"T20190021989","7/11/19",08:20:00,"Collision with vehicle","Thursday","Day",2,2,"Cross intersection",3,40,"MELBOURNE","METROPOLITAN NORTH WEST REGION",-37.80729439,144.9688464,"Dry","Clear"
"T20190021994","7/11/19",10:13:00,"Struck Pedestrian","Thursday","Day",1,3,"Not at intersection",2,40,"MELBOURNE","METROPOLITAN NORTH WEST REGION",-37.82030539,144.9439517,"Dry","Clear"
"T20190021995","7/11/19",08:30:00,"Collision with a fixed object","Thursday","Day",1,1,"Not at intersection",3,50,"BRIMBANK","METROPOLITAN NORTH WEST REGION",-37.8094063,144.7662633,"Dry","Clear"
"T20190021996","7/11/19",09:05:00,"Collision with vehicle","Thursday","Day",2,3,"Cross intersection",3,60,"MORELAND","METROPOLITAN NORTH WEST REGION",-37.70715811,144.935851,"Dry","Clear"
"T20190021999","29/10/19",08:15:00,"Collision with vehicle","Tuesday","Day",2,2,"Not at intersection",3,80,"MELBOURNE","METROPOLITAN NORTH WEST REGION",-37.82604199,144.9815556,"Dry","Clear"
"T20190022000","7/11/19",11:30:00,"No collision and no object struck","Thursday","Day",1,2,"Not at intersection",2,100,"HEPBURN","WESTERN REGION",-37.44293609,143.8902586,"Dry","Clear"
"T20190022001","5/11/19",17:00:00,"collision with some other object","Tuesday","Day",1,1,"Cross intersection",3,999,"HUME","METROPOLITAN NORTH WEST REGION",-37.58087878,144.7369222,"Dry","Clear"
"T20190022002","27/10/19",09:15:00,"Collision with vehicle","Sunday","Unknown",2,2,"Cross intersection",3,999,"MOONEE VALLEY","METROPOLITAN NORTH WEST REGION",-37.75196876,144.8970989,"Unknown","Fog"
"T20190022006","6/11/19",08:18:00,"Collision with vehicle","Wednesday","Day",2,2,"Not at intersection",2,100,"KNOX","METROPOLITAN SOUTH EAST REGION",-37.85551639,145.2136084,"Dry","Clear"
"T20190022007","21/9/19",12:00:00,"Collision with vehicle","Saturday","Day",2,2,"Cross intersection",3,50,"WELLINGTON","EASTERN REGION",-37.96197262,146.9843085,"Dry","Clear"
"T20190022008","16/4/19",14:04:00,"Collision with vehicle","Tuesday","Day",2,3,"Not at intersection",3,999,"HUME","METROPOLITAN NORTH WEST REGION",-37.59457764,144.9151148,"Unknown","Not known"
"T20190022013","21/10/19",12:15:00,"Collision with vehicle","Monday","Day",2,2,"Not at intersection",3,80,"KINGSTON","METROPOLITAN SOUTH EAST REGION",-37.97217708,145.1117033,"Dry","Not known"
"T20190022014","7/11/19",14:12:00,"Collision with vehicle","Thursday","Day",4,4,"Not at intersection",3,70,"DANDENONG","METROPOLITAN SOUTH EAST REGION",-38.0144324,145.2120928,"Wet","Raining"
"T20190022015","7/11/19",10:48:00,"Collision with a fixed object","Thursday","Day",1,1,"Not at intersection",1,100,"BAW BAW","EASTERN REGION",-38.1776851,145.7877629,"Dry","Clear"
"T20190022017","5/10/19",10:00:00,"No collision and no object struck","Saturday","Day",2,5,"Cross intersection",3,90,"CARDINIA","METROPOLITAN SOUTH EAST REGION",-38.28473314,145.5467861,"Dry","Not known"
"T20190022019","7/11/19",12:45:00,"Collision with vehicle","Thursday","Day",2,2,"Not at intersection",3,60,"KNOX","METROPOLITAN SOUTH EAST REGION",-37.85579702,145.3157045,"Dry","Clear"
"T20190022020","7/11/19",14:25:00,"Collision with vehicle","Thursday","Day",2,2,"T intersection",3,60,"DANDENONG","METROPOLITAN SOUTH EAST REGION",-37.94080578,145.1543566,"Wet","Clear"
"T20190022022","7/11/19",15:03:00,"Collision with vehicle","Thursday","Day",2,3,"Cross intersection",3,80,"CAMPASPE","NORTHERN REGION",-36.24001591,144.9479918,"Dry","Clear"
"T20190022022","7/11/19",15:03:00,"Collision with vehicle","Thursday","Day",2,3,"Cross intersection",3,80,"CAMPASPE","NORTHERN REGION",-36.24001591,144.9479918,"Dry","Strong winds"
"T20190022025","5/11/19",13:00:00,"Vehicle overturned (no collision)","Tuesday","Day",1,1,"Not at intersection",3,999,"MURRINDINDI","NORTH EASTERN REGION",-37.39297632,145.3074111,"Muddy","Not known"
"T20190022031","7/11/19",14:15:00,"Struck Pedestrian","Thursday","Day",1,1,"Multiple intersection",3,50,"GEELONG","SOUTH WESTERN REGION",-38.14486879,144.3639524,"Wet","Raining"
"T20190022033","29/6/19",07:00:00,"Collision with vehicle","Saturday","Day",2,2,"T intersection",3,60,"MONASH","METROPOLITAN SOUTH EAST REGION",-37.88134699,145.0988916,"Dry","Clear"
"T20190022034","7/11/19",19:20:00,"Vehicle overturned (no collision)","Thursday","Dark Street lights on",1,1,"Not at intersection",3,40,"STONNINGTON","METROPOLITAN SOUTH EAST REGION",-37.83989952,144.9955362,"Wet","Raining"
"T20190022035","7/11/19",14:20:00,"Collision with vehicle","Thursday","Day",2,2,"Not at intersection",3,100,"GLENELG","SOUTH WESTERN REGION",-38.09187409,141.5976243,"Wet","Raining"
"T20190022035","7/11/19",14:20:00,"Collision with vehicle","Thursday","Day",2,2,"Not at intersection",3,100,"GLENELG","SOUTH WESTERN REGION",-38.09187409,141.5976243,"Wet","Strong winds"
"T20190022036","29/10/19",18:00:00,"Collision with vehicle","Tuesday","Day",2,3,"Cross intersection",3,60,"DANDENONG","METROPOLITAN SOUTH EAST REGION",-37.97691575,145.2160468,"Dry","Clear"
"T20190022038","7/11/19",18:21:00,"Collision with vehicle","Thursday","Dusk/Dawn",3,2,"T intersection",3,50,"WHITEHORSE","METROPOLITAN SOUTH EAST REGION",-37.80179853,145.1060378,"Wet","Raining"
"T20190022040","7/11/19",14:47:00,"Collision with vehicle","Thursday","Day",2,3,"Not at intersection",3,60,"MOONEE VALLEY","METROPOLITAN NORTH WEST REGION",-37.75454203,144.8605601,"Wet","Clear"
"T20190022041","7/11/19",15:15:00,"Collision with vehicle","Thursday","Day",2,4,"Not at intersection",3,100,"STRATHBOGIE","NORTH EASTERN REGION",-36.87069922,145.1833697,"Dry","Clear"
"T20190022042","7/11/19",15:44:00,"Collision with a fixed object","Thursday","Day",1,1,"Not at intersection",3,80,"MORNINGTON PENINSULA","METROPOLITAN SOUTH EAST REGION",-38.28086057,145.1455892,"Wet","Raining"
"T20190022043","7/11/19",17:38:00,"Collision with a fixed object","Thursday","Day",1,1,"Not at intersection",3,100,"MORNINGTON PENINSULA","METROPOLITAN SOUTH EAST REGION",-38.32627298,144.9955095,"Wet","Raining"
"T20190022043","7/11/19",17:38:00,"Collision with a fixed object","Thursday","Day",1,1,"Not at intersection",3,100,"MORNINGTON PENINSULA","METROPOLITAN SOUTH EAST REGION",-38.32627298,144.9955095,"Wet","Strong winds"
"T20190022046","7/11/19",16:20:00,"Collision with vehicle","Thursday","Day",2,2,"T intersection",3,60,"WHITTLESEA","METROPOLITAN NORTH WEST REGION",-37.63635088,145.0147957,"Dry","Clear"
"T20190022048","7/11/19",17:55:00,"Vehicle overturned (no collision)","Thursday","Day",2,2,"Cross intersection",3,70,"WHITEHORSE","METROPOLITAN SOUTH EAST REGION",-37.85884737,145.1689137,"Wet","Raining"
"T20190022049","7/11/19",16:40:00,"Collision with vehicle","Thursday","Day",2,3,"Cross intersection",3,50,"CARDINIA","METROPOLITAN SOUTH EAST REGION",-38.07508531,145.4374724,"Wet","Raining"
"T20190022050","7/11/19",20:45:00,"Collision with a fixed object","Thursday","Dark Street lights on",1,1,"Not at intersection",3,60,"MACEDON RANGES","NORTHERN REGION",-37.50359127,144.5884821,"Wet","Raining"
"T20190022050","7/11/19",20:45:00,"Collision with a fixed object","Thursday","Dark Street lights on",1,1,"Not at intersection",3,60,"MACEDON RANGES","NORTHERN REGION",-37.50359127,144.5884821,"Wet","Strong winds"
"T20190022051","7/11/19",17:54:00,"Collision with vehicle","Thursday","Day",3,3,"Cross intersection",3,60,"MOONEE VALLEY","METROPOLITAN NORTH WEST REGION",-37.75472737,144.8967497,"Dry","Not known"
"T20190022052","7/11/19",21:07:00,"Vehicle overturned (no collision)","Thursday","Dark Street lights on",1,1,"T intersection",3,40,"MOONEE VALLEY","METROPOLITAN NORTH WEST REGION",-37.7360266,144.8890623,"Wet","Raining"
"T20190022053","7/11/19",20:00:00,"Collision with vehicle","Thursday","Dark Street lights on",2,3,"Cross intersection",3,80,"CASEY","METROPOLITAN SOUTH EAST REGION",-38.11388914,145.2897308,"Wet","Raining"
"T20190022054","7/11/19",18:12:00,"Collision with vehicle","Thursday","Day",2,2,"T intersection",3,50,"WHITTLESEA","METROPOLITAN NORTH WEST REGION",-37.6815804,145.0733022,"Dry","Raining"
"T20190022058","7/11/19",08:30:00,"Collision with vehicle","Thursday","Day",2,9,"Not at intersection",3,999,"WYNDHAM","METROPOLITAN NORTH WEST REGION",-37.84393491,144.6700562,"Wet","Clear"
"T20190022059","6/11/19",23:50:00,"Collision with a fixed object","Wednesday","Dark Street lights on",1,1,"Not at intersection",3,60,"DAREBIN","METROPOLITAN NORTH WEST REGION",-37.73075572,145.0253637,"Dry","Clear"
"T20190022062","8/11/19",02:57:00,"Collision with a fixed object","Friday","Dark No street lights",1,1,"Not at intersection",3,100,"BENDIGO","NORTHERN REGION",-36.8747774,144.3142778,"Wet","Clear"
"T20190022065","7/11/19",22:50:00,"Collision with vehicle","Thursday","Dark Street lights on",2,7,"Not at intersection",3,60,"MONASH","METROPOLITAN SOUTH EAST REGION",-37.90874876,145.122788,"Wet","Raining"
"T20190022066","8/11/19",05:40:00,"Collision with vehicle","Friday","Dusk/Dawn",2,2,"Cross intersection",3,60,"MARIBYRNONG","METROPOLITAN NORTH WEST REGION",-37.82026528,144.8821318,"Wet","Clear"
"T20190022073","8/11/19",07:28:00,"Collision with vehicle","Friday","Day",3,4,"T intersection",3,60,"BOROONDARA","METROPOLITAN SOUTH EAST REGION",-37.86280416,145.0745732,"Wet","Raining"
"T20190022074","4/11/19",13:30:00,"Fall from or in moving vehicle","Monday","Day",1,1,"Not at intersection",3,999,"CAMPASPE","NORTHERN REGION",-36.66822483,144.9556256,"Dry","Clear"
"T20190022075","8/11/19",06:10:00,"Collision with a fixed object","Friday","Dusk/Dawn",1,1,"Not at intersection",3,60,"DAREBIN","METROPOLITAN NORTH WEST REGION",-37.74320027,144.9845898,"Wet","Clear"
"T20190022076","3/11/19",11:00:00,"Fall from or in moving vehicle","Sunday","Day",1,1,"Not at intersection",3,888,"MURRINDINDI","NORTH EASTERN REGION",-37.33075867,145.5929413,"Dry","Clear"
"T20190022077","7/11/19",09:30:00,"Collision with vehicle","Thursday","Day",2,2,"Cross intersection",3,999,"BRIMBANK","METROPOLITAN NORTH WEST REGION",-37.77695287,144.8285923,"Unknown","Not known"
"T20190022078","22/3/19",11:00:00,"Collision with vehicle","Friday","Day",2,2,"Cross intersection",3,50,"WHITTLESEA","METROPOLITAN NORTH WEST REGION",-37.65012122,145.0297845,"Dry","Not known"
"T20190022079","8/11/19",08:15:00,"Collision with vehicle","Friday","Day",2,2,"Not at intersection",3,50,"MOONEE VALLEY","METROPOLITAN NORTH WEST REGION",-37.76850185,144.9246248,"Dry","Clear"
"T20190022083","8/11/19",09:10:00,"Collision with vehicle","Friday","Day",3,3,"Not at intersection",3,60,"BRIMBANK","METROPOLITAN NORTH WEST REGION",-37.77676822,144.8268559,"Wet","Raining"
"T20190022084","8/11/19",07:48:00,"No collision and no object struck","Friday","Day",1,1,"Not at intersection",3,50,"KNOX","METROPOLITAN SOUTH EAST REGION",-37.90951783,145.2952175,"Wet","Clear"
"T20190022085","8/11/19",08:00:00,"Vehicle overturned (no collision)","Friday","Day",1,1,"Not at intersection",3,100,"YARRA RANGES","METROPOLITAN SOUTH EAST REGION",-37.63418897,145.4014433,"Wet","Raining"
"T20190022086","3/11/19",11:30:00,"collision with some other object","Sunday","Day",1,1,"Not at intersection",3,60,"BENALLA","NORTH EASTERN REGION",-36.55894404,146.151102,"Dry","Clear"
"T20190022087","8/11/19",08:23:00,"Collision with a fixed object","Friday","Day",1,4,"Not at intersection",3,100,"YARRA RANGES","METROPOLITAN SOUTH EAST REGION",-37.63348731,145.4020895,"Wet","Raining"
"T20190022089","7/7/19",18:58:00,"Struck Pedestrian","Sunday","Dusk/Dawn",1,1,"Not at intersection",3,40,"MORELAND","METROPOLITAN NORTH WEST REGION",-37.7626183,144.961544,"Unknown","Not known"
"T20190022090","7/10/19",22:15:00,"Collision with vehicle","Monday","Dark No street lights",2,4,"Not at intersection",3,110,"BAW BAW","EASTERN REGION",-38.08884528,145.8015773,"Dry","Clear"
"T20190022091","8/11/19",07:58:00,"Collision with vehicle","Friday","Dusk/Dawn",3,3,"Not at intersection",3,100,"MONASH","METROPOLITAN SOUTH EAST REGION",-37.89372093,145.1376055,"Wet","Clear"
"T20190022097","3/11/19",11:30:00,"Fall from or in moving vehicle","Sunday","Day",1,1,"Not at intersection",3,60,"YARRA RANGES","METROPOLITAN SOUTH EAST REGION",-37.88273369,145.581986,"Wet","Clear"
"T20190022098","8/11/19",11:14:00,"Collision with a fixed object","Friday","Day",1,1,"Not at intersection",3,60,"YARRA RANGES","METROPOLITAN SOUTH EAST REGION",-37.81506651,145.3817328,"Wet","Raining"
"T20190022100","7/11/19",19:30:00,"Collision with vehicle","Thursday","Dusk/Dawn",2,2,"T intersection",3,60,"MELBOURNE","METROPOLITAN NORTH WEST REGION",-37.7884246,144.933004,"Dry","Not known"
"T20190022105","8/11/19",10:05:00,"No collision and no object struck","Friday","Day",1,1,"T intersection",3,50,"MONASH","METROPOLITAN SOUTH EAST REGION",-37.86924658,145.1232403,"Wet","Raining"
"T20190022106","8/11/19",13:06:00,"Fall from or in moving vehicle","Friday","Day",2,2,"Not at intersection",3,70,"MONASH","METROPOLITAN SOUTH EAST REGION",-37.90114409,145.1426169,"Dry","Clear"
"T20190022108","8/11/19",12:15:00,"Collision with vehicle","Friday","Day",2,2,"T intersection",3,80,"CASEY","METROPOLITAN SOUTH EAST REGION",-37.97785077,145.2813064,"Wet","Raining"
"T20190022109","8/11/19",12:20:00,"Collision with vehicle","Friday","Day",2,2,"T intersection",3,50,"MARIBYRNONG","METROPOLITAN NORTH WEST REGION",-37.81269963,144.8823702,"Wet","Raining"
"T20190022110","25/10/19",08:30:00,"collision with some other object","Friday","Day",1,2,"Not at intersection",3,100,"MITCHELL","NORTHERN REGION",-37.44193261,144.9351315,"Unknown","Clear"
"T20190022112","28/10/19",06:55:00,"Collision with vehicle","Monday","Day",2,3,"Not at intersection",3,60,"MOONEE VALLEY","METROPOLITAN NORTH WEST REGION",-37.75473382,144.896804,"Dry","Not known"
"T20190022113","31/10/19",15:30:00,"Collision with vehicle","Thursday","Day",2,3,"Not at intersection",3,999,"WHITTLESEA","METROPOLITAN NORTH WEST REGION",-37.62967956,145.0150901,"Dry","Clear"