"ACCIDENT_NO","ACCIDENTDATE","ACCIDENTTIME","Accident Type Desc","Day Week Description","Light Condition Desc","NO_OF_VEHICLES","NO_PERSONS","Road Geometry Desc","SEVERITY","SPEED_ZONE","LGA_NAME","REGION_NAME","Lat","Long","Surface Cond Desc","Atmosph Cond Desc"
"T20190022114","8/11/19",07:30:00,"Collision with vehicle","Friday","Day",3,3,"Not at intersection",2,60,"HOBSONS BAY","METROPOLITAN NORTH WEST REGION",-37.8307866,144.8815522,"Wet","Clear"
"T20190022115","8/11/19",12:32:00,"Collision with vehicle","Friday","Day",3,4,"Cross intersection",3,60,"GEELONG","SOUTH WESTERN REGION",-38.1097684,144.334698,"Dry","Clear"
"T20190022116","6/11/19",13:05:00,"Struck Pedestrian","Wednesday","Day",1,3,"Cross intersection",3,50,"YARRA RANGES","METROPOLITAN SOUTH EAST REGION",-37.90835834,145.3551111,"Dry","Clear"
"T20190022119","8/11/19",09:50:00,"Collision with vehicle","Friday","Day",2,2,"Not at intersection",3,50,"CENTRAL GOLDFIELDS","WESTERN REGION",-37.04867059,143.7385726,"Wet","Raining"
"T20190022120","22/10/19",17:30:00,"No collision and no object struck","Tuesday","Day",2,2,"Not at intersection",3,60,"DAREBIN","METROPOLITAN NORTH WEST REGION",-37.74386342,144.9905913,"Dry","Clear"
"T20190022121","8/11/19",14:00:00,"Collision with a fixed object","Friday","Day",1,2,"T intersection",2,60,"BANYULE","METROPOLITAN NORTH WEST REGION",-37.74903468,145.0362001,"Dry","Clear"
"T20190022122","8/11/19",14:18:00,"Collision with vehicle","Friday","Day",2,2,"Y intersection",3,100,"WHITTLESEA","METROPOLITAN NORTH WEST REGION",-37.68573801,144.9846764,"Dry","Clear"
"T20190022126","7/11/19",11:30:00,"Collision with vehicle","Thursday","Day",2,3,"T intersection",3,50,"HUME","METROPOLITAN NORTH WEST REGION",-37.65835008,144.9590418,"Dry","Clear"
"T20190022127","8/11/19",13:13:00,"Collision with vehicle","Friday","Day",2,3,"Cross intersection",3,80,"EAST GIPPSLAND","EASTERN REGION",-37.90430744,147.6979743,"Wet","Clear"
"T20190022128","6/11/19",09:25:00,"Collision with vehicle","Wednesday","Day",2,2,"Not at intersection",2,100,"DANDENONG","METROPOLITAN SOUTH EAST REGION",-37.96526192,145.2332542,"Dry","Clear"
"T20190022129","4/11/19",09:28:00,"Collision with vehicle","Monday","Day",2,2,"Cross intersection",3,60,"HOBSONS BAY","METROPOLITAN NORTH WEST REGION",-37.87151597,144.7770792,"Dry","Not known"
"T20190022130","8/10/19",20:20:00,"Collision with vehicle","Tuesday","Dark Street lights on",2,2,"T intersection",3,40,"MELBOURNE","METROPOLITAN NORTH WEST REGION",-37.8111359,144.9661924,"Unknown","Not known"
"T20190022131","7/11/19",21:25:00,"Vehicle overturned (no collision)","Thursday","Dark Street lights on",1,1,"Not at intersection",3,60,"STONNINGTON","METROPOLITAN SOUTH EAST REGION",-37.84990877,145.0169843,"Wet","Raining"
"T20190022132","8/11/19",15:10:00,"No collision and no object struck","Friday","Day",1,1,"T intersection",3,100,"GLENELG","SOUTH WESTERN REGION",-38.08380712,141.5921596,"Wet","Raining"
"T20190022135","8/11/19",15:45:00,"Collision with vehicle","Friday","Day",2,4,"Cross intersection",3,60,"GEELONG","SOUTH WESTERN REGION",-38.26568693,144.4044212,"Dry","Clear"
"T20190022138","8/11/19",15:46:00,"Collision with vehicle","Friday","Day",2,2,"Not at intersection",3,100,"BRIMBANK","METROPOLITAN NORTH WEST REGION",-37.81483401,144.8082802,"Wet","Raining"
"T20190022140","24/10/19",15:03:00,"Collision with vehicle","Thursday","Day",2,3,"Multiple intersection",3,60,"MORNINGTON PENINSULA","METROPOLITAN SOUTH EAST REGION",-38.32824955,144.9748803,"Dry","Clear"
"T20190022141","27/10/19",13:30:00,"Struck Pedestrian","Sunday","Day",1,2,"Not at intersection",3,50,"DANDENONG","METROPOLITAN SOUTH EAST REGION",-37.98774198,145.2127083,"Dry","Clear"
"T20190022144","8/11/19",15:39:00,"Collision with a fixed object","Friday","Day",1,1,"Not at intersection",3,100,"HUME","METROPOLITAN NORTH WEST REGION",-37.59331808,144.7976266,"Dry","Clear"
"T20190022145","8/11/19",17:15:00,"Collision with vehicle","Friday","Day",2,2,"Not at intersection",3,80,"KINGSTON","METROPOLITAN SOUTH EAST REGION",-37.94957399,145.0463235,"Wet","Raining"
"T20190022146","8/11/19",14:08:00,"Collision with vehicle","Friday","Day",2,2,"Not at intersection",2,60,"WANGARATTA","NORTH EASTERN REGION",-36.50937664,146.587572,"Wet","Clear"
"T20190022147","8/11/19",16:15:00,"Struck Pedestrian","Friday","Day",1,2,"Not at intersection",3,60,"MELBOURNE","METROPOLITAN NORTH WEST REGION",-37.78248803,144.9165459,"Dry","Clear"
"T20190022148","8/11/19",15:20:00,"Struck Pedestrian","Friday","Day",1,2,"Cross intersection",3,60,"MARIBYRNONG","METROPOLITAN NORTH WEST REGION",-37.77503159,144.8810983,"Wet","Raining"
"T20190022148","8/11/19",15:20:00,"Struck Pedestrian","Friday","Day",1,2,"Cross intersection",3,60,"MARIBYRNONG","METROPOLITAN NORTH WEST REGION",-37.77503159,144.8810983,"Wet","Strong winds"
"T20190022149","25/10/19",14:00:00,"Collision with vehicle","Friday","Day",2,3,"Multiple intersection",3,50,"BENDIGO","NORTHERN REGION",-36.76912353,144.2920962,"Dry","Clear"
"T20190022151","6/10/19",11:00:00,"Vehicle overturned (no collision)","Sunday","Day",1,1,"Multiple intersection",3,100,"CARDINIA","METROPOLITAN SOUTH EAST REGION",-37.89741595,145.6690453,"Dry","Clear"
"T20190022152","2/11/19",08:49:00,"Vehicle overturned (no collision)","Saturday","Day",1,1,"Cross intersection",3,50,"MOONEE VALLEY","METROPOLITAN NORTH WEST REGION",-37.76286915,144.9279734,"Wet","Raining"
"T20190022153","8/11/19",16:10:00,"Collision with vehicle","Friday","Day",3,5,"Cross intersection",3,80,"MELTON","METROPOLITAN NORTH WEST REGION",-37.80301821,144.6777182,"Dry","Clear"
"T20190022160","8/11/19",15:00:00,"Collision with a fixed object","Friday","Day",1,1,"Not at intersection",3,100,"FRANKSTON","METROPOLITAN SOUTH EAST REGION",-38.09027695,145.1577637,"Dry","Clear"
"T20190022161","8/11/19",19:15:00,"Collision with vehicle","Friday","Dusk/Dawn",2,2,"Cross intersection",3,40,"WYNDHAM","METROPOLITAN NORTH WEST REGION",-37.82178832,144.7108002,"Wet","Clear"
"T20190022161","8/11/19",19:15:00,"Collision with vehicle","Friday","Dusk/Dawn",2,2,"Cross intersection",3,40,"WYNDHAM","METROPOLITAN NORTH WEST REGION",-37.82178832,144.7108002,"Wet","Strong winds"
"T20190022162","8/11/19",12:05:00,"Collision with a fixed object","Friday","Day",1,2,"Not at intersection",3,100,"BENDIGO","NORTHERN REGION",-36.94842601,144.7456129,"Wet","Raining"
"T20190022164","8/11/19",05:00:00,"Collision with vehicle","Friday","Dusk/Dawn",3,3,"Not at intersection",3,80,"CASEY","METROPOLITAN SOUTH EAST REGION",-38.01643842,145.2929816,"Wet","Raining"
"T20190022165","8/11/19",15:44:00,"Collision with vehicle","Friday","Day",2,3,"T intersection",3,60,"SHEPPARTON","NORTH EASTERN REGION",-36.37758526,145.4202539,"Wet","Raining"
"T20190022166","8/11/19",21:20:00,"Struck animal","Friday","Dark No street lights",1,2,"Not at intersection",3,100,"INDIGO","NORTH EASTERN REGION",-36.03704425,146.6596584,"Dry","Clear"
"T20190022167","8/11/19",22:20:00,"Collision with vehicle","Friday","Dark Street lights on",2,2,"T intersection",3,80,"MONASH","METROPOLITAN SOUTH EAST REGION",-37.91301847,145.1251031,"Wet","Raining"
"T20190022168","9/11/19",00:05:00,"Vehicle overturned (no collision)","Saturday","Dark Street lights on",1,1,"Unknown",3,40,"YARRA","METROPOLITAN NORTH WEST REGION",-37.8184964,144.9982474,"Wet","Raining"
"T20190022169","8/11/19",00:45:00,"Collision with a fixed object","Friday","Dark Street lights on",1,2,"T intersection",3,80,"MAROONDAH","METROPOLITAN SOUTH EAST REGION",-37.81101693,145.2194188,"Wet","Clear"
"T20190022170","8/11/19",23:15:00,"Struck Pedestrian","Friday","Dark Street lights on",1,2,"Not at intersection",3,60,"YARRA","METROPOLITAN NORTH WEST REGION",-37.82579351,144.9989031,"Wet","Raining"
"T20190022170","8/11/19",23:15:00,"Struck Pedestrian","Friday","Dark Street lights on",1,2,"Not at intersection",3,60,"YARRA","METROPOLITAN NORTH WEST REGION",-37.82579351,144.9989031,"Wet","Strong winds"
"T20190022176","9/11/19",01:26:00,"Struck Pedestrian","Saturday","Dark Street lights on",1,3,"Not at intersection",2,50,"MILDURA","WESTERN REGION",-34.18666361,142.1647487,"Dry","Clear"
"T20190022177","8/11/19",23:10:00,"Collision with vehicle","Friday","Dark Street lights on",3,1,"Cross intersection",3,50,"GLEN EIRA","METROPOLITAN SOUTH EAST REGION",-37.89547968,145.0193508,"Dry","Clear"
"T20190022178","19/10/19",13:00:00,"Vehicle overturned (no collision)","Saturday","Day",1,1,"Not at intersection",2,999,"MILDURA","WESTERN REGION",-35.39475701,141.232662,"Unknown","Clear"
"T20190022179","9/11/19",03:30:00,"Collision with vehicle","Saturday","Dark Street lights on",2,2,"Not at intersection",2,999,"CORANGAMITE","SOUTH WESTERN REGION",-38.48475819,142.9795917,"Wet","Raining"
"T20190022181","2/11/19",16:20:00,"Collision with vehicle","Saturday","Day",2,2,"Cross intersection",3,999,"MORELAND","METROPOLITAN NORTH WEST REGION",-37.76092066,144.9631801,"Dry","Clear"
"T20190022184","8/11/19",20:15:00,"Collision with vehicle","Friday","Dark Street lights on",3,3,"Not at intersection",3,80,"FRANKSTON","METROPOLITAN SOUTH EAST REGION",-38.15575868,145.1676924,"Wet","Raining"
"T20190022187","9/11/19",07:57:00,"Collision with vehicle","Saturday","Day",2,7,"Not at intersection",3,100,"MACEDON RANGES","NORTHERN REGION",-37.32463184,144.5692653,"Dry","Clear"
"T20190022188","8/11/19",17:24:00,"Collision with vehicle","Friday","Day",2,3,"Not at intersection",3,60,"MELTON","METROPOLITAN NORTH WEST REGION",-37.78706393,144.6986967,"Wet","Raining"
"T20190022189","6/11/19",18:00:00,"Collision with vehicle","Wednesday","Day",2,2,"Not at intersection",3,40,"MELBOURNE","METROPOLITAN NORTH WEST REGION",-37.82111786,144.9280032,"Dry","Clear"
"T20190022192","9/11/19",07:55:00,"Collision with vehicle","Saturday","Day",2,2,"Not at intersection",3,70,"NILLUMBIK","METROPOLITAN NORTH WEST REGION",-37.6497679,145.1042728,"Dry","Clear"
"T20190022193","8/11/19",17:30:00,"Collision with vehicle","Friday","Day",2,5,"T intersection",3,100,"WELLINGTON","EASTERN REGION",-37.90459549,146.7557452,"Dry","Clear"
"T20190022194","9/11/19",06:30:00,"Collision with a fixed object","Saturday","Day",1,1,"Not at intersection",2,100,"WELLINGTON","EASTERN REGION",-38.23403052,146.7981147,"Wet","Raining"
"T20190022196","9/11/19",10:30:00,"Struck Pedestrian","Saturday","Day",1,2,"Not at intersection",3,50,"KINGSTON","METROPOLITAN SOUTH EAST REGION",-38.00887704,145.0977639,"Dry","Clear"
"T20190022197","3/11/19",17:20:00,"Collision with vehicle","Sunday","Unknown",2,3,"Cross intersection",3,60,"MORNINGTON PENINSULA","METROPOLITAN SOUTH EAST REGION",-38.22040224,145.0568071,"Unknown","Not known"
"T20190022200","9/11/19",08:15:00,"Struck Pedestrian","Saturday","Day",1,2,"T intersection",3,60,"YARRA","METROPOLITAN NORTH WEST REGION",-37.81119814,145.0070241,"Dry","Clear"
"T20190022202","9/11/19",07:00:00,"Collision with vehicle","Saturday","Dusk/Dawn",2,2,"T intersection",3,50,"BAYSIDE","METROPOLITAN SOUTH EAST REGION",-37.90462885,144.9955314,"Dry","Not known"
"T20190022203","6/11/19",14:00:00,"Struck Pedestrian","Wednesday","Day",1,2,"Cross intersection",3,40,"YARRA","METROPOLITAN NORTH WEST REGION",-37.79983836,144.9929167,"Dry","Clear"
"T20190022204","9/11/19",10:25:00,"Struck Pedestrian","Saturday","Day",1,4,"Not at intersection",3,40,"YARRA","METROPOLITAN NORTH WEST REGION",-37.82087899,145.0143635,"Dry","Clear"
"T20190022205","4/10/19",11:01:00,"Collision with vehicle","Friday","Day",2,2,"T intersection",3,60,"GLEN EIRA","METROPOLITAN SOUTH EAST REGION",-37.86451768,145.0160142,"Dry","Clear"
"T20190022207","9/11/19",05:09:00,"Collision with vehicle","Saturday","Dusk/Dawn",2,2,"Cross intersection",1,60,"BAW BAW","EASTERN REGION",-38.20803686,146.1513902,"Wet","Raining"
"T20190022210","3/11/19",20:00:00,"Vehicle overturned (no collision)","Sunday","Dark Street lights on",1,1,"Not at intersection",3,40,"MOONEE VALLEY","METROPOLITAN NORTH WEST REGION",-37.73749448,144.8927673,"Wet","Raining"
"T20190022211","28/10/19",09:00:00,"No collision and no object struck","Monday","Day",1,1,"Not at intersection",3,110,"HUME","METROPOLITAN NORTH WEST REGION",-37.58530387,144.6859765,"Dry","Clear"
"T20190022216","9/11/19",10:23:00,"Collision with vehicle","Saturday","Day",2,5,"Not at intersection",3,999,"DAREBIN","METROPOLITAN NORTH WEST REGION",-37.71364191,145.043747,"Dry","Clear"
"T20190022217","5/11/19",18:40:00,"Vehicle overturned (no collision)","Tuesday","Day",1,1,"Not at intersection",2,50,"BENDIGO","NORTHERN REGION",-36.78581895,144.2269233,"Dry","Clear"
"T20190022220","9/11/19",11:12:00,"Vehicle overturned (no collision)","Saturday","Day",1,1,"Not at intersection",3,60,"WYNDHAM","METROPOLITAN NORTH WEST REGION",-37.9070181,144.5478747,"Dry","Clear"
"T20190022223","9/11/19",13:20:00,"Collision with vehicle","Saturday","Day",2,2,"T intersection",3,50,"HOBSONS BAY","METROPOLITAN NORTH WEST REGION",-37.84993555,144.7745665,"Dry","Clear"
"T20190022224","9/11/19",11:26:00,"Collision with vehicle","Saturday","Day",2,3,"Cross intersection",3,60,"FRANKSTON","METROPOLITAN SOUTH EAST REGION",-38.1425215,145.1272626,"Dry","Clear"
"T20190022228","9/11/19",15:30:00,"Collision with vehicle","Saturday","Day",2,2,"Not at intersection",3,100,"BAW BAW","EASTERN REGION",-38.08779525,145.8646877,"Wet","Raining"
"T20190022230","9/11/19",18:25:00,"Collision with vehicle","Saturday","Day",2,4,"Cross intersection",3,60,"WELLINGTON","EASTERN REGION",-38.10487954,147.0767068,"Wet","Raining"
"T20190022231","9/11/19",18:37:00,"Collision with vehicle","Saturday","Dusk/Dawn",2,2,"Not at intersection",3,60,"GLENELG","SOUTH WESTERN REGION",-38.35606196,141.6131753,"Dry","Clear"
"T20190022233","9/11/19",18:55:00,"Collision with vehicle","Saturday","Dusk/Dawn",4,3,"Not at intersection",3,50,"MELBOURNE","METROPOLITAN NORTH WEST REGION",-37.79253041,144.9683438,"Dry","Not known"
"T20190022238","9/11/19",20:29:00,"Collision with a fixed object","Saturday","Dark No street lights",1,1,"Not at intersection",3,100,"COLAC OTWAY","SOUTH WESTERN REGION",-38.3451443,143.7726787,"Dry","Clear"
"T20190022239","9/11/19",20:46:00,"Collision with vehicle","Saturday","Dark Street lights on",2,4,"Cross intersection",3,60,"CARDINIA","METROPOLITAN SOUTH EAST REGION",-38.07508531,145.4374724,"Wet","Clear"
"T20190022246","23/10/19",15:27:00,"Collision with vehicle","Wednesday","Day",2,2,"Not at intersection",3,70,"MONASH","METROPOLITAN SOUTH EAST REGION",-37.87747342,145.1662421,"Dry","Clear"
"T20190022249","9/11/19",11:04:00,"Collision with vehicle","Saturday","Day",2,5,"Not at intersection",3,80,"CARDINIA","METROPOLITAN SOUTH EAST REGION",-37.97176382,145.4958624,"Wet","Clear"
"T20190022250","9/11/19",09:16:00,"Collision with a fixed object","Saturday","Day",1,1,"Not at intersection",2,80,"BRIMBANK","METROPOLITAN NORTH WEST REGION",-37.80675097,144.8185676,"Dry","Clear"
"T20190022253","10/11/19",07:00:00,"No collision and no object struck","Sunday","Day",1,1,"Y intersection",3,50,"EAST GIPPSLAND","EASTERN REGION",-37.83213774,147.6232575,"Dry","Clear"
"T20190022256","10/11/19",05:35:00,"Struck animal","Sunday","Day",1,1,"Not at intersection",3,100,"GEELONG","SOUTH WESTERN REGION",-37.96508661,144.4063004,"Dry","Clear"
"T20190022260","4/11/19",15:00:00,"Collision with vehicle","Monday","Day",2,2,"Not at intersection",3,60,"KNOX","METROPOLITAN SOUTH EAST REGION",-37.84130157,145.2707071,"Unknown","Clear"
"T20190022261","10/11/19",11:15:00,"Collision with a fixed object","Sunday","Day",1,4,"Not at intersection",2,80,"MOONEE VALLEY","METROPOLITAN NORTH WEST REGION",-37.73407916,144.9090773,"Dry","Clear"
"T20190022262","9/11/19",22:05:00,"Collision with vehicle","Saturday","Dark Street lights on",2,3,"T intersection",3,50,"HORSHAM","WESTERN REGION",-36.71176377,142.1996858,"Dry","Clear"
"T20190022263","10/11/19",08:45:00,"Collision with a fixed object","Sunday","Day",1,3,"Not at intersection",3,50,"FRANKSTON","METROPOLITAN SOUTH EAST REGION",-38.10542317,145.1680054,"Wet","Clear"
"T20190022264","10/11/19",12:44:00,"Collision with vehicle","Sunday","Day",2,6,"Not at intersection",3,100,"GEELONG","SOUTH WESTERN REGION",-38.05163584,144.3974351,"Dry","Clear"
"T20190022265","16/10/19",10:00:00,"Collision with vehicle","Wednesday","Day",2,2,"T intersection",3,60,"DANDENONG","METROPOLITAN SOUTH EAST REGION",-37.97330488,145.1667652,"Dry","Clear"
"T20190022267","10/11/19",12:10:00,"Collision with vehicle","Sunday","Day",2,2,"Not at intersection",3,80,"MONASH","METROPOLITAN SOUTH EAST REGION",-37.89326353,145.0881666,"Dry","Clear"
"T20190022268","3/11/19",19:00:00,"Vehicle overturned (no collision)","Sunday","Dusk/Dawn",1,1,"Cross intersection",3,60,"CASEY","METROPOLITAN SOUTH EAST REGION",-38.08453073,145.2951359,"Unknown","Not known"
"T20190022273","1/11/19",14:05:00,"Collision with vehicle","Friday","Day",2,2,"Cross intersection",3,999,"BRIMBANK","METROPOLITAN NORTH WEST REGION",-37.78293069,144.7730722,"Unknown","Clear"
"T20190022274","8/10/19",17:59:00,"Collision with vehicle","Tuesday","Day",2,2,"T intersection",3,50,"WHITTLESEA","METROPOLITAN NORTH WEST REGION",-37.60319411,145.0707993,"Dry","Clear"
"T20190022274","8/10/19",17:59:00,"Collision with vehicle","Tuesday","Day",2,2,"T intersection",3,50,"WHITTLESEA","METROPOLITAN NORTH WEST REGION",-37.60319411,145.0707993,"Dry","Strong winds"
"T20190022275","10/11/19",16:50:00,"Collision with vehicle","Sunday","Day",2,2,"Cross intersection",3,60,"MILDURA","WESTERN REGION",-34.22366039,142.1358521,"Dry","Clear"
"T20190022276","10/11/19",17:33:00,"Collision with a fixed object","Sunday","Day",1,1,"Not at intersection",3,70,"WHITEHORSE","METROPOLITAN SOUTH EAST REGION",-37.84971252,145.1116893,"Dry","Clear"
"T20190022277","10/11/19",15:50:00,"Collision with vehicle","Sunday","Day",2,5,"T intersection",3,70,"CASEY","METROPOLITAN SOUTH EAST REGION",-38.07252194,145.3198201,"Dry","Clear"
"T20190022278","7/11/19",14:40:00,"Collision with vehicle","Thursday","Unknown",2,2,"T intersection",3,80,"MONASH","METROPOLITAN SOUTH EAST REGION",-37.92207346,145.1861763,"Unknown","Not known"
"T20190022280","10/11/19",17:34:00,"Collision with vehicle","Sunday","Day",2,8,"T intersection",3,60,"MAROONDAH","METROPOLITAN SOUTH EAST REGION",-37.8279503,145.2271171,"Dry","Clear"
"T20190022283","10/11/19",15:30:00,"Collision with vehicle","Sunday","Day",2,2,"Not at intersection",3,70,"STONNINGTON","METROPOLITAN SOUTH EAST REGION",-37.85730351,144.9918268,"Dry","Clear"
"T20190022284","10/11/19",20:10:00,"Collision with vehicle","Sunday","Dark Street lights on",2,4,"Not at intersection",3,60,"SHEPPARTON","NORTH EASTERN REGION",-36.35423341,145.4022719,"Dry","Clear"
"T20190022286","9/11/19",13:15:00,"Collision with vehicle","Saturday","Day",3,3,"Not at intersection",3,70,"NILLUMBIK","METROPOLITAN NORTH WEST REGION",-37.63880157,145.132393,"Dry","Clear"
"T20190022287","10/11/19",22:40:00,"Struck Pedestrian","Sunday","Dark No street lights",1,2,"Not at intersection",3,80,"WHITTLESEA","METROPOLITAN NORTH WEST REGION",-37.54290429,144.9721146,"Dry","Clear"
"T20190022288","10/11/19",20:22:00,"Collision with vehicle","Sunday","Dark Street lights on",2,2,"T intersection",3,60,"DANDENONG","METROPOLITAN SOUTH EAST REGION",-37.98613825,145.2254316,"Dry","Clear"
"T20190022289","10/11/19",22:10:00,"Collision with vehicle","Sunday","Dark No street lights",2,2,"Not at intersection",3,100,"MOYNE","SOUTH WESTERN REGION",-38.23541208,142.7052596,"Dry","Clear"
"T20190022291","10/11/19",20:41:00,"Struck Pedestrian","Sunday","Dark Street lights on",1,5,"Cross intersection",2,60,"MARIBYRNONG","METROPOLITAN NORTH WEST REGION",-37.79118294,144.8895003,"Dry","Clear"
"T20190022294","10/11/19",10:30:00,"Collision with a fixed object","Sunday","Day",1,2,"Not at intersection",3,100,"SOUTH GIPPSLAND","EASTERN REGION",-38.48908294,146.1313294,"Wet","Raining"
"T20190022296","11/11/19",07:20:00,"Struck animal","Monday","Day",1,1,"Not at intersection",3,80,"HUME","METROPOLITAN NORTH WEST REGION",-37.55210874,144.8567592,"Dry","Clear"
"T20190022297","11/11/19",07:17:00,"Collision with vehicle","Monday","Dusk/Dawn",2,3,"T intersection",3,80,"BRIMBANK","METROPOLITAN NORTH WEST REGION",-37.82223851,144.8297425,"Dry","Clear"
"T20190022298","11/11/19",07:28:00,"Collision with vehicle","Monday","Dusk/Dawn",2,2,"T intersection",3,50,"WHITTLESEA","METROPOLITAN NORTH WEST REGION",-37.67480198,145.0544016,"Dry","Clear"
"T20190022300","11/11/19",08:30:00,"Collision with vehicle","Monday","Day",2,3,"Cross intersection",3,50,"HOBSONS BAY","METROPOLITAN NORTH WEST REGION",-37.82335727,144.8324237,"Dry","Clear"
"T20190022302","11/11/19",10:00:00,"Collision with vehicle","Monday","Day",2,2,"Not at intersection",3,50,"DAREBIN","METROPOLITAN NORTH WEST REGION",-37.75489251,145.0139159,"Dry","Clear"
"T20190022303","11/11/19",08:45:00,"Collision with vehicle","Monday","Day",2,3,"T intersection",3,60,"MELTON","METROPOLITAN NORTH WEST REGION",-37.71399164,144.572943,"Dry","Clear"
"T20190022305","11/11/19",08:02:00,"Struck Pedestrian","Monday","Day",1,2,"Cross intersection",3,60,"MORELAND","METROPOLITAN NORTH WEST REGION",-37.75866794,144.9448606,"Dry","Clear"
"T20190022310","31/10/19",18:30:00,"No collision and no object struck","Thursday","Unknown",1,1,"Not at intersection",3,999,"HUME","METROPOLITAN NORTH WEST REGION",-37.5687795,144.8971924,"Unknown","Clear"
"T20190022311","11/11/19",08:35:00,"Collision with a fixed object","Monday","Day",1,1,"Cross intersection",3,40,"GEELONG","SOUTH WESTERN REGION",-38.2195883,144.3377407,"Dry","Clear"
"T20190022312","17/10/19",14:15:00,"Collision with vehicle","Thursday","Unknown",2,2,"Not at intersection",3,999,"DANDENONG","METROPOLITAN SOUTH EAST REGION",-38.03290773,145.2219345,"Unknown","Not known"
"T20190022313","11/11/19",11:35:00,"Struck Pedestrian","Monday","Day",1,2,"Not at intersection",3,60,"MELBOURNE","METROPOLITAN NORTH WEST REGION",-37.8265326,144.9575888,"Dry","Clear"
"T20190022315","11/11/19",11:20:00,"Struck Pedestrian","Monday","Day",1,2,"Cross intersection",3,70,"BAYSIDE","METROPOLITAN SOUTH EAST REGION",-37.92924653,145.0041797,"Dry","Clear"
"T20190022320","11/11/19",11:30:00,"Collision with vehicle","Monday","Day",2,2,"Not at intersection",3,60,"WHITEHORSE","METROPOLITAN SOUTH EAST REGION",-37.81646699,145.1114531,"Dry","Clear"
"T20190022321","15/10/19",17:30:00,"Collision with vehicle","Tuesday","Day",2,2,"T intersection",3,60,"MOONEE VALLEY","METROPOLITAN NORTH WEST REGION",-37.76147031,144.9218298,"Dry","Clear"
"T20190022322","11/11/19",10:21:00,"Collision with vehicle","Monday","Day",2,2,"Not at intersection",3,40,"KNOX","METROPOLITAN SOUTH EAST REGION",-37.84787879,145.2647349,"Dry","Clear"
"T20190022323","11/11/19",12:10:00,"Collision with a fixed object","Monday","Day",1,1,"Cross intersection",3,70,"WHITEHORSE","METROPOLITAN SOUTH EAST REGION",-37.81838659,145.1760466,"Dry","Clear"
"T20190022324","11/11/19",13:45:00,"Struck Pedestrian","Monday","Day",1,2,"Not at intersection",3,60,"GEELONG","SOUTH WESTERN REGION",-38.06764568,144.3647841,"Dry","Clear"
"T20190022326","11/11/19",12:33:00,"Collision with vehicle","Monday","Day",2,2,"Not at intersection",3,60,"KNOX","METROPOLITAN SOUTH EAST REGION",-37.85624244,145.2859762,"Dry","Clear"
"T20190022328","11/11/19",08:51:00,"Collision with vehicle","Monday","Day",3,4,"Not at intersection",3,60,"CASEY","METROPOLITAN SOUTH EAST REGION",-38.04783898,145.2667377,"Dry","Clear"
"T20190022329","11/11/19",10:00:00,"No collision and no object struck","Monday","Day",2,2,"Not at intersection",3,50,"HUME","METROPOLITAN NORTH WEST REGION",-37.59114537,144.9170999,"Dry","Clear"
"T20190022330","2/11/19",16:18:00,"Collision with vehicle","Saturday","Day",4,4,"Not at intersection",3,50,"YARRA RANGES","METROPOLITAN SOUTH EAST REGION",-37.75488301,145.6835532,"Wet","Raining"
"T20190022331","11/11/19",13:30:00,"Collision with vehicle","Monday","Day",2,2,"Not at intersection",3,80,"DANDENONG","METROPOLITAN SOUTH EAST REGION",-38.00067778,145.2270334,"Dry","Not known"
"T20190022332","9/11/19",19:30:00,"Struck animal","Saturday","Dusk/Dawn",1,2,"Not at intersection",3,80,"MURRINDINDI","NORTH EASTERN REGION",-37.57104784,145.6408366,"Dry","Clear"
"T20190022334","4/11/19",12:45:00,"Collision with vehicle","Monday","Day",2,2,"Not at intersection",3,60,"DANDENONG","METROPOLITAN SOUTH EAST REGION",-37.97112079,145.1484694,"Unknown","Clear"
"T20190022339","19/10/19",08:15:00,"Collision with vehicle","Saturday","Day",2,2,"T intersection",3,60,"BANYULE","METROPOLITAN NORTH WEST REGION",-37.74287138,145.0724847,"Wet","Raining"
"T20190022340","11/11/19",12:04:00,"Collision with vehicle","Monday","Day",2,2,"T intersection",3,80,"MONASH","METROPOLITAN SOUTH EAST REGION",-37.89050386,145.1449419,"Dry","Clear"
"T20190022341","10/10/19",16:15:00,"Collision with vehicle","Thursday","Day",2,2,"Cross intersection",3,999,"BANYULE","METROPOLITAN NORTH WEST REGION",-37.7421735,145.0478148,"Dry","Clear"
"T20190022342","11/11/19",07:30:00,"Collision with vehicle","Monday","Dusk/Dawn",3,3,"Not at intersection",3,100,"BRIMBANK","METROPOLITAN NORTH WEST REGION",-37.79791991,144.7660927,"Dry","Clear"
"T20190022344","11/11/19",13:15:00,"Vehicle overturned (no collision)","Monday","Day",1,1,"Not at intersection",3,100,"GLENELG","SOUTH WESTERN REGION",-37.99677847,141.7587058,"Dry","Clear"
"T20190022345","22/10/19",18:30:00,"Collision with vehicle","Tuesday","Day",2,2,"T intersection",3,50,"PORT PHILLIP","METROPOLITAN NORTH WEST REGION",-37.86065001,144.9758922,"Dry","Clear"
"T20190022347","1/11/19",17:15:00,"Collision with vehicle","Friday","Unknown",2,2,"Not at intersection",3,40,"BAYSIDE","METROPOLITAN SOUTH EAST REGION",-37.93413998,145.0031297,"Unknown","Not known"