"ACCIDENT_NO","ACCIDENTDATE","ACCIDENTTIME","Accident Type Desc","Day Week Description","Light Condition Desc","NO_OF_VEHICLES","NO_PERSONS","Road Geometry Desc","SEVERITY","SPEED_ZONE","LGA_NAME","REGION_NAME","Lat","Long","Surface Cond Desc","Atmosph Cond Desc"
"T20190022352","11/11/19",17:22:00,"Collision with vehicle","Monday","Day",2,2,"Not at intersection",3,80,"MELBOURNE","METROPOLITAN NORTH WEST REGION",-37.82590731,144.9353734,"Dry","Clear"
"T20190022354","11/11/19",16:40:00,"Collision with vehicle","Monday","Day",2,1,"Not at intersection",3,50,"GEELONG","SOUTH WESTERN REGION",-38.24116321,144.3363458,"Dry","Clear"
"T20190022356","11/11/19",18:00:00,"Collision with vehicle","Monday","Day",2,2,"Cross intersection",3,50,"GEELONG","SOUTH WESTERN REGION",-38.26787952,144.524632,"Dry","Clear"
"T20190022357","11/11/19",18:15:00,"Struck Pedestrian","Monday","Day",1,2,"Not at intersection",3,60,"GLEN EIRA","METROPOLITAN SOUTH EAST REGION",-37.89401667,145.020621,"Dry","Clear"
"T20190022359","11/9/19",15:50:00,"Collision with vehicle","Wednesday","Day",2,2,"T intersection",3,60,"SHEPPARTON","NORTH EASTERN REGION",-36.39757283,145.4011876,"Dry","Clear"
"T20190022360","11/11/19",17:29:00,"Collision with vehicle","Monday","Day",2,3,"Not at intersection",3,60,"BENDIGO","NORTHERN REGION",-36.78108316,144.2492946,"Dry","Clear"
"T20190022361","11/11/19",18:13:00,"Collision with vehicle","Monday","Day",2,4,"T intersection",3,60,"HOBSONS BAY","METROPOLITAN NORTH WEST REGION",-37.82107236,144.8491193,"Dry","Clear"
"T20190022364","11/11/19",15:57:00,"Collision with a fixed object","Monday","Day",1,1,"Not at intersection",3,100,"MONASH","METROPOLITAN SOUTH EAST REGION",-37.89266409,145.1302267,"Dry","Clear"
"T20190022366","11/11/19",16:45:00,"Collision with vehicle","Monday","Dusk/Dawn",2,2,"Cross intersection",3,60,"BOROONDARA","METROPOLITAN SOUTH EAST REGION",-37.82894858,145.0644264,"Dry","Clear"
"T20190022367","11/11/19",18:20:00,"Collision with vehicle","Monday","Day",2,4,"Not at intersection",3,60,"MELBOURNE","METROPOLITAN NORTH WEST REGION",-37.82070241,144.9613896,"Dry","Clear"
"T20190022371","11/11/19",16:55:00,"Collision with vehicle","Monday","Day",2,2,"T intersection",3,40,"MORELAND","METROPOLITAN NORTH WEST REGION",-37.77193039,144.9716267,"Dry","Clear"
"T20190022372","11/11/19",20:00:00,"Collision with vehicle","Monday","Dusk/Dawn",2,2,"Not at intersection",3,60,"DAREBIN","METROPOLITAN NORTH WEST REGION",-37.74080153,145.0291493,"Dry","Clear"
"T20190022373","3/10/19",15:05:00,"Collision with vehicle","Thursday","Day",2,3,"Cross intersection",3,40,"MELBOURNE","METROPOLITAN NORTH WEST REGION",-37.83281032,144.972244,"Dry","Clear"
"T20190022374","11/11/19",08:10:00,"Collision with vehicle","Monday","Day",2,2,"Not at intersection",3,60,"YARRA","METROPOLITAN NORTH WEST REGION",-37.82606087,144.9978617,"Dry","Clear"
"T20190022377","11/11/19",21:25:00,"Collision with a fixed object","Monday","Dark Street lights on",1,1,"Cross intersection",3,50,"MAROONDAH","METROPOLITAN SOUTH EAST REGION",-37.79547258,145.2854074,"Dry","Clear"
"T20190022379","11/11/19",17:28:00,"Collision with vehicle","Monday","Day",2,3,"Not at intersection",2,50,"MONASH","METROPOLITAN SOUTH EAST REGION",-37.90276718,145.1802978,"Dry","Clear"
"T20190022380","11/11/19",20:50:00,"Collision with vehicle","Monday","Dark Street lights on",2,2,"Cross intersection",3,70,"STONNINGTON","METROPOLITAN SOUTH EAST REGION",-37.85887287,145.0013894,"Dry","Clear"
"T20190022381","11/11/19",22:45:00,"Collision with vehicle","Monday","Dark Street lights on",2,3,"T intersection",3,80,"DANDENONG","METROPOLITAN SOUTH EAST REGION",-37.94150055,145.1660106,"Dry","Clear"
"T20190022382","30/10/19",16:28:00,"Collision with vehicle","Wednesday","Day",2,2,"Not at intersection",3,100,"MANNINGHAM","METROPOLITAN SOUTH EAST REGION",-37.79727306,145.1227413,"Dry","Clear"
"T20190022384","11/11/19",23:20:00,"Collision with a fixed object","Monday","Dark Street lights on",1,1,"Cross intersection",1,60,"BRIMBANK","METROPOLITAN NORTH WEST REGION",-37.80582092,144.8189983,"Dry","Clear"
"T20190022385","11/11/19",02:11:00,"Collision with a fixed object","Monday","Dark Street lights on",1,1,"Not at intersection",3,70,"BENDIGO","NORTHERN REGION",-36.75874436,144.3025623,"Dry","Clear"
"T20190022386","10/11/19",22:32:00,"Struck Pedestrian","Sunday","Dark Street lights on",1,3,"Not at intersection",3,60,"BRIMBANK","METROPOLITAN NORTH WEST REGION",-37.75908412,144.801627,"Dry","Clear"
"T20190022391","12/11/19",07:30:00,"Fall from or in moving vehicle","Tuesday","Day",1,3,"T intersection",3,60,"NILLUMBIK","METROPOLITAN NORTH WEST REGION",-37.64739922,145.1901988,"Wet","Raining"
"T20190022393","12/11/19",07:00:00,"Collision with vehicle","Tuesday","Day",2,2,"Not at intersection",3,80,"BRIMBANK","METROPOLITAN NORTH WEST REGION",-37.72981083,144.8572195,"Dry","Clear"
"T20190022394","31/10/19",16:14:00,"Struck Pedestrian","Thursday","Day",1,2,"Not at intersection",3,60,"MORNINGTON PENINSULA","METROPOLITAN SOUTH EAST REGION",-38.36697421,144.8627915,"Dry","Clear"
"T20190022395","28/10/19",16:00:00,"Collision with vehicle","Monday","Day",2,3,"Not at intersection",3,80,"BRIMBANK","METROPOLITAN NORTH WEST REGION",-37.81274989,144.8083281,"Unknown","Not known"
"T20190022396","12/11/19",08:30:00,"Vehicle overturned (no collision)","Tuesday","Day",1,1,"Not at intersection",3,100,"BALLARAT","WESTERN REGION",-37.53798974,143.7111612,"Dry","Clear"
"T20190022397","12/11/19",08:40:00,"Collision with vehicle","Tuesday","Unknown",2,3,"T intersection",3,50,"MAROONDAH","METROPOLITAN SOUTH EAST REGION",-37.79496047,145.2438874,"Unknown","Not known"
"T20190022399","8/11/19",08:00:00,"Collision with vehicle","Friday","Day",2,2,"Cross intersection",3,80,"WHITEHORSE","METROPOLITAN SOUTH EAST REGION",-37.85275902,145.1520342,"Wet","Not known"
"T20190022400","12/11/19",09:40:00,"Collision with vehicle","Tuesday","Day",2,1,"T intersection",3,60,"BENDIGO","NORTHERN REGION",-36.71146263,144.2782668,"Dry","Clear"
"T20190022401","4/11/19",06:50:00,"Collision with vehicle","Monday","Dusk/Dawn",3,3,"T intersection",3,999,"MARIBYRNONG","METROPOLITAN NORTH WEST REGION",-37.79283428,144.8631413,"Unknown","Not known"
"T20190022403","12/11/19",10:46:00,"Collision with vehicle","Tuesday","Day",2,2,"Not at intersection",3,60,"DANDENONG","METROPOLITAN SOUTH EAST REGION",-37.97607114,145.1573764,"Dry","Clear"
"T20190022406","12/11/19",08:50:00,"Collision with vehicle","Tuesday","Day",2,4,"Not at intersection",3,80,"MOYNE","SOUTH WESTERN REGION",-38.32343579,142.5744,"Dry","Clear"
"T20190022407","9/9/19",16:30:00,"Struck animal","Monday","Day",1,1,"Not at intersection",3,80,"WHITTLESEA","METROPOLITAN NORTH WEST REGION",-37.49066908,145.2104159,"Dry","Clear"
"T20190022407","9/9/19",16:30:00,"Struck animal","Monday","Day",1,1,"Not at intersection",3,80,"WHITTLESEA","METROPOLITAN NORTH WEST REGION",-37.49066908,145.2104159,"Dry","Dust"
"T20190022408","12/11/19",07:40:00,"Collision with vehicle","Tuesday","Day",2,2,"T intersection",3,60,"CASEY","METROPOLITAN SOUTH EAST REGION",-38.06231241,145.3568003,"Dry","Clear"
"T20190022411","29/10/19",21:00:00,"No collision and no object struck","Tuesday","Dark Street lights on",1,1,"T intersection",3,60,"CASEY","METROPOLITAN SOUTH EAST REGION",-38.10127525,145.3112401,"Dry","Not known"
"T20190022412","12/11/19",11:30:00,"Collision with vehicle","Tuesday","Day",2,5,"Cross intersection",2,80,"FRANKSTON","METROPOLITAN SOUTH EAST REGION",-38.10538053,145.1678759,"Dry","Clear"
"T20190022418","12/11/19",10:40:00,"Collision with a fixed object","Tuesday","Day",1,1,"Not at intersection",3,100,"COLAC OTWAY","SOUTH WESTERN REGION",-38.7616096,143.4943846,"Wet","Clear"
"T20190022422","12/11/19",13:46:00,"Collision with vehicle","Tuesday","Day",2,2,"Not at intersection",3,60,"WHITTLESEA","METROPOLITAN NORTH WEST REGION",-37.65140101,145.0183506,"Dry","Clear"
"T20190022423","12/11/19",11:16:00,"Vehicle overturned (no collision)","Tuesday","Day",2,3,"Not at intersection",3,50,"MELBOURNE","METROPOLITAN NORTH WEST REGION",-37.80364265,144.9525303,"Dry","Clear"
"T20190022424","12/11/19",14:30:00,"Vehicle overturned (no collision)","Tuesday","Day",1,1,"Y intersection",2,60,"MARIBYRNONG","METROPOLITAN NORTH WEST REGION",-37.79446286,144.9005306,"Wet","Raining"
"T20190022428","10/11/19",05:30:00,"Collision with vehicle","Sunday","Dark Street lights on",2,3,"Cross intersection",3,60,"DAREBIN","METROPOLITAN NORTH WEST REGION",-37.74014349,145.0234994,"Dry","Clear"
"T20190022429","7/11/19",17:40:00,"Struck Pedestrian","Thursday","Day",1,2,"Not at intersection",3,40,"WYNDHAM","METROPOLITAN NORTH WEST REGION",-37.85875141,144.7307124,"Unknown","Not known"
"T20190022432","12/11/19",14:10:00,"Collision with vehicle","Tuesday","Day",2,5,"Cross intersection",3,60,"SURF COAST","SOUTH WESTERN REGION",-38.30777861,144.3199908,"Dry","Clear"
"T20190022433","30/10/19",12:26:00,"Collision with vehicle","Wednesday","Day",2,2,"Not at intersection",3,80,"BAYSIDE","METROPOLITAN SOUTH EAST REGION",-37.89446397,145.0037824,"Dry","Clear"
"T20190022435","5/11/19",23:00:00,"Collision with vehicle","Tuesday","Unknown",2,2,"Not at intersection",3,60,"MORELAND","METROPOLITAN NORTH WEST REGION",-37.73168426,144.9495853,"Unknown","Not known"
"T20190022436","12/11/19",15:34:00,"Collision with vehicle","Tuesday","Day",2,2,"Not at intersection",3,999,"MILDURA","WESTERN REGION",-34.17983834,142.1422418,"Dry","Clear"
"T20190022437","12/11/19",15:07:00,"Collision with vehicle","Tuesday","Day",3,3,"Not at intersection",3,60,"KINGSTON","METROPOLITAN SOUTH EAST REGION",-37.95445167,145.0713832,"Dry","Clear"
"T20190022438","12/11/19",15:15:00,"Collision with vehicle","Tuesday","Day",2,2,"Not at intersection",3,60,"BRIMBANK","METROPOLITAN NORTH WEST REGION",-37.81008686,144.8179823,"Dry","Clear"
"T20190022440","12/11/19",16:45:00,"Collision with vehicle","Tuesday","Day",2,2,"Cross intersection",3,50,"HOBSONS BAY","METROPOLITAN NORTH WEST REGION",-37.85329477,144.8653348,"Dry","Clear"
"T20190022441","12/11/19",15:55:00,"Collision with a fixed object","Tuesday","Day",1,1,"Not at intersection",3,50,"MONASH","METROPOLITAN SOUTH EAST REGION",-37.91861432,145.1120852,"Dry","Clear"
"T20190022442","31/8/19",13:00:00,"Vehicle overturned (no collision)","Saturday","Unknown",2,2,"Not at intersection",3,60,"YARRA","METROPOLITAN NORTH WEST REGION",-37.8087538,144.9828519,"Unknown","Clear"
"T20190022444","24/7/19",18:36:00,"Collision with vehicle","Wednesday","Day",2,2,"Cross intersection",3,60,"MONASH","METROPOLITAN SOUTH EAST REGION",-37.86792902,145.1117028,"Unknown","Clear"
"T20190022446","12/11/19",16:59:00,"Collision with vehicle","Tuesday","Day",2,1,"Not at intersection",2,70,"MORNINGTON PENINSULA","METROPOLITAN SOUTH EAST REGION",-38.37243947,144.8892271,"Wet","Raining"
"T20190022447","12/11/19",16:24:00,"Collision with vehicle","Tuesday","Day",2,4,"Cross intersection",3,50,"MORELAND","METROPOLITAN NORTH WEST REGION",-37.7062768,144.9161412,"Dry","Clear"
"T20190022451","12/11/19",15:15:00,"Collision with vehicle","Tuesday","Day",2,2,"Multiple intersection",3,100,"WHITTLESEA","METROPOLITAN NORTH WEST REGION",-37.64353843,144.9916765,"Dry","Clear"
"T20190022452","12/11/19",17:25:00,"Vehicle overturned (no collision)","Tuesday","Day",1,1,"Not at intersection",3,80,"COLAC OTWAY","SOUTH WESTERN REGION",-38.69427191,143.7081449,"Wet","Raining"
"T20190022453","30/10/19",15:25:00,"Collision with vehicle","Wednesday","Unknown",2,2,"Cross intersection",3,999,"MELBOURNE","METROPOLITAN NORTH WEST REGION",-37.81070411,144.9861589,"Unknown","Not known"
"T20190022455","12/11/19",16:00:00,"collision with some other object","Tuesday","Dusk/Dawn",2,2,"Not at intersection",3,100,"MORELAND","METROPOLITAN NORTH WEST REGION",-37.70299128,144.8924271,"Dry","Clear"
"T20190022458","12/11/19",20:27:00,"Struck animal","Tuesday","Dark No street lights",1,1,"Not at intersection",3,100,"MOIRA","NORTH EASTERN REGION",-36.1020292,145.3317934,"Dry","Clear"
"T20190022460","12/11/19",23:20:00,"Fall from or in moving vehicle","Tuesday","Dark Street lights on",1,2,"Not at intersection",3,40,"GEELONG","SOUTH WESTERN REGION",-38.17592729,144.3417969,"Dry","Clear"
"T20190022461","12/11/19",23:31:00,"Collision with vehicle","Tuesday","Dark Street lights on",2,2,"Cross intersection",3,50,"HOBSONS BAY","METROPOLITAN NORTH WEST REGION",-37.87154933,144.7775515,"Dry","Clear"
"T20190022462","12/11/19",23:24:00,"Other accident","Tuesday","Dark No street lights",1,1,"Not at intersection",3,100,"BAW BAW","EASTERN REGION",-38.07459497,145.8771967,"Wet","Raining"
"T20190022462","12/11/19",23:24:00,"Other accident","Tuesday","Dark No street lights",1,1,"Not at intersection",3,100,"BAW BAW","EASTERN REGION",-38.07459497,145.8771967,"Wet","Strong winds"
"T20190022463","12/11/19",18:08:00,"Struck Pedestrian","Tuesday","Day",1,2,"Not at intersection",2,60,"GLEN EIRA","METROPOLITAN SOUTH EAST REGION",-37.9185763,145.0397014,"Dry","Clear"
"T20190022465","12/11/19",22:30:00,"Collision with a fixed object","Tuesday","Dark Street lights on",1,1,"Not at intersection",1,70,"FRANKSTON","METROPOLITAN SOUTH EAST REGION",-38.12528607,145.1386995,"Wet","Raining"
"T20190022466","13/11/19",02:20:00,"Collision with vehicle","Wednesday","Dark Street lights unknown",2,1,"Not at intersection",3,60,"DANDENONG","METROPOLITAN SOUTH EAST REGION",-38.04209359,145.239439,"Dry","Clear"
"T20190022468","12/11/19",06:40:00,"Collision with vehicle","Tuesday","Dusk/Dawn",2,3,"Not at intersection",2,60,"CASEY","METROPOLITAN SOUTH EAST REGION",-38.07506508,145.3398569,"Dry","Clear"
"T20190022469","13/11/19",06:10:00,"Collision with vehicle","Wednesday","Dusk/Dawn",2,2,"Not at intersection",3,60,"MELBOURNE","METROPOLITAN NORTH WEST REGION",-37.78283593,144.9168741,"Dry","Clear"
"T20190022471","16/9/19",07:00:00,"Collision with vehicle","Monday","Day",2,2,"Cross intersection",3,60,"CARDINIA","METROPOLITAN SOUTH EAST REGION",-38.00483635,145.4095489,"Dry","Clear"
"T20190022472","29/5/19",18:45:00,"Vehicle overturned (no collision)","Wednesday","Unknown",1,1,"T intersection",3,70,"STONNINGTON","METROPOLITAN SOUTH EAST REGION",-37.88902556,145.0819226,"Unknown","Not known"
"T20190022473","10/11/19",18:00:00,"Collision with vehicle","Sunday","Day",2,1,"Not at intersection",3,50,"BOROONDARA","METROPOLITAN SOUTH EAST REGION",-37.81674207,145.0967061,"Dry","Clear"
"T20190022476","11/11/19",17:00:00,"Collision with vehicle","Monday","Day",2,4,"Not at intersection",3,60,"BOROONDARA","METROPOLITAN SOUTH EAST REGION",-37.82182168,145.06205,"Dry","Clear"
"T20190022478","7/11/19",20:00:00,"Collision with vehicle","Thursday","Dark Street lights on",2,2,"Multiple intersection",3,30,"MELBOURNE","METROPOLITAN NORTH WEST REGION",-37.80174283,144.9570988,"Unknown","Not known"
"T20190022479","13/11/19",08:20:00,"Collision with vehicle","Wednesday","Day",2,2,"Cross intersection",3,60,"BALLARAT","WESTERN REGION",-37.55648864,143.8482422,"Dry","Clear"
"T20190022482","11/10/19",06:30:00,"Collision with vehicle","Friday","Day",2,2,"Cross intersection",3,999,"HUME","METROPOLITAN NORTH WEST REGION",-37.64335423,144.9514671,"Dry","Clear"
"T20190022483","11/11/19",12:12:00,"Collision with vehicle","Monday","Day",2,3,"Cross intersection",3,70,"KNOX","METROPOLITAN SOUTH EAST REGION",-37.86879938,145.2351966,"Dry","Clear"
"T20190022484","11/11/19",17:40:00,"Collision with vehicle","Monday","Dusk/Dawn",2,2,"Cross intersection",3,60,"STONNINGTON","METROPOLITAN SOUTH EAST REGION",-37.85898175,145.0479095,"Dry","Clear"
"T20190022486","30/10/19",00:53:00,"Collision with vehicle","Wednesday","Dark Street lights on",2,3,"Cross intersection",3,60,"WHITTLESEA","METROPOLITAN NORTH WEST REGION",-37.65970829,145.019106,"Unknown","Not known"
"T20190022487","12/11/19",16:15:00,"Collision with vehicle","Tuesday","Day",2,2,"Cross intersection",3,999,"MONASH","METROPOLITAN SOUTH EAST REGION",-37.90461611,145.1078589,"Unknown","Not known"
"T20190022488","10/10/19",09:00:00,"Collision with vehicle","Thursday","Day",3,3,"T intersection",3,80,"CASEY","METROPOLITAN SOUTH EAST REGION",-38.0034363,145.2510602,"Dry","Clear"
"T20190022489","30/10/19",17:15:00,"Collision with vehicle","Wednesday","Day",3,3,"Not at intersection",3,60,"WYNDHAM","METROPOLITAN NORTH WEST REGION",-37.89194995,144.6783637,"Dry","Clear"
"T20190022490","12/11/19",19:00:00,"Collision with vehicle","Tuesday","Day",4,5,"Not at intersection",3,80,"HUME","METROPOLITAN NORTH WEST REGION",-37.65143802,144.9306073,"Wet","Raining"
"T20190022491","13/11/19",09:25:00,"Collision with a fixed object","Wednesday","Day",1,2,"Not at intersection",2,100,"LODDON","NORTHERN REGION",-36.47877493,143.7030906,"Dry","Clear"
"T20190022492","9/11/19",12:00:00,"No collision and no object struck","Saturday","Day",1,1,"Not at intersection",3,999,"SURF COAST","SOUTH WESTERN REGION",-38.33232739,144.1257466,"Wet","Clear"
"T20190022493","13/11/19",09:00:00,"Collision with vehicle","Wednesday","Day",3,4,"Not at intersection",2,80,"DANDENONG","METROPOLITAN SOUTH EAST REGION",-38.00062481,145.1872653,"Dry","Clear"
"T20190022493","13/11/19",09:00:00,"Collision with vehicle","Wednesday","Day",3,4,"Not at intersection",2,80,"DANDENONG","METROPOLITAN SOUTH EAST REGION",-38.00062481,145.1872653,"Dry","Strong winds"
"T20190022496","12/11/19",17:45:00,"Collision with vehicle","Tuesday","Dusk/Dawn",2,2,"Cross intersection",3,999,"DAREBIN","METROPOLITAN NORTH WEST REGION",-37.76425223,145.0087649,"Unknown","Not known"
"T20190022497","13/11/19",10:18:00,"Collision with vehicle","Wednesday","Day",2,3,"Not at intersection",2,50,"WYNDHAM","METROPOLITAN NORTH WEST REGION",-37.86680951,144.7308235,"Dry","Clear"
"T20190022499","29/10/19",03:45:00,"Collision with vehicle","Tuesday","Dark No street lights",2,2,"Not at intersection",2,50,"GEELONG","SOUTH WESTERN REGION",-38.09570484,144.3322786,"Dry","Clear"
"T20190022500","7/11/19",17:00:00,"Collision with vehicle","Thursday","Day",2,2,"T intersection",3,60,"MORNINGTON PENINSULA","METROPOLITAN SOUTH EAST REGION",-38.23240199,145.0466585,"Wet","Raining"
"T20190022501","13/11/19",08:10:00,"Collision with vehicle","Wednesday","Unknown",2,2,"Cross intersection",3,60,"CASEY","METROPOLITAN SOUTH EAST REGION",-38.03815292,145.3425338,"Wet","Clear"
"T20190022502","13/11/19",10:20:00,"Collision with vehicle","Wednesday","Day",2,4,"Not at intersection",2,100,"MOYNE","SOUTH WESTERN REGION",-38.33842621,142.7173659,"Dry","Clear"
"T20190022503","12/11/19",12:40:00,"Struck Pedestrian","Tuesday","Day",1,2,"Not at intersection",3,999,"YARRA","METROPOLITAN NORTH WEST REGION",-37.81127946,145.0078556,"Unknown","Not known"
"T20190022504","12/11/19",16:26:00,"Collision with vehicle","Tuesday","Day",3,5,"Not at intersection",3,100,"HUME","METROPOLITAN NORTH WEST REGION",-37.69190317,144.9584802,"Wet","Raining"
"T20190022506","14/10/19",10:30:00,"No collision and no object struck","Monday","Day",1,1,"Not at intersection",3,60,"GEELONG","SOUTH WESTERN REGION",-38.16903972,144.4111286,"Unknown","Not known"
"T20190022507","9/11/19",08:00:00,"Collision with vehicle","Saturday","Day",2,2,"T intersection",3,60,"HUME","METROPOLITAN NORTH WEST REGION",-37.57766073,144.7023491,"Dry","Not known"
"T20190022511","13/11/19",14:25:00,"Collision with vehicle","Wednesday","Day",2,2,"Not at intersection",3,100,"FRANKSTON","METROPOLITAN SOUTH EAST REGION",-38.16409116,145.1653928,"Dry","Clear"
"T20190022512","13/11/19",14:14:00,"Collision with vehicle","Wednesday","Day",2,2,"T intersection",3,999,"WHITTLESEA","METROPOLITAN NORTH WEST REGION",-37.67294784,145.0272576,"Dry","Clear"
"T20190022513","23/7/19",07:20:00,"Collision with a fixed object","Tuesday","Day",1,1,"Not at intersection",3,60,"BENDIGO","NORTHERN REGION",-36.78015938,144.2499764,"Wet","Raining"
"T20190022514","6/11/19",13:00:00,"Collision with vehicle","Wednesday","Day",2,2,"T intersection",3,50,"BALLARAT","WESTERN REGION",-37.55543829,143.8071792,"Dry","Clear"
"T20190022516","13/11/19",13:08:00,"Collision with vehicle","Wednesday","Day",2,2,"T intersection",3,60,"KINGSTON","METROPOLITAN SOUTH EAST REGION",-37.98800323,145.1201854,"Dry","Clear"
"T20190022517","13/11/19",15:40:00,"Collision with vehicle","Wednesday","Day",2,2,"Not at intersection",3,40,"MORELAND","METROPOLITAN NORTH WEST REGION",-37.76279018,144.9732636,"Dry","Clear"
"T20190022518","13/11/19",14:00:00,"Collision with vehicle","Wednesday","Day",2,2,"Not at intersection",1,100,"BRIMBANK","METROPOLITAN NORTH WEST REGION",-37.81193802,144.8080874,"Dry","Clear"
"T20190022519","13/11/19",09:00:00,"Collision with vehicle","Wednesday","Day",2,2,"Cross intersection",3,80,"WHITTLESEA","METROPOLITAN NORTH WEST REGION",-37.61202341,145.0307166,"Dry","Clear"
"T20190022520","13/11/19",10:45:00,"Collision with a fixed object","Wednesday","Day",1,1,"Not at intersection",3,100,"SURF COAST","SOUTH WESTERN REGION",-38.40781745,144.0542297,"Dry","Clear"
"T20190022522","10/10/19",12:30:00,"Collision with vehicle","Thursday","Day",2,2,"Not at intersection",3,60,"DANDENONG","METROPOLITAN SOUTH EAST REGION",-37.98802356,145.2127396,"Dry","Clear"
"T20190022524","31/10/19",22:20:00,"Collision with vehicle","Thursday","Dark Street lights on",2,2,"Cross intersection",3,80,"FRANKSTON","METROPOLITAN SOUTH EAST REGION",-38.15071741,145.1951205,"Dry","Clear"
"T20190022526","13/11/19",13:53:00,"Struck Pedestrian","Wednesday","Day",1,2,"Cross intersection",3,60,"DAREBIN","METROPOLITAN NORTH WEST REGION",-37.74100627,145.0308542,"Dry","Clear"
"T20190022527","9/11/19",11:45:00,"Collision with vehicle","Saturday","Unknown",2,2,"Not at intersection",3,70,"WHITTLESEA","METROPOLITAN NORTH WEST REGION",-37.65339486,145.0314409,"Unknown","Not known"
"T20190022529","13/11/19",16:37:00,"Collision with vehicle","Wednesday","Day",2,2,"T intersection",3,80,"MORNINGTON PENINSULA","METROPOLITAN SOUTH EAST REGION",-38.284642,145.1835904,"Dry","Clear"
"T20190022531","13/11/19",16:04:00,"Struck Pedestrian","Wednesday","Unknown",1,2,"T intersection",3,60,"GEELONG","SOUTH WESTERN REGION",-38.15963784,144.3550584,"Unknown","Not known"
"T20190022532","13/11/19",16:49:00,"Collision with vehicle","Wednesday","Day",2,2,"Not at intersection",3,40,"CAMPASPE","NORTHERN REGION",-36.31804984,145.0535137,"Dry","Clear"
"T20190022535","13/11/19",16:30:00,"Collision with vehicle","Wednesday","Day",3,3,"Not at intersection",3,60,"BALLARAT","WESTERN REGION",-37.55707906,143.7845583,"Wet","Clear"
"T20190022536","12/11/19",15:00:00,"Collision with vehicle","Tuesday","Day",2,2,"Not at intersection",3,999,"YARRA RANGES","METROPOLITAN SOUTH EAST REGION",-37.65716454,145.4093582,"Unknown","Clear"
"T20190022537","13/11/19",15:55:00,"Collision with vehicle","Wednesday","Day",4,3,"Not at intersection",3,80,"LATROBE","EASTERN REGION",-38.20159762,146.5251435,"Dry","Clear"
"T20190022539","13/11/19",19:23:00,"Collision with vehicle","Wednesday","Day",2,2,"T intersection",3,60,"MOORABOOL","WESTERN REGION",-37.66524525,144.4233211,"Wet","Raining"
"T20190022541","12/11/19",17:00:00,"Collision with vehicle","Tuesday","Day",2,2,"Cross intersection",2,50,"MONASH","METROPOLITAN SOUTH EAST REGION",-37.89341627,145.0907374,"Wet","Clear"
"T20190022542","13/11/19",17:06:00,"Collision with vehicle","Wednesday","Day",2,4,"T intersection",3,60,"MONASH","METROPOLITAN SOUTH EAST REGION",-37.87082296,145.1111621,"Dry","Not known"
"T20190022545","13/11/19",18:10:00,"Collision with a fixed object","Wednesday","Day",1,5,"T intersection",3,50,"CASEY","METROPOLITAN SOUTH EAST REGION",-38.06267154,145.2927153,"Wet","Clear"
"T20190022546","13/11/19",18:25:00,"Collision with vehicle","Wednesday","Day",2,5,"T intersection",3,80,"YARRA RANGES","METROPOLITAN SOUTH EAST REGION",-37.81424109,145.4656028,"Dry","Clear"
"T20190022548","13/11/19",14:07:00,"Collision with vehicle","Wednesday","Day",2,2,"T intersection",3,60,"WHITTLESEA","METROPOLITAN NORTH WEST REGION",-37.69282784,145.0248428,"Dry","Clear"
"T20190022550","13/11/19",15:32:00,"Struck Pedestrian","Wednesday","Day",1,2,"T intersection",3,50,"DAREBIN","METROPOLITAN NORTH WEST REGION",-37.71677381,145.0307118,"Dry","Clear"
"T20190022555","13/11/19",18:23:00,"Collision with vehicle","Wednesday","Dusk/Dawn",2,5,"T intersection",3,50,"HUME","METROPOLITAN NORTH WEST REGION",-37.58188222,144.9079596,"Dry","Clear"
"T20190022556","13/11/19",21:54:00,"Collision with vehicle","Wednesday","Dark Street lights on",2,2,"Not at intersection",3,60,"BRIMBANK","METROPOLITAN NORTH WEST REGION",-37.71646488,144.7811546,"Dry","Clear"
"T20190022563","13/11/19",21:20:00,"Collision with vehicle","Wednesday","Dark Street lights on",3,4,"T intersection",3,40,"MONASH","METROPOLITAN SOUTH EAST REGION",-37.8727306,145.092138,"Wet","Raining"
"T20190022565","13/11/19",12:50:00,"Collision with vehicle","Wednesday","Day",3,3,"T intersection",3,60,"YARRA","METROPOLITAN NORTH WEST REGION",-37.82723724,145.0171801,"Dry","Clear"
"T20190022567","14/11/19",07:25:00,"Collision with vehicle","Thursday","Day",2,1,"Not at intersection",3,60,"BAYSIDE","METROPOLITAN SOUTH EAST REGION",-37.9020517,145.0243339,"Dry","Clear"
"T20190022569","3/11/19",09:30:00,"Collision with a fixed object","Sunday","Day",1,1,"Not at intersection",3,60,"BAW BAW","EASTERN REGION",-37.84559495,146.0201313,"Muddy","Clear"
"T20190022570","13/11/19",18:43:00,"Collision with vehicle","Wednesday","Dusk/Dawn",2,2,"Cross intersection",3,40,"LATROBE","EASTERN REGION",-38.19201341,146.5338368,"Wet","Raining"