"ACCIDENT_NO","ACCIDENTDATE","ACCIDENTTIME","Accident Type Desc","Day Week Description","Light Condition Desc","NO_OF_VEHICLES","NO_PERSONS","Road Geometry Desc","SEVERITY","SPEED_ZONE","LGA_NAME","REGION_NAME","Lat","Long","Surface Cond Desc","Atmosph Cond Desc"
"T20190022571","14/11/19",09:07:00,"Collision with vehicle","Thursday","Day",2,2,"Cross intersection",3,50,"MELBOURNE","METROPOLITAN NORTH WEST REGION",-37.79844912,144.946272,"Dry","Clear"
"T20190022572","14/11/19",08:38:00,"Collision with vehicle","Thursday","Day",3,3,"Cross intersection",3,60,"PORT PHILLIP","METROPOLITAN NORTH WEST REGION",-37.82951779,144.9637523,"Dry","Clear"
"T20190022573","1/3/19",07:30:00,"Vehicle overturned (no collision)","Friday","Day",1,1,"Not at intersection",3,60,"LATROBE","EASTERN REGION",-38.18693994,146.5521057,"Dry","Clear"
"T20190022576","10/11/19",14:00:00,"Collision with vehicle","Sunday","Day",2,3,"T intersection",3,60,"MONASH","METROPOLITAN SOUTH EAST REGION",-37.87202563,145.1297023,"Dry","Clear"
"T20190022577","14/11/19",08:56:00,"Collision with vehicle","Thursday","Day",2,2,"T intersection",3,40,"YARRA","METROPOLITAN NORTH WEST REGION",-37.8030456,144.9776526,"Dry","Clear"
"T20190022578","13/11/19",22:00:00,"Collision with vehicle","Wednesday","Dark Street lights on",2,2,"Not at intersection",3,60,"MELBOURNE","METROPOLITAN NORTH WEST REGION",-37.81341226,144.9907045,"Dry","Clear"
"T20190022579","8/11/19",16:45:00,"Collision with vehicle","Friday","Day",2,2,"Cross intersection",3,50,"MACEDON RANGES","NORTHERN REGION",-37.24742911,144.4484559,"Dry","Clear"
"T20190022581","2/10/19",14:30:00,"Collision with vehicle","Wednesday","Day",2,2,"T intersection",3,999,"DANDENONG","METROPOLITAN SOUTH EAST REGION",-37.9683155,145.1538156,"Dry","Not known"
"T20190022582","13/11/19",14:00:00,"Collision with vehicle","Wednesday","Day",2,2,"Cross intersection",3,60,"MANNINGHAM","METROPOLITAN SOUTH EAST REGION",-37.78731784,145.1250054,"Dry","Clear"
"T20190022584","12/11/19",13:13:00,"Collision with vehicle","Tuesday","Day",2,2,"Not at intersection",3,999,"MAROONDAH","METROPOLITAN SOUTH EAST REGION",-37.82546126,145.2931956,"Unknown","Not known"
"T20190022585","14/3/19",21:00:00,"Collision with vehicle","Thursday","Dark Street lights on",3,3,"Not at intersection",3,40,"MOONEE VALLEY","METROPOLITAN NORTH WEST REGION",-37.724611,144.8915848,"Unknown","Not known"
"T20190022588","28/10/19",05:50:00,"Collision with vehicle","Monday","Dusk/Dawn",3,3,"Not at intersection",3,100,"BRIMBANK","METROPOLITAN NORTH WEST REGION",-37.808395,144.8079056,"Dry","Clear"
"T20190022591","14/11/19",12:45:00,"Collision with vehicle","Thursday","Day",2,2,"Not at intersection",3,50,"MELBOURNE","METROPOLITAN NORTH WEST REGION",-37.81041133,144.9782328,"Dry","Clear"
"T20190022592","30/10/19",08:00:00,"Collision with vehicle","Wednesday","Day",3,4,"Cross intersection",3,60,"MAROONDAH","METROPOLITAN SOUTH EAST REGION",-37.81303123,145.2849192,"Dry","Clear"
"T20190022593","14/11/19",13:00:00,"Struck Pedestrian","Thursday","Day",1,2,"Cross intersection",3,40,"MELBOURNE","METROPOLITAN NORTH WEST REGION",-37.79715948,144.9675577,"Dry","Clear"
"T20190022594","14/11/19",13:03:00,"Collision with vehicle","Thursday","Day",2,2,"Cross intersection",3,50,"BAYSIDE","METROPOLITAN SOUTH EAST REGION",-37.95209996,145.0192278,"Dry","Clear"
"T20190022595","13/11/19",07:30:00,"Collision with vehicle","Wednesday","Day",2,2,"Cross intersection",3,60,"MOONEE VALLEY","METROPOLITAN NORTH WEST REGION",-37.71339424,144.8899547,"Dry","Clear"
"T20190022597","5/11/19",12:49:00,"Collision with vehicle","Tuesday","Day",2,2,"Not at intersection",2,60,"MARIBYRNONG","METROPOLITAN NORTH WEST REGION",-37.77279943,144.8861555,"Dry","Clear"
"T20190022598","14/11/19",14:20:00,"Collision with vehicle","Thursday","Day",2,3,"Cross intersection",3,60,"MILDURA","WESTERN REGION",-34.18938799,142.1571906,"Icy","Clear"
"T20190022599","10/11/19",22:45:00,"Collision with vehicle","Sunday","Dark Street lights on",2,4,"T intersection",3,999,"YARRA","METROPOLITAN NORTH WEST REGION",-37.79459216,144.9939188,"Dry","Clear"
"T20190022602","14/11/19",08:00:00,"Collision with vehicle","Thursday","Day",2,2,"Cross intersection",3,60,"GLEN EIRA","METROPOLITAN SOUTH EAST REGION",-37.88528438,145.0086613,"Dry","Not known"
"T20190022604","14/11/19",14:00:00,"Collision with a fixed object","Thursday","Day",2,2,"Not at intersection",3,40,"WARRNAMBOOL","SOUTH WESTERN REGION",-38.38232978,142.4861103,"Dry","Clear"
"T20190022605","14/11/19",13:35:00,"Collision with vehicle","Thursday","Day",2,3,"Not at intersection",3,70,"WHITTLESEA","METROPOLITAN NORTH WEST REGION",-37.68683689,145.0674128,"Dry","Clear"
"T20190022606","31/10/19",12:00:00,"Collision with vehicle","Thursday","Day",2,2,"Not at intersection",3,60,"MARIBYRNONG","METROPOLITAN NORTH WEST REGION",-37.77810307,144.8762628,"Dry","Clear"
"T20190022610","14/11/19",16:00:00,"Collision with vehicle","Thursday","Day",2,2,"Cross intersection",3,60,"MILDURA","WESTERN REGION",-34.18459517,142.1549741,"Dry","Clear"
"T20190022613","14/11/19",13:15:00,"Collision with vehicle","Thursday","Day",2,2,"Cross intersection",2,100,"CAMPASPE","NORTHERN REGION",-36.29883878,144.9812614,"Dry","Clear"
"T20190022614","14/11/19",16:58:00,"Collision with vehicle","Thursday","Day",2,2,"Cross intersection",3,60,"BRIMBANK","METROPOLITAN NORTH WEST REGION",-37.76001182,144.776787,"Dry","Clear"
"T20190022615","12/11/19",07:30:00,"Collision with vehicle","Tuesday","Unknown",3,4,"Cross intersection",3,40,"HOBSONS BAY","METROPOLITAN NORTH WEST REGION",-37.83100586,144.8815813,"Unknown","Not known"
"T20190022616","14/11/19",17:02:00,"Collision with vehicle","Thursday","Day",3,3,"Not at intersection",3,70,"WYNDHAM","METROPOLITAN NORTH WEST REGION",-37.81469281,144.7996563,"Dry","Clear"
"T20190022617","13/11/19",15:55:00,"Collision with a fixed object","Wednesday","Day",1,1,"Not at intersection",3,60,"MOONEE VALLEY","METROPOLITAN NORTH WEST REGION",-37.76109933,144.8615305,"Dry","Clear"
"T20190022619","14/11/19",17:52:00,"Collision with vehicle","Thursday","Day",2,3,"Cross intersection",2,80,"KINGSTON","METROPOLITAN SOUTH EAST REGION",-37.98858044,145.1252776,"Dry","Clear"
"T20190022625","14/11/19",18:40:00,"Collision with vehicle","Thursday","Day",2,4,"Y intersection",3,60,"MORELAND","METROPOLITAN NORTH WEST REGION",-37.77451657,144.9390904,"Dry","Clear"
"T20190022627","14/11/19",19:15:00,"Collision with vehicle","Thursday","Day",2,2,"T intersection",3,50,"MORELAND","METROPOLITAN NORTH WEST REGION",-37.7670499,144.9773135,"Dry","Clear"
"T20190022629","14/11/19",16:54:00,"Collision with vehicle","Thursday","Day",2,2,"Not at intersection",3,60,"MONASH","METROPOLITAN SOUTH EAST REGION",-37.90383584,145.128461,"Dry","Clear"
"T20190022635","14/11/19",17:58:00,"Collision with vehicle","Thursday","Day",3,3,"Cross intersection",3,60,"BOROONDARA","METROPOLITAN SOUTH EAST REGION",-37.80079257,145.0625203,"Dry","Clear"
"T20190022637","14/11/19",16:35:00,"Struck Pedestrian","Thursday","Day",1,2,"Not at intersection",1,100,"WYNDHAM","METROPOLITAN NORTH WEST REGION",-37.87923405,144.7136052,"Dry","Clear"
"T20190022638","14/11/19",21:16:00,"Collision with vehicle","Thursday","Dusk/Dawn",2,2,"Cross intersection",3,60,"KINGSTON","METROPOLITAN SOUTH EAST REGION",-37.96566503,145.0577947,"Dry","Clear"
"T20190022640","14/11/19",17:14:00,"Collision with vehicle","Thursday","Day",2,2,"Cross intersection",3,60,"DAREBIN","METROPOLITAN NORTH WEST REGION",-37.77900943,145.0251085,"Dry","Clear"
"T20190022642","14/11/19",22:10:00,"Collision with vehicle","Thursday","Dark Street lights on",2,2,"T intersection",3,60,"PORT PHILLIP","METROPOLITAN NORTH WEST REGION",-37.86930096,144.9758981,"Dry","Clear"
"T20190022647","12/11/19",15:25:00,"Collision with vehicle","Tuesday","Day",2,2,"T intersection",3,60,"MANNINGHAM","METROPOLITAN SOUTH EAST REGION",-37.76061284,145.2341808,"Dry","Clear"
"T20190022655","15/11/19",07:05:00,"Struck Pedestrian","Friday","Dusk/Dawn",1,2,"T intersection",3,50,"KINGSTON","METROPOLITAN SOUTH EAST REGION",-37.9906277,145.0816017,"Dry","Clear"
"T20190022656","1/11/19",04:24:00,"Collision with a fixed object","Friday","Dark Street lights on",1,1,"Not at intersection",3,60,"MELTON","METROPOLITAN NORTH WEST REGION",-37.6885461,144.5673675,"Unknown","Clear"
"T20190022658","15/11/19",08:00:00,"Collision with a fixed object","Friday","Day",1,2,"Not at intersection",2,80,"ALPINE","NORTH EASTERN REGION",-36.5822444,146.6984133,"Dry","Clear"
"T20190022659","11/11/19",15:50:00,"Collision with vehicle","Monday","Day",2,2,"Not at intersection",3,999,"HUME","METROPOLITAN NORTH WEST REGION",-37.64556067,144.9676671,"Dry","Clear"
"T20190022660","13/11/19",21:30:00,"Struck Pedestrian","Wednesday","Dark Street lights on",2,2,"Not at intersection",3,60,"BALLARAT","WESTERN REGION",-37.5614472,143.8473373,"Dry","Clear"
"T20190022661","10/11/19",01:45:00,"Struck animal","Sunday","Dark No street lights",1,3,"Not at intersection",3,110,"MITCHELL","NORTHERN REGION",-37.40677146,145.0123978,"Unknown","Clear"
"T20190022664","15/11/19",08:35:00,"Collision with a fixed object","Friday","Day",1,1,"Y intersection",3,100,"KNOX","METROPOLITAN SOUTH EAST REGION",-37.90673273,145.2160115,"Dry","Clear"
"T20190022665","13/11/19",21:00:00,"Collision with vehicle","Wednesday","Dark Street lights unknown",2,2,"T intersection",3,50,"WHITTLESEA","METROPOLITAN NORTH WEST REGION",-37.66014403,145.0689988,"Dry","Not known"
"T20190022666","19/9/19",07:40:00,"Collision with vehicle","Thursday","Unknown",2,2,"Not at intersection",3,999,"MELTON","METROPOLITAN NORTH WEST REGION",-37.79435106,144.7525306,"Dry","Clear"
"T20190022667","15/11/19",09:20:00,"Vehicle overturned (no collision)","Friday","Day",1,1,"Not at intersection",3,60,"(FALLS CREEK)","NORTH EASTERN REGION",-36.85266119,147.2719893,"Dry","Clear"
"T20190022669","11/10/19",13:15:00,"Vehicle overturned (no collision)","Friday","Day",1,1,"Not at intersection",3,100,"MACEDON RANGES","NORTHERN REGION",-37.50912926,144.5537072,"Dry","Clear"
"T20190022671","14/11/19",15:45:00,"Collision with vehicle","Thursday","Day",2,2,"Not at intersection",3,80,"KNOX","METROPOLITAN SOUTH EAST REGION",-37.86876323,145.2350779,"Dry","Clear"
"T20190022674","15/11/19",12:50:00,"Collision with vehicle","Friday","Day",2,4,"Multiple intersection",3,60,"YARRA","METROPOLITAN NORTH WEST REGION",-37.79156635,144.9759933,"Dry","Clear"
"T20190022677","5/11/19",11:00:00,"Vehicle overturned (no collision)","Tuesday","Day",1,1,"Not at intersection",3,999,"BAW BAW","EASTERN REGION",-38.00631007,146.0702377,"Muddy","Clear"
"T20190022678","15/11/19",13:30:00,"Collision with a fixed object","Friday","Day",1,1,"Not at intersection",3,40,"YARRA","METROPOLITAN NORTH WEST REGION",-37.82479857,144.9902518,"Dry","Not known"
"T20190022679","15/11/19",10:50:00,"Collision with a fixed object","Friday","Day",1,1,"Not at intersection",3,100,"MITCHELL","NORTHERN REGION",-37.2719696,144.9200639,"Dry","Clear"
"T20190022681","18/10/19",10:30:00,"Collision with vehicle","Friday","Day",2,3,"T intersection",3,80,"DANDENONG","METROPOLITAN SOUTH EAST REGION",-38.0347316,145.2113487,"Dry","Clear"
"T20190022688","15/11/19",07:20:00,"Collision with vehicle","Friday","Day",2,2,"Not at intersection",3,40,"MELTON","METROPOLITAN NORTH WEST REGION",-37.7581171,144.7029094,"Dry","Clear"
"T20190022689","15/11/19",13:40:00,"Collision with vehicle","Friday","Day",2,6,"Cross intersection",3,40,"GEELONG","SOUTH WESTERN REGION",-38.14941236,144.3682435,"Wet","Raining"
"T20190022690","15/11/19",13:20:00,"Collision with vehicle","Friday","Day",2,2,"Not at intersection",2,100,"GOLDEN PLAINS","SOUTH WESTERN REGION",-38.1238617,144.2323099,"Wet","Clear"
"T20190022690","15/11/19",13:20:00,"Collision with vehicle","Friday","Day",2,2,"Not at intersection",2,100,"GOLDEN PLAINS","SOUTH WESTERN REGION",-38.1238617,144.2323099,"Wet","Strong winds"
"T20190022691","1/11/19",17:45:00,"Collision with vehicle","Friday","Unknown",2,2,"Cross intersection",3,999,"YARRA","METROPOLITAN NORTH WEST REGION",-37.79067527,144.9797652,"Unknown","Clear"
"T20190022692","10/11/19",14:40:00,"Collision with vehicle","Sunday","Day",2,4,"Cross intersection",3,60,"MORELAND","METROPOLITAN NORTH WEST REGION",-37.77829268,144.9706962,"Unknown","Not known"
"T20190022694","15/11/19",14:00:00,"Collision with a fixed object","Friday","Day",1,2,"Not at intersection",3,100,"BENDIGO","NORTHERN REGION",-36.72604158,144.1209725,"Dry","Clear"
"T20190022695","15/11/19",08:35:00,"Collision with vehicle","Friday","Day",2,2,"Cross intersection",3,40,"MELBOURNE","METROPOLITAN NORTH WEST REGION",-37.81228152,144.9622574,"Dry","Clear"
"T20190022700","15/11/19",15:10:00,"Collision with a fixed object","Friday","Day",1,1,"Not at intersection",3,100,"CASEY","METROPOLITAN SOUTH EAST REGION",-38.19534232,145.3459297,"Dry","Clear"
"T20190022701","24/4/19",17:25:00,"Collision with vehicle","Wednesday","Unknown",2,2,"Not at intersection",3,50,"DANDENONG","METROPOLITAN SOUTH EAST REGION",-37.98943191,145.2102706,"Dry","Clear"
"T20190022705","13/11/19",09:10:00,"Collision with vehicle","Wednesday","Day",2,2,"Multiple intersection",3,40,"MONASH","METROPOLITAN SOUTH EAST REGION",-37.90725439,145.1297467,"Dry","Clear"
"T20190022706","15/11/19",15:00:00,"Collision with vehicle","Friday","Day",2,2,"Not at intersection",3,888,"FRANKSTON","METROPOLITAN SOUTH EAST REGION",-38.13288649,145.1302344,"Dry","Not known"
"T20190022708","15/11/19",16:05:00,"Collision with vehicle","Friday","Day",2,3,"Cross intersection",3,60,"GLEN EIRA","METROPOLITAN SOUTH EAST REGION",-37.90662286,145.0617617,"Dry","Clear"
"T20190022709","15/11/19",17:00:00,"Collision with vehicle","Friday","Day",2,3,"Cross intersection",3,60,"BALLARAT","WESTERN REGION",-37.60573453,143.8353286,"Dry","Clear"
"T20190022710","15/11/19",18:03:00,"Struck Pedestrian","Friday","Day",1,2,"Not at intersection",3,50,"BAYSIDE","METROPOLITAN SOUTH EAST REGION",-37.94868935,145.041435,"Dry","Clear"
"T20190022711","15/11/19",10:00:00,"Collision with vehicle","Friday","Day",4,5,"Cross intersection",3,60,"CASEY","METROPOLITAN SOUTH EAST REGION",-38.08919743,145.3311573,"Dry","Clear"
"T20190022712","15/11/19",10:55:00,"Collision with vehicle","Friday","Day",3,5,"T intersection",3,60,"CASEY","METROPOLITAN SOUTH EAST REGION",-38.10210761,145.3180922,"Dry","Clear"
"T20190022714","21/4/19",12:00:00,"Collision with vehicle","Sunday","Day",2,3,"T intersection",3,999,"MORELAND","METROPOLITAN NORTH WEST REGION",-37.70454278,144.9606846,"Unknown","Not known"
"T20190022715","15/11/19",16:15:00,"Collision with vehicle","Friday","Day",3,6,"Not at intersection",3,100,"CASEY","METROPOLITAN SOUTH EAST REGION",-37.9977654,145.2754726,"Dry","Clear"
"T20190022718","15/11/19",19:01:00,"Struck Pedestrian","Friday","Dusk/Dawn",1,2,"T intersection",3,50,"DAREBIN","METROPOLITAN NORTH WEST REGION",-37.72945343,144.9915354,"Dry","Clear"
"T20190022719","14/11/19",10:19:00,"collision with some other object","Thursday","Day",2,2,"Not at intersection",3,100,"BASS COAST","EASTERN REGION",-38.34292178,145.644577,"Dry","Clear"
"T20190022720","15/11/19",17:00:00,"Collision with vehicle","Friday","Day",3,4,"T intersection",3,60,"BANYULE","METROPOLITAN NORTH WEST REGION",-37.70070433,145.0657974,"Dry","Clear"
"T20190022722","15/11/19",15:30:00,"Collision with vehicle","Friday","Day",2,3,"Cross intersection",3,80,"CASEY","METROPOLITAN SOUTH EAST REGION",-38.03016079,145.3357491,"Dry","Clear"
"T20190022724","15/11/19",15:20:00,"Collision with vehicle","Friday","Day",2,2,"Not at intersection",3,40,"BANYULE","METROPOLITAN NORTH WEST REGION",-37.70855705,145.1153913,"Dry","Clear"
"T20190022725","15/11/19",16:24:00,"Collision with vehicle","Friday","Day",2,2,"Not at intersection",3,60,"MANNINGHAM","METROPOLITAN SOUTH EAST REGION",-37.73539351,145.2802365,"Wet","Not known"
"T20190022726","15/11/19",18:40:00,"Collision with vehicle","Friday","Day",3,4,"Cross intersection",3,80,"CASEY","METROPOLITAN SOUTH EAST REGION",-38.10747608,145.2375661,"Dry","Clear"
"T20190022727","15/11/19",16:07:00,"Collision with vehicle","Friday","Day",2,2,"Cross intersection",3,60,"HUME","METROPOLITAN NORTH WEST REGION",-37.6207131,144.9240904,"Wet","Raining"
"T20190022728","15/11/19",09:15:00,"Collision with vehicle","Friday","Day",3,3,"T intersection",3,60,"HUME","METROPOLITAN NORTH WEST REGION",-37.67791201,144.9223555,"Dry","Clear"
"T20190022730","15/11/19",15:35:00,"Collision with vehicle","Friday","Day",2,2,"Not at intersection",3,60,"DAREBIN","METROPOLITAN NORTH WEST REGION",-37.76582728,145.0236211,"Dry","Clear"
"T20190022733","15/11/19",19:47:00,"Collision with vehicle","Friday","Dusk/Dawn",2,2,"Not at intersection",2,60,"GLEN EIRA","METROPOLITAN SOUTH EAST REGION",-37.87368666,145.0245168,"Dry","Clear"
"T20190022734","15/11/19",19:16:00,"Collision with vehicle","Friday","Day",3,5,"Not at intersection",3,50,"CASEY","METROPOLITAN SOUTH EAST REGION",-38.03124831,145.3446951,"Dry","Clear"
"T20190022735","15/11/19",19:57:00,"Collision with vehicle","Friday","Dusk/Dawn",3,1,"Not at intersection",2,60,"YARRA","METROPOLITAN NORTH WEST REGION",-37.81794652,145.0091571,"Dry","Clear"
"T20190022736","15/11/19",16:28:00,"Collision with vehicle","Friday","Day",2,3,"Cross intersection",3,80,"MELTON","METROPOLITAN NORTH WEST REGION",-37.72157345,144.6530976,"Dry","Clear"
"T20190022738","14/11/19",00:42:00,"Collision with vehicle","Thursday","Dark Street lights on",2,2,"Cross intersection",3,60,"HOBSONS BAY","METROPOLITAN NORTH WEST REGION",-37.87154933,144.7775515,"Dry","Clear"
"T20190022739","11/11/19",08:30:00,"Collision with vehicle","Monday","Day",2,2,"Multiple intersection",3,70,"GEELONG","SOUTH WESTERN REGION",-38.16917385,144.3862239,"Dry","Clear"
"T20190022740","7/11/19",21:20:00,"Collision with vehicle","Thursday","Dusk/Dawn",2,2,"Cross intersection",3,80,"FRANKSTON","METROPOLITAN SOUTH EAST REGION",-38.12851582,145.1339389,"Wet","Clear"
"T20190022742","15/11/19",21:30:00,"Collision with vehicle","Friday","Dark Street lights on",2,4,"Cross intersection",3,60,"BALLARAT","WESTERN REGION",-37.57275161,143.8366305,"Dry","Clear"
"T20190022747","16/11/19",00:16:00,"Collision with vehicle","Saturday","Dark Street lights on",2,3,"Cross intersection",3,50,"DAREBIN","METROPOLITAN NORTH WEST REGION",-37.76536534,145.0192583,"Dry","Clear"
"T20190022752","15/11/19",14:15:00,"Collision with vehicle","Friday","Day",2,2,"Cross intersection",3,50,"BALLARAT","WESTERN REGION",-37.56176133,143.8548054,"Dry","Clear"
"T20190022753","12/11/19",20:45:00,"Vehicle overturned (no collision)","Tuesday","Dark Street lights on",1,1,"Cross intersection",3,60,"HUME","METROPOLITAN NORTH WEST REGION",-37.68391497,144.913748,"Wet","Clear"
"T20190022757","23/10/19",15:15:00,"Collision with vehicle","Wednesday","Day",2,3,"T intersection",3,50,"BAW BAW","EASTERN REGION",-38.16412824,145.9328605,"Dry","Clear"
"T20190022759","15/11/19",16:25:00,"Collision with a fixed object","Friday","Day",1,1,"Not at intersection",3,100,"BAW BAW","EASTERN REGION",-38.07609101,145.7873507,"Wet","Raining"
"T20190022760","16/11/19",09:30:00,"Struck Pedestrian","Saturday","Day",1,2,"Not at intersection",3,40,"DAREBIN","METROPOLITAN NORTH WEST REGION",-37.75481335,145.0241235,"Dry","Clear"
"T20190022761","15/11/19",07:30:00,"Collision with vehicle","Friday","Day",2,2,"T intersection",3,999,"STONNINGTON","METROPOLITAN SOUTH EAST REGION",-37.84300422,145.0042199,"Dry","Not known"
"T20190022762","16/11/19",09:20:00,"Collision with vehicle","Saturday","Day",2,2,"T intersection",3,50,"BRIMBANK","METROPOLITAN NORTH WEST REGION",-37.74123382,144.7983877,"Dry","Clear"
"T20190022764","15/11/19",16:30:00,"Collision with vehicle","Friday","Day",2,4,"T intersection",3,999,"KINGSTON","METROPOLITAN SOUTH EAST REGION",-37.93694614,145.0645545,"Dry","Clear"
"T20190022765","28/9/19",15:40:00,"Fall from or in moving vehicle","Saturday","Day",1,2,"Not at intersection",3,999,"CASEY","METROPOLITAN SOUTH EAST REGION",-38.03152371,145.2920524,"Unknown","Not known"
"T20190022766","16/8/19",16:15:00,"Collision with vehicle","Friday","Day",3,3,"Not at intersection",3,100,"BRIMBANK","METROPOLITAN NORTH WEST REGION",-37.6900881,144.7928789,"Wet","Clear"
"T20190022770","16/11/19",11:00:00,"Collision with vehicle","Saturday","Day",2,2,"Cross intersection",3,50,"HEPBURN","WESTERN REGION",-37.34251783,144.1331352,"Wet","Raining"
"T20190022772","16/11/19",09:25:00,"Collision with a fixed object","Saturday","Day",1,1,"Not at intersection",3,100,"PYRENEES","WESTERN REGION",-37.30791645,143.4786308,"Dry","Clear"
"T20190022774","16/11/19",11:30:00,"Collision with vehicle","Saturday","Day",2,2,"Multiple intersection",3,70,"WHITEHORSE","METROPOLITAN SOUTH EAST REGION",-37.81639124,145.1940132,"Dry","Clear"
"T20190022775","16/11/19",09:40:00,"Collision with a fixed object","Saturday","Day",1,1,"T intersection",3,50,"CASEY","METROPOLITAN SOUTH EAST REGION",-37.98254654,145.2554232,"Dry","Clear"
"T20190022776","16/11/19",08:03:00,"Collision with vehicle","Saturday","Day",2,2,"Cross intersection",3,60,"MONASH","METROPOLITAN SOUTH EAST REGION",-37.90447825,145.0912417,"Dry","Not known"
"T20190022777","16/11/19",10:45:00,"Collision with vehicle","Saturday","Day",2,2,"Not at intersection",3,60,"BAYSIDE","METROPOLITAN SOUTH EAST REGION",-37.92790248,144.9892032,"Dry","Clear"
"T20190022778","16/11/19",10:35:00,"Vehicle overturned (no collision)","Saturday","Day",1,1,"Not at intersection",3,100,"SOUTH GIPPSLAND","EASTERN REGION",-38.33068146,145.7137486,"Dry","Clear"
"T20190022779","16/11/19",10:45:00,"Collision with vehicle","Saturday","Day",2,2,"Not at intersection",3,40,"BALLARAT","WESTERN REGION",-37.56225729,143.854694,"Dry","Clear"
"T20190022781","21/9/19",20:00:00,"No collision and no object struck","Saturday","Dark Street lights unknown",1,1,"Not at intersection",3,60,"DAREBIN","METROPOLITAN NORTH WEST REGION",-37.74780262,144.9885141,"Wet","Raining"
"T20190022785","16/11/19",13:15:00,"Collision with vehicle","Saturday","Day",2,2,"Not at intersection",3,60,"DANDENONG","METROPOLITAN SOUTH EAST REGION",-37.94477192,145.1918792,"Dry","Clear"
"T20190022786","16/11/19",13:35:00,"Collision with vehicle","Saturday","Day",2,3,"Cross intersection",3,50,"DAREBIN","METROPOLITAN NORTH WEST REGION",-37.74597793,145.0188395,"Dry","Clear"
"T20190022789","16/11/19",14:32:00,"Collision with vehicle","Saturday","Day",2,2,"Not at intersection",3,60,"GEELONG","SOUTH WESTERN REGION",-38.16464186,144.3482535,"Dry","Clear"
"T20190022791","16/11/19",13:37:00,"Collision with a fixed object","Saturday","Day",1,1,"Not at intersection",3,60,"CASEY","METROPOLITAN SOUTH EAST REGION",-37.95994258,145.277507,"Dry","Clear"
"T20190022796","16/11/19",12:00:00,"Collision with vehicle","Saturday","Day",2,2,"T intersection",3,60,"KINGSTON","METROPOLITAN SOUTH EAST REGION",-37.94449949,145.0633895,"Dry","Clear"
"T20190022805","16/11/19",15:38:00,"Collision with a fixed object","Saturday","Day",1,1,"T intersection",3,100,"CARDINIA","METROPOLITAN SOUTH EAST REGION",-38.2716021,145.5475133,"Dry","Clear"
"T20190022809","16/11/19",15:30:00,"Collision with vehicle","Saturday","Day",2,2,"T intersection",3,50,"PORT PHILLIP","METROPOLITAN NORTH WEST REGION",-37.8609766,144.9753406,"Dry","Clear"
"T20190022813","16/11/19",14:05:00,"Collision with vehicle","Saturday","Day",3,3,"T intersection",3,50,"MONASH","METROPOLITAN SOUTH EAST REGION",-37.90610112,145.1497338,"Dry","Clear"
"T20190022817","16/11/19",16:05:00,"Collision with vehicle","Saturday","Day",2,5,"Not at intersection",3,70,"MARIBYRNONG","METROPOLITAN NORTH WEST REGION",-37.77953076,144.8519673,"Dry","Clear"
"T20190022818","16/11/19",21:11:00,"Collision with a fixed object","Saturday","Dark No street lights",1,1,"Not at intersection",3,50,"WHITTLESEA","METROPOLITAN NORTH WEST REGION",-37.60749737,145.0451374,"Dry","Clear"
"T20190022821","8/11/19",14:15:00,"Collision with vehicle","Friday","Day",2,2,"Not at intersection",3,60,"SHEPPARTON","NORTH EASTERN REGION",-36.34756323,145.4131304,"Dry","Clear"
"T20190022823","16/11/19",20:20:00,"Struck Pedestrian","Saturday","Dark Street lights on",1,3,"T intersection",3,60,"MOONEE VALLEY","METROPOLITAN NORTH WEST REGION",-37.74235038,144.9047529,"Dry","Clear"
"T20190022824","17/11/19",01:15:00,"Collision with vehicle","Sunday","Dark Street lights on",3,3,"Not at intersection",3,60,"BRIMBANK","METROPOLITAN NORTH WEST REGION",-37.76587345,144.7753563,"Icy","Clear"
"T20190022825","17/11/19",02:10:00,"Collision with vehicle","Sunday","Dark Street lights on",2,4,"Cross intersection",3,60,"MELBOURNE","METROPOLITAN NORTH WEST REGION",-37.80052789,144.9459007,"Dry","Clear"
"T20190022826","16/11/19",01:34:00,"Struck Pedestrian","Saturday","Dark Street lights on",1,3,"T intersection",3,60,"MONASH","METROPOLITAN SOUTH EAST REGION",-37.87390786,145.1481003,"Dry","Clear"
"T20190022828","16/11/19",09:30:00,"Other accident","Saturday","Day",1,1,"Not at intersection",3,999,"WYNDHAM","METROPOLITAN NORTH WEST REGION",-37.79455409,144.6031432,"Dry","Clear"
"T20190022833","16/11/19",12:04:00,"Collision with vehicle","Saturday","Day",2,2,"Cross intersection",3,60,"MONASH","METROPOLITAN SOUTH EAST REGION",-37.86417185,145.1311838,"Dry","Clear"
"T20190022838","16/11/19",06:15:00,"Collision with vehicle","Saturday","Dusk/Dawn",2,2,"Cross intersection",3,999,"MITCHELL","NORTHERN REGION",-37.41637204,144.9791124,"Unknown","Not known"
"T20190022842","16/11/19",18:09:00,"Collision with a fixed object","Saturday","Day",1,1,"Not at intersection",3,80,"STONNINGTON","METROPOLITAN SOUTH EAST REGION",-37.85414651,145.0567958,"Dry","Clear"
"T20190022844","17/11/19",12:40:00,"Collision with vehicle","Sunday","Day",2,1,"Not at intersection",3,50,"CASEY","METROPOLITAN SOUTH EAST REGION",-38.07551564,145.3115258,"Dry","Clear"