"ACCIDENT_NO","ACCIDENTDATE","ACCIDENTTIME","Accident Type Desc","Day Week Description","Light Condition Desc","NO_OF_VEHICLES","NO_PERSONS","Road Geometry Desc","SEVERITY","SPEED_ZONE","LGA_NAME","REGION_NAME","Lat","Long","Surface Cond Desc","Atmosph Cond Desc"
"T20190022845","17/11/19",13:03:00,"Collision with vehicle","Sunday","Day",2,2,"Not at intersection",3,60,"CASEY","METROPOLITAN SOUTH EAST REGION",-37.9788274,145.3119154,"Dry","Clear"
"T20190022846","17/11/19",10:40:00,"Collision with a fixed object","Sunday","Day",1,1,"Not at intersection",3,100,"WANGARATTA","NORTH EASTERN REGION",-36.60853686,146.3807988,"Dry","Clear"
"T20190022847","17/11/19",13:40:00,"Collision with vehicle","Sunday","Day",3,5,"Not at intersection",3,40,"MITCHELL","NORTHERN REGION",-37.03147352,145.1437224,"Dry","Clear"
"T20190022848","17/11/19",12:00:00,"Collision with vehicle","Sunday","Day",2,5,"Cross intersection",3,50,"DANDENONG","METROPOLITAN SOUTH EAST REGION",-37.98830735,145.211277,"Dry","Clear"
"T20190022850","14/11/19",12:22:00,"Collision with vehicle","Thursday","Day",3,3,"Not at intersection",3,50,"DANDENONG","METROPOLITAN SOUTH EAST REGION",-37.98512256,145.2164995,"Dry","Clear"
"T20190022851","17/11/19",09:00:00,"Collision with vehicle","Sunday","Day",2,4,"Multiple intersection",3,60,"STONNINGTON","METROPOLITAN SOUTH EAST REGION",-37.87812657,145.0476349,"Dry","Clear"
"T20190022852","17/11/19",13:45:00,"Collision with vehicle","Sunday","Day",3,5,"Cross intersection",3,50,"HUME","METROPOLITAN NORTH WEST REGION",-37.68229341,144.9155615,"Dry","Clear"
"T20190022853","17/11/19",13:25:00,"Struck Pedestrian","Sunday","Day",1,2,"Not at intersection",3,60,"WELLINGTON","EASTERN REGION",-37.61823648,146.5978252,"Wet","Clear"
"T20190022854","17/11/19",07:50:00,"Collision with vehicle","Sunday","Day",2,2,"Cross intersection",3,60,"DAREBIN","METROPOLITAN NORTH WEST REGION",-37.74012702,145.0233621,"Dry","Clear"
"T20190022858","17/11/19",12:28:00,"Collision with vehicle","Sunday","Day",2,2,"Not at intersection",3,80,"HUME","METROPOLITAN NORTH WEST REGION",-37.64609066,144.9304912,"Dry","Clear"
"T20190022859","17/11/19",12:45:00,"Struck Pedestrian","Sunday","Day",1,3,"Not at intersection",3,70,"FRANKSTON","METROPOLITAN SOUTH EAST REGION",-38.14832262,145.1351395,"Dry","Clear"
"T20190022861","17/11/19",16:10:00,"Collision with vehicle","Sunday","Day",2,5,"Unknown",3,60,"DAREBIN","METROPOLITAN NORTH WEST REGION",-37.6950564,145.0124007,"Dry","Clear"
"T20190022862","8/11/19",17:30:00,"Collision with vehicle","Friday","Day",2,2,"Not at intersection",3,60,"DANDENONG","METROPOLITAN SOUTH EAST REGION",-37.95773789,145.1512299,"Wet","Raining"
"T20190022863","17/11/19",15:10:00,"Collision with vehicle","Sunday","Day",2,5,"Not at intersection",3,80,"DANDENONG","METROPOLITAN SOUTH EAST REGION",-37.93128886,145.1538996,"Dry","Clear"
"T20190022864","17/11/19",01:45:00,"Collision with a fixed object","Sunday","Dark No street lights",1,3,"Not at intersection",3,100,"GANNAWARRA","NORTHERN REGION",-35.64881827,144.1388183,"Dry","Clear"
"T20190022867","17/11/19",14:55:00,"Collision with a fixed object","Sunday","Day",1,1,"Not at intersection",3,100,"HEPBURN","WESTERN REGION",-37.318315,144.1774429,"Dry","Clear"
"T20190022868","16/11/19",08:45:00,"Vehicle overturned (no collision)","Saturday","Day",2,2,"Not at intersection",3,60,"KINGSTON","METROPOLITAN SOUTH EAST REGION",-37.97124113,145.0734693,"Dry","Clear"
"T20190022870","11/11/19",20:00:00,"Collision with vehicle","Monday","Dark Street lights unknown",2,2,"T intersection",3,40,"MELBOURNE","METROPOLITAN NORTH WEST REGION",-37.79496021,144.9709418,"Dry","Clear"
"T20190022871","17/11/19",15:50:00,"Collision with vehicle","Sunday","Day",2,4,"Not at intersection",3,60,"MARIBYRNONG","METROPOLITAN NORTH WEST REGION",-37.78227077,144.8763119,"Dry","Clear"
"T20190022872","17/11/19",15:15:00,"Collision with vehicle","Sunday","Day",2,2,"T intersection",3,100,"BASS COAST","EASTERN REGION",-38.48686572,145.4833448,"Dry","Clear"
"T20190022873","17/11/19",18:05:00,"Collision with vehicle","Sunday","Day",3,3,"Not at intersection",3,60,"DAREBIN","METROPOLITAN NORTH WEST REGION",-37.76655288,145.0304533,"Dry","Clear"
"T20190022874","17/11/19",16:30:00,"Collision with a fixed object","Sunday","Day",1,1,"Not at intersection",3,60,"NILLUMBIK","METROPOLITAN NORTH WEST REGION",-37.66763254,145.2607927,"Dry","Clear"
"T20190022881","17/11/19",10:30:00,"Collision with vehicle","Sunday","Unknown",2,2,"Cross intersection",3,40,"YARRA","METROPOLITAN NORTH WEST REGION",-37.78640992,144.9758646,"Dry","Not known"
"T20190022882","30/10/19",17:30:00,"Collision with vehicle","Wednesday","Day",3,5,"Not at intersection",3,100,"FRANKSTON","METROPOLITAN SOUTH EAST REGION",-38.07361443,145.1813552,"Dry","Clear"
"T20190022886","18/11/19",03:18:00,"Collision with vehicle","Monday","Dark No street lights",2,3,"Not at intersection",1,100,"SOUTH GIPPSLAND","EASTERN REGION",-38.4920624,145.9519478,"Dry","Not known"
"T20190022892","18/11/19",09:15:00,"Collision with vehicle","Monday","Day",2,2,"T intersection",2,40,"GEELONG","SOUTH WESTERN REGION",-38.2533352,144.5466674,"Dry","Clear"
"T20190022893","18/11/19",08:40:00,"Collision with vehicle","Monday","Day",2,2,"Not at intersection",3,40,"MOONEE VALLEY","METROPOLITAN NORTH WEST REGION",-37.77835317,144.9040505,"Dry","Clear"
"T20190022894","18/11/19",06:30:00,"Collision with vehicle","Monday","Day",2,2,"Not at intersection",3,80,"GLEN EIRA","METROPOLITAN SOUTH EAST REGION",-37.89151936,145.0025406,"Dry","Clear"
"T20190022896","14/11/19",15:20:00,"Collision with vehicle","Thursday","Day",3,2,"T intersection",3,50,"BOROONDARA","METROPOLITAN SOUTH EAST REGION",-37.86494387,145.069084,"Dry","Clear"
"T20190022898","16/11/19",12:05:00,"collision with some other object","Saturday","Day",1,1,"Not at intersection",3,100,"MANSFIELD","NORTH EASTERN REGION",-37.01961943,146.3997022,"Dry","Clear"
"T20190022900","18/11/19",08:40:00,"Collision with vehicle","Monday","Day",2,2,"T intersection",3,40,"MELTON","METROPOLITAN NORTH WEST REGION",-37.62094339,144.7098924,"Dry","Clear"
"T20190022903","18/11/19",09:59:00,"Collision with vehicle","Monday","Day",3,2,"T intersection",3,80,"YARRA","METROPOLITAN NORTH WEST REGION",-37.8334379,144.9966553,"Dry","Clear"
"T20190022904","11/11/19",13:00:00,"Collision with vehicle","Monday","Day",2,2,"Not at intersection",3,60,"FRANKSTON","METROPOLITAN SOUTH EAST REGION",-38.09449665,145.1610438,"Dry","Clear"
"T20190022907","4/11/19",17:10:00,"Collision with vehicle","Monday","Day",2,2,"T intersection",3,100,"SHEPPARTON","NORTH EASTERN REGION",-36.36428594,145.5949968,"Wet","Raining"
"T20190022908","19/10/19",15:20:00,"Collision with vehicle","Saturday","Day",2,2,"Not at intersection",3,60,"MARIBYRNONG","METROPOLITAN NORTH WEST REGION",-37.7872405,144.8833493,"Dry","Clear"
"T20190022909","18/11/19",12:23:00,"Struck Pedestrian","Monday","Day",1,2,"Cross intersection",3,50,"DANDENONG","METROPOLITAN SOUTH EAST REGION",-37.98821454,145.2127706,"Dry","Clear"
"T20190022910","18/11/19",11:16:00,"Vehicle overturned (no collision)","Monday","Day",1,2,"Not at intersection",3,100,"GEELONG","SOUTH WESTERN REGION",-38.2062136,144.3003837,"Dry","Clear"
"T20190022910","18/11/19",11:16:00,"Vehicle overturned (no collision)","Monday","Day",1,2,"Not at intersection",3,100,"GEELONG","SOUTH WESTERN REGION",-38.2062136,144.3003837,"Dry","Strong winds"
"T20190022912","15/7/19",17:20:00,"Struck animal","Monday","Day",1,1,"Not at intersection",3,999,"HEPBURN","WESTERN REGION",-37.43647881,143.9083393,"Unknown","Not known"
"T20190022913","26/9/19",10:30:00,"Collision with vehicle","Thursday","Day",2,2,"Not at intersection",3,80,"HEPBURN","WESTERN REGION",-37.41626768,143.9044766,"Dry","Clear"
"T20190022914","28/7/19",06:42:00,"Collision with vehicle","Sunday","Dark Street lights on",2,1,"Not at intersection",3,50,"MAROONDAH","METROPOLITAN SOUTH EAST REGION",-37.81066725,145.289267,"Dry","Clear"
"T20190022915","18/11/19",08:03:00,"Collision with vehicle","Monday","Day",3,3,"Not at intersection",3,70,"DAREBIN","METROPOLITAN NORTH WEST REGION",-37.70403757,145.0554395,"Dry","Clear"
"T20190022917","18/11/19",11:30:00,"Collision with vehicle","Monday","Day",2,3,"Cross intersection",3,70,"DAREBIN","METROPOLITAN NORTH WEST REGION",-37.76838693,144.9912167,"Dry","Clear"
"T20190022919","15/11/19",17:00:00,"Collision with vehicle","Friday","Day",2,3,"Cross intersection",3,60,"MITCHELL","NORTHERN REGION",-37.47356832,144.9725027,"Dry","Clear"
"T20190022921","15/11/19",21:58:00,"Collision with vehicle","Friday","Dark Street lights on",2,3,"Cross intersection",3,60,"MONASH","METROPOLITAN SOUTH EAST REGION",-37.87220519,145.1483981,"Dry","Clear"
"T20190022922","18/11/19",08:35:00,"Collision with vehicle","Monday","Day",2,2,"Cross intersection",3,80,"MORNINGTON PENINSULA","METROPOLITAN SOUTH EAST REGION",-38.19499993,145.0911867,"Dry","Clear"
"T20190022925","15/11/19",02:55:00,"Collision with a fixed object","Friday","Dark Street lights on",1,1,"T intersection",2,60,"HUME","METROPOLITAN NORTH WEST REGION",-37.663019,144.9175893,"Dry","Clear"
"T20190022927","18/11/19",07:38:00,"Collision with a fixed object","Monday","Dusk/Dawn",1,1,"Not at intersection",3,100,"MITCHELL","NORTHERN REGION",-37.50418753,144.8977283,"Dry","Clear"
"T20190022928","18/11/19",13:25:00,"Collision with vehicle","Monday","Day",2,3,"T intersection",3,60,"WHITTLESEA","METROPOLITAN NORTH WEST REGION",-37.6461535,145.0939896,"Dry","Clear"
"T20190022929","24/10/19",17:45:00,"Collision with vehicle","Thursday","Unknown",3,2,"T intersection",3,999,"MELBOURNE","METROPOLITAN NORTH WEST REGION",-37.78964648,144.9298255,"Unknown","Not known"
"T20190022932","18/11/19",11:46:00,"Collision with vehicle","Monday","Day",2,3,"Not at intersection",3,100,"MORELAND","METROPOLITAN NORTH WEST REGION",-37.69399446,144.9302744,"Dry","Clear"
"T20190022933","9/9/19",14:35:00,"Collision with vehicle","Monday","Day",2,2,"Not at intersection",3,80,"HUME","METROPOLITAN NORTH WEST REGION",-37.64516777,144.9636917,"Dry","Not known"
"T20190022936","18/11/19",16:00:00,"Collision with vehicle","Monday","Day",2,2,"Not at intersection",3,60,"BOROONDARA","METROPOLITAN SOUTH EAST REGION",-37.81114791,145.0605422,"Dry","Clear"
"T20190022937","18/11/19",13:43:00,"Collision with vehicle","Monday","Day",4,4,"Cross intersection",3,80,"CASEY","METROPOLITAN SOUTH EAST REGION",-38.08039559,145.2615034,"Dry","Clear"
"T20190022939","17/10/19",08:30:00,"Collision with vehicle","Thursday","Day",3,4,"Not at intersection",3,80,"DANDENONG","METROPOLITAN SOUTH EAST REGION",-37.93295443,145.1563256,"Wet","Not known"
"T20190022940","18/11/19",14:15:00,"Collision with vehicle","Monday","Day",3,3,"T intersection",3,80,"CASEY","METROPOLITAN SOUTH EAST REGION",-38.16082222,145.3187117,"Dry","Clear"
"T20190022941","18/11/19",15:00:00,"Collision with vehicle","Monday","Day",2,2,"Cross intersection",3,50,"MELBOURNE","METROPOLITAN NORTH WEST REGION",-37.79220583,144.9394589,"Dry","Clear"
"T20190022942","21/1/19",13:00:00,"Collision with vehicle","Monday","Day",2,2,"T intersection",3,999,"YARRA","METROPOLITAN NORTH WEST REGION",-37.79457792,144.99381,"Unknown","Not known"
"T20190022944","18/11/19",16:36:00,"Collision with vehicle","Monday","Day",2,2,"T intersection",3,60,"MONASH","METROPOLITAN SOUTH EAST REGION",-37.87555769,145.1783307,"Dry","Clear"
"T20190022946","18/11/19",16:15:00,"Collision with vehicle","Monday","Day",2,1,"Not at intersection",3,50,"KNOX","METROPOLITAN SOUTH EAST REGION",-37.92709061,145.2369302,"Dry","Clear"
"T20190022947","16/10/19",20:10:00,"Collision with vehicle","Wednesday","Dark Street lights on",2,5,"Cross intersection",3,60,"MONASH","METROPOLITAN SOUTH EAST REGION",-37.87220519,145.1483981,"Wet","Raining"
"T20190022948","18/11/19",16:00:00,"Collision with vehicle","Monday","Day",2,3,"T intersection",3,100,"EAST GIPPSLAND","EASTERN REGION",-37.71137912,148.4579433,"Dry","Clear"
"T20190022949","18/11/19",16:37:00,"Collision with vehicle","Monday","Day",3,3,"Cross intersection",3,50,"DAREBIN","METROPOLITAN NORTH WEST REGION",-37.71433121,145.0387325,"Dry","Clear"
"T20190022950","18/11/19",17:40:00,"Collision with vehicle","Monday","Day",2,2,"Not at intersection",3,60,"NILLUMBIK","METROPOLITAN NORTH WEST REGION",-37.71613125,145.136684,"Dry","Clear"
"T20190022952","18/11/19",16:50:00,"Collision with vehicle","Monday","Day",2,3,"Not at intersection",3,60,"WHITTLESEA","METROPOLITAN NORTH WEST REGION",-37.64915911,145.0904683,"Dry","Not known"
"T20190022955","18/11/19",17:41:00,"Collision with vehicle","Monday","Day",2,2,"Not at intersection",3,50,"MOONEE VALLEY","METROPOLITAN NORTH WEST REGION",-37.74664662,144.872046,"Dry","Clear"
"T20190022957","17/11/19",14:22:00,"Struck Pedestrian","Sunday","Day",1,3,"Not at intersection",3,999,"WYNDHAM","METROPOLITAN NORTH WEST REGION",-37.87368773,144.7173432,"Dry","Clear"
"T20190022958","18/11/19",16:30:00,"Fall from or in moving vehicle","Monday","Day",1,2,"Not at intersection",3,888,"HUME","METROPOLITAN NORTH WEST REGION",-37.68383623,144.8951972,"Dry","Clear"
"T20190022959","18/11/19",17:30:00,"Collision with vehicle","Monday","Day",4,4,"Not at intersection",3,70,"DANDENONG","METROPOLITAN SOUTH EAST REGION",-38.02618687,145.2463435,"Dry","Clear"
"T20190022961","18/11/19",19:15:00,"Collision with a fixed object","Monday","Day",1,2,"T intersection",3,60,"BAW BAW","EASTERN REGION",-38.16748851,145.938326,"Dry","Clear"
"T20190022964","18/11/19",19:45:00,"Collision with vehicle","Monday","Dusk/Dawn",2,2,"Not at intersection",3,80,"MAROONDAH","METROPOLITAN SOUTH EAST REGION",-37.78496322,145.2785271,"Dry","Clear"
"T20190022966","18/11/19",16:30:00,"Collision with vehicle","Monday","Day",2,2,"Cross intersection",3,60,"LATROBE","EASTERN REGION",-38.1956444,146.5156432,"Dry","Clear"
"T20190022970","5/11/19",06:40:00,"Collision with vehicle","Tuesday","Dusk/Dawn",2,2,"Not at intersection",3,60,"BANYULE","METROPOLITAN NORTH WEST REGION",-37.73431648,145.0787145,"Wet","Not known"
"T20190022971","18/11/19",16:35:00,"Collision with vehicle","Monday","Day",2,2,"Not at intersection",3,60,"STONNINGTON","METROPOLITAN SOUTH EAST REGION",-37.87719139,145.0859382,"Dry","Clear"
"T20190022972","18/11/19",17:10:00,"Collision with vehicle","Monday","Day",3,2,"Not at intersection",3,50,"HUME","METROPOLITAN NORTH WEST REGION",-37.64528936,144.9275888,"Dry","Clear"
"T20190022973","18/11/19",15:54:00,"Collision with vehicle","Monday","Day",3,3,"Not at intersection",3,70,"HUME","METROPOLITAN NORTH WEST REGION",-37.68733977,144.8824019,"Dry","Clear"
"T20190022976","18/11/19",18:38:00,"Collision with vehicle","Monday","Day",2,3,"Not at intersection",2,70,"YARRA RANGES","METROPOLITAN SOUTH EAST REGION",-37.79057534,145.3764585,"Dry","Clear"
"T20190022977","18/11/19",16:23:00,"Collision with a fixed object","Monday","Day",1,1,"Not at intersection",3,50,"DAREBIN","METROPOLITAN NORTH WEST REGION",-37.75109483,145.0264879,"Dry","Clear"
"T20190022981","11/11/19",22:00:00,"Collision with vehicle","Monday","Dark Street lights on",2,3,"Cross intersection",3,999,"HUME","METROPOLITAN NORTH WEST REGION",-37.56200204,144.8766652,"Dry","Clear"
"T20190022982","18/11/19",17:25:00,"Collision with vehicle","Monday","Day",2,2,"Cross intersection",3,80,"YARRIAMBIACK","WESTERN REGION",-36.24595592,142.4015483,"Dry","Clear"
"T20190022983","18/11/19",19:00:00,"Collision with a fixed object","Monday","Dusk/Dawn",1,1,"Not at intersection",3,50,"CARDINIA","METROPOLITAN SOUTH EAST REGION",-38.05786586,145.4789206,"Dry","Clear"
"T20190022984","18/11/19",20:00:00,"Collision with vehicle","Monday","Dusk/Dawn",2,2,"Not at intersection",3,80,"HUME","METROPOLITAN NORTH WEST REGION",-37.66110112,144.9241456,"Dry","Not known"
"T20190022992","18/11/19",22:25:00,"Collision with vehicle","Monday","Dark No street lights",2,2,"Not at intersection",1,100,"MORNINGTON PENINSULA","METROPOLITAN SOUTH EAST REGION",-38.30008672,145.1503375,"Dry","Clear"
"T20190022993","13/11/19",20:45:00,"Collision with vehicle","Wednesday","Dark Street lights on",2,4,"Cross intersection",3,60,"CASEY","METROPOLITAN SOUTH EAST REGION",-38.11303493,145.2827853,"Dry","Clear"
"T20190022994","19/11/19",05:00:00,"Collision with vehicle","Tuesday","Dusk/Dawn",3,3,"T intersection",3,60,"MARIBYRNONG","METROPOLITAN NORTH WEST REGION",-37.79814869,144.8497487,"Dry","Clear"
"T20190022996","22/10/19",13:20:00,"Collision with vehicle","Tuesday","Day",2,2,"Not at intersection",3,100,"STONNINGTON","METROPOLITAN SOUTH EAST REGION",-37.85781821,145.0588354,"Dry","Clear"
"T20190022997","19/11/19",06:45:00,"Struck animal","Tuesday","Day",2,2,"Not at intersection",3,100,"MACEDON RANGES","NORTHERN REGION",-37.39069297,144.6971557,"Dry","Clear"
"T20190022999","18/11/19",21:40:00,"Collision with a fixed object","Monday","Dark No street lights",1,1,"Not at intersection",2,100,"MURRINDINDI","NORTH EASTERN REGION",-37.5271169,145.4037201,"Dry","Clear"
"T20190023000","19/11/19",08:15:00,"Collision with vehicle","Tuesday","Day",2,2,"T intersection",3,999,"STONNINGTON","METROPOLITAN SOUTH EAST REGION",-37.83983504,145.0322444,"Unknown","Not known"
"T20190023001","19/11/19",07:14:00,"Collision with vehicle","Tuesday","Dusk/Dawn",2,2,"Not at intersection",3,999,"PORT PHILLIP","METROPOLITAN NORTH WEST REGION",-37.86442884,144.9843246,"Dry","Clear"
"T20190023002","19/11/19",08:56:00,"Struck Pedestrian","Tuesday","Day",2,5,"Not at intersection",3,40,"YARRA RANGES","METROPOLITAN SOUTH EAST REGION",-37.75625359,145.3364619,"Dry","Clear"
"T20190023004","18/11/19",17:30:00,"Collision with vehicle","Monday","Day",2,2,"Not at intersection",3,80,"YARRA RANGES","METROPOLITAN SOUTH EAST REGION",-37.94183704,145.3195164,"Dry","Clear"
"T20190023006","17/11/19",12:30:00,"collision with some other object","Sunday","Day",1,1,"Not at intersection",3,80,"MANSFIELD","NORTH EASTERN REGION",-37.0819209,146.2956773,"Dry","Dust"
"T20190023008","4/11/19",14:09:00,"Collision with vehicle","Monday","Day",2,2,"T intersection",3,80,"KINGSTON","METROPOLITAN SOUTH EAST REGION",-37.97718235,145.0670511,"Dry","Clear"
"T20190023009","19/11/19",09:40:00,"Collision with vehicle","Tuesday","Day",2,3,"Cross intersection",3,60,"MOONEE VALLEY","METROPOLITAN NORTH WEST REGION",-37.76526163,144.9237273,"Dry","Clear"
"T20190023013","19/11/19",11:15:00,"Collision with vehicle","Tuesday","Day",2,2,"Not at intersection",3,60,"BAYSIDE","METROPOLITAN SOUTH EAST REGION",-37.95568186,145.0372002,"Dry","Clear"
"T20190023017","19/11/19",06:00:00,"Collision with vehicle","Tuesday","Dusk/Dawn",2,2,"T intersection",3,60,"BANYULE","METROPOLITAN NORTH WEST REGION",-37.77266791,145.0407721,"Dry","Clear"
"T20190023018","11/10/19",09:30:00,"Collision with vehicle","Friday","Unknown",2,2,"T intersection",3,999,"WYNDHAM","METROPOLITAN NORTH WEST REGION",-37.87157651,144.6627143,"Dry","Not known"
"T20190023019","12/11/19",21:30:00,"Struck Pedestrian","Tuesday","Dark No street lights",1,2,"Not at intersection",2,60,"GLENELG","SOUTH WESTERN REGION",-38.39116092,141.64384,"Dry","Clear"
"T20190023022","18/11/19",07:45:00,"Collision with vehicle","Monday","Day",2,2,"Y intersection",3,60,"MORELAND","METROPOLITAN NORTH WEST REGION",-37.76940259,144.943564,"Dry","Clear"
"T20190023026","19/11/19",12:30:00,"Collision with vehicle","Tuesday","Day",2,2,"Cross intersection",3,60,"BENDIGO","NORTHERN REGION",-36.79245297,144.2502036,"Dry","Clear"
"T20190023030","19/11/19",07:40:00,"Collision with vehicle","Tuesday","Day",3,3,"Not at intersection",3,60,"NILLUMBIK","METROPOLITAN NORTH WEST REGION",-37.72732536,145.2116962,"Dry","Clear"
"T20190023033","19/11/19",13:00:00,"Collision with vehicle","Tuesday","Day",2,2,"Cross intersection",3,80,"CASEY","METROPOLITAN SOUTH EAST REGION",-38.05991227,145.3382239,"Dry","Clear"
"T20190023034","8/11/19",12:30:00,"Struck Pedestrian","Friday","Day",1,2,"Not at intersection",3,999,"MARIBYRNONG","METROPOLITAN NORTH WEST REGION",-37.7762671,144.8899671,"Dry","Not known"
"T20190023036","31/8/19",10:00:00,"Collision with a fixed object","Saturday","Day",1,1,"Not at intersection",3,80,"KNOX","METROPOLITAN SOUTH EAST REGION",-37.86185195,145.2110323,"Dry","Clear"
"T20190023039","22/9/19",00:06:00,"Collision with vehicle","Sunday","Dark Street lights on",2,3,"Cross intersection",3,80,"CASEY","METROPOLITAN SOUTH EAST REGION",-38.02830844,145.2688147,"Dry","Clear"
"T20190023040","11/11/19",21:30:00,"Collision with vehicle","Monday","Dark Street lights unknown",2,3,"Not at intersection",3,777,"DAREBIN","METROPOLITAN NORTH WEST REGION",-37.77138374,144.998597,"Dry","Clear"
"T20190023042","19/11/19",14:15:00,"Collision with vehicle","Tuesday","Day",4,4,"T intersection",3,80,"MELTON","METROPOLITAN NORTH WEST REGION",-37.758791,144.7472666,"Dry","Clear"
"T20190023043","1/11/19",23:30:00,"Collision with vehicle","Friday","Dark Street lights unknown",2,2,"Not at intersection",3,50,"MORELAND","METROPOLITAN NORTH WEST REGION",-37.76146337,144.9684814,"Unknown","Not known"
"T20190023044","13/11/19",18:00:00,"Collision with vehicle","Wednesday","Day",2,2,"T intersection",3,60,"MARIBYRNONG","METROPOLITAN NORTH WEST REGION",-37.77382086,144.8859532,"Dry","Clear"
"T20190023045","18/11/19",17:20:00,"Vehicle overturned (no collision)","Monday","Day",2,2,"Not at intersection",3,50,"MELBOURNE","METROPOLITAN NORTH WEST REGION",-37.82948833,144.9711029,"Dry","Clear"
"T20190023046","19/11/19",14:40:00,"Collision with vehicle","Tuesday","Day",2,2,"Not at intersection",3,60,"MORELAND","METROPOLITAN NORTH WEST REGION",-37.77537713,144.9461719,"Dry","Clear"
"T20190023048","13/11/19",20:30:00,"Collision with vehicle","Wednesday","Dark Street lights unknown",2,2,"Cross intersection",3,50,"SHEPPARTON","NORTH EASTERN REGION",-36.38116659,145.3992922,"Dry","Not known"
"T20190023049","19/11/19",14:30:00,"Collision with vehicle","Tuesday","Day",3,2,"Not at intersection",3,60,"BANYULE","METROPOLITAN NORTH WEST REGION",-37.72140223,145.1133561,"Dry","Clear"
"T20190023050","19/11/19",10:00:00,"Vehicle overturned (no collision)","Tuesday","Day",1,1,"Not at intersection",3,100,"TOWONG","NORTH EASTERN REGION",-36.1761521,147.3387207,"Dry","Clear"
"T20190023053","19/11/19",15:30:00,"Struck Pedestrian","Tuesday","Day",1,2,"Not at intersection",3,40,"MORELAND","METROPOLITAN NORTH WEST REGION",-37.73411765,144.935262,"Dry","Clear"
"T20190023054","30/10/19",10:00:00,"Collision with vehicle","Wednesday","Day",3,3,"Not at intersection",3,40,"WYNDHAM","METROPOLITAN NORTH WEST REGION",-37.83923658,144.7471045,"Dry","Not known"
"T20190023059","19/11/19",17:35:00,"Struck Pedestrian","Tuesday","Day",1,2,"T intersection",3,60,"MOONEE VALLEY","METROPOLITAN NORTH WEST REGION",-37.778559,144.9128031,"Dry","Clear"
"T20190023062","19/11/19",15:40:00,"Collision with vehicle","Tuesday","Day",3,5,"Not at intersection",3,60,"DAREBIN","METROPOLITAN NORTH WEST REGION",-37.74092567,145.0327788,"Dry","Clear"
"T20190023065","19/11/19",18:10:00,"Collision with a fixed object","Tuesday","Day",1,1,"Y intersection",2,110,"WODONGA","NORTH EASTERN REGION",-36.10720206,146.9036795,"Dry","Clear"
"T20190023068","19/11/19",18:50:00,"Collision with vehicle","Tuesday","Day",2,2,"Not at intersection",3,50,"KINGSTON","METROPOLITAN SOUTH EAST REGION",-38.05903198,145.1229535,"Dry","Clear"
"T20190023069","19/11/19",15:48:00,"Collision with vehicle","Tuesday","Day",2,2,"Not at intersection",3,60,"WHITTLESEA","METROPOLITAN NORTH WEST REGION",-37.67849403,145.0141678,"Dry","Clear"
"T20190023070","19/11/19",17:58:00,"Collision with vehicle","Tuesday","Day",2,2,"T intersection",3,30,"PORT PHILLIP","METROPOLITAN NORTH WEST REGION",-37.86789446,144.9791144,"Dry","Clear"
"T20190023078","19/11/19",16:30:00,"Collision with vehicle","Tuesday","Day",3,3,"Cross intersection",3,60,"GEELONG","SOUTH WESTERN REGION",-38.01214247,144.4654926,"Dry","Not known"
"T20190023079","19/11/19",15:06:00,"Collision with a fixed object","Tuesday","Day",1,1,"Not at intersection",2,100,"CARDINIA","METROPOLITAN SOUTH EAST REGION",-38.22826242,145.5813705,"Dry","Clear"
"T20190023080","11/11/19",11:00:00,"Vehicle overturned (no collision)","Monday","Day",1,1,"Cross intersection",3,50,"MELBOURNE","METROPOLITAN NORTH WEST REGION",-37.81693249,144.9615823,"Dry","Clear"
"T20190023082","19/11/19",17:25:00,"Struck Pedestrian","Tuesday","Day",1,2,"Cross intersection",3,50,"HUME","METROPOLITAN NORTH WEST REGION",-37.57185651,144.9116348,"Dry","Clear"
"T20190023083","2/11/19",13:50:00,"Collision with vehicle","Saturday","Unknown",2,2,"Not at intersection",3,60,"MARIBYRNONG","METROPOLITAN NORTH WEST REGION",-37.80302318,144.8912814,"Unknown","Not known"
"T20190023085","19/11/19",21:10:00,"Collision with vehicle","Tuesday","Dark No street lights",2,4,"T intersection",2,60,"HUME","METROPOLITAN NORTH WEST REGION",-37.63582802,144.9230238,"Dry","Clear"
"T20190023086","19/11/19",18:30:00,"Collision with vehicle","Tuesday","Unknown",2,3,"T intersection",3,60,"HUME","METROPOLITAN NORTH WEST REGION",-37.62949091,144.9168513,"Unknown","Not known"
"T20190023087","19/11/19",14:45:00,"Collision with vehicle","Tuesday","Day",2,2,"Cross intersection",3,50,"SHEPPARTON","NORTH EASTERN REGION",-36.37456971,145.4047421,"Dry","Clear"
"T20190023092","19/11/19",22:00:00,"Collision with a fixed object","Tuesday","Dark Street lights off",1,1,"Unknown",3,80,"BALLARAT","WESTERN REGION",-37.57774805,143.9114609,"Dry","Clear"
"T20190023093","19/11/19",21:13:00,"Collision with vehicle","Tuesday","Dark Street lights on",2,1,"T intersection",3,50,"HOBSONS BAY","METROPOLITAN NORTH WEST REGION",-37.84665836,144.8943903,"Dry","Clear"