"ACCIDENT_NO","ACCIDENTDATE","ACCIDENTTIME","Accident Type Desc","Day Week Description","Light Condition Desc","NO_OF_VEHICLES","NO_PERSONS","Road Geometry Desc","SEVERITY","SPEED_ZONE","LGA_NAME","REGION_NAME","Lat","Long","Surface Cond Desc","Atmosph Cond Desc"
"T20190023094","19/11/19",18:35:00,"Collision with vehicle","Tuesday","Day",2,2,"T intersection",3,50,"MELBOURNE","METROPOLITAN NORTH WEST REGION",-37.81012486,144.9809361,"Dry","Clear"
"T20190023095","18/11/19",15:00:00,"Struck Pedestrian","Monday","Day",1,2,"T intersection",3,40,"DANDENONG","METROPOLITAN SOUTH EAST REGION",-37.95187117,145.1523559,"Dry","Clear"
"T20190023096","19/11/19",16:10:00,"Collision with vehicle","Tuesday","Day",2,2,"Not at intersection",3,999,"WHITTLESEA","METROPOLITAN NORTH WEST REGION",-37.64976484,145.0722976,"Dry","Clear"
"T20190023099","19/11/19",22:10:00,"Collision with vehicle","Tuesday","Dark Street lights on",2,2,"Cross intersection",3,80,"FRANKSTON","METROPOLITAN SOUTH EAST REGION",-38.08594059,145.1833866,"Dry","Clear"
"T20190023106","26/10/19",14:30:00,"Struck Pedestrian","Saturday","Day",1,2,"T intersection",3,999,"MELBOURNE","METROPOLITAN NORTH WEST REGION",-37.81433531,144.9664823,"Unknown","Clear"
"T20190023109","16/10/19",21:15:00,"Collision with a fixed object","Wednesday","Dark No street lights",1,1,"Not at intersection",3,80,"YARRA RANGES","METROPOLITAN SOUTH EAST REGION",-37.68731246,145.3764746,"Wet","Clear"
"T20190023110","4/11/19",18:30:00,"Vehicle overturned (no collision)","Monday","Day",1,1,"T intersection",3,80,"SHEPPARTON","NORTH EASTERN REGION",-36.61619861,145.1318876,"Wet","Raining"
"T20190023111","20/11/19",07:22:00,"Collision with vehicle","Wednesday","Day",2,3,"Cross intersection",3,100,"SURF COAST","SOUTH WESTERN REGION",-38.21981273,144.2163686,"Dry","Clear"
"T20190023112","20/11/19",08:50:00,"Struck Pedestrian","Wednesday","Day",1,2,"T intersection",3,40,"MELBOURNE","METROPOLITAN NORTH WEST REGION",-37.81261739,144.9725328,"Dry","Clear"
"T20190023116","20/11/19",08:20:00,"Collision with vehicle","Wednesday","Day",2,3,"Cross intersection",3,40,"MELBOURNE","METROPOLITAN NORTH WEST REGION",-37.81104541,144.9504321,"Dry","Clear"
"T20190023120","20/11/19",06:55:00,"Collision with vehicle","Wednesday","Day",2,2,"T intersection",3,60,"WYNDHAM","METROPOLITAN NORTH WEST REGION",-37.83755437,144.7246233,"Dry","Clear"
"T20190023122","19/11/19",16:21:00,"Collision with a fixed object","Tuesday","Day",1,1,"Not at intersection",3,50,"KNOX","METROPOLITAN SOUTH EAST REGION",-37.84801755,145.255913,"Dry","Clear"
"T20190023123","20/11/19",08:55:00,"Collision with vehicle","Wednesday","Day",2,2,"T intersection",3,999,"WHITEHORSE","METROPOLITAN SOUTH EAST REGION",-37.81657733,145.1501797,"Dry","Clear"
"T20190023124","20/11/19",08:15:00,"Collision with vehicle","Wednesday","Day",3,3,"Not at intersection",3,999,"BRIMBANK","METROPOLITAN NORTH WEST REGION",-37.74780266,144.8369453,"Dry","Clear"
"T20190023128","19/11/19",16:55:00,"Collision with a fixed object","Tuesday","Day",1,1,"Not at intersection",3,60,"YARRA RANGES","METROPOLITAN SOUTH EAST REGION",-37.88681225,145.6212654,"Dry","Clear"
"T20190023129","29/10/19",19:25:00,"Vehicle overturned (no collision)","Tuesday","Day",1,1,"Not at intersection",3,50,"YARRA","METROPOLITAN NORTH WEST REGION",-37.81879087,144.9991341,"Dry","Clear"
"T20190023130","20/11/19",07:00:00,"Collision with a fixed object","Wednesday","Day",1,2,"Not at intersection",3,80,"BASS COAST","EASTERN REGION",-38.51852464,145.3240526,"Dry","Clear"
"T20190023131","20/11/19",08:00:00,"Fall from or in moving vehicle","Wednesday","Day",1,1,"Y intersection",3,60,"MELBOURNE","METROPOLITAN NORTH WEST REGION",-37.79332046,144.9646076,"Dry","Clear"
"T20190023134","20/11/19",08:30:00,"Collision with vehicle","Wednesday","Day",2,2,"Cross intersection",3,60,"KINGSTON","METROPOLITAN SOUTH EAST REGION",-37.96766136,145.0741397,"Dry","Clear"
"T20190023135","15/11/19",17:17:00,"Collision with a fixed object","Friday","Day",1,1,"Not at intersection",3,100,"WANGARATTA","NORTH EASTERN REGION",-36.42949094,146.2682529,"Dry","Clear"
"T20190023136","20/11/19",07:10:00,"Collision with vehicle","Wednesday","Day",2,2,"Cross intersection",3,70,"WYNDHAM","METROPOLITAN NORTH WEST REGION",-37.84637597,144.669466,"Dry","Clear"
"T20190023137","20/11/19",12:17:00,"Collision with vehicle","Wednesday","Day",2,2,"T intersection",3,80,"WHITTLESEA","METROPOLITAN NORTH WEST REGION",-37.52586549,145.1124752,"Dry","Clear"
"T20190023138","20/11/19",10:51:00,"Collision with vehicle","Wednesday","Day",3,7,"Not at intersection",2,50,"GLEN EIRA","METROPOLITAN SOUTH EAST REGION",-37.88173735,144.9970824,"Dry","Clear"
"T20190023140","11/7/19",15:30:00,"Collision with vehicle","Thursday","Day",3,3,"Not at intersection",3,999,"DAREBIN","METROPOLITAN NORTH WEST REGION",-37.75048983,145.0019469,"Dry","Clear"
"T20190023141","20/11/19",14:00:00,"Collision with vehicle","Wednesday","Day",2,2,"T intersection",3,80,"HUME","METROPOLITAN NORTH WEST REGION",-37.6341423,144.8760502,"Dry","Clear"
"T20190023142","19/11/19",17:15:00,"Collision with vehicle","Tuesday","Day",2,6,"Not at intersection",3,60,"WYNDHAM","METROPOLITAN NORTH WEST REGION",-37.88383817,144.6473388,"Dry","Clear"
"T20190023143","20/11/19",08:20:00,"Collision with vehicle","Wednesday","Day",2,2,"T intersection",2,999,"WHITTLESEA","METROPOLITAN NORTH WEST REGION",-37.6099648,145.0249819,"Dry","Not known"
"T20190023146","20/11/19",06:45:00,"Collision with vehicle","Wednesday","Dusk/Dawn",2,2,"Multiple intersection",3,80,"MACEDON RANGES","NORTHERN REGION",-37.31857468,144.5275062,"Dry","Clear"
"T20190023147","14/11/19",14:35:00,"Struck Pedestrian","Thursday","Day",1,2,"T intersection",3,40,"MELBOURNE","METROPOLITAN NORTH WEST REGION",-37.81454921,144.9582724,"Dry","Clear"
"T20190023148","12/11/19",01:00:00,"Vehicle overturned (no collision)","Tuesday","Dark Street lights on",1,1,"Not at intersection",3,100,"MELTON","METROPOLITAN NORTH WEST REGION",-37.71894082,144.6438665,"Unknown","Not known"
"T20190023150","20/11/19",14:15:00,"Collision with a fixed object","Wednesday","Day",1,1,"Not at intersection",3,100,"DANDENONG","METROPOLITAN SOUTH EAST REGION",-37.94192396,145.2054429,"Dry","Clear"
"T20190023151","20/11/19",15:15:00,"Collision with vehicle","Wednesday","Day",2,2,"Not at intersection",3,70,"BENDIGO","NORTHERN REGION",-36.75947688,144.3168764,"Dry","Clear"
"T20190023152","19/11/19",16:10:00,"Collision with vehicle","Tuesday","Day",3,3,"T intersection",3,40,"BOROONDARA","METROPOLITAN SOUTH EAST REGION",-37.85884778,145.0664085,"Dry","Clear"
"T20190023154","20/11/19",12:25:00,"Collision with vehicle","Wednesday","Day",2,3,"Not at intersection",3,60,"WYNDHAM","METROPOLITAN NORTH WEST REGION",-37.8969871,144.7541078,"Dry","Clear"
"T20190023155","16/11/19",12:30:00,"Collision with vehicle","Saturday","Day",2,2,"Not at intersection",3,999,"GLENELG","SOUTH WESTERN REGION",-38.15291064,141.3491473,"Muddy","Not known"
"T20190023156","20/11/19",15:00:00,"Collision with vehicle","Wednesday","Day",2,2,"T intersection",3,50,"CENTRAL GOLDFIELDS","WESTERN REGION",-37.04783927,143.7398446,"Dry","Clear"
"T20190023157","20/11/19",15:00:00,"Collision with vehicle","Wednesday","Day",2,2,"Cross intersection",3,60,"WYNDHAM","METROPOLITAN NORTH WEST REGION",-37.8298264,144.6540159,"Dry","Clear"
"T20190023158","20/11/19",15:44:00,"Collision with vehicle","Wednesday","Day",3,3,"Not at intersection",3,100,"HUME","METROPOLITAN NORTH WEST REGION",-37.69425964,144.9153146,"Dry","Clear"
"T20190023159","8/11/19",19:05:00,"Vehicle overturned (no collision)","Friday","Dark Street lights on",1,1,"Not at intersection",3,30,"MELBOURNE","METROPOLITAN NORTH WEST REGION",-37.81242349,144.9540735,"Wet","Not known"
"T20190023160","20/11/19",16:05:00,"Struck Pedestrian","Wednesday","Day",1,2,"Not at intersection",3,40,"BRIMBANK","METROPOLITAN NORTH WEST REGION",-37.78489472,144.8228015,"Dry","Clear"
"T20190023162","20/11/19",14:05:00,"Vehicle overturned (no collision)","Wednesday","Day",1,1,"Not at intersection",3,80,"BALLARAT","WESTERN REGION",-37.48001245,143.8335473,"Dry","Clear"
"T20190023163","20/11/19",11:22:00,"Collision with vehicle","Wednesday","Day",2,2,"T intersection",3,70,"WYNDHAM","METROPOLITAN NORTH WEST REGION",-37.89912654,144.6435167,"Dry","Clear"
"T20190023164","20/11/19",13:30:00,"Collision with vehicle","Wednesday","Day",2,2,"Not at intersection",3,100,"MONASH","METROPOLITAN SOUTH EAST REGION",-37.89447819,145.1429906,"Unknown","Clear"
"T20190023165","20/11/19",09:30:00,"Collision with vehicle","Wednesday","Day",2,2,"T intersection",1,60,"YARRA RANGES","METROPOLITAN SOUTH EAST REGION",-37.78191575,145.4275547,"Dry","Clear"
"T20190023166","19/11/19",22:42:00,"Collision with vehicle","Tuesday","Dark Street lights on",2,2,"Cross intersection",3,60,"BRIMBANK","METROPOLITAN NORTH WEST REGION",-37.78842081,144.8245913,"Dry","Clear"
"T20190023168","20/11/19",15:22:00,"Collision with vehicle","Wednesday","Day",4,6,"Not at intersection",3,60,"PORT PHILLIP","METROPOLITAN NORTH WEST REGION",-37.88083824,144.9951215,"Dry","Clear"
"T20190023169","8/11/19",15:00:00,"Collision with vehicle","Friday","Day",2,5,"Cross intersection",3,60,"BOROONDARA","METROPOLITAN SOUTH EAST REGION",-37.81289262,145.0280227,"Wet","Raining"
"T20190023170","16/11/19",11:37:00,"Collision with vehicle","Saturday","Day",2,2,"Cross intersection",3,60,"GEELONG","SOUTH WESTERN REGION",-38.19625166,144.3477756,"Dry","Clear"
"T20190023171","20/11/19",16:15:00,"Collision with a fixed object","Wednesday","Day",1,1,"Not at intersection",3,100,"WELLINGTON","EASTERN REGION",-37.93699357,147.1593029,"Dry","Clear"
"T20190023172","20/11/19",17:10:00,"Collision with vehicle","Wednesday","Day",2,2,"T intersection",3,80,"BAW BAW","EASTERN REGION",-38.04738075,145.9562223,"Dry","Clear"
"T20190023173","1/11/19",16:50:00,"Collision with vehicle","Friday","Day",2,3,"Cross intersection",3,80,"CARDINIA","METROPOLITAN SOUTH EAST REGION",-38.06628046,145.4672794,"Unknown","Not known"
"T20190023174","20/11/19",16:30:00,"Collision with vehicle","Wednesday","Day",2,2,"T intersection",3,60,"MELTON","METROPOLITAN NORTH WEST REGION",-37.71029619,144.7423028,"Dry","Clear"
"T20190023175","20/11/19",17:03:00,"Collision with vehicle","Wednesday","Day",2,3,"T intersection",3,60,"BOROONDARA","METROPOLITAN SOUTH EAST REGION",-37.8186459,145.0986705,"Dry","Clear"
"T20190023176","20/11/19",18:45:00,"Collision with vehicle","Wednesday","Dusk/Dawn",2,2,"Not at intersection",3,40,"MELBOURNE","METROPOLITAN NORTH WEST REGION",-37.80961341,144.971421,"Dry","Clear"
"T20190023178","20/11/19",16:04:00,"Collision with vehicle","Wednesday","Day",2,2,"Cross intersection",3,50,"HUME","METROPOLITAN NORTH WEST REGION",-37.66980468,144.885354,"Dry","Clear"
"T20190023179","20/11/19",18:40:00,"Collision with vehicle","Wednesday","Day",2,2,"T intersection",3,50,"DAREBIN","METROPOLITAN NORTH WEST REGION",-37.73966317,144.9964093,"Dry","Clear"
"T20190023187","20/11/19",18:40:00,"Struck Pedestrian","Wednesday","Day",1,2,"T intersection",2,50,"DANDENONG","METROPOLITAN SOUTH EAST REGION",-37.98700069,145.1612659,"Dry","Clear"
"T20190023189","20/11/19",16:22:00,"Collision with vehicle","Wednesday","Day",2,2,"Not at intersection",3,70,"GEELONG","SOUTH WESTERN REGION",-38.11048457,144.3256263,"Dry","Clear"
"T20190023190","20/11/19",18:39:00,"Struck Pedestrian","Wednesday","Day",1,3,"T intersection",3,60,"BOROONDARA","METROPOLITAN SOUTH EAST REGION",-37.8033264,145.0404089,"Dry","Clear"
"T20190023191","20/11/19",14:00:00,"Collision with vehicle","Wednesday","Day",2,2,"Not at intersection",3,60,"DAREBIN","METROPOLITAN NORTH WEST REGION",-37.75233814,145.0290487,"Dry","Clear"
"T20190023192","20/11/19",18:40:00,"Collision with vehicle","Wednesday","Day",2,2,"Cross intersection",3,60,"CASEY","METROPOLITAN SOUTH EAST REGION",-38.05992905,145.3384486,"Dry","Clear"
"T20190023197","20/11/19",22:04:00,"Collision with a fixed object","Wednesday","Dark No street lights",1,1,"Not at intersection",2,100,"SHEPPARTON","NORTH EASTERN REGION",-36.24315906,145.4865261,"Dry","Clear"
"T20190023198","20/11/19",21:37:00,"Collision with a fixed object","Wednesday","Dark Street lights on",1,8,"T intersection",3,50,"HUME","METROPOLITAN NORTH WEST REGION",-37.66299895,144.9326337,"Dry","Clear"
"T20190023200","20/11/19",23:16:00,"Collision with vehicle","Wednesday","Dark Street lights on",4,4,"Not at intersection",3,60,"GLEN EIRA","METROPOLITAN SOUTH EAST REGION",-37.89419761,145.0134249,"Dry","Not known"
"T20190023202","20/11/19",04:00:00,"Collision with a fixed object","Wednesday","Dark Street lights on",1,1,"Not at intersection",3,50,"HOBSONS BAY","METROPOLITAN NORTH WEST REGION",-37.87602093,144.7860926,"Dry","Clear"
"T20190023207","21/11/19",05:10:00,"Collision with vehicle","Thursday","Dusk/Dawn",2,3,"Not at intersection",2,60,"DAREBIN","METROPOLITAN NORTH WEST REGION",-37.73983837,145.0107213,"Dry","Clear"
"T20190023209","3/11/19",12:30:00,"Collision with vehicle","Sunday","Day",2,2,"T intersection",3,50,"WHITEHORSE","METROPOLITAN SOUTH EAST REGION",-37.82087517,145.1940424,"Dry","Clear"
"T20190023211","11/10/19",15:15:00,"Collision with vehicle","Friday","Day",3,3,"Not at intersection",3,80,"KNOX","METROPOLITAN SOUTH EAST REGION",-37.87329979,145.2481501,"Dry","Clear"
"T20190023214","21/11/19",06:15:00,"Collision with a fixed object","Thursday","Dusk/Dawn",1,1,"Not at intersection",2,100,"MANSFIELD","NORTH EASTERN REGION",-37.02872454,145.9360391,"Dry","Clear"
"T20190023217","15/11/19",17:45:00,"Collision with vehicle","Friday","Day",3,3,"T intersection",3,80,"KINGSTON","METROPOLITAN SOUTH EAST REGION",-37.93416085,145.0431561,"Dry","Clear"
"T20190023218","20/11/19",09:40:00,"Collision with vehicle","Wednesday","Day",2,2,"T intersection",3,70,"DAREBIN","METROPOLITAN NORTH WEST REGION",-37.75434463,144.9941371,"Dry","Clear"
"T20190023220","18/11/19",14:25:00,"Collision with a fixed object","Monday","Day",1,1,"Not at intersection",3,80,"GEELONG","SOUTH WESTERN REGION",-38.09973694,144.3548548,"Dry","Clear"
"T20190023221","21/11/19",10:01:00,"Collision with vehicle","Thursday","Day",2,2,"Cross intersection",3,80,"CARDINIA","METROPOLITAN SOUTH EAST REGION",-38.06298519,145.4373843,"Dry","Clear"
"T20190023222","21/11/19",10:30:00,"Collision with vehicle","Thursday","Day",2,2,"Not at intersection",3,50,"GEELONG","SOUTH WESTERN REGION",-38.07019236,144.374776,"Dry","Clear"
"T20190023229","21/11/19",12:00:00,"collision with some other object","Thursday","Day",1,2,"Unknown",3,100,"MITCHELL","NORTHERN REGION",-37.09561906,145.1397329,"Dry","Strong winds"
"T20190023231","17/11/19",14:30:00,"Vehicle overturned (no collision)","Sunday","Day",1,1,"Not at intersection",3,999,"MANSFIELD","NORTH EASTERN REGION",-37.0633204,146.3644352,"Unknown","Not known"
"T20190023232","31/10/19",08:43:00,"Collision with vehicle","Thursday","Day",2,4,"Cross intersection",3,60,"BANYULE","METROPOLITAN NORTH WEST REGION",-37.70316104,145.0897624,"Dry","Clear"
"T20190023233","21/11/19",09:00:00,"Struck Pedestrian","Thursday","Day",1,2,"T intersection",3,60,"MONASH","METROPOLITAN SOUTH EAST REGION",-37.87609197,145.1289972,"Dry","Clear"
"T20190023235","21/11/19",07:54:00,"Collision with vehicle","Thursday","Dusk/Dawn",2,2,"Cross intersection",3,60,"MELBOURNE","METROPOLITAN NORTH WEST REGION",-37.80904638,144.9461374,"Dry","Clear"
"T20190023235","21/11/19",07:54:00,"Collision with vehicle","Thursday","Dusk/Dawn",2,2,"Cross intersection",3,60,"MELBOURNE","METROPOLITAN NORTH WEST REGION",-37.80904638,144.9461374,"Dry","Strong winds"
"T20190023238","30/9/19",14:30:00,"Collision with vehicle","Monday","Day",2,2,"T intersection",3,90,"YARRA RANGES","METROPOLITAN SOUTH EAST REGION",-37.77578674,145.4882456,"Dry","Clear"
"T20190023239","20/11/19",17:20:00,"Collision with vehicle","Wednesday","Day",4,4,"T intersection",3,60,"CASEY","METROPOLITAN SOUTH EAST REGION",-38.03578999,145.342933,"Dry","Clear"
"T20190023244","21/11/19",06:20:00,"Collision with vehicle","Thursday","Dusk/Dawn",2,2,"Cross intersection",3,70,"KNOX","METROPOLITAN SOUTH EAST REGION",-37.84792539,145.2289562,"Dry","Clear"
"T20190023247","29/10/19",16:30:00,"Collision with vehicle","Tuesday","Day",2,2,"T intersection",3,80,"MONASH","METROPOLITAN SOUTH EAST REGION",-37.9044846,145.1115629,"Dry","Clear"
"T20190023249","21/11/19",14:29:00,"Collision with vehicle","Thursday","Day",2,5,"T intersection",3,60,"DANDENONG","METROPOLITAN SOUTH EAST REGION",-37.97618624,145.1662143,"Dry","Clear"
"T20190023249","21/11/19",14:29:00,"Collision with vehicle","Thursday","Day",2,5,"T intersection",3,60,"DANDENONG","METROPOLITAN SOUTH EAST REGION",-37.97618624,145.1662143,"Dry","Strong winds"
"T20190023250","21/11/19",14:15:00,"Collision with vehicle","Thursday","Day",3,9,"Cross intersection",3,100,"MOORABOOL","WESTERN REGION",-37.49902745,143.9738321,"Dry","Dust"
"T20190023250","21/11/19",14:15:00,"Collision with vehicle","Thursday","Day",3,9,"Cross intersection",3,100,"MOORABOOL","WESTERN REGION",-37.49902745,143.9738321,"Dry","Strong winds"
"T20190023253","21/11/19",10:30:00,"Collision with vehicle","Thursday","Day",3,3,"T intersection",3,80,"KNOX","METROPOLITAN SOUTH EAST REGION",-37.92502584,145.2854358,"Dry","Clear"
"T20190023254","18/11/19",17:00:00,"Collision with vehicle","Monday","Day",2,3,"T intersection",3,60,"MARIBYRNONG","METROPOLITAN NORTH WEST REGION",-37.79577114,144.8627541,"Dry","Clear"
"T20190023256","21/11/19",16:15:00,"Collision with vehicle","Thursday","Day",2,2,"Not at intersection",3,50,"BANYULE","METROPOLITAN NORTH WEST REGION",-37.70530299,145.10059,"Dry","Dust"
"T20190023256","21/11/19",16:15:00,"Collision with vehicle","Thursday","Day",2,2,"Not at intersection",3,50,"BANYULE","METROPOLITAN NORTH WEST REGION",-37.70530299,145.10059,"Dry","Strong winds"
"T20190023259","9/11/19",22:30:00,"Collision with vehicle","Saturday","Dark Street lights on",2,6,"Cross intersection",3,60,"BENDIGO","NORTHERN REGION",-36.76142368,144.2833852,"Dry","Not known"
"T20190023264","21/11/19",17:50:00,"Collision with vehicle","Thursday","Day",3,3,"Not at intersection",3,60,"STONNINGTON","METROPOLITAN SOUTH EAST REGION",-37.85587186,145.0235363,"Dry","Clear"
"T20190023265","11/11/19",12:40:00,"Collision with vehicle","Monday","Unknown",2,2,"T intersection",3,70,"MONASH","METROPOLITAN SOUTH EAST REGION",-37.89050386,145.1449419,"Dry","Clear"
"T20190023267","21/11/19",17:20:00,"Collision with vehicle","Thursday","Day",2,2,"Cross intersection",3,60,"MONASH","METROPOLITAN SOUTH EAST REGION",-37.88066622,145.0930036,"Dry","Clear"
"T20190023269","21/11/19",15:23:00,"Struck Pedestrian","Thursday","Day",1,3,"Cross intersection",3,60,"MORELAND","METROPOLITAN NORTH WEST REGION",-37.76998952,144.9484947,"Dry","Clear"
"T20190023270","27/10/19",11:20:00,"Collision with vehicle","Sunday","Day",2,2,"Not at intersection",3,50,"YARRA","METROPOLITAN NORTH WEST REGION",-37.8000985,144.9955847,"Dry","Clear"
"T20190023272","18/10/19",11:00:00,"Collision with vehicle","Friday","Day",2,2,"Not at intersection",3,999,"CASEY","METROPOLITAN SOUTH EAST REGION",-38.045194,145.2538316,"Unknown","Not known"
"T20190023274","21/11/19",16:50:00,"Collision with vehicle","Thursday","Day",3,4,"Not at intersection",1,80,"CARDINIA","METROPOLITAN SOUTH EAST REGION",-38.08735827,145.4323099,"Dry","Clear"
"T20190023277","21/11/19",15:00:00,"Collision with vehicle","Thursday","Day",2,2,"Not at intersection",3,60,"NILLUMBIK","METROPOLITAN NORTH WEST REGION",-37.71189765,145.1332582,"Dry","Dust"
"T20190023278","21/11/19",17:20:00,"Collision with vehicle","Thursday","Day",2,2,"Cross intersection",3,60,"MELBOURNE","METROPOLITAN NORTH WEST REGION",-37.80414375,144.9594865,"Dry","Clear"
"T20190023279","30/10/19",12:10:00,"Collision with vehicle","Wednesday","Day",2,2,"Cross intersection",3,50,"WELLINGTON","EASTERN REGION",-38.10524058,147.0654722,"Dry","Clear"
"T20190023280","21/11/19",18:47:00,"Collision with vehicle","Thursday","Dusk/Dawn",2,6,"T intersection",3,70,"FRANKSTON","METROPOLITAN SOUTH EAST REGION",-38.10072919,145.1827193,"Dry","Clear"
"T20190023281","21/11/19",20:00:00,"Collision with a fixed object","Thursday","Dusk/Dawn",1,2,"Not at intersection",3,50,"GEELONG","SOUTH WESTERN REGION",-38.15263226,144.3343825,"Dry","Clear"
"T20190023289","21/11/19",16:16:00,"Collision with a fixed object","Thursday","Day",1,3,"Not at intersection",1,50,"PORT PHILLIP","METROPOLITAN NORTH WEST REGION",-37.87838756,144.983339,"Dry","Clear"
"T20190023293","21/11/19",13:15:00,"Collision with vehicle","Thursday","Day",2,3,"Cross intersection",3,50,"DANDENONG","METROPOLITAN SOUTH EAST REGION",-38.04143592,145.218445,"Dry","Clear"
"T20190023293","21/11/19",13:15:00,"Collision with vehicle","Thursday","Day",2,3,"Cross intersection",3,50,"DANDENONG","METROPOLITAN SOUTH EAST REGION",-38.04143592,145.218445,"Dry","Strong winds"
"T20190023297","22/11/19",06:20:00,"Collision with vehicle","Friday","Dusk/Dawn",2,2,"Not at intersection",3,40,"BALLARAT","WESTERN REGION",-37.54525474,143.8235428,"Dry","Clear"
"T20190023298","24/10/19",23:50:00,"Collision with vehicle","Thursday","Dark Street lights on",2,2,"Cross intersection",3,80,"KNOX","METROPOLITAN SOUTH EAST REGION",-37.92798968,145.2328381,"Dry","Clear"
"T20190023300","22/11/19",08:00:00,"Collision with vehicle","Friday","Day",2,2,"Cross intersection",3,999,"DAREBIN","METROPOLITAN NORTH WEST REGION",-37.77160052,145.0182134,"Dry","Clear"
"T20190023301","17/11/19",11:00:00,"collision with some other object","Sunday","Day",1,1,"Not at intersection",3,888,"COLAC OTWAY","SOUTH WESTERN REGION",-38.50355662,143.7694113,"Wet","Clear"
"T20190023304","22/11/19",07:58:00,"Collision with vehicle","Friday","Day",2,2,"Not at intersection",3,100,"MONASH","METROPOLITAN SOUTH EAST REGION",-37.90427753,145.1542454,"Dry","Clear"
"T20190023306","22/11/19",08:35:00,"Collision with vehicle","Friday","Day",2,3,"Cross intersection",3,60,"DANDENONG","METROPOLITAN SOUTH EAST REGION",-37.96580069,145.1798583,"Dry","Clear"
"T20190023307","22/11/19",05:58:00,"Collision with vehicle","Friday","Dark No street lights",2,2,"T intersection",3,70,"KNOX","METROPOLITAN SOUTH EAST REGION",-37.84203986,145.286861,"Dry","Clear"
"T20190023308","10/11/19",07:30:00,"Collision with a fixed object","Sunday","Day",1,1,"Not at intersection",3,60,"MELBOURNE","METROPOLITAN NORTH WEST REGION",-37.82295387,144.9757968,"Dry","Not known"
"T20190023309","22/11/19",08:45:00,"Struck Pedestrian","Friday","Day",1,2,"Cross intersection",3,50,"GLEN EIRA","METROPOLITAN SOUTH EAST REGION",-37.88706955,145.0043904,"Dry","Clear"
"T20190023310","22/11/19",07:30:00,"Collision with vehicle","Friday","Day",2,2,"Cross intersection",3,100,"CAMPASPE","NORTHERN REGION",-36.27120124,144.5629316,"Dry","Clear"
"T20190023312","20/11/19",12:53:00,"Collision with vehicle","Wednesday","Day",2,2,"Cross intersection",3,50,"BALLARAT","WESTERN REGION",-37.56261236,143.8440629,"Dry","Clear"
"T20190023316","28/10/19",16:00:00,"Collision with vehicle","Monday","Day",2,3,"Not at intersection",3,80,"DANDENONG","METROPOLITAN SOUTH EAST REGION",-38.06942275,145.1969625,"Dry","Clear"
"T20190023319","22/11/19",10:10:00,"Collision with vehicle","Friday","Day",2,2,"T intersection",3,50,"CASEY","METROPOLITAN SOUTH EAST REGION",-38.03128623,145.353705,"Dry","Clear"
"T20190023321","4/11/19",13:15:00,"Collision with vehicle","Monday","Day",2,2,"Cross intersection",3,999,"FRANKSTON","METROPOLITAN SOUTH EAST REGION",-38.18004655,145.1854979,"Unknown","Not known"
"T20190023325","22/11/19",10:30:00,"Collision with vehicle","Friday","Day",2,3,"Cross intersection",3,60,"BENDIGO","NORTHERN REGION",-36.75556864,144.2842021,"Dry","Clear"
"T20190023326","25/10/19",14:00:00,"Vehicle overturned (no collision)","Friday","Day",1,1,"Not at intersection",3,999,"INDIGO","NORTH EASTERN REGION",-36.27509943,146.6501197,"Dry","Clear"
"T20190023328","22/11/19",12:30:00,"Collision with vehicle","Friday","Day",2,4,"Not at intersection",3,50,"HUME","METROPOLITAN NORTH WEST REGION",-37.6896975,144.9261211,"Dry","Clear"
"T20190023335","13/11/19",13:20:00,"Collision with vehicle","Wednesday","Day",2,2,"Multiple intersection",3,999,"MOONEE VALLEY","METROPOLITAN NORTH WEST REGION",-37.71323334,144.890218,"Unknown","Not known"
"T20190023336","22/11/19",07:30:00,"Collision with vehicle","Friday","Dusk/Dawn",2,2,"Cross intersection",3,60,"WYNDHAM","METROPOLITAN NORTH WEST REGION",-37.86938031,144.6098177,"Dry","Clear"
"T20190023338","22/11/19",09:40:00,"Struck Pedestrian","Friday","Day",1,2,"Not at intersection",3,60,"YARRA","METROPOLITAN NORTH WEST REGION",-37.79990025,144.99355,"Dry","Clear"
"T20190023339","22/11/19",11:25:00,"Collision with vehicle","Friday","Day",2,2,"Cross intersection",3,80,"KNOX","METROPOLITAN SOUTH EAST REGION",-37.84806057,145.2288509,"Dry","Not known"
"T20190023340","22/11/19",12:05:00,"Collision with vehicle","Friday","Day",2,2,"Cross intersection",3,999,"DAREBIN","METROPOLITAN NORTH WEST REGION",-37.74373244,144.9891773,"Dry","Clear"
"T20190023341","22/11/19",12:50:00,"Vehicle overturned (no collision)","Friday","Day",1,2,"Not at intersection",3,110,"MITCHELL","NORTHERN REGION",-36.94785041,145.2080106,"Dry","Clear"
"T20190023342","22/11/19",11:29:00,"Struck Pedestrian","Friday","Day",1,2,"T intersection",3,60,"MELBOURNE","METROPOLITAN NORTH WEST REGION",-37.80181337,144.9574467,"Dry","Clear"
"T20190023344","22/11/19",08:45:00,"Collision with vehicle","Friday","Day",2,4,"T intersection",3,999,"MOONEE VALLEY","METROPOLITAN NORTH WEST REGION",-37.73974902,144.9284318,"Dry","Clear"