"ACCIDENT_NO","ACCIDENTDATE","ACCIDENTTIME","Accident Type Desc","Day Week Description","Light Condition Desc","NO_OF_VEHICLES","NO_PERSONS","Road Geometry Desc","SEVERITY","SPEED_ZONE","LGA_NAME","REGION_NAME","Lat","Long","Surface Cond Desc","Atmosph Cond Desc"
"T20190023345","22/11/19",15:00:00,"Collision with vehicle","Friday","Day",3,3,"Cross intersection",3,60,"GEELONG","SOUTH WESTERN REGION",-38.07903766,144.3472213,"Dry","Clear"
"T20190023348","22/11/19",16:35:00,"collision with some other object","Friday","Day",1,1,"Not at intersection",3,100,"LATROBE","EASTERN REGION",-38.23799745,146.5083698,"Wet","Raining"
"T20190023348","22/11/19",16:35:00,"collision with some other object","Friday","Day",1,1,"Not at intersection",3,100,"LATROBE","EASTERN REGION",-38.23799745,146.5083698,"Wet","Strong winds"
"T20190023349","21/11/19",12:15:00,"Collision with vehicle","Thursday","Day",2,2,"Not at intersection",3,60,"MOONEE VALLEY","METROPOLITAN NORTH WEST REGION",-37.74355983,144.9096887,"Dry","Not known"
"T20190023350","22/11/19",15:48:00,"Collision with vehicle","Friday","Day",2,2,"Cross intersection",3,60,"MELBOURNE","METROPOLITAN NORTH WEST REGION",-37.80578708,144.9551543,"Dry","Clear"
"T20190023351","22/11/19",13:30:00,"Collision with vehicle","Friday","Day",2,2,"Cross intersection",3,60,"BENDIGO","NORTHERN REGION",-36.705802,144.3215476,"Dry","Clear"
"T20190023355","24/10/19",04:58:00,"Collision with vehicle","Thursday","Dark Street lights on",3,4,"Not at intersection",3,100,"BRIMBANK","METROPOLITAN NORTH WEST REGION",-37.72348146,144.8651529,"Dry","Clear"
"T20190023358","22/11/19",15:32:00,"Collision with vehicle","Friday","Day",2,2,"Cross intersection",3,40,"STONNINGTON","METROPOLITAN SOUTH EAST REGION",-37.83832108,144.9865245,"Dry","Not known"
"T20190023359","22/11/19",15:30:00,"Collision with vehicle","Friday","Day",3,5,"Cross intersection",3,100,"CARDINIA","METROPOLITAN SOUTH EAST REGION",-38.07564606,145.7149392,"Dry","Clear"
"T20190023360","22/11/19",17:20:00,"Collision with vehicle","Friday","Day",2,2,"Cross intersection",3,50,"BOROONDARA","METROPOLITAN SOUTH EAST REGION",-37.81712298,145.0823721,"Dry","Clear"
"T20190023361","22/11/19",16:27:00,"Collision with vehicle","Friday","Day",2,2,"Cross intersection",3,60,"KNOX","METROPOLITAN SOUTH EAST REGION",-37.86273778,145.2882088,"Dry","Clear"
"T20190023363","22/11/19",14:10:00,"Collision with vehicle","Friday","Day",2,2,"Cross intersection",3,50,"BOROONDARA","METROPOLITAN SOUTH EAST REGION",-37.79427813,145.0934162,"Dry","Clear"
"T20190023364","22/11/19",17:40:00,"Collision with vehicle","Friday","Day",2,3,"T intersection",3,50,"BANYULE","METROPOLITAN NORTH WEST REGION",-37.70074914,145.0657909,"Dry","Clear"
"T20190023365","22/11/19",15:20:00,"Collision with a fixed object","Friday","Day",1,1,"Not at intersection",3,999,"CAMPASPE","NORTHERN REGION",-35.99477342,144.5134617,"Dry","Clear"
"T20190023366","22/11/19",17:15:00,"Collision with vehicle","Friday","Day",2,2,"T intersection",3,40,"WHITTLESEA","METROPOLITAN NORTH WEST REGION",-37.67187463,145.0176,"Dry","Clear"
"T20190023367","21/11/19",17:50:00,"Collision with vehicle","Thursday","Day",3,3,"Cross intersection",3,60,"KNOX","METROPOLITAN SOUTH EAST REGION",-37.83859557,145.2712074,"Unknown","Not known"
"T20190023368","22/11/19",17:41:00,"Collision with vehicle","Friday","Day",2,2,"Not at intersection",3,100,"WHITEHORSE","METROPOLITAN SOUTH EAST REGION",-37.7982316,145.1421687,"Dry","Clear"
"T20190023369","22/11/19",15:00:00,"Collision with vehicle","Friday","Day",2,1,"Not at intersection",3,50,"GLEN EIRA","METROPOLITAN SOUTH EAST REGION",-37.90856723,145.0433695,"Dry","Clear"
"T20190023371","22/11/19",17:55:00,"Collision with vehicle","Friday","Day",2,5,"Cross intersection",3,110,"MOUNT ALEXANDER","NORTHERN REGION",-37.07826607,144.3166825,"Dry","Clear"
"T20190023372","22/11/19",19:00:00,"Collision with vehicle","Friday","Day",3,3,"Not at intersection",3,60,"BRIMBANK","METROPOLITAN NORTH WEST REGION",-37.70522189,144.7788274,"Dry","Clear"
"T20190023374","15/11/19",17:30:00,"Collision with vehicle","Friday","Dusk/Dawn",2,2,"Not at intersection",3,80,"KINGSTON","METROPOLITAN SOUTH EAST REGION",-38.02315163,145.1356023,"Unknown","Not known"
"T20190023375","22/11/19",15:10:00,"Struck Pedestrian","Friday","Day",1,2,"Not at intersection",3,40,"MAROONDAH","METROPOLITAN SOUTH EAST REGION",-37.79316381,145.2297185,"Dry","Clear"
"T20190023376","22/11/19",08:00:00,"Collision with vehicle","Friday","Day",2,2,"Cross intersection",3,50,"DAREBIN","METROPOLITAN NORTH WEST REGION",-37.76065382,144.9929418,"Dry","Not known"
"T20190023378","22/11/19",19:23:00,"Collision with vehicle","Friday","Dusk/Dawn",2,2,"T intersection",3,40,"MELBOURNE","METROPOLITAN NORTH WEST REGION",-37.8147573,144.9614005,"Dry","Clear"
"T20190023379","22/11/19",20:09:00,"Collision with vehicle","Friday","Dark Street lights on",2,2,"Not at intersection",3,60,"MANNINGHAM","METROPOLITAN SOUTH EAST REGION",-37.77249863,145.2020496,"Dry","Clear"
"T20190023380","22/11/19",20:48:00,"Collision with vehicle","Friday","Dark Street lights on",5,1,"Not at intersection",3,50,"MANNINGHAM","METROPOLITAN SOUTH EAST REGION",-37.76241408,145.0903815,"Dry","Not known"
"T20190023383","22/11/19",15:39:00,"Struck Pedestrian","Friday","Day",1,3,"T intersection",3,50,"HOBSONS BAY","METROPOLITAN NORTH WEST REGION",-37.86971412,144.7870844,"Dry","Clear"
"T20190023385","22/11/19",22:05:00,"Collision with vehicle","Friday","Dark No street lights",2,4,"Cross intersection",3,100,"BENDIGO","NORTHERN REGION",-36.77112829,144.3993559,"Dry","Clear"
"T20190023386","23/11/19",00:30:00,"Collision with vehicle","Saturday","Dark Street lights on",2,5,"Cross intersection",3,50,"DAREBIN","METROPOLITAN NORTH WEST REGION",-37.75878598,144.9931331,"Dry","Clear"
"T20190023387","22/11/19",21:00:00,"Struck Pedestrian","Friday","Dark Street lights on",1,2,"T intersection",3,60,"LATROBE","EASTERN REGION",-38.18468201,146.2435093,"Dry","Clear"
"T20190023392","22/11/19",22:45:00,"Collision with a fixed object","Friday","Dark Street lights on",1,1,"Not at intersection",3,50,"HUME","METROPOLITAN NORTH WEST REGION",-37.63653042,144.9328652,"Dry","Clear"
"T20190023395","14/11/19",10:13:00,"Collision with vehicle","Thursday","Day",2,2,"T intersection",3,60,"MOONEE VALLEY","METROPOLITAN NORTH WEST REGION",-37.72667333,144.8905847,"Dry","Clear"
"T20190023396","29/10/19",14:59:00,"Collision with vehicle","Tuesday","Day",2,3,"Not at intersection",3,80,"MOONEE VALLEY","METROPOLITAN NORTH WEST REGION",-37.73494657,144.898426,"Dry","Clear"
"T20190023403","23/11/19",09:40:00,"Collision with a fixed object","Saturday","Day",1,1,"Not at intersection",2,60,"GEELONG","SOUTH WESTERN REGION",-38.07612857,144.3391944,"Dry","Clear"
"T20190023405","23/11/19",10:38:00,"Collision with vehicle","Saturday","Day",2,5,"Not at intersection",3,110,"MOORABOOL","WESTERN REGION",-37.66411608,144.4238445,"Dry","Clear"
"T20190023407","15/11/19",15:00:00,"Collision with vehicle","Friday","Day",2,3,"Not at intersection",3,50,"BALLARAT","WESTERN REGION",-37.56020302,143.8618677,"Unknown","Clear"
"T20190023409","23/11/19",11:57:00,"Collision with vehicle","Saturday","Day",2,2,"T intersection",3,80,"YARRA RANGES","METROPOLITAN SOUTH EAST REGION",-37.71659003,145.3426241,"Dry","Clear"
"T20190023416","23/11/19",08:15:00,"Collision with vehicle","Saturday","Day",2,2,"T intersection",3,60,"WHITTLESEA","METROPOLITAN NORTH WEST REGION",-37.68615459,145.0676294,"Dry","Clear"
"T20190023418","23/11/19",11:45:00,"Collision with vehicle","Saturday","Day",2,4,"T intersection",3,60,"YARRA RANGES","METROPOLITAN SOUTH EAST REGION",-37.7259397,145.2929359,"Dry","Clear"
"T20190023418","23/11/19",11:45:00,"Collision with vehicle","Saturday","Day",2,4,"T intersection",3,60,"YARRA RANGES","METROPOLITAN SOUTH EAST REGION",-37.7259397,145.2929359,"Dry","Dust"
"T20190023420","23/11/19",13:18:00,"Collision with vehicle","Saturday","Day",3,3,"Not at intersection",3,80,"MOONEE VALLEY","METROPOLITAN NORTH WEST REGION",-37.72803323,144.8908482,"Dry","Clear"
"T20190023421","22/11/19",21:10:00,"Collision with vehicle","Friday","Dusk/Dawn",2,2,"Not at intersection",3,40,"DANDENONG","METROPOLITAN SOUTH EAST REGION",-37.98604546,145.2142282,"Dry","Not known"
"T20190023422","23/11/19",12:35:00,"Collision with vehicle","Saturday","Day",3,5,"Cross intersection",3,100,"BASS COAST","EASTERN REGION",-38.43301939,145.4966908,"Dry","Clear"
"T20190023424","23/11/19",13:29:00,"Collision with vehicle","Saturday","Day",2,6,"Cross intersection",3,50,"MORELAND","METROPOLITAN NORTH WEST REGION",-37.75742857,144.9344286,"Dry","Clear"
"T20190023425","23/11/19",12:50:00,"Collision with vehicle","Saturday","Day",2,2,"Cross intersection",3,60,"WHITEHORSE","METROPOLITAN SOUTH EAST REGION",-37.80935567,145.1255608,"Dry","Clear"
"T20190023426","23/11/19",11:50:00,"Collision with vehicle","Saturday","Day",3,3,"Not at intersection",3,100,"WHITTLESEA","METROPOLITAN NORTH WEST REGION",-37.6862439,145.0074038,"Dry","Clear"
"T20190023427","23/11/19",12:37:00,"Collision with vehicle","Saturday","Day",2,2,"Not at intersection",3,100,"WANGARATTA","NORTH EASTERN REGION",-36.73232384,146.328928,"Dry","Clear"
"T20190023428","23/11/19",14:15:00,"Collision with a fixed object","Saturday","Day",1,1,"T intersection",3,50,"WHITTLESEA","METROPOLITAN NORTH WEST REGION",-37.66386454,145.064878,"Dry","Clear"
"T20190023429","23/11/19",14:40:00,"Collision with vehicle","Saturday","Day",3,7,"Not at intersection",3,80,"KINGSTON","METROPOLITAN SOUTH EAST REGION",-38.02588153,145.1288402,"Dry","Clear"
"T20190023431","21/11/19",16:15:00,"Collision with vehicle","Thursday","Day",2,2,"Not at intersection",3,80,"KINGSTON","METROPOLITAN SOUTH EAST REGION",-38.01057015,145.1408314,"Dry","Clear"
"T20190023433","23/11/19",14:40:00,"Collision with vehicle","Saturday","Day",2,6,"Cross intersection",3,70,"BENDIGO","NORTHERN REGION",-36.70515514,144.3161584,"Dry","Clear"
"T20190023434","23/11/19",14:19:00,"Collision with vehicle","Saturday","Day",2,2,"Not at intersection",3,100,"YARRA RANGES","METROPOLITAN SOUTH EAST REGION",-37.70314169,145.4136041,"Dry","Clear"
"T20190023436","23/11/19",14:25:00,"Collision with vehicle","Saturday","Day",2,3,"Not at intersection",3,80,"FRANKSTON","METROPOLITAN SOUTH EAST REGION",-38.15623708,145.1713247,"Dry","Clear"
"T20190023437","23/11/19",15:25:00,"Collision with vehicle","Saturday","Day",2,7,"T intersection",3,70,"FRANKSTON","METROPOLITAN SOUTH EAST REGION",-38.11717233,145.1940343,"Dry","Clear"
"T20190023439","23/11/19",16:25:00,"collision with some other object","Saturday","Day",1,2,"Not at intersection",3,60,"SURF COAST","SOUTH WESTERN REGION",-38.25380449,144.2758393,"Dry","Clear"
"T20190023440","10/11/19",09:30:00,"Collision with vehicle","Sunday","Day",2,2,"Cross intersection",3,50,"ARARAT","WESTERN REGION",-37.28247884,142.9318032,"Dry","Clear"
"T20190023442","23/11/19",13:30:00,"Collision with a fixed object","Saturday","Day",1,1,"Not at intersection",3,100,"BAW BAW","EASTERN REGION",-37.98404332,146.0472554,"Dry","Clear"
"T20190023443","23/11/19",16:30:00,"Collision with vehicle","Saturday","Day",2,5,"T intersection",2,60,"BAW BAW","EASTERN REGION",-38.14234755,145.8552433,"Dry","Clear"
"T20190023445","23/11/19",16:50:00,"Fall from or in moving vehicle","Saturday","Day",1,1,"Y intersection",2,100,"EAST GIPPSLAND","EASTERN REGION",-37.71995322,147.8050752,"Dry","Clear"
"T20190023447","23/11/19",17:00:00,"Collision with vehicle","Saturday","Day",2,2,"T intersection",3,40,"MELBOURNE","METROPOLITAN NORTH WEST REGION",-37.8146676,144.9617101,"Dry","Clear"
"T20190023448","23/11/19",19:28:00,"Collision with vehicle","Saturday","Day",2,2,"Not at intersection",3,50,"MELBOURNE","METROPOLITAN NORTH WEST REGION",-37.8038221,144.9618879,"Dry","Clear"
"T20190023449","23/11/19",17:00:00,"collision with some other object","Saturday","Day",1,2,"Not at intersection",3,60,"(MOUNT BULLER)","NORTH EASTERN REGION",-37.11220425,146.4173167,"Dry","Clear"
"T20190023451","23/11/19",18:53:00,"Vehicle overturned (no collision)","Saturday","Day",1,1,"Not at intersection",2,999,"MOUNT ALEXANDER","NORTHERN REGION",-37.14889613,144.1663548,"Dry","Clear"
"T20190023452","23/11/19",18:20:00,"Collision with vehicle","Saturday","Day",3,6,"Not at intersection",3,40,"KINGSTON","METROPOLITAN SOUTH EAST REGION",-37.97240655,145.1127069,"Dry","Clear"
"T20190023457","23/11/19",16:50:00,"Collision with vehicle","Saturday","Day",4,4,"Not at intersection",3,50,"WYNDHAM","METROPOLITAN NORTH WEST REGION",-37.87665006,144.6727239,"Dry","Clear"
"T20190023458","23/11/19",21:15:00,"Struck animal","Saturday","Dark No street lights",1,1,"Not at intersection",3,100,"TOWONG","NORTH EASTERN REGION",-36.10439097,147.9804287,"Dry","Clear"
"T20190023461","22/11/19",02:15:00,"Collision with a fixed object","Friday","Dark No street lights",1,1,"Not at intersection",3,100,"LATROBE","EASTERN REGION",-38.19886596,146.3009634,"Dry","Clear"
"T20190023467","24/11/19",00:27:00,"Collision with a fixed object","Sunday","Dark Street lights on",2,1,"Not at intersection",3,50,"CARDINIA","METROPOLITAN SOUTH EAST REGION",-38.05854719,145.4382177,"Dry","Clear"
"T20190023469","24/11/19",02:45:00,"Collision with a fixed object","Sunday","Dark No street lights",1,1,"Not at intersection",3,80,"NILLUMBIK","METROPOLITAN NORTH WEST REGION",-37.69677777,145.2224807,"Dry","Clear"
"T20190023470","24/11/19",00:30:00,"Collision with vehicle","Sunday","Dark Street lights on",2,2,"Not at intersection",3,50,"BENDIGO","NORTHERN REGION",-36.76580248,144.2934593,"Dry","Clear"
"T20190023472","24/11/19",05:35:00,"Collision with vehicle","Sunday","Dusk/Dawn",2,2,"T intersection",3,60,"MONASH","METROPOLITAN SOUTH EAST REGION",-37.89842117,145.0873772,"Dry","Clear"
"T20190023475","24/11/19",07:42:00,"Collision with a fixed object","Sunday","Day",1,1,"Not at intersection",3,60,"MORNINGTON PENINSULA","METROPOLITAN SOUTH EAST REGION",-38.22801178,145.1795641,"Dry","Clear"
"T20190023478","12/11/19",18:19:00,"Collision with vehicle","Tuesday","Day",3,3,"T intersection",3,60,"WHITEHORSE","METROPOLITAN SOUTH EAST REGION",-37.82665053,145.103476,"Dry","Clear"
"T20190023479","24/11/19",10:35:00,"Collision with vehicle","Sunday","Day",2,2,"Cross intersection",3,40,"MELBOURNE","METROPOLITAN NORTH WEST REGION",-37.81835683,144.9566289,"Dry","Clear"
"T20190023480","24/11/19",09:35:00,"Collision with a fixed object","Sunday","Day",1,2,"Not at intersection",3,100,"BASS COAST","EASTERN REGION",-38.49299869,145.5808499,"Dry","Clear"
"T20190023485","24/11/19",11:09:00,"Struck Pedestrian","Sunday","Day",1,2,"Cross intersection",3,50,"BAYSIDE","METROPOLITAN SOUTH EAST REGION",-37.91078691,144.9860519,"Dry","Clear"
"T20190023486","23/11/19",19:04:00,"Collision with vehicle","Saturday","Day",2,3,"Cross intersection",3,80,"MELTON","METROPOLITAN NORTH WEST REGION",-37.75633381,144.739664,"Dry","Clear"
"T20190023487","24/11/19",11:38:00,"Collision with vehicle","Sunday","Day",4,7,"Not at intersection",3,100,"FRANKSTON","METROPOLITAN SOUTH EAST REGION",-38.08620091,145.1703313,"Dry","Clear"
"T20190023488","24/11/19",10:35:00,"Collision with vehicle","Sunday","Day",3,6,"T intersection",3,70,"CASEY","METROPOLITAN SOUTH EAST REGION",-38.04082755,145.3622373,"Dry","Clear"
"T20190023489","24/11/19",12:15:00,"Collision with vehicle","Sunday","Day",2,2,"Not at intersection",3,60,"HUME","METROPOLITAN NORTH WEST REGION",-37.5986978,144.9389347,"Dry","Clear"
"T20190023490","24/11/19",10:04:00,"Struck Pedestrian","Sunday","Day",1,2,"Cross intersection",2,60,"WHITTLESEA","METROPOLITAN NORTH WEST REGION",-37.65188105,145.0237135,"Dry","Clear"
"T20190023491","24/11/19",11:39:00,"Collision with vehicle","Sunday","Day",2,5,"Not at intersection",3,60,"BANYULE","METROPOLITAN NORTH WEST REGION",-37.74070551,145.073808,"Dry","Clear"
"T20190023493","24/11/19",06:53:00,"Collision with vehicle","Sunday","Day",2,2,"T intersection",3,60,"DANDENONG","METROPOLITAN SOUTH EAST REGION",-37.97330488,145.1667652,"Dry","Clear"
"T20190023494","24/11/19",10:26:00,"Collision with vehicle","Sunday","Day",2,2,"Not at intersection",3,60,"YARRA RANGES","METROPOLITAN SOUTH EAST REGION",-37.8897589,145.3183144,"Dry","Clear"
"T20190023497","20/11/19",09:00:00,"Collision with vehicle","Wednesday","Day",2,2,"Not at intersection",3,60,"WYNDHAM","METROPOLITAN NORTH WEST REGION",-37.92237683,144.6335735,"Dry","Clear"
"T20190023498","20/11/19",16:15:00,"Collision with vehicle","Wednesday","Day",2,2,"Cross intersection",3,999,"WHITEHORSE","METROPOLITAN SOUTH EAST REGION",-37.81828904,145.176051,"Unknown","Not known"
"T20190023499","24/11/19",12:25:00,"Collision with a fixed object","Sunday","Day",1,1,"Not at intersection",2,100,"MITCHELL","NORTHERN REGION",-36.9200363,145.0992174,"Dry","Clear"
"T20190023507","24/11/19",16:15:00,"Collision with vehicle","Sunday","Day",2,4,"Cross intersection",3,60,"HOBSONS BAY","METROPOLITAN NORTH WEST REGION",-37.8492704,144.8877254,"Dry","Clear"
"T20190023508","24/11/19",16:20:00,"Collision with vehicle","Sunday","Day",2,4,"Cross intersection",3,100,"MOUNT ALEXANDER","NORTHERN REGION",-37.09406546,144.3287453,"Dry","Clear"
"T20190023509","24/11/19",14:30:00,"Collision with vehicle","Sunday","Day",2,3,"T intersection",3,80,"CASEY","METROPOLITAN SOUTH EAST REGION",-37.97967526,145.2960968,"Dry","Clear"
"T20190023513","24/11/19",17:29:00,"Collision with vehicle","Sunday","Day",4,5,"Not at intersection",3,60,"BRIMBANK","METROPOLITAN NORTH WEST REGION",-37.76760622,144.8048439,"Dry","Clear"
"T20190023514","22/11/19",17:05:00,"Collision with vehicle","Friday","Day",2,4,"T intersection",3,999,"WHITEHORSE","METROPOLITAN SOUTH EAST REGION",-37.81583034,145.1963987,"Dry","Clear"
"T20190023515","24/11/19",16:59:00,"Collision with vehicle","Sunday","Day",2,4,"Cross intersection",3,80,"DANDENONG","METROPOLITAN SOUTH EAST REGION",-37.93995142,145.1640938,"Dry","Clear"
"T20190023516","24/11/19",16:16:00,"Collision with a fixed object","Sunday","Day",1,1,"Not at intersection",1,60,"ARARAT","WESTERN REGION",-37.28591727,142.9511314,"Dry","Clear"
"T20190023520","24/11/19",15:30:00,"Collision with vehicle","Sunday","Day",2,5,"Cross intersection",3,50,"DAREBIN","METROPOLITAN NORTH WEST REGION",-37.71630744,145.0398786,"Dry","Clear"
"T20190023524","24/11/19",20:35:00,"Collision with a fixed object","Sunday","Dark Street lights on",1,1,"Not at intersection",2,888,"WYNDHAM","METROPOLITAN NORTH WEST REGION",-37.88233096,144.7348547,"Dry","Clear"
"T20190023525","24/11/19",20:10:00,"Collision with vehicle","Sunday","Dusk/Dawn",2,1,"Not at intersection",3,60,"MANNINGHAM","METROPOLITAN SOUTH EAST REGION",-37.78391859,145.1442623,"Dry","Clear"
"T20190023527","24/11/19",20:36:00,"Collision with vehicle","Sunday","Dusk/Dawn",2,2,"Cross intersection",3,60,"MORELAND","METROPOLITAN NORTH WEST REGION",-37.77527456,144.9453188,"Dry","Clear"
"T20190023531","24/11/19",22:07:00,"Collision with vehicle","Sunday","Dark No street lights",2,2,"Cross intersection",3,100,"CARDINIA","METROPOLITAN SOUTH EAST REGION",-38.06823327,145.590369,"Dry","Clear"
"T20190023534","23/8/19",21:05:00,"Collision with vehicle","Friday","Dark Street lights unknown",2,2,"T intersection",3,999,"BOROONDARA","METROPOLITAN SOUTH EAST REGION",-37.84251284,145.0694529,"Unknown","Not known"
"T20190023536","15/11/19",17:30:00,"Collision with vehicle","Friday","Day",2,2,"Not at intersection",3,60,"PORT PHILLIP","METROPOLITAN NORTH WEST REGION",-37.85073542,144.954681,"Dry","Clear"
"T20190023539","21/10/19",22:00:00,"Collision with vehicle","Monday","Dark Street lights unknown",2,2,"Cross intersection",3,40,"MELBOURNE","METROPOLITAN NORTH WEST REGION",-37.81862018,144.9595602,"Dry","Clear"
"T20190023541","6/11/19",16:37:00,"Collision with a fixed object","Wednesday","Day",1,1,"Not at intersection",3,100,"HOBSONS BAY","METROPOLITAN NORTH WEST REGION",-37.85109153,144.7795575,"Dry","Clear"
"T20190023542","24/11/19",10:55:00,"Vehicle overturned (no collision)","Sunday","Day",1,1,"Not at intersection",3,100,"SOUTH GIPPSLAND","EASTERN REGION",-38.41867739,145.6977624,"Dry","Clear"
"T20190023546","25/11/19",06:50:00,"Collision with vehicle","Monday","Day",3,3,"Not at intersection",3,80,"MELBOURNE","METROPOLITAN NORTH WEST REGION",-37.82699749,144.9505132,"Dry","Clear"
"T20190023547","22/11/19",22:50:00,"Collision with a fixed object","Friday","Dark No street lights",1,1,"Not at intersection",3,100,"MOUNT ALEXANDER","NORTHERN REGION",-37.05667916,144.3728078,"Dry","Clear"
"T20190023548","25/11/19",07:27:00,"Collision with vehicle","Monday","Day",3,3,"Not at intersection",3,100,"CASEY","METROPOLITAN SOUTH EAST REGION",-38.03895648,145.3309433,"Dry","Clear"
"T20190023549","25/11/19",06:50:00,"Collision with vehicle","Monday","Day",2,2,"Y intersection",3,80,"MORELAND","METROPOLITAN NORTH WEST REGION",-37.70207578,144.8933327,"Dry","Clear"
"T20190023554","25/11/19",07:00:00,"Collision with a fixed object","Monday","Day",1,1,"Not at intersection",3,80,"SOUTH GIPPSLAND","EASTERN REGION",-38.46455107,146.1358578,"Dry","Clear"
"T20190023555","25/11/19",06:40:00,"Collision with vehicle","Monday","Day",3,3,"Not at intersection",3,100,"CASEY","METROPOLITAN SOUTH EAST REGION",-38.01114424,145.3019335,"Dry","Clear"
"T20190023556","23/11/19",00:53:00,"Collision with a fixed object","Saturday","Dark Street lights on",1,2,"T intersection",3,80,"KNOX","METROPOLITAN SOUTH EAST REGION",-37.87704023,145.2382886,"Dry","Clear"
"T20190023557","25/11/19",06:45:00,"Collision with vehicle","Monday","Day",2,2,"Cross intersection",3,60,"WARRNAMBOOL","SOUTH WESTERN REGION",-38.37264292,142.4826907,"Dry","Clear"
"T20190023558","23/11/19",12:30:00,"No collision and no object struck","Saturday","Day",1,1,"Not at intersection",3,100,"MANSFIELD","NORTH EASTERN REGION",-37.00120623,146.1752779,"Dry","Clear"
"T20190023559","25/11/19",08:00:00,"Vehicle overturned (no collision)","Monday","Day",2,2,"Not at intersection",3,50,"YARRA","METROPOLITAN NORTH WEST REGION",-37.79872117,144.9784005,"Dry","Clear"
"T20190023560","25/11/19",07:30:00,"Collision with vehicle","Monday","Day",2,4,"Cross intersection",3,100,"CAMPASPE","NORTHERN REGION",-36.72051249,144.6827357,"Dry","Clear"
"T20190023561","25/11/19",08:30:00,"Collision with vehicle","Monday","Day",2,3,"T intersection",3,60,"KINGSTON","METROPOLITAN SOUTH EAST REGION",-37.95428395,145.0864479,"Dry","Clear"
"T20190023563","25/11/19",09:15:00,"Collision with vehicle","Monday","Day",3,3,"Not at intersection",3,80,"CASEY","METROPOLITAN SOUTH EAST REGION",-38.17159748,145.2445772,"Dry","Clear"
"T20190023566","25/11/19",07:03:00,"Collision with vehicle","Monday","Day",2,2,"Cross intersection",3,80,"CARDINIA","METROPOLITAN SOUTH EAST REGION",-37.94624372,145.5052162,"Dry","Clear"
"T20190023567","14/11/19",13:45:00,"Collision with vehicle","Thursday","Day",2,2,"T intersection",3,40,"YARRA","METROPOLITAN NORTH WEST REGION",-37.79825029,144.9843933,"Dry","Clear"
"T20190023568","3/11/19",12:00:00,"Vehicle overturned (no collision)","Sunday","Day",1,1,"Not at intersection",3,888,"INDIGO","NORTH EASTERN REGION",-36.23990233,146.9139196,"Wet","Clear"
"T20190023569","25/11/19",11:40:00,"Collision with vehicle","Monday","Day",2,3,"Not at intersection",3,60,"DAREBIN","METROPOLITAN NORTH WEST REGION",-37.74600912,145.0301057,"Dry","Clear"
"T20190023570","24/11/19",12:00:00,"Vehicle overturned (no collision)","Sunday","Day",2,2,"Multiple intersection",3,999,"HUME","METROPOLITAN NORTH WEST REGION",-37.69934641,144.8804101,"Dry","Clear"
"T20190023573","22/11/19",16:55:00,"Collision with vehicle","Friday","Day",2,2,"Not at intersection",3,100,"DANDENONG","METROPOLITAN SOUTH EAST REGION",-37.96354904,145.2303095,"Dry","Clear"
"T20190023575","24/11/19",15:50:00,"Collision with vehicle","Sunday","Unknown",2,2,"Cross intersection",3,40,"MELBOURNE","METROPOLITAN NORTH WEST REGION",-37.82337501,144.9785686,"Unknown","Clear"
"T20190023577","25/11/19",12:09:00,"Collision with vehicle","Monday","Day",2,4,"Cross intersection",3,50,"MORELAND","METROPOLITAN NORTH WEST REGION",-37.69613712,144.9279295,"Dry","Clear"
"T20190023578","25/11/19",12:30:00,"Collision with vehicle","Monday","Day",2,2,"T intersection",3,50,"LATROBE","EASTERN REGION",-38.17639167,146.2602143,"Dry","Clear"
"T20190023579","25/11/19",09:20:00,"Collision with vehicle","Monday","Day",2,2,"Cross intersection",3,50,"MACEDON RANGES","NORTHERN REGION",-37.34527929,144.7423484,"Dry","Clear"
"T20190023581","25/11/19",08:57:00,"Collision with vehicle","Monday","Day",2,2,"Cross intersection",3,60,"MORELAND","METROPOLITAN NORTH WEST REGION",-37.72746039,144.9636776,"Dry","Clear"
"T20190023586","25/11/19",14:18:00,"Collision with vehicle","Monday","Day",2,2,"Cross intersection",3,100,"MOORABOOL","WESTERN REGION",-37.75319355,144.4431354,"Dry","Clear"
"T20190023587","25/11/19",14:45:00,"Collision with vehicle","Monday","Day",3,2,"Not at intersection",3,60,"WHITTLESEA","METROPOLITAN NORTH WEST REGION",-37.64232266,145.0208834,"Dry","Clear"
"T20190023588","13/11/19",21:30:00,"Collision with a fixed object","Wednesday","Dark No street lights",2,2,"Cross intersection",3,60,"MELTON","METROPOLITAN NORTH WEST REGION",-37.8050188,144.6959414,"Unknown","Not known"
"T20190023591","25/11/19",16:30:00,"Collision with vehicle","Monday","Day",2,2,"Not at intersection",3,60,"EAST GIPPSLAND","EASTERN REGION",-37.87950189,147.9620764,"Dry","Clear"
"T20190023593","25/11/19",10:50:00,"Collision with vehicle","Monday","Unknown",2,2,"T intersection",3,80,"MORNINGTON PENINSULA","METROPOLITAN SOUTH EAST REGION",-38.20319425,145.078621,"Unknown","Not known"
"T20190023595","24/11/19",17:50:00,"Collision with vehicle","Sunday","Day",2,2,"Not at intersection",3,60,"MELBOURNE","METROPOLITAN NORTH WEST REGION",-37.82422229,144.9860708,"Dry","Clear"