"ACCIDENT_NO","ACCIDENTDATE","ACCIDENTTIME","Accident Type Desc","Day Week Description","Light Condition Desc","NO_OF_VEHICLES","NO_PERSONS","Road Geometry Desc","SEVERITY","SPEED_ZONE","LGA_NAME","REGION_NAME","Lat","Long","Surface Cond Desc","Atmosph Cond Desc"
"T20190023597","23/11/19",12:30:00,"Vehicle overturned (no collision)","Saturday","Day",1,1,"Not at intersection",3,100,"BAW BAW","EASTERN REGION",-37.80520236,146.3955783,"Dry","Clear"
"T20190023598","23/11/19",09:30:00,"Collision with vehicle","Saturday","Day",2,3,"T intersection",3,50,"CAMPASPE","NORTHERN REGION",-36.13890409,144.7508985,"Dry","Clear"
"T20190023599","25/11/19",16:07:00,"Collision with vehicle","Monday","Day",3,3,"Not at intersection",3,60,"WYNDHAM","METROPOLITAN NORTH WEST REGION",-37.85191823,144.7218379,"Dry","Clear"
"T20190023601","20/11/19",18:10:00,"Struck Pedestrian","Wednesday","Day",1,2,"Cross intersection",3,60,"MELBOURNE","METROPOLITAN NORTH WEST REGION",-37.818472,144.9484895,"Dry","Clear"
"T20190023603","25/11/19",15:00:00,"No collision and no object struck","Monday","Day",1,1,"Not at intersection",3,80,"GEELONG","SOUTH WESTERN REGION",-38.05440154,144.3922194,"Dry","Clear"
"T20190023605","6/11/19",07:05:00,"Collision with vehicle","Wednesday","Dusk/Dawn",2,2,"Cross intersection",3,999,"CASEY","METROPOLITAN SOUTH EAST REGION",-38.05041468,145.2576627,"Dry","Clear"
"T20190023608","25/11/19",17:17:00,"Struck Pedestrian","Monday","Day",1,4,"Cross intersection",3,60,"DAREBIN","METROPOLITAN NORTH WEST REGION",-37.74824345,145.0296302,"Dry","Clear"
"T20190023609","25/11/19",19:19:00,"Collision with vehicle","Monday","Day",2,2,"Not at intersection",3,40,"YARRA","METROPOLITAN NORTH WEST REGION",-37.79440269,144.9820102,"Dry","Clear"
"T20190023610","23/11/19",11:58:00,"Collision with vehicle","Saturday","Day",2,2,"Not at intersection",3,70,"WYNDHAM","METROPOLITAN NORTH WEST REGION",-37.84804036,144.6843336,"Dry","Clear"
"T20190023611","25/11/19",19:54:00,"Collision with a fixed object","Monday","Dusk/Dawn",1,1,"Multiple intersection",3,100,"SOUTHERN GRAMPIANS","SOUTH WESTERN REGION",-37.66435575,141.8547377,"Dry","Clear"
"T20190023612","25/11/19",19:00:00,"Collision with vehicle","Monday","Day",2,2,"Not at intersection",3,80,"DANDENONG","METROPOLITAN SOUTH EAST REGION",-37.96809108,145.1953969,"Dry","Clear"
"T20190023613","24/11/19",11:50:00,"Collision with vehicle","Sunday","Day",2,3,"T intersection",3,50,"BRIMBANK","METROPOLITAN NORTH WEST REGION",-37.75205419,144.7820307,"Dry","Not known"
"T20190023616","20/11/19",17:30:00,"Collision with vehicle","Wednesday","Unknown",2,2,"Not at intersection",3,999,"MOONEE VALLEY","METROPOLITAN NORTH WEST REGION",-37.76438463,144.9253765,"Unknown","Not known"
"T20190023619","26/11/19",00:35:00,"Collision with a fixed object","Tuesday","Dark Street lights on",1,1,"Not at intersection",3,60,"MELTON","METROPOLITAN NORTH WEST REGION",-37.74446135,144.7288946,"Dry","Clear"
"T20190023621","26/11/19",07:30:00,"Collision with vehicle","Tuesday","Day",2,6,"Cross intersection",2,60,"LATROBE","EASTERN REGION",-38.1994954,146.5330443,"Wet","Raining"
"T20190023622","13/9/19",16:00:00,"Collision with vehicle","Friday","Day",2,2,"Cross intersection",3,60,"WYNDHAM","METROPOLITAN NORTH WEST REGION",-37.88764085,144.640316,"Unknown","Not known"
"T20190023624","20/11/19",14:30:00,"Collision with vehicle","Wednesday","Day",2,2,"Not at intersection",3,70,"BRIMBANK","METROPOLITAN NORTH WEST REGION",-37.72844468,144.8035855,"Dry","Not known"
"T20190023625","21/11/19",17:30:00,"Vehicle overturned (no collision)","Thursday","Day",1,1,"Not at intersection",3,100,"BENDIGO","NORTHERN REGION",-36.5746007,144.1900932,"Dry","Dust"
"T20190023625","21/11/19",17:30:00,"Vehicle overturned (no collision)","Thursday","Day",1,1,"Not at intersection",3,100,"BENDIGO","NORTHERN REGION",-36.5746007,144.1900932,"Dry","Strong winds"
"T20190023628","26/11/19",09:15:00,"Collision with vehicle","Tuesday","Day",2,2,"T intersection",3,60,"MAROONDAH","METROPOLITAN SOUTH EAST REGION",-37.81223037,145.230749,"Wet","Clear"
"T20190023633","26/11/19",08:56:00,"Collision with vehicle","Tuesday","Day",2,2,"T intersection",3,50,"MELTON","METROPOLITAN NORTH WEST REGION",-37.71618529,144.7565983,"Dry","Clear"
"T20190023636","26/11/19",09:28:00,"Collision with vehicle","Tuesday","Day",2,2,"Not at intersection",3,40,"PORT PHILLIP","METROPOLITAN NORTH WEST REGION",-37.83389515,144.9716499,"Dry","Clear"
"T20190023638","26/11/19",10:25:00,"Struck Pedestrian","Tuesday","Day",3,2,"Not at intersection",3,50,"MORNINGTON PENINSULA","METROPOLITAN SOUTH EAST REGION",-38.22509608,145.1752787,"Dry","Clear"
"T20190023640","25/11/19",16:00:00,"Collision with vehicle","Monday","Day",2,4,"Not at intersection",3,80,"CASEY","METROPOLITAN SOUTH EAST REGION",-38.02355682,145.3026617,"Dry","Clear"
"T20190023641","25/11/19",12:10:00,"Collision with vehicle","Monday","Day",2,3,"T intersection",3,70,"CASEY","METROPOLITAN SOUTH EAST REGION",-38.02536028,145.3054537,"Dry","Not known"
"T20190023642","26/11/19",07:30:00,"Collision with vehicle","Tuesday","Day",3,7,"T intersection",3,50,"HUME","METROPOLITAN NORTH WEST REGION",-37.62492626,144.9170612,"Wet","Raining"
"T20190023643","26/11/19",11:33:00,"Collision with vehicle","Tuesday","Day",2,4,"Cross intersection",3,60,"MILDURA","WESTERN REGION",-34.19434655,142.1516663,"Dry","Clear"
"T20190023644","24/11/19",16:15:00,"Collision with vehicle","Sunday","Day",2,2,"Cross intersection",3,80,"KNOX","METROPOLITAN SOUTH EAST REGION",-37.88281086,145.2773052,"Dry","Clear"
"T20190023648","23/10/19",15:50:00,"Collision with vehicle","Wednesday","Day",2,3,"T intersection",3,60,"BANYULE","METROPOLITAN NORTH WEST REGION",-37.70070433,145.0657974,"Dry","Clear"
"T20190023651","26/11/19",10:02:00,"Collision with vehicle","Tuesday","Day",2,9,"Cross intersection",3,70,"GEELONG","SOUTH WESTERN REGION",-38.14744756,144.3529448,"Dry","Clear"
"T20190023652","16/9/19",14:15:00,"Collision with vehicle","Monday","Day",2,3,"Not at intersection",3,70,"KNOX","METROPOLITAN SOUTH EAST REGION",-37.84570067,145.2135483,"Unknown","Not known"
"T20190023653","26/11/19",08:00:00,"Collision with vehicle","Tuesday","Day",2,2,"Not at intersection",3,60,"MORELAND","METROPOLITAN NORTH WEST REGION",-37.72598251,144.9467788,"Wet","Raining"
"T20190023654","10/11/19",14:00:00,"Vehicle overturned (no collision)","Sunday","Day",1,1,"Not at intersection",3,50,"BENALLA","NORTH EASTERN REGION",-36.33120487,145.8945157,"Dry","Clear"
"T20190023655","27/6/19",15:38:00,"Collision with vehicle","Thursday","Day",2,4,"Cross intersection",3,60,"CASEY","METROPOLITAN SOUTH EAST REGION",-37.97296377,145.2423033,"Dry","Clear"
"T20190023658","19/11/19",17:30:00,"Collision with vehicle","Tuesday","Unknown",3,3,"Not at intersection",3,70,"MANNINGHAM","METROPOLITAN SOUTH EAST REGION",-37.76512257,145.1328256,"Unknown","Not known"
"T20190023659","26/11/19",11:15:00,"Struck Pedestrian","Tuesday","Day",1,2,"T intersection",2,60,"PORT PHILLIP","METROPOLITAN NORTH WEST REGION",-37.86405501,144.9816951,"Dry","Clear"
"T20190023660","26/11/19",13:19:00,"Collision with vehicle","Tuesday","Day",3,5,"Cross intersection",3,60,"MELTON","METROPOLITAN NORTH WEST REGION",-37.68360226,144.5779465,"Wet","Clear"
"T20190023661","26/11/19",13:56:00,"Collision with vehicle","Tuesday","Day",2,2,"Cross intersection",3,80,"KNOX","METROPOLITAN SOUTH EAST REGION",-37.90226463,145.2350909,"Dry","Clear"
"T20190023664","25/11/19",11:30:00,"Struck animal","Monday","Day",1,2,"Not at intersection",3,100,"BULOKE","NORTHERN REGION",-36.13710631,142.7768085,"Dry","Clear"
"T20190023665","26/11/19",06:48:00,"Collision with vehicle","Tuesday","Day",2,2,"Not at intersection",3,60,"MELBOURNE","METROPOLITAN NORTH WEST REGION",-37.80610028,144.9580075,"Wet","Raining"
"T20190023667","21/11/19",15:28:00,"Collision with vehicle","Thursday","Day",2,2,"Not at intersection",3,60,"MILDURA","WESTERN REGION",-34.20460345,142.1753884,"Dry","Clear"
"T20190023668","25/11/19",17:30:00,"Collision with vehicle","Monday","Day",2,2,"T intersection",3,50,"BASS COAST","EASTERN REGION",-38.51284171,145.301721,"Dry","Clear"
"T20190023669","26/11/19",14:37:00,"Collision with a fixed object","Tuesday","Day",1,1,"Not at intersection",3,80,"WANGARATTA","NORTH EASTERN REGION",-36.36104379,146.3088848,"Wet","Clear"
"T20190023670","26/11/19",12:38:00,"Collision with a fixed object","Tuesday","Day",1,1,"Cross intersection",3,60,"BRIMBANK","METROPOLITAN NORTH WEST REGION",-37.71930032,144.7707783,"Dry","Clear"
"T20190023671","26/11/19",14:55:00,"Collision with vehicle","Tuesday","Day",2,3,"T intersection",3,60,"MAROONDAH","METROPOLITAN SOUTH EAST REGION",-37.82149019,145.2485474,"Dry","Clear"
"T20190023672","26/11/19",14:50:00,"Collision with vehicle","Tuesday","Day",3,5,"Unknown",3,60,"MELTON","METROPOLITAN NORTH WEST REGION",-37.68634528,144.5677891,"Dry","Clear"
"T20190023672","26/11/19",14:50:00,"Collision with vehicle","Tuesday","Day",3,5,"Unknown",3,60,"MELTON","METROPOLITAN NORTH WEST REGION",-37.68634528,144.5677891,"Dry","Strong winds"
"T20190023674","10/11/19",10:00:00,"collision with some other object","Sunday","Day",1,1,"Not at intersection",3,999,"MURRINDINDI","NORTH EASTERN REGION",-37.3182549,145.6611106,"Dry","Not known"
"T20190023675","11/10/19",09:00:00,"Collision with vehicle","Friday","Day",2,2,"Cross intersection",3,60,"GEELONG","SOUTH WESTERN REGION",-38.18232732,144.3448918,"Dry","Clear"
"T20190023678","26/11/19",15:20:00,"Collision with vehicle","Tuesday","Day",2,3,"Cross intersection",1,50,"MOORABOOL","WESTERN REGION",-37.67980756,144.4369764,"Dry","Clear"
"T20190023681","26/11/19",15:00:00,"Collision with a fixed object","Tuesday","Day",1,1,"Not at intersection",2,100,"TOWONG","NORTH EASTERN REGION",-36.26975795,148.0214828,"Dry","Clear"
"T20190023685","26/11/19",15:40:00,"Collision with vehicle","Tuesday","Day",2,4,"Cross intersection",3,50,"PORT PHILLIP","METROPOLITAN NORTH WEST REGION",-37.82878722,144.9376096,"Dry","Clear"
"T20190023687","25/11/19",15:28:00,"Collision with a fixed object","Monday","Day",1,2,"Not at intersection",3,40,"MELTON","METROPOLITAN NORTH WEST REGION",-37.67700159,144.5573534,"Dry","Clear"
"T20190023689","22/11/19",14:00:00,"Collision with vehicle","Friday","Day",2,3,"Not at intersection",3,60,"MELTON","METROPOLITAN NORTH WEST REGION",-37.68765278,144.5682651,"Dry","Clear"
"T20190023690","26/11/19",08:00:00,"Collision with vehicle","Tuesday","Unknown",2,2,"Not at intersection",3,999,"MELBOURNE","METROPOLITAN NORTH WEST REGION",-37.83025298,144.9648464,"Unknown","Not known"
"T20190023693","26/11/19",18:30:00,"Collision with vehicle","Tuesday","Day",2,2,"T intersection",3,50,"DAREBIN","METROPOLITAN NORTH WEST REGION",-37.76073894,144.9936899,"Dry","Clear"
"T20190023695","26/11/19",16:50:00,"Collision with vehicle","Tuesday","Day",2,2,"T intersection",3,60,"WHITEHORSE","METROPOLITAN SOUTH EAST REGION",-37.8007106,145.1129292,"Dry","Clear"
"T20190023696","26/11/19",08:20:00,"Collision with vehicle","Tuesday","Day",2,2,"Not at intersection",3,40,"PORT PHILLIP","METROPOLITAN NORTH WEST REGION",-37.85956888,144.9919332,"Dry","Clear"
"T20190023697","21/11/19",09:14:00,"Collision with vehicle","Thursday","Day",2,2,"Cross intersection",3,50,"YARRA","METROPOLITAN NORTH WEST REGION",-37.83059586,144.9986721,"Dry","Clear"
"T20190023698","26/11/19",15:30:00,"Collision with a fixed object","Tuesday","Day",1,3,"Not at intersection",3,60,"BRIMBANK","METROPOLITAN NORTH WEST REGION",-37.69663468,144.7658809,"Wet","Raining"
"T20190023699","16/11/19",15:55:00,"Vehicle overturned (no collision)","Saturday","Day",1,1,"Not at intersection",3,100,"WELLINGTON","EASTERN REGION",-37.61823648,146.5978252,"Dry","Clear"
"T20190023703","19/11/19",16:25:00,"Collision with vehicle","Tuesday","Day",2,2,"Cross intersection",3,60,"BANYULE","METROPOLITAN NORTH WEST REGION",-37.70290892,145.0875377,"Dry","Clear"
"T20190023704","26/11/19",15:30:00,"Collision with vehicle","Tuesday","Day",3,4,"Multiple intersection",3,80,"MORNINGTON PENINSULA","METROPOLITAN SOUTH EAST REGION",-38.16671515,145.1017372,"Dry","Clear"
"T20190023709","26/11/19",15:55:00,"Collision with vehicle","Tuesday","Day",2,4,"Cross intersection",3,60,"PORT PHILLIP","METROPOLITAN NORTH WEST REGION",-37.83098508,144.9503858,"Dry","Clear"
"T20190023710","26/11/19",21:20:00,"Struck Pedestrian","Tuesday","Dark Street lights on",1,2,"Not at intersection",3,50,"WHITTLESEA","METROPOLITAN NORTH WEST REGION",-37.67615823,144.9929192,"Dry","Clear"
"T20190023713","27/11/19",01:20:00,"Struck animal","Wednesday","Dark No street lights",1,3,"Not at intersection",3,100,"WELLINGTON","EASTERN REGION",-38.23228826,147.0544934,"Dry","Clear"
"T20190023715","27/11/19",00:07:00,"Collision with a fixed object","Wednesday","Dark Street lights on",1,1,"Not at intersection",3,60,"MOONEE VALLEY","METROPOLITAN NORTH WEST REGION",-37.73006642,144.8740462,"Dry","Clear"
"T20190023717","26/11/19",15:40:00,"Collision with vehicle","Tuesday","Day",2,2,"T intersection",3,50,"BANYULE","METROPOLITAN NORTH WEST REGION",-37.69837365,145.0694384,"Dry","Clear"
"T20190023719","26/11/19",19:04:00,"Collision with vehicle","Tuesday","Day",2,2,"Cross intersection",2,50,"DAREBIN","METROPOLITAN NORTH WEST REGION",-37.75283234,145.0063908,"Dry","Clear"
"T20190023720","21/10/19",16:50:00,"Collision with vehicle","Monday","Day",3,3,"Not at intersection",3,100,"MELTON","METROPOLITAN NORTH WEST REGION",-37.7790343,144.7471437,"Dry","Clear"
"T20190023721","26/11/19",10:38:00,"Collision with vehicle","Tuesday","Day",3,3,"Not at intersection",3,50,"CASEY","METROPOLITAN SOUTH EAST REGION",-38.00065976,145.2349982,"Unknown","Not known"
"T20190023722","27/11/19",07:50:00,"Collision with vehicle","Wednesday","Day",2,2,"Cross intersection",3,60,"YARRA","METROPOLITAN NORTH WEST REGION",-37.78330811,144.9838468,"Dry","Clear"
"T20190023723","27/11/19",08:14:00,"Struck Pedestrian","Wednesday","Day",1,5,"Not at intersection",3,60,"MELBOURNE","METROPOLITAN NORTH WEST REGION",-37.78472297,144.9593976,"Dry","Clear"
"T20190023724","22/11/19",08:20:00,"Collision with vehicle","Friday","Day",2,2,"Not at intersection",3,100,"CASEY","METROPOLITAN SOUTH EAST REGION",-37.99434536,145.2630127,"Dry","Clear"
"T20190023727","27/11/19",09:30:00,"Collision with a fixed object","Wednesday","Day",1,1,"Not at intersection",3,60,"MITCHELL","NORTHERN REGION",-37.01468601,145.1418182,"Dry","Clear"
"T20190023728","26/11/19",13:48:00,"No collision and no object struck","Tuesday","Day",1,1,"T intersection",3,50,"LATROBE","EASTERN REGION",-38.2344465,146.4036034,"Dry","Clear"
"T20190023730","21/11/19",14:00:00,"Collision with a fixed object","Thursday","Day",1,1,"Not at intersection",3,100,"BENDIGO","NORTHERN REGION",-36.88131912,144.796884,"Dry","Strong winds"
"T20190023731","22/11/19",20:55:00,"Struck animal","Friday","Dark Street lights on",1,1,"Not at intersection",3,100,"MITCHELL","NORTHERN REGION",-37.44449408,144.97942,"Dry","Clear"
"T20190023732","27/11/19",09:10:00,"Collision with vehicle","Wednesday","Day",2,2,"T intersection",3,60,"MITCHELL","NORTHERN REGION",-37.35396336,145.0256026,"Dry","Not known"
"T20190023733","24/11/19",06:35:00,"Collision with vehicle","Sunday","Day",2,2,"Cross intersection",3,60,"DAREBIN","METROPOLITAN NORTH WEST REGION",-37.73556353,145.024273,"Dry","Clear"
"T20190023734","27/11/19",09:50:00,"Collision with vehicle","Wednesday","Day",3,3,"Not at intersection",3,80,"HOBSONS BAY","METROPOLITAN NORTH WEST REGION",-37.81493347,144.8557067,"Dry","Clear"
"T20190023735","4/5/19",12:00:00,"collision with some other object","Saturday","Day",1,1,"Not at intersection",3,999,"MURRINDINDI","NORTH EASTERN REGION",-37.48662376,146.0999776,"Wet","Clear"
"T20190023737","25/11/19",16:15:00,"Collision with vehicle","Monday","Day",2,2,"Not at intersection",3,80,"WYNDHAM","METROPOLITAN NORTH WEST REGION",-37.82003344,144.8098942,"Dry","Clear"
"T20190023739","20/11/19",14:00:00,"Collision with vehicle","Wednesday","Day",2,2,"Cross intersection",3,60,"MARIBYRNONG","METROPOLITAN NORTH WEST REGION",-37.78284373,144.8688808,"Dry","Clear"
"T20190023740","27/11/19",09:40:00,"Collision with vehicle","Wednesday","Day",2,2,"Not at intersection",3,80,"MONASH","METROPOLITAN SOUTH EAST REGION",-37.91990134,145.1683847,"Dry","Clear"
"T20190023741","27/11/19",08:19:00,"Struck Pedestrian","Wednesday","Day",1,4,"T intersection",3,50,"MONASH","METROPOLITAN SOUTH EAST REGION",-37.89987415,145.0799791,"Dry","Clear"
"T20190023743","27/11/19",09:30:00,"Collision with vehicle","Wednesday","Day",2,3,"Not at intersection",3,50,"KINGSTON","METROPOLITAN SOUTH EAST REGION",-37.98990238,145.0838495,"Dry","Clear"
"T20190023744","31/10/19",17:43:00,"Collision with vehicle","Thursday","Day",3,3,"Not at intersection",3,100,"BOROONDARA","METROPOLITAN SOUTH EAST REGION",-37.77991945,145.0839132,"Dry","Clear"
"T20190023745","26/11/19",21:30:00,"Collision with vehicle","Tuesday","Dark Street lights on",3,5,"T intersection",3,999,"MELBOURNE","METROPOLITAN NORTH WEST REGION",-37.82188295,144.9658373,"Dry","Clear"
"T20190023747","27/11/19",10:00:00,"Collision with vehicle","Wednesday","Day",2,2,"Not at intersection",3,100,"BAW BAW","EASTERN REGION",-37.89248074,145.9266254,"Dry","Clear"
"T20190023748","24/11/19",16:35:00,"Collision with vehicle","Sunday","Day",2,2,"T intersection",3,60,"MORELAND","METROPOLITAN NORTH WEST REGION",-37.71734346,144.9445722,"Unknown","Clear"
"T20190023749","26/11/19",16:30:00,"Collision with vehicle","Tuesday","Day",2,2,"Not at intersection",3,999,"MELBOURNE","METROPOLITAN NORTH WEST REGION",-37.83621774,144.9755378,"Unknown","Not known"
"T20190023750","18/9/19",15:00:00,"Collision with vehicle","Wednesday","Day",2,2,"Cross intersection",3,70,"GLEN EIRA","METROPOLITAN SOUTH EAST REGION",-37.90662286,145.0617617,"Dry","Clear"
"T20190023752","27/11/19",12:40:00,"Struck Pedestrian","Wednesday","Day",1,2,"Not at intersection",2,50,"WHITTLESEA","METROPOLITAN NORTH WEST REGION",-37.66624908,145.0176288,"Dry","Clear"
"T20190023753","27/11/19",12:30:00,"Vehicle overturned (no collision)","Wednesday","Day",2,2,"Not at intersection",3,40,"PORT PHILLIP","METROPOLITAN NORTH WEST REGION",-37.84039256,144.9567661,"Dry","Clear"
"T20190023755","18/11/19",18:35:00,"Collision with vehicle","Monday","Day",4,5,"Not at intersection",3,40,"WYNDHAM","METROPOLITAN NORTH WEST REGION",-37.82806533,144.6921483,"Dry","Clear"
"T20190023756","27/11/19",09:17:00,"Collision with vehicle","Wednesday","Day",2,2,"Not at intersection",2,100,"WHITTLESEA","METROPOLITAN NORTH WEST REGION",-37.58495229,145.0332618,"Dry","Not known"
"T20190023757","27/11/19",12:15:00,"Vehicle overturned (no collision)","Wednesday","Day",1,2,"Not at intersection",3,100,"SOUTH GIPPSLAND","EASTERN REGION",-38.46164156,145.8489531,"Dry","Clear"
"T20190023758","27/11/19",12:15:00,"Collision with vehicle","Wednesday","Day",3,3,"Cross intersection",3,40,"DAREBIN","METROPOLITAN NORTH WEST REGION",-37.7693459,144.9990195,"Dry","Clear"
"T20190023760","27/11/19",08:10:00,"Collision with vehicle","Wednesday","Day",2,2,"Cross intersection",3,999,"MORELAND","METROPOLITAN NORTH WEST REGION",-37.74171251,144.9717286,"Unknown","Clear"
"T20190023761","24/11/19",15:14:00,"Collision with vehicle","Sunday","Day",2,2,"Not at intersection",3,50,"BRIMBANK","METROPOLITAN NORTH WEST REGION",-37.77095589,144.7809708,"Dry","Clear"
"T20190023762","27/11/19",13:43:00,"Struck Pedestrian","Wednesday","Day",1,3,"Cross intersection",2,60,"WANGARATTA","NORTH EASTERN REGION",-36.35919618,146.3154587,"Dry","Clear"
"T20190023764","26/11/19",15:10:00,"Struck Pedestrian","Tuesday","Day",1,2,"Not at intersection",3,50,"WYNDHAM","METROPOLITAN NORTH WEST REGION",-37.90598519,144.6658434,"Dry","Clear"
"T20190023765","27/11/19",07:38:00,"Collision with vehicle","Wednesday","Day",3,3,"T intersection",3,60,"HOBSONS BAY","METROPOLITAN NORTH WEST REGION",-37.83319027,144.8666888,"Dry","Clear"
"T20190023766","26/11/19",12:51:00,"Collision with vehicle","Tuesday","Day",2,2,"Cross intersection",3,60,"HUME","METROPOLITAN NORTH WEST REGION",-37.58329943,144.9350098,"Wet","Raining"
"T20190023770","27/11/19",12:15:00,"Collision with vehicle","Wednesday","Day",2,2,"Not at intersection",3,60,"DANDENONG","METROPOLITAN SOUTH EAST REGION",-37.96237572,145.2252404,"Wet","Not known"
"T20190023772","27/11/19",16:15:00,"Collision with vehicle","Wednesday","Day",2,3,"Cross intersection",3,50,"MORELAND","METROPOLITAN NORTH WEST REGION",-37.7374226,144.9407769,"Dry","Clear"
"T20190023773","27/11/19",15:15:00,"No collision and no object struck","Wednesday","Day",1,1,"Not at intersection",3,100,"KINGSTON","METROPOLITAN SOUTH EAST REGION",-38.04868191,145.1433081,"Dry","Clear"
"T20190023774","27/11/19",15:50:00,"Collision with vehicle","Wednesday","Day",3,3,"Not at intersection",3,100,"CASEY","METROPOLITAN SOUTH EAST REGION",-38.02724179,145.3201869,"Dry","Clear"
"T20190023777","21/11/19",07:30:00,"Collision with vehicle","Thursday","Dusk/Dawn",3,3,"Not at intersection",3,999,"BRIMBANK","METROPOLITAN NORTH WEST REGION",-37.79685353,144.8385491,"Unknown","Not known"
"T20190023780","27/11/19",16:50:00,"Collision with vehicle","Wednesday","Day",4,4,"Not at intersection",3,60,"MANNINGHAM","METROPOLITAN SOUTH EAST REGION",-37.76021558,145.1384846,"Dry","Clear"
"T20190023781","27/11/19",16:15:00,"Collision with vehicle","Wednesday","Day",2,5,"Cross intersection",3,60,"BAYSIDE","METROPOLITAN SOUTH EAST REGION",-37.90381425,144.9884211,"Dry","Clear"
"T20190023782","27/11/19",15:13:00,"Vehicle overturned (no collision)","Wednesday","Day",1,2,"Cross intersection",2,80,"CASEY","METROPOLITAN SOUTH EAST REGION",-38.20058652,145.2157795,"Dry","Clear"
"T20190023784","27/11/19",17:19:00,"collision with some other object","Wednesday","Day",1,1,"Not at intersection",3,80,"TOWONG","NORTH EASTERN REGION",-36.12737377,147.3272796,"Dry","Clear"
"T20190023785","27/11/19",17:55:00,"Collision with vehicle","Wednesday","Day",2,3,"Not at intersection",3,60,"HUME","METROPOLITAN NORTH WEST REGION",-37.6009248,144.9097159,"Dry","Clear"
"T20190023786","27/11/19",18:30:00,"Collision with a fixed object","Wednesday","Dusk/Dawn",1,1,"Not at intersection",3,60,"HUME","METROPOLITAN NORTH WEST REGION",-37.58074308,144.8448321,"Dry","Clear"
"T20190023787","27/11/19",16:56:00,"Collision with a fixed object","Wednesday","Day",1,1,"Cross intersection",3,100,"TOWONG","NORTH EASTERN REGION",-36.3590545,147.4449588,"Dry","Clear"
"T20190023793","27/11/19",19:30:00,"Collision with vehicle","Wednesday","Dusk/Dawn",2,2,"Cross intersection",3,60,"GLENELG","SOUTH WESTERN REGION",-38.33797068,141.6041335,"Dry","Clear"
"T20190023796","27/11/19",21:03:00,"Collision with vehicle","Wednesday","Dark Street lights on",2,2,"Cross intersection",3,60,"WYNDHAM","METROPOLITAN NORTH WEST REGION",-37.87746952,144.6828079,"Dry","Clear"
"T20190023798","27/11/19",17:10:00,"Collision with vehicle","Wednesday","Day",2,2,"Cross intersection",3,50,"DAREBIN","METROPOLITAN NORTH WEST REGION",-37.75506789,144.9920033,"Dry","Clear"
"T20190023801","27/11/19",16:00:00,"Collision with vehicle","Wednesday","Day",2,2,"T intersection",3,50,"MORELAND","METROPOLITAN NORTH WEST REGION",-37.73349945,144.9430861,"Dry","Clear"
"T20190023803","22/11/19",09:10:00,"Collision with a fixed object","Friday","Day",1,2,"T intersection",3,50,"LATROBE","EASTERN REGION",-38.19858723,146.5489663,"Dry","Clear"
"T20190023804","28/11/19",03:23:00,"Struck Pedestrian","Thursday","Dark Street lights on",1,2,"Not at intersection",1,80,"GEELONG","SOUTH WESTERN REGION",-38.27324489,144.4843062,"Dry","Clear"
"T20190023805","18/11/19",09:00:00,"Collision with vehicle","Monday","Day",2,2,"T intersection",3,40,"YARRA","METROPOLITAN NORTH WEST REGION",-37.81994992,145.0125747,"Dry","Clear"
"T20190023806","27/11/19",13:46:00,"Collision with vehicle","Wednesday","Day",2,2,"Not at intersection",3,50,"GEELONG","SOUTH WESTERN REGION",-38.09897755,144.356248,"Dry","Clear"
"T20190023810","6/11/19",21:20:00,"Collision with vehicle","Wednesday","Dark Street lights on",2,3,"Not at intersection",3,50,"MONASH","METROPOLITAN SOUTH EAST REGION",-37.87566007,145.0932327,"Wet","Raining"
"T20190023811","25/11/19",18:30:00,"Collision with vehicle","Monday","Day",2,2,"Not at intersection",3,60,"DAREBIN","METROPOLITAN NORTH WEST REGION",-37.74638739,145.015042,"Dry","Clear"
"T20190023812","28/11/19",08:30:00,"Collision with vehicle","Thursday","Day",2,2,"T intersection",3,60,"PORT PHILLIP","METROPOLITAN NORTH WEST REGION",-37.83332178,144.9551088,"Dry","Clear"
"T20190023815","24/11/19",11:30:00,"No collision and no object struck","Sunday","Day",1,1,"Not at intersection",3,100,"MANSFIELD","NORTH EASTERN REGION",-36.95995063,145.7040523,"Dry","Clear"
"T20190023816","20/11/19",17:15:00,"Collision with vehicle","Wednesday","Day",2,2,"Not at intersection",3,40,"MELBOURNE","METROPOLITAN NORTH WEST REGION",-37.80094029,144.9699119,"Dry","Clear"
"T20190023817","27/11/19",18:20:00,"Collision with vehicle","Wednesday","Day",2,3,"Not at intersection",3,60,"MONASH","METROPOLITAN SOUTH EAST REGION",-37.87759491,145.1099194,"Dry","Clear"
"T20190023819","28/11/19",06:46:00,"Collision with vehicle","Thursday","Unknown",2,2,"Not at intersection",3,80,"WYNDHAM","METROPOLITAN NORTH WEST REGION",-37.82413707,144.8238472,"Dry","Clear"
"T20190023822","27/11/19",15:38:00,"Collision with vehicle","Wednesday","Unknown",2,2,"Not at intersection",3,888,"BOROONDARA","METROPOLITAN SOUTH EAST REGION",-37.81953918,145.02398,"Dry","Clear"