"ACCIDENT_NO","ACCIDENTDATE","ACCIDENTTIME","Accident Type Desc","Day Week Description","Light Condition Desc","NO_OF_VEHICLES","NO_PERSONS","Road Geometry Desc","SEVERITY","SPEED_ZONE","LGA_NAME","REGION_NAME","Lat","Long","Surface Cond Desc","Atmosph Cond Desc"
"T20190023823","28/11/19",10:43:00,"Collision with vehicle","Thursday","Day",2,3,"T intersection",3,60,"YARRA","METROPOLITAN NORTH WEST REGION",-37.78307704,144.9699333,"Dry","Clear"
"T20190023825","26/11/19",18:58:00,"Collision with vehicle","Tuesday","Day",2,2,"T intersection",3,80,"MELTON","METROPOLITAN NORTH WEST REGION",-37.68312619,144.6612387,"Dry","Clear"
"T20190023826","28/11/19",10:00:00,"Vehicle overturned (no collision)","Thursday","Day",2,2,"T intersection",3,60,"STRATHBOGIE","NORTH EASTERN REGION",-36.74489387,145.5857327,"Dry","Clear"
"T20190023828","27/11/19",17:35:00,"Collision with a fixed object","Wednesday","Day",1,1,"Not at intersection",2,60,"MORNINGTON PENINSULA","METROPOLITAN SOUTH EAST REGION",-38.37925467,144.8845078,"Dry","Clear"
"T20190023829","28/11/19",05:40:00,"Vehicle overturned (no collision)","Thursday","Dusk/Dawn",1,1,"Not at intersection",2,100,"TOWONG","NORTH EASTERN REGION",-35.98350654,147.7347934,"Dry","Clear"
"T20190023830","23/11/19",17:15:00,"Vehicle overturned (no collision)","Saturday","Unknown",1,1,"Not at intersection",3,999,NA,NA,NA,NA,"Unknown","Clear"
"T20190023831","28/11/19",10:15:00,"Struck Pedestrian","Thursday","Unknown",1,2,"Not at intersection",3,40,"MORNINGTON PENINSULA","METROPOLITAN SOUTH EAST REGION",-38.21999534,145.0381491,"Unknown","Not known"
"T20190023832","28/11/19",08:50:00,"Collision with vehicle","Thursday","Day",4,3,"Not at intersection",3,60,"MELBOURNE","METROPOLITAN NORTH WEST REGION",-37.79066295,144.9588861,"Dry","Clear"
"T20190023833","28/11/19",09:56:00,"Collision with vehicle","Thursday","Day",3,4,"Not at intersection",2,80,"MAROONDAH","METROPOLITAN SOUTH EAST REGION",-37.8005866,145.2502115,"Dry","Clear"
"T20190023839","28/11/19",13:25:00,"Collision with vehicle","Thursday","Day",2,2,"T intersection",3,80,"GEELONG","SOUTH WESTERN REGION",-38.14648378,144.5967994,"Dry","Clear"
"T20190023840","28/11/19",13:40:00,"Vehicle overturned (no collision)","Thursday","Day",2,2,"Cross intersection",3,60,"MOONEE VALLEY","METROPOLITAN NORTH WEST REGION",-37.75809787,144.9264589,"Dry","Clear"
"T20190023841","24/11/19",17:00:00,"Collision with vehicle","Sunday","Day",2,2,"T intersection",3,60,"MONASH","METROPOLITAN SOUTH EAST REGION",-37.89513486,145.0878,"Dry","Clear"
"T20190023844","14/11/19",11:30:00,"Collision with vehicle","Thursday","Day",2,2,"Cross intersection",3,40,"PORT PHILLIP","METROPOLITAN NORTH WEST REGION",-37.8770459,144.9848551,"Dry","Clear"
"T20190023845","27/11/19",21:30:00,"Collision with vehicle","Wednesday","Dark Street lights on",2,3,"T intersection",3,80,"KNOX","METROPOLITAN SOUTH EAST REGION",-37.91155463,145.2442016,"Dry","Clear"
"T20190023848","28/11/19",13:40:00,"Collision with vehicle","Thursday","Day",2,4,"Cross intersection",3,80,"FRANKSTON","METROPOLITAN SOUTH EAST REGION",-38.09948097,145.1727877,"Dry","Clear"
"T20190023849","28/11/19",06:45:00,"Collision with vehicle","Thursday","Day",2,4,"Cross intersection",3,50,"SHEPPARTON","NORTH EASTERN REGION",-36.37145035,145.4118982,"Dry","Clear"
"T20190023853","28/11/19",06:01:00,"Collision with a fixed object","Thursday","Dusk/Dawn",1,2,"Not at intersection",3,100,"MOYNE","SOUTH WESTERN REGION",-38.10575948,142.7717018,"Dry","Clear"
"T20190023854","28/11/19",11:00:00,"Collision with vehicle","Thursday","Day",2,2,"Not at intersection",3,100,"MOIRA","NORTH EASTERN REGION",-36.02632851,145.8005083,"Dry","Dust"
"T20190023855","28/11/19",15:35:00,"Collision with vehicle","Thursday","Day",2,2,"T intersection",3,50,"HUME","METROPOLITAN NORTH WEST REGION",-37.65288832,144.9143404,"Dry","Clear"
"T20190023856","28/11/19",14:30:00,"Collision with vehicle","Thursday","Day",2,3,"Cross intersection",3,80,"DANDENONG","METROPOLITAN SOUTH EAST REGION",-38.00301936,145.2079571,"Dry","Clear"
"T20190023858","28/11/19",15:10:00,"Collision with vehicle","Thursday","Day",4,1,"Not at intersection",3,50,"STONNINGTON","METROPOLITAN SOUTH EAST REGION",-37.87158649,145.0432901,"Dry","Clear"
"T20190023859","27/11/19",18:00:00,"No collision and no object struck","Wednesday","Day",2,2,"Not at intersection",3,50,"YARRA","METROPOLITAN NORTH WEST REGION",-37.80551916,144.9749524,"Dry","Clear"
"T20190023860","22/11/19",08:26:00,"Collision with vehicle","Friday","Day",2,2,"Cross intersection",3,60,"PORT PHILLIP","METROPOLITAN NORTH WEST REGION",-37.83279253,144.9242952,"Dry","Clear"
"T20190023861","28/11/19",14:50:00,"Collision with a fixed object","Thursday","Day",1,1,"Not at intersection",3,100,"YARRIAMBIACK","WESTERN REGION",-35.88707551,142.4225264,"Dry","Clear"
"T20190023863","28/11/19",15:45:00,"Collision with vehicle","Thursday","Day",2,3,"Not at intersection",3,100,"WHITTLESEA","METROPOLITAN NORTH WEST REGION",-37.55831249,145.1096678,"Dry","Clear"
"T20190023864","27/11/19",09:40:00,"Collision with vehicle","Wednesday","Day",2,2,"Cross intersection",3,40,"YARRA","METROPOLITAN NORTH WEST REGION",-37.82834856,144.9974553,"Dry","Clear"
"T20190023866","4/4/19",17:00:00,"Collision with vehicle","Thursday","Unknown",3,3,"Not at intersection",3,999,"BOROONDARA","METROPOLITAN SOUTH EAST REGION",-37.77973354,145.0943721,"Unknown","Not known"
"T20190023867","28/11/19",16:49:00,"Collision with vehicle","Thursday","Day",3,3,"Not at intersection",3,60,"WHITEHORSE","METROPOLITAN SOUTH EAST REGION",-37.81667487,145.1137161,"Dry","Clear"
"T20190023870","28/11/19",17:18:00,"Collision with vehicle","Thursday","Day",2,2,"Cross intersection",3,70,"WHITTLESEA","METROPOLITAN NORTH WEST REGION",-37.68945536,145.0277624,"Dry","Clear"
"T20190023871","28/11/19",15:46:00,"Collision with vehicle","Thursday","Day",2,2,"Not at intersection",3,60,"WHITTLESEA","METROPOLITAN NORTH WEST REGION",-37.67978391,145.0139227,"Dry","Clear"
"T20190023872","28/11/19",07:00:00,"Collision with vehicle","Thursday","Dusk/Dawn",2,2,"Cross intersection",3,50,"MORELAND","METROPOLITAN NORTH WEST REGION",-37.75287551,144.9709829,"Unknown","Not known"
"T20190023873","28/11/19",18:20:00,"Collision with vehicle","Thursday","Day",2,2,"Not at intersection",3,60,"BASS COAST","EASTERN REGION",-38.50591888,145.2875826,"Dry","Clear"
"T20190023874","28/11/19",19:47:00,"Collision with vehicle","Thursday","Dusk/Dawn",2,2,"T intersection",3,60,"BOROONDARA","METROPOLITAN SOUTH EAST REGION",-37.79252618,145.0915614,"Dry","Clear"
"T20190023875","28/11/19",13:08:00,"Collision with a fixed object","Thursday","Day",1,1,"Not at intersection",3,100,"MOIRA","NORTH EASTERN REGION",-35.95526836,145.5523015,"Dry","Clear"
"T20190023878","28/11/19",14:24:00,"Collision with a fixed object","Thursday","Day",1,1,"Not at intersection",3,60,"MOONEE VALLEY","METROPOLITAN NORTH WEST REGION",-37.71345826,144.8896438,"Dry","Not known"
"T20190023883","28/11/19",18:15:00,"Collision with vehicle","Thursday","Day",2,2,"T intersection",3,50,"YARRA","METROPOLITAN NORTH WEST REGION",-37.81833397,144.9968986,"Dry","Clear"
"T20190023884","28/11/19",15:54:00,"Collision with a fixed object","Thursday","Day",1,1,"Not at intersection",2,100,"GANNAWARRA","NORTHERN REGION",-35.68942728,144.1147638,"Dry","Clear"
"T20190023886","28/11/19",05:20:00,"Collision with vehicle","Thursday","Dark Street lights on",4,1,"Not at intersection",3,50,"GLEN EIRA","METROPOLITAN SOUTH EAST REGION",-37.93132802,145.0621661,"Dry","Clear"
"T20190023888","20/11/19",19:30:00,"Collision with a fixed object","Wednesday","Dusk/Dawn",2,2,"Not at intersection",3,100,"SOUTH GIPPSLAND","EASTERN REGION",-38.35736884,145.7414982,"Dry","Clear"
"T20190023889","28/11/19",15:40:00,"Collision with vehicle","Thursday","Day",2,2,"Cross intersection",3,60,"BENDIGO","NORTHERN REGION",-36.77366606,144.2500023,"Dry","Clear"
"T20190023890","28/11/19",23:00:00,"Collision with vehicle","Thursday","Dark Street lights on",2,3,"T intersection",3,60,"KINGSTON","METROPOLITAN SOUTH EAST REGION",-37.95743485,145.0519221,"Dry","Clear"
"T20190023892","28/11/19",21:50:00,"Collision with vehicle","Thursday","Dark Street lights off",4,6,"Not at intersection",3,40,"DANDENONG","METROPOLITAN SOUTH EAST REGION",-37.95002061,145.2116755,"Dry","Clear"
"T20190023894","29/10/19",14:04:00,"Collision with a fixed object","Tuesday","Day",1,1,"Cross intersection",3,60,"BENDIGO","NORTHERN REGION",-36.76247909,144.2576005,"Dry","Not known"
"T20190023895","26/11/19",13:30:00,"Collision with vehicle","Tuesday","Day",2,2,"T intersection",3,50,"MARIBYRNONG","METROPOLITAN NORTH WEST REGION",-37.80359483,144.8944004,"Dry","Clear"
"T20190023897","23/11/19",15:37:00,"Collision with vehicle","Saturday","Day",2,2,"Cross intersection",3,60,"MELBOURNE","METROPOLITAN NORTH WEST REGION",-37.79242695,144.969938,"Dry","Clear"
"T20190023898","30/8/19",19:00:00,"Collision with vehicle","Friday","Dark Street lights on",2,2,"T intersection",3,80,"HUME","METROPOLITAN NORTH WEST REGION",-37.63094501,144.792667,"Dry","Clear"
"T20190023899","29/11/19",08:48:00,"Collision with vehicle","Friday","Day",2,2,"T intersection",3,60,"BOROONDARA","METROPOLITAN SOUTH EAST REGION",-37.82952102,145.0408245,"Dry","Clear"
"T20190023900","21/11/19",12:15:00,"Collision with vehicle","Thursday","Day",2,1,"Not at intersection",3,50,"DANDENONG","METROPOLITAN SOUTH EAST REGION",-37.97714747,145.181148,"Dry","Not known"
"T20190023901","29/11/19",08:00:00,"Collision with vehicle","Friday","Day",2,2,"Not at intersection",3,60,"PORT PHILLIP","METROPOLITAN NORTH WEST REGION",-37.84039758,144.9768449,"Dry","Clear"
"T20190023903","29/11/19",07:50:00,"Vehicle overturned (no collision)","Friday","Day",1,1,"Not at intersection",2,100,"MOYNE","SOUTH WESTERN REGION",-38.04677506,142.1857494,"Dry","Clear"
"T20190023905","28/10/19",09:20:00,"Collision with vehicle","Monday","Day",2,2,"Cross intersection",3,50,"CAMPASPE","NORTHERN REGION",-36.1243574,144.7485954,"Dry","Clear"
"T20190023906","22/11/19",17:00:00,"Collision with a fixed object","Friday","Day",1,1,"Not at intersection",3,50,"GEELONG","SOUTH WESTERN REGION",-38.13530479,144.3374134,"Dry","Clear"
"T20190023907","22/7/19",03:30:00,"Collision with vehicle","Monday","Dark Street lights unknown",2,2,"Cross intersection",3,80,"CASEY","METROPOLITAN SOUTH EAST REGION",-38.08210882,145.2764842,"Dry","Clear"
"T20190023909","29/11/19",10:20:00,"Collision with vehicle","Friday","Day",2,2,"Not at intersection",2,60,"HOBSONS BAY","METROPOLITAN NORTH WEST REGION",-37.83508877,144.847602,"Dry","Clear"
"T20190023910","18/11/19",14:10:00,"Collision with vehicle","Monday","Day",2,2,"Cross intersection",3,70,"WHITTLESEA","METROPOLITAN NORTH WEST REGION",-37.69476451,145.0600905,"Dry","Clear"
"T20190023911","27/11/19",14:00:00,"collision with some other object","Wednesday","Day",1,1,"Not at intersection",3,100,"WANGARATTA","NORTH EASTERN REGION",-36.92496467,146.2828929,"Dry","Clear"
"T20190023914","29/11/19",07:14:00,"Collision with a fixed object","Friday","Day",1,1,"T intersection",3,70,"HUME","METROPOLITAN NORTH WEST REGION",-37.63586338,144.889004,"Dry","Clear"
"T20190023916","29/11/19",10:50:00,"Collision with vehicle","Friday","Day",2,2,"T intersection",3,999,"GLEN EIRA","METROPOLITAN SOUTH EAST REGION",-37.92737463,145.0495963,"Dry","Clear"
"T20190023921","29/11/19",11:09:00,"Collision with vehicle","Friday","Day",2,2,"T intersection",2,60,"WHITEHORSE","METROPOLITAN SOUTH EAST REGION",-37.83604881,145.1352987,"Dry","Clear"
"T20190023923","23/11/19",11:40:00,"Collision with vehicle","Saturday","Day",2,2,"Not at intersection",3,60,"WYNDHAM","METROPOLITAN NORTH WEST REGION",-37.8778415,144.6539534,"Dry","Clear"
"T20190023925","19/11/19",21:30:00,"Collision with vehicle","Tuesday","Dusk/Dawn",2,2,"Not at intersection",3,999,"HOBSONS BAY","METROPOLITAN NORTH WEST REGION",-37.82507983,144.8426728,"Dry","Clear"
"T20190023926","23/11/19",14:00:00,"Collision with vehicle","Saturday","Day",2,2,"Cross intersection",3,60,"BOROONDARA","METROPOLITAN SOUTH EAST REGION",-37.8084909,145.0448862,"Dry","Not known"
"T20190023927","25/11/19",08:40:00,"No collision and no object struck","Monday","Day",2,2,"T intersection",3,999,"GLEN EIRA","METROPOLITAN SOUTH EAST REGION",-37.88650821,145.0399839,"Unknown","Not known"
"T20190023928","27/11/19",15:40:00,"Collision with vehicle","Wednesday","Day",2,2,"Cross intersection",3,999,"WHITTLESEA","METROPOLITAN NORTH WEST REGION",-37.69368125,145.0010234,"Unknown","Not known"
"T20190023929","29/11/19",09:10:00,"Collision with vehicle","Friday","Day",3,3,"T intersection",3,80,"CORANGAMITE","SOUTH WESTERN REGION",-38.20032749,142.925595,"Dry","Clear"
"T20190023930","28/11/19",16:45:00,"Collision with vehicle","Thursday","Day",2,2,"Not at intersection",3,999,"WHITTLESEA","METROPOLITAN NORTH WEST REGION",-37.63610205,145.0116045,"Unknown","Not known"
"T20190023932","29/11/19",13:00:00,"Collision with a fixed object","Friday","Day",1,2,"Not at intersection",2,100,"CAMPASPE","NORTHERN REGION",-36.74755292,144.7578974,"Dry","Clear"
"T20190023933","19/11/19",08:30:00,"Fall from or in moving vehicle","Tuesday","Unknown",1,1,"T intersection",3,50,"MONASH","METROPOLITAN SOUTH EAST REGION",-37.91002659,145.1528936,"Unknown","Not known"
"T20190023934","29/11/19",15:15:00,"collision with some other object","Friday","Day",1,1,"Not at intersection",3,50,"BRIMBANK","METROPOLITAN NORTH WEST REGION",-37.77238142,144.8323259,"Dry","Clear"
"T20190023935","29/11/19",09:10:00,"Collision with vehicle","Friday","Day",3,2,"Cross intersection",3,60,"KINGSTON","METROPOLITAN SOUTH EAST REGION",-38.06738987,145.1472757,"Dry","Clear"
"T20190023937","24/11/19",18:54:00,"Collision with a fixed object","Sunday","Day",1,2,"Not at intersection",3,100,"MOYNE","SOUTH WESTERN REGION",-38.49668367,142.7444891,"Dry","Clear"
"T20190023938","29/11/19",15:00:00,"Collision with vehicle","Friday","Day",2,2,"Multiple intersection",3,80,"FRANKSTON","METROPOLITAN SOUTH EAST REGION",-38.18099719,145.1588078,"Dry","Clear"
"T20190023940","29/11/19",09:12:00,"Collision with a fixed object","Friday","Day",1,1,"Not at intersection",1,100,"TOWONG","NORTH EASTERN REGION",-36.35474328,147.1866699,"Dry","Clear"
"T20190023942","11/11/19",14:30:00,"Collision with vehicle","Monday","Day",2,3,"T intersection",3,999,"DAREBIN","METROPOLITAN NORTH WEST REGION",-37.7297232,145.0164388,"Dry","Clear"
"T20190023944","29/11/19",15:30:00,"Struck Pedestrian","Friday","Day",1,2,"Not at intersection",3,60,"PORT PHILLIP","METROPOLITAN NORTH WEST REGION",-37.88898566,144.9870991,"Dry","Clear"
"T20190023949","29/11/19",13:50:00,"Collision with vehicle","Friday","Day",2,3,"Not at intersection",3,80,"DANDENONG","METROPOLITAN SOUTH EAST REGION",-38.01381621,145.2154767,"Dry","Clear"
"T20190023950","29/11/19",18:15:00,"Collision with vehicle","Friday","Day",3,3,"T intersection",3,60,"MORELAND","METROPOLITAN NORTH WEST REGION",-37.74174645,144.9700453,"Dry","Clear"
"T20190023951","29/11/19",16:32:00,"Collision with vehicle","Friday","Day",2,2,"T intersection",3,60,"MANNINGHAM","METROPOLITAN SOUTH EAST REGION",-37.79659149,145.1183886,"Dry","Clear"
"T20190023952","29/11/19",14:57:00,"Collision with a fixed object","Friday","Day",1,1,"Cross intersection",3,50,"MELTON","METROPOLITAN NORTH WEST REGION",-37.74693993,144.7489435,"Dry","Clear"
"T20190023953","29/11/19",19:00:00,"Collision with a fixed object","Friday","Day",2,3,"Not at intersection",3,100,"MOONEE VALLEY","METROPOLITAN NORTH WEST REGION",-37.72938156,144.8691759,"Wet","Raining"
"T20190023954","29/11/19",16:20:00,"Collision with vehicle","Friday","Day",4,6,"Not at intersection",3,100,"WHITTLESEA","METROPOLITAN NORTH WEST REGION",-37.65395337,144.9893502,"Dry","Clear"
"T20190023958","29/11/19",19:25:00,"Collision with vehicle","Friday","Dusk/Dawn",2,2,"Cross intersection",3,60,"BASS COAST","EASTERN REGION",-38.60699847,145.5938888,"Wet","Raining"
"T20190023959","29/11/19",17:06:00,"Collision with a fixed object","Friday","Dusk/Dawn",1,1,"T intersection",2,60,"MONASH","METROPOLITAN SOUTH EAST REGION",-37.88699634,145.0893824,"Dry","Clear"
"T20190023960","27/11/19",15:00:00,"Collision with vehicle","Wednesday","Day",2,2,"Not at intersection",3,60,"BALLARAT","WESTERN REGION",-37.56882043,143.8180325,"Dry","Not known"
"T20190023963","29/11/19",15:43:00,"Struck Pedestrian","Friday","Day",1,3,"Not at intersection",3,60,"FRANKSTON","METROPOLITAN SOUTH EAST REGION",-38.10150826,145.1877585,"Dry","Clear"
"T20190023964","29/11/19",18:30:00,"Vehicle overturned (no collision)","Friday","Day",1,1,"Not at intersection",2,100,"SOUTH GIPPSLAND","EASTERN REGION",-38.28075078,145.7744622,"Wet","Raining"
"T20190023968","9/11/19",09:00:00,"Collision with vehicle","Saturday","Day",3,3,"Not at intersection",3,80,"HUME","METROPOLITAN NORTH WEST REGION",-37.69145237,144.882295,"Dry","Clear"
"T20190023972","29/11/19",18:50:00,"Collision with vehicle","Friday","Day",2,3,"Not at intersection",3,60,"YARRA RANGES","METROPOLITAN SOUTH EAST REGION",-37.91892344,145.3516643,"Wet","Raining"
"T20190023973","29/11/19",21:40:00,"Collision with vehicle","Friday","Dark Street lights on",2,2,"Cross intersection",3,50,"MELBOURNE","METROPOLITAN NORTH WEST REGION",-37.80629056,144.9498088,"Wet","Raining"
"T20190023974","29/11/19",15:30:00,"Collision with vehicle","Friday","Day",2,4,"Not at intersection",3,40,"WYNDHAM","METROPOLITAN NORTH WEST REGION",-37.8764805,144.6725414,"Dry","Clear"
"T20190023975","29/11/19",20:56:00,"Collision with vehicle","Friday","Dark Street lights on",2,3,"T intersection",3,80,"KINGSTON","METROPOLITAN SOUTH EAST REGION",-38.01073102,145.1323737,"Dry","Raining"
"T20190023976","29/11/19",22:15:00,"Collision with vehicle","Friday","Dark Street lights on",2,2,"Not at intersection",3,60,"KINGSTON","METROPOLITAN SOUTH EAST REGION",-38.06708403,145.151703,"Wet","Raining"
"T20190023977","29/11/19",23:00:00,"Struck Pedestrian","Friday","Dark Street lights on",1,2,"Cross intersection",3,60,"BRIMBANK","METROPOLITAN NORTH WEST REGION",-37.74410277,144.7998705,"Wet","Raining"
"T20190023980","29/11/19",22:56:00,"Collision with vehicle","Friday","Dark Street lights on",3,3,"Cross intersection",3,80,"BRIMBANK","METROPOLITAN NORTH WEST REGION",-37.72944571,144.8152916,"Wet","Raining"
"T20190023981","29/11/19",23:20:00,"Struck Pedestrian","Friday","Dark Street lights on",1,2,"Not at intersection",3,100,"CARDINIA","METROPOLITAN SOUTH EAST REGION",-38.08152588,145.440856,"Wet","Raining"
"T20190023983","30/11/19",00:04:00,"Collision with vehicle","Saturday","Dark Street lights on",4,4,"Not at intersection",3,60,"PORT PHILLIP","METROPOLITAN NORTH WEST REGION",-37.84033706,144.9746536,"Wet","Raining"
"T20190023984","29/11/19",23:48:00,"Collision with vehicle","Friday","Dark Street lights on",2,3,"T intersection",3,80,"HUME","METROPOLITAN NORTH WEST REGION",-37.65520032,144.9529995,"Wet","Raining"
"T20190023986","29/11/19",23:10:00,"Collision with vehicle","Friday","Dark Street lights on",2,2,"Not at intersection",2,60,"YARRA","METROPOLITAN NORTH WEST REGION",-37.80600958,144.9796929,"Wet","Raining"
"T20190023989","30/11/19",02:26:00,"Vehicle overturned (no collision)","Saturday","Dark No street lights",1,1,"Not at intersection",2,100,"CORANGAMITE","SOUTH WESTERN REGION",-38.26285277,142.8722788,"Dry","Clear"
"T20190023993","30/11/19",06:20:00,"Struck animal","Saturday","Dusk/Dawn",1,1,"Not at intersection",3,50,"CASEY","METROPOLITAN SOUTH EAST REGION",-38.12586447,145.28698,"Wet","Fog"
"T20190023994","8/11/19",15:30:00,"Collision with vehicle","Friday","Day",2,2,"Cross intersection",3,60,"MANNINGHAM","METROPOLITAN SOUTH EAST REGION",-37.78700869,145.1437345,"Dry","Clear"
"T20190023995","26/10/19",15:00:00,"Vehicle overturned (no collision)","Saturday","Day",1,1,"Not at intersection",3,100,"ALPINE","NORTH EASTERN REGION",-36.59258179,146.9577971,"Wet","Raining"
"T20190024003","29/11/19",14:00:00,"Collision with vehicle","Friday","Day",2,2,"T intersection",3,50,"WHITTLESEA","METROPOLITAN NORTH WEST REGION",-37.68948298,145.0396541,"Dry","Not known"
"T20190024006","30/11/19",09:50:00,"Struck animal","Saturday","Day",1,1,"Not at intersection",3,80,"MURRINDINDI","NORTH EASTERN REGION",-37.31900908,145.2964716,"Dry","Clear"
"T20190024009","14/11/19",10:30:00,"Vehicle overturned (no collision)","Thursday","Day",1,1,"Not at intersection",3,999,"TOWONG","NORTH EASTERN REGION",-36.65886265,147.4348894,"Dry","Clear"
"T20190024011","30/11/19",00:30:00,"Collision with vehicle","Saturday","Dark Street lights on",2,2,"T intersection",3,50,"DAREBIN","METROPOLITAN NORTH WEST REGION",-37.75735993,144.9806826,"Wet","Raining"
"T20190024012","30/11/19",12:00:00,"Struck Pedestrian","Saturday","Day",1,2,"Not at intersection",3,50,"COLAC OTWAY","SOUTH WESTERN REGION",-38.75778156,143.6700211,"Dry","Clear"
"T20190024013","30/11/19",09:35:00,"Collision with vehicle","Saturday","Day",2,2,"Not at intersection",3,100,"WELLINGTON","EASTERN REGION",-38.13734881,146.7933119,"Dry","Clear"
"T20190024014","30/11/19",12:00:00,"Collision with vehicle","Saturday","Day",2,4,"T intersection",3,80,"DANDENONG","METROPOLITAN SOUTH EAST REGION",-37.99166558,145.1505385,"Dry","Clear"
"T20190024015","28/11/19",09:00:00,"Collision with vehicle","Thursday","Day",2,2,"Not at intersection",3,50,"DANDENONG","METROPOLITAN SOUTH EAST REGION",-37.96055638,145.1370735,"Dry","Clear"
"T20190024016","27/11/19",14:30:00,"Collision with vehicle","Wednesday","Unknown",2,2,"Cross intersection",3,60,"GEELONG","SOUTH WESTERN REGION",-38.09731672,144.3235982,"Unknown","Not known"
"T20190024017","30/11/19",13:32:00,"Collision with vehicle","Saturday","Day",2,4,"Cross intersection",3,70,"BAYSIDE","METROPOLITAN SOUTH EAST REGION",-37.93187756,145.0257845,"Dry","Clear"
"T20190024023","29/11/19",23:05:00,"Fall from or in moving vehicle","Friday","Dark Street lights on",1,5,"T intersection",3,60,"TOWONG","NORTH EASTERN REGION",-36.53068966,147.4942098,"Dry","Clear"
"T20190024027","30/11/19",14:35:00,"Collision with vehicle","Saturday","Day",3,5,"Not at intersection",3,80,"MOONEE VALLEY","METROPOLITAN NORTH WEST REGION",-37.71893614,144.8922834,"Dry","Clear"
"T20190024028","30/11/19",12:00:00,"Collision with vehicle","Saturday","Day",2,4,"T intersection",3,70,"MORELAND","METROPOLITAN NORTH WEST REGION",-37.7107152,144.9613786,"Dry","Clear"
"T20190024029","30/11/19",13:34:00,"Fall from or in moving vehicle","Saturday","Day",1,1,"Not at intersection",3,100,"MOYNE","SOUTH WESTERN REGION",-38.05616593,142.8727979,"Dry","Clear"
"T20190024032","30/11/19",16:30:00,"Vehicle overturned (no collision)","Saturday","Day",1,1,"Not at intersection",3,60,"MAROONDAH","METROPOLITAN SOUTH EAST REGION",-37.81017824,145.2228621,"Dry","Clear"
"T20190024034","30/11/19",15:30:00,"Struck Pedestrian","Saturday","Day",1,2,"Cross intersection",3,60,"BALLARAT","WESTERN REGION",-37.59874163,143.8411629,"Dry","Clear"
"T20190024035","30/11/19",15:00:00,"Collision with a fixed object","Saturday","Day",1,1,"Not at intersection",2,80,"TOWONG","NORTH EASTERN REGION",-36.17629365,147.3387054,"Dry","Clear"
"T20190024036","30/11/19",17:30:00,"Collision with vehicle","Saturday","Day",2,2,"Not at intersection",3,50,"BALLARAT","WESTERN REGION",-37.56370388,143.8533294,"Dry","Clear"
"T20190024038","30/11/19",10:50:00,"Collision with vehicle","Saturday","Day",2,2,"Not at intersection",3,50,"BRIMBANK","METROPOLITAN NORTH WEST REGION",-37.69222971,144.7571951,"Dry","Clear"
"T20190024040","30/11/19",00:35:00,"collision with some other object","Saturday","Dark No street lights",1,1,"Not at intersection",3,100,"MURRINDINDI","NORTH EASTERN REGION",-37.02413364,145.6890477,"Dry","Clear"
"T20190024041","30/11/19",17:40:00,"Collision with vehicle","Saturday","Day",2,2,"Cross intersection",3,60,"MARIBYRNONG","METROPOLITAN NORTH WEST REGION",-37.79892065,144.8923579,"Dry","Clear"
"T20190024043","30/11/19",17:49:00,"Collision with vehicle","Saturday","Day",2,2,"Not at intersection",3,50,"YARRA RANGES","METROPOLITAN SOUTH EAST REGION",-37.80744777,145.3812585,"Dry","Clear"
"T20190024045","30/11/19",19:00:00,"Struck Pedestrian","Saturday","Dusk/Dawn",1,2,"T intersection",3,60,"MELBOURNE","METROPOLITAN NORTH WEST REGION",-37.82537065,144.9569893,"Dry","Clear"
"T20190024050","30/11/19",18:03:00,"Collision with vehicle","Saturday","Day",3,4,"Not at intersection",3,50,"MORELAND","METROPOLITAN NORTH WEST REGION",-37.69645292,144.9225491,"Dry","Clear"
"T20190024051","30/11/19",14:30:00,"Collision with a fixed object","Saturday","Day",1,1,"T intersection",3,50,"MITCHELL","NORTHERN REGION",-37.20156823,145.0536827,"Dry","Clear"
"T20190024052","30/11/19",19:30:00,"Collision with a fixed object","Saturday","Day",1,2,"T intersection",2,50,"MITCHELL","NORTHERN REGION",-37.20678703,145.040161,"Dry","Clear"
"T20190024058","30/11/19",21:25:00,"Collision with vehicle","Saturday","Dark Street lights on",2,2,"Cross intersection",3,60,"PORT PHILLIP","METROPOLITAN NORTH WEST REGION",-37.8520335,144.9606592,"Dry","Clear"
"T20190024059","30/11/19",17:50:00,"Collision with vehicle","Saturday","Day",2,4,"T intersection",3,100,"WELLINGTON","EASTERN REGION",-38.06921954,147.0835468,"Dry","Clear"
"T20190024065","1/12/19",01:20:00,"Collision with vehicle","Sunday","Dark Street lights on",3,4,"Not at intersection",3,60,"PORT PHILLIP","METROPOLITAN NORTH WEST REGION",-37.88251666,144.9961671,"Dry","Clear"
"T20190024066","30/11/19",20:54:00,"Collision with a fixed object","Saturday","Dark No street lights",1,2,"Not at intersection",3,100,"BENDIGO","NORTHERN REGION",-36.95723786,144.6542513,"Dry","Clear"