"ACCIDENT_NO","ACCIDENTDATE","ACCIDENTTIME","Accident Type Desc","Day Week Description","Light Condition Desc","NO_OF_VEHICLES","NO_PERSONS","Road Geometry Desc","SEVERITY","SPEED_ZONE","LGA_NAME","REGION_NAME","Lat","Long","Surface Cond Desc","Atmosph Cond Desc"
"T20190024075","30/11/19",09:50:00,"Collision with vehicle","Saturday","Day",2,2,"T intersection",3,40,"STONNINGTON","METROPOLITAN SOUTH EAST REGION",-37.83865726,144.9890671,"Dry","Clear"
"T20190024077","25/11/19",06:00:00,"Collision with vehicle","Monday","Day",2,2,"T intersection",3,60,"MELTON","METROPOLITAN NORTH WEST REGION",-37.75795544,144.7396263,"Dry","Clear"
"T20190024081","18/11/19",07:30:00,"Collision with vehicle","Monday","Dusk/Dawn",2,2,"Cross intersection",3,60,"DAREBIN","METROPOLITAN NORTH WEST REGION",-37.76838693,144.9912167,"Dry","Clear"
"T20190024082","1/12/19",08:20:00,"Collision with vehicle","Sunday","Day",3,4,"Not at intersection",3,40,"PORT PHILLIP","METROPOLITAN NORTH WEST REGION",-37.83194254,144.9555322,"Dry","Clear"
"T20190024084","29/11/19",19:00:00,"Collision with vehicle","Friday","Dusk/Dawn",2,2,"Not at intersection",3,40,"YARRA","METROPOLITAN NORTH WEST REGION",-37.79886285,144.983374,"Wet","Clear"
"T20190024086","28/11/19",09:45:00,"Struck Pedestrian","Thursday","Day",1,4,"Not at intersection",3,40,"YARRA","METROPOLITAN NORTH WEST REGION",-37.80578544,144.9891845,"Unknown","Not known"
"T20190024087","30/11/19",12:48:00,"Struck Pedestrian","Saturday","Day",1,2,"Not at intersection",3,999,"BANYULE","METROPOLITAN NORTH WEST REGION",-37.72919587,145.1280806,"Dry","Clear"
"T20190024092","30/11/19",21:10:00,"Collision with vehicle","Saturday","Dark Street lights on",2,2,"Not at intersection",3,60,"MARIBYRNONG","METROPOLITAN NORTH WEST REGION",-37.77045725,144.886455,"Dry","Clear"
"T20190024095","1/12/19",12:32:00,"Collision with vehicle","Sunday","Unknown",2,3,"Cross intersection",3,60,"DANDENONG","METROPOLITAN SOUTH EAST REGION",-37.96886665,145.20505,"Dry","Clear"
"T20190024098","1/12/19",12:33:00,"Collision with vehicle","Sunday","Day",3,5,"Not at intersection",2,999,"YARRA","METROPOLITAN NORTH WEST REGION",-37.79548361,144.9942347,"Dry","Not known"
"T20190024099","1/12/19",12:40:00,"Collision with a fixed object","Sunday","Day",1,1,"Not at intersection",3,100,"HEPBURN","WESTERN REGION",-37.32299033,144.1963636,"Wet","Raining"
"T20190024101","1/12/19",11:27:00,"Fall from or in moving vehicle","Sunday","Day",1,1,"Not at intersection",2,100,"NORTHERN GRAMPIANS","WESTERN REGION",-37.0813215,142.431423,"Muddy","Clear"
"T20190024102","1/12/19",10:00:00,"Collision with a fixed object","Sunday","Day",1,1,"Not at intersection",2,100,"TOWONG","NORTH EASTERN REGION",-36.53184562,148.0347286,"Dry","Clear"
"T20190024105","1/12/19",14:15:00,"Collision with vehicle","Sunday","Day",2,3,"Cross intersection",3,50,"YARRA","METROPOLITAN NORTH WEST REGION",-37.78465728,144.972688,"Wet","Raining"
"T20190024106","26/11/19",14:15:00,"Vehicle overturned (no collision)","Tuesday","Day",1,1,"T intersection",3,999,"MELBOURNE","METROPOLITAN NORTH WEST REGION",-37.84485173,144.9786855,"Unknown","Not known"
"T20190024107","1/12/19",14:34:00,"Collision with vehicle","Sunday","Day",2,1,"Not at intersection",3,50,"BRIMBANK","METROPOLITAN NORTH WEST REGION",-37.70657491,144.7883629,"Wet","Raining"
"T20190024108","30/11/19",12:15:00,"Collision with vehicle","Saturday","Day",2,4,"T intersection",3,60,"YARRA RANGES","METROPOLITAN SOUTH EAST REGION",-37.85633899,145.3734921,"Unknown","Not known"
"T20190024112","19/11/19",11:30:00,"Fall from or in moving vehicle","Tuesday","Day",1,2,"Not at intersection",2,999,"BOROONDARA","METROPOLITAN SOUTH EAST REGION",-37.80297581,145.0413853,"Dry","Clear"
"T20190024113","1/12/19",15:15:00,"Collision with vehicle","Sunday","Day",2,3,"Cross intersection",3,80,"FRANKSTON","METROPOLITAN SOUTH EAST REGION",-38.10473155,145.2152734,"Wet","Clear"
"T20190024116","1/12/19",16:00:00,"Collision with vehicle","Sunday","Day",2,4,"Not at intersection",2,100,"BAW BAW","EASTERN REGION",-38.30254625,145.8979779,"Wet","Raining"
"T20190024119","1/12/19",18:20:00,"Vehicle overturned (no collision)","Sunday","Day",1,1,"Not at intersection",3,80,"DANDENONG","METROPOLITAN SOUTH EAST REGION",-37.99792806,145.1667882,"Wet","Raining"
"T20190024120","26/11/19",06:00:00,"Collision with vehicle","Tuesday","Day",3,3,"Cross intersection",3,999,"WYNDHAM","METROPOLITAN NORTH WEST REGION",-37.83712196,144.7195135,"Unknown","Clear"
"T20190024121","1/12/19",16:15:00,"Collision with vehicle","Sunday","Day",2,7,"Not at intersection",3,60,"YARRA RANGES","METROPOLITAN SOUTH EAST REGION",-37.78092492,145.3260286,"Wet","Raining"
"T20190024122","1/12/19",18:05:00,"Collision with a fixed object","Sunday","Day",1,1,"Not at intersection",3,50,"YARRA RANGES","METROPOLITAN SOUTH EAST REGION",-37.9144576,145.369235,"Wet","Raining"
"T20190024128","1/12/19",17:10:00,"Collision with vehicle","Sunday","Day",2,4,"Cross intersection",3,60,"MELBOURNE","METROPOLITAN NORTH WEST REGION",-37.79257889,144.9713489,"Wet","Clear"
"T20190024131","1/12/19",19:00:00,"Collision with a fixed object","Sunday","Day",1,1,"Not at intersection",2,100,"MOYNE","SOUTH WESTERN REGION",-37.96403999,142.306664,"Wet","Raining"
"T20190024132","18/11/19",16:35:00,"Collision with vehicle","Monday","Day",2,2,"Cross intersection",3,60,"WHITTLESEA","METROPOLITAN NORTH WEST REGION",-37.68201083,145.0294311,"Dry","Clear"
"T20190024133","1/12/19",20:34:00,"Collision with vehicle","Sunday","Dark Street lights unknown",2,2,"Cross intersection",2,50,"WYNDHAM","METROPOLITAN NORTH WEST REGION",-37.87706475,144.614528,"Dry","Clear"
"T20190024135","1/12/19",18:36:00,"Collision with a fixed object","Sunday","Dusk/Dawn",1,2,"Not at intersection",2,100,"GLENELG","SOUTH WESTERN REGION",-37.92652913,141.2897371,"Wet","Raining"
"T20190024136","1/12/19",08:20:00,"Collision with vehicle","Sunday","Day",2,2,"T intersection",3,60,"CASEY","METROPOLITAN SOUTH EAST REGION",-38.10942988,145.2835519,"Unknown","Not known"
"T20190024139","11/9/19",08:15:00,"Collision with vehicle","Wednesday","Day",2,2,"Not at intersection",3,80,"BRIMBANK","METROPOLITAN NORTH WEST REGION",-37.70203124,144.8024434,"Wet","Clear"
"T20190024140","1/12/19",23:49:00,"Collision with vehicle","Sunday","Dark Street lights on",2,5,"T intersection",3,60,"HUME","METROPOLITAN NORTH WEST REGION",-37.63984398,144.9237017,"Wet","Raining"
"T20190024142","1/12/19",21:06:00,"Collision with vehicle","Sunday","Dark Street lights on",2,3,"Not at intersection",1,60,"GEELONG","SOUTH WESTERN REGION",-38.10154488,144.3451774,"Dry","Clear"
"T20190024148","13/9/19",07:40:00,"Collision with vehicle","Friday","Dusk/Dawn",2,2,"T intersection",3,999,"GLEN EIRA","METROPOLITAN SOUTH EAST REGION",-37.87685567,145.0354461,"Dry","Clear"
"T20190024149","2/12/19",06:20:00,"Collision with vehicle","Monday","Day",4,4,"Not at intersection",3,70,"CARDINIA","METROPOLITAN SOUTH EAST REGION",-38.02648399,145.4958091,"Wet","Raining"
"T20190024150","17/11/19",15:15:00,"Collision with vehicle","Sunday","Day",2,3,"Not at intersection",3,50,"WHITTLESEA","METROPOLITAN NORTH WEST REGION",-37.67199784,145.0175778,"Dry","Clear"
"T20190024152","23/11/19",12:00:00,"Vehicle overturned (no collision)","Saturday","Day",2,2,"Not at intersection",3,100,"SURF COAST","SOUTH WESTERN REGION",-38.36324194,143.9854891,"Dry","Not known"
"T20190024153","22/11/19",09:15:00,"Collision with vehicle","Friday","Day",2,3,"T intersection",3,50,"YARRA","METROPOLITAN NORTH WEST REGION",-37.83117087,144.9969466,"Unknown","Not known"
"T20190024155","2/12/19",08:50:00,"Collision with vehicle","Monday","Day",2,2,"T intersection",3,70,"BAW BAW","EASTERN REGION",-38.171751,145.9234047,"Wet","Raining"
"T20190024157","2/12/19",08:50:00,"Collision with vehicle","Monday","Day",2,2,"Not at intersection",3,50,"YARRA","METROPOLITAN NORTH WEST REGION",-37.83037035,145.0262943,"Dry","Clear"
"T20190024158","2/12/19",06:40:00,"Collision with vehicle","Monday","Day",2,2,"Cross intersection",3,80,"KNOX","METROPOLITAN SOUTH EAST REGION",-37.90253978,145.2159805,"Dry","Clear"
"T20190024160","9/10/19",19:00:00,"Collision with vehicle","Wednesday","Unknown",2,2,"Not at intersection",3,60,"STONNINGTON","METROPOLITAN SOUTH EAST REGION",-37.85977987,145.0081124,"Dry","Clear"
"T20190024162","16/10/19",17:50:00,"Collision with vehicle","Wednesday","Day",2,2,"Cross intersection",3,70,"KINGSTON","METROPOLITAN SOUTH EAST REGION",-37.95319607,145.0767681,"Dry","Clear"
"T20190024163","23/11/19",10:30:00,"collision with some other object","Saturday","Day",1,1,"Not at intersection",3,888,"MACEDON RANGES","NORTHERN REGION",-37.49084142,144.4767,"Dry","Not known"
"T20190024165","29/11/19",15:30:00,"Struck Pedestrian","Friday","Unknown",1,2,"Cross intersection",3,999,"MELBOURNE","METROPOLITAN NORTH WEST REGION",-37.80996352,144.958399,"Unknown","Not known"
"T20190024166","2/12/19",04:49:00,"Vehicle overturned (no collision)","Monday","Dusk/Dawn",1,1,"Not at intersection",3,110,"MILDURA","WESTERN REGION",-35.14451153,142.3623846,"Wet","Raining"
"T20190024168","2/12/19",09:07:00,"Collision with vehicle","Monday","Day",2,5,"Not at intersection",3,60,"STONNINGTON","METROPOLITAN SOUTH EAST REGION",-37.85922734,145.020053,"Dry","Clear"
"T20190024169","9/6/19",17:10:00,"Collision with vehicle","Sunday","Unknown",2,6,"Cross intersection",3,80,"CASEY","METROPOLITAN SOUTH EAST REGION",-37.97650736,145.2705901,"Unknown","Not known"
"T20190024172","2/12/19",08:45:00,"Fall from or in moving vehicle","Monday","Day",1,1,"Not at intersection",3,100,"CORANGAMITE","SOUTH WESTERN REGION",-38.25715156,143.217214,"Wet","Raining"
"T20190024173","28/11/19",21:30:00,"No collision and no object struck","Thursday","Dark No street lights",1,1,"Not at intersection",3,40,"MORNINGTON PENINSULA","METROPOLITAN SOUTH EAST REGION",-38.21779627,145.0352166,"Dry","Clear"
"T20190024176","5/9/19",14:07:00,"Collision with vehicle","Thursday","Day",2,3,"Not at intersection",3,80,"KNOX","METROPOLITAN SOUTH EAST REGION",-37.84914566,145.2267785,"Dry","Clear"
"T20190024177","2/12/19",10:50:00,"Collision with vehicle","Monday","Day",2,3,"T intersection",3,50,"WHITEHORSE","METROPOLITAN SOUTH EAST REGION",-37.85890008,145.1568686,"Wet","Clear"
"T20190024179","27/11/19",20:13:00,"Collision with vehicle","Wednesday","Day",2,2,"T intersection",3,50,"PORT PHILLIP","METROPOLITAN NORTH WEST REGION",-37.86840134,144.9773887,"Dry","Clear"
"T20190024181","27/11/19",08:45:00,"Collision with vehicle","Wednesday","Day",2,2,"Cross intersection",3,999,"WYNDHAM","METROPOLITAN NORTH WEST REGION",-37.90087643,144.6527851,"Unknown","Not known"
"T20190024182","29/11/19",20:30:00,"Collision with vehicle","Friday","Dark Street lights on",2,3,"Not at intersection",3,80,"CASEY","METROPOLITAN SOUTH EAST REGION",-38.02430782,145.3039936,"Unknown","Not known"
"T20190024190","28/11/19",18:00:00,"Fall from or in moving vehicle","Thursday","Day",1,1,"Not at intersection",3,100,"MOYNE","SOUTH WESTERN REGION",-38.33869418,142.7326128,"Dry","Clear"
"T20190024191","2/12/19",13:05:00,"Collision with vehicle","Monday","Day",3,2,"T intersection",3,60,"MARIBYRNONG","METROPOLITAN NORTH WEST REGION",-37.80687445,144.8704977,"Dry","Clear"
"T20190024192","11/11/19",16:30:00,"Collision with vehicle","Monday","Unknown",3,3,"T intersection",3,50,"MORELAND","METROPOLITAN NORTH WEST REGION",-37.70437896,144.9591087,"Unknown","Not known"
"T20190024194","1/12/19",10:00:00,"Collision with vehicle","Sunday","Day",2,2,"Not at intersection",3,80,"KNOX","METROPOLITAN SOUTH EAST REGION",-37.92940916,145.2328994,"Dry","Not known"
"T20190024195","2/12/19",14:36:00,"Collision with vehicle","Monday","Day",2,3,"T intersection",3,50,"WYNDHAM","METROPOLITAN NORTH WEST REGION",-37.82589159,144.7596114,"Dry","Clear"
"T20190024196","24/11/19",10:45:00,"Collision with vehicle","Sunday","Day",2,2,"T intersection",3,60,"GEELONG","SOUTH WESTERN REGION",-38.2011953,144.3412187,"Dry","Clear"
"T20190024197","2/12/19",15:30:00,"Collision with vehicle","Monday","Day",2,2,"Cross intersection",3,50,"MORNINGTON PENINSULA","METROPOLITAN SOUTH EAST REGION",-38.36304652,144.9102806,"Dry","Clear"
"T20190024199","29/11/19",17:05:00,"Collision with vehicle","Friday","Day",2,2,"T intersection",3,60,"MELBOURNE","METROPOLITAN NORTH WEST REGION",-37.81099011,144.991131,"Dry","Clear"
"T20190024202","28/4/19",12:00:00,"No collision and no object struck","Sunday","Day",1,1,"Y intersection",3,888,"CARDINIA","METROPOLITAN SOUTH EAST REGION",-37.91657478,145.6350024,"Unknown","Clear"
"T20190024204","22/11/19",14:30:00,"Collision with vehicle","Friday","Day",2,3,"T intersection",3,60,"DAREBIN","METROPOLITAN NORTH WEST REGION",-37.72641871,145.0012031,"Dry","Clear"
"T20190024205","2/12/19",16:14:00,"Collision with vehicle","Monday","Day",2,3,"Not at intersection",3,60,"DAREBIN","METROPOLITAN NORTH WEST REGION",-37.72748699,144.9918703,"Dry","Clear"
"T20190024206","2/12/19",16:42:00,"Collision with vehicle","Monday","Day",2,4,"Not at intersection",2,80,"YARRA RANGES","METROPOLITAN SOUTH EAST REGION",-37.64925003,145.3866876,"Dry","Clear"
"T20190024210","2/12/19",15:10:00,"Struck Pedestrian","Monday","Day",1,2,"Not at intersection",3,50,"MONASH","METROPOLITAN SOUTH EAST REGION",-37.88710906,145.1710591,"Dry","Clear"
"T20190024217","2/12/19",15:57:00,"Collision with vehicle","Monday","Day",2,2,"Cross intersection",2,50,"WHITTLESEA","METROPOLITAN NORTH WEST REGION",-37.59754592,145.1293394,"Dry","Clear"
"T20190024218","30/11/19",14:00:00,"Collision with vehicle","Saturday","Day",3,3,"T intersection",3,80,"KINGSTON","METROPOLITAN SOUTH EAST REGION",-37.94092207,145.0402524,"Dry","Clear"
"T20190024221","1/11/19",21:35:00,"Collision with vehicle","Friday","Dark Street lights on",2,3,"Cross intersection",3,70,"HOBSONS BAY","METROPOLITAN NORTH WEST REGION",-37.84473449,144.7887657,"Dry","Clear"
"T20190024222","15/9/19",18:50:00,"Struck Pedestrian","Sunday","Dark Street lights unknown",1,3,"T intersection",3,60,"PORT PHILLIP","METROPOLITAN NORTH WEST REGION",-37.83738006,144.9676639,"Wet","Raining"
"T20190024224","14/11/19",12:00:00,"collision with some other object","Thursday","Day",1,1,"Not at intersection",3,70,"BANYULE","METROPOLITAN NORTH WEST REGION",-37.72810342,145.1263132,"Dry","Clear"
"T20190024227","2/12/19",18:30:00,"Collision with vehicle","Monday","Day",2,2,"T intersection",3,50,"CASEY","METROPOLITAN SOUTH EAST REGION",-38.08540678,145.3161073,"Dry","Clear"
"T20190024229","2/12/19",18:26:00,"Collision with a fixed object","Monday","Day",1,1,"Unknown",2,50,"MELTON","METROPOLITAN NORTH WEST REGION",-37.732331,144.6637293,"Dry","Clear"
"T20190024230","2/12/19",16:00:00,"Collision with vehicle","Monday","Day",2,3,"Not at intersection",2,50,"MELTON","METROPOLITAN NORTH WEST REGION",-37.7304959,144.7629819,"Dry","Clear"
"T20190024234","2/12/19",21:29:00,"Collision with vehicle","Monday","Dark No street lights",2,2,"Not at intersection",2,80,"MELTON","METROPOLITAN NORTH WEST REGION",-37.68648746,144.6914073,"Dry","Clear"
"T20190024236","2/12/19",20:58:00,"Struck Pedestrian","Monday","Dark Street lights on",1,2,"Not at intersection",2,80,"DANDENONG","METROPOLITAN SOUTH EAST REGION",-38.01293885,145.1984456,"Dry","Clear"
"T20190024239","2/12/19",23:17:00,"Collision with a fixed object","Monday","Dark No street lights",1,2,"Not at intersection",3,110,"MITCHELL","NORTHERN REGION",-37.48950429,144.96593,"Dry","Clear"
"T20190024240","2/12/19",22:00:00,"Collision with a fixed object","Monday","Dark Street lights on",1,1,"Not at intersection",3,100,"KNOX","METROPOLITAN SOUTH EAST REGION",-37.92942604,145.2109701,"Dry","Clear"
"T20190024244","30/10/19",13:30:00,"Collision with vehicle","Wednesday","Day",2,2,"Not at intersection",3,60,"MELBOURNE","METROPOLITAN NORTH WEST REGION",-37.80078081,144.9482009,"Unknown","Not known"
"T20190024245","3/12/19",05:55:00,"Collision with vehicle","Tuesday","Day",2,2,"Cross intersection",3,80,"MONASH","METROPOLITAN SOUTH EAST REGION",-37.92207346,145.1861763,"Dry","Clear"
"T20190024246","25/11/19",09:40:00,"Collision with vehicle","Monday","Day",2,2,"Not at intersection",3,100,"BRIMBANK","METROPOLITAN NORTH WEST REGION",-37.80137839,144.8039539,"Dry","Clear"
"T20190024254","2/12/19",12:18:00,"Collision with vehicle","Monday","Day",2,5,"Not at intersection",3,110,"BAW BAW","EASTERN REGION",-38.19753482,146.036261,"Dry","Clear"
"T20190024254","2/12/19",12:18:00,"Collision with vehicle","Monday","Day",2,5,"Not at intersection",3,110,"BAW BAW","EASTERN REGION",-38.19753482,146.036261,"Dry","Strong winds"
"T20190024255","1/12/19",11:50:00,"Collision with vehicle","Sunday","Day",2,3,"Not at intersection",3,100,"SURF COAST","SOUTH WESTERN REGION",-38.56666037,143.9667374,"Wet","Clear"
"T20190024256","18/11/19",12:00:00,"Collision with vehicle","Monday","Day",2,2,"Not at intersection",3,100,"MANNINGHAM","METROPOLITAN SOUTH EAST REGION",-37.79987738,145.1482116,"Dry","Clear"
"T20190024259","31/10/19",16:45:00,"Collision with vehicle","Thursday","Day",4,5,"Not at intersection",3,80,"WHITEHORSE","METROPOLITAN SOUTH EAST REGION",-37.8168962,145.210494,"Dry","Clear"
"T20190024260","3/12/19",08:00:00,"Collision with a fixed object","Tuesday","Day",1,1,"Not at intersection",3,100,"MORNINGTON PENINSULA","METROPOLITAN SOUTH EAST REGION",-38.25437204,145.1035024,"Dry","Clear"
"T20190024261","3/12/19",09:20:00,"Collision with vehicle","Tuesday","Day",3,3,"T intersection",3,80,"FRANKSTON","METROPOLITAN SOUTH EAST REGION",-38.07326124,145.2031196,"Dry","Clear"
"T20190024262","3/12/19",08:33:00,"Collision with vehicle","Tuesday","Day",2,2,"Not at intersection",2,40,"MELBOURNE","METROPOLITAN NORTH WEST REGION",-37.80224534,144.9613459,"Dry","Clear"
"T20190024263","3/12/19",09:21:00,"Collision with vehicle","Tuesday","Day",5,5,"Not at intersection",3,80,"MARIBYRNONG","METROPOLITAN NORTH WEST REGION",-37.82427154,144.863394,"Dry","Clear"
"T20190024265","2/12/19",11:00:00,"Struck Pedestrian","Monday","Day",1,2,"Cross intersection",3,50,"MORNINGTON PENINSULA","METROPOLITAN SOUTH EAST REGION",-38.18366052,145.0892154,"Wet","Raining"
"T20190024265","2/12/19",11:00:00,"Struck Pedestrian","Monday","Day",1,2,"Cross intersection",3,50,"MORNINGTON PENINSULA","METROPOLITAN SOUTH EAST REGION",-38.18366052,145.0892154,"Wet","Strong winds"
"T20190024267","29/11/19",15:41:00,"Collision with vehicle","Friday","Day",3,1,"Not at intersection",3,60,"WODONGA","NORTH EASTERN REGION",-36.14228971,146.8866732,"Dry","Clear"
"T20190024270","28/11/19",16:20:00,"Vehicle overturned (no collision)","Thursday","Day",1,1,"Not at intersection",3,999,"BAW BAW","EASTERN REGION",-37.91541988,146.0828815,"Dry","Clear"
"T20190024271","3/12/19",12:40:00,"Collision with vehicle","Tuesday","Day",2,2,"T intersection",3,60,"MONASH","METROPOLITAN SOUTH EAST REGION",-37.85841088,145.1134877,"Wet","Raining"
"T20190024272","3/12/19",07:25:00,"Collision with vehicle","Tuesday","Day",2,2,"Not at intersection",3,60,"YARRA RANGES","METROPOLITAN SOUTH EAST REGION",-37.90923627,145.3397441,"Wet","Clear"
"T20190024273","3/12/19",09:48:00,"Collision with vehicle","Tuesday","Day",2,3,"Cross intersection",3,100,"WEST WIMMERA","WESTERN REGION",-36.34682964,140.9844483,"Dry","Clear"
"T20190024276","29/11/19",17:30:00,"Collision with vehicle","Friday","Unknown",3,4,"Not at intersection",3,999,"BRIMBANK","METROPOLITAN NORTH WEST REGION",-37.74812861,144.8364186,"Unknown","Not known"
"T20190024277","20/11/19",15:25:00,"Collision with vehicle","Wednesday","Day",2,2,"T intersection",3,70,"GEELONG","SOUTH WESTERN REGION",-38.17529077,144.3521882,"Dry","Clear"
"T20190024278","30/11/19",07:46:00,"Collision with vehicle","Saturday","Day",2,4,"Multiple intersection",3,70,"FRANKSTON","METROPOLITAN SOUTH EAST REGION",-38.15555451,145.1675518,"Dry","Clear"
"T20190024279","7/9/19",23:45:00,"Struck animal","Saturday","Dark No street lights",1,1,"Not at intersection",3,60,"WELLINGTON","EASTERN REGION",-38.20708975,147.3904992,"Dry","Clear"
"T20190024280","2/12/19",10:15:00,"Struck Pedestrian","Monday","Day",1,2,"Not at intersection",3,999,"MONASH","METROPOLITAN SOUTH EAST REGION",-37.92065329,145.1214235,"Dry","Clear"
"T20190024282","3/12/19",10:50:00,"Collision with vehicle","Tuesday","Day",4,3,"Not at intersection",2,60,"YARRA RANGES","METROPOLITAN SOUTH EAST REGION",-37.78573533,145.3108728,"Dry","Clear"
"T20190024283","3/12/19",11:20:00,"Collision with vehicle","Tuesday","Day",2,2,"Not at intersection",3,50,"MONASH","METROPOLITAN SOUTH EAST REGION",-37.87298896,145.1828242,"Dry","Clear"
"T20190024284","29/11/19",21:15:00,"Collision with a fixed object","Friday","Dark No street lights",1,1,"Not at intersection",2,100,"EAST GIPPSLAND","EASTERN REGION",-37.09685161,147.4238722,"Dry","Clear"
"T20190024286","3/12/19",12:00:00,"Collision with a fixed object","Tuesday","Day",1,2,"Not at intersection",3,80,"COLAC OTWAY","SOUTH WESTERN REGION",-38.47470462,143.5858313,"Wet","Raining"
"T20190024286","3/12/19",12:00:00,"Collision with a fixed object","Tuesday","Day",1,2,"Not at intersection",3,80,"COLAC OTWAY","SOUTH WESTERN REGION",-38.47470462,143.5858313,"Wet","Strong winds"
"T20190024287","3/12/19",12:40:00,"Collision with a fixed object","Tuesday","Day",1,1,"Not at intersection",3,50,"CASEY","METROPOLITAN SOUTH EAST REGION",-38.0330035,145.2648947,"Dry","Clear"
"T20190024288","31/7/19",06:50:00,"Collision with vehicle","Wednesday","Unknown",2,2,"Cross intersection",3,999,"BENDIGO","NORTHERN REGION",-36.72613193,144.3090042,"Unknown","Not known"
"T20190024290","3/12/19",08:55:00,"Collision with vehicle","Tuesday","Day",3,3,"Not at intersection",3,50,"HUME","METROPOLITAN NORTH WEST REGION",-37.60024391,144.9442608,"Dry","Clear"
"T20190024292","2/12/19",16:30:00,"Collision with vehicle","Monday","Day",2,4,"Not at intersection",3,80,"BALLARAT","WESTERN REGION",-37.67216951,143.8478011,"Dry","Clear"
"T20190024293","3/11/19",11:30:00,"No collision and no object struck","Sunday","Day",1,1,"Not at intersection",3,60,"ALPINE","NORTH EASTERN REGION",-36.8029234,146.9401206,"Muddy","Raining"
"T20190024296","30/11/19",01:45:00,"Collision with vehicle","Saturday","Dark Street lights on",2,2,"Cross intersection",3,50,"BAYSIDE","METROPOLITAN SOUTH EAST REGION",-37.92917116,145.0040739,"Wet","Raining"
"T20190024297","3/12/19",01:30:00,"Collision with vehicle","Tuesday","Unknown",3,1,"Not at intersection",3,60,"GLEN EIRA","METROPOLITAN SOUTH EAST REGION",-37.89495751,145.0457885,"Dry","Clear"
"T20190024298","29/11/19",15:10:00,"Collision with vehicle","Friday","Day",2,2,"Cross intersection",3,60,"BALLARAT","WESTERN REGION",-37.56048138,143.8642337,"Dry","Not known"
"T20190024299","23/11/19",22:36:00,"Collision with vehicle","Saturday","Dark Street lights unknown",2,2,"Not at intersection",3,60,"MELBOURNE","METROPOLITAN NORTH WEST REGION",-37.7932259,144.9660382,"Dry","Clear"
"T20190024307","20/11/19",16:45:00,"Collision with vehicle","Wednesday","Day",2,2,"Cross intersection",3,80,"SURF COAST","SOUTH WESTERN REGION",-38.2486401,144.3322481,"Dry","Clear"
"T20190024308","3/12/19",15:00:00,"Collision with a fixed object","Tuesday","Day",1,4,"Not at intersection",3,110,"STRATHBOGIE","NORTH EASTERN REGION",-36.9189669,145.1435662,"Dry","Clear"
"T20190024310","3/12/19",18:15:00,"Collision with vehicle","Tuesday","Day",2,2,"Cross intersection",3,999,"MOONEE VALLEY","METROPOLITAN NORTH WEST REGION",-37.71111477,144.888784,"Dry","Not known"
"T20190024312","30/11/19",00:30:00,"Collision with vehicle","Saturday","Dark Street lights on",2,4,"Cross intersection",3,40,"MELBOURNE","METROPOLITAN NORTH WEST REGION",-37.82036386,144.9575584,"Wet","Raining"
"T20190024317","3/12/19",18:11:00,"Collision with a fixed object","Tuesday","Day",1,1,"Not at intersection",3,50,"BASS COAST","EASTERN REGION",-38.52134386,145.3386571,"Dry","Clear"
"T20190024319","3/12/19",17:58:00,"Collision with vehicle","Tuesday","Day",2,2,"T intersection",3,60,"WYNDHAM","METROPOLITAN NORTH WEST REGION",-37.85253469,144.7662402,"Dry","Clear"
"T20190024321","23/11/19",14:49:00,"Collision with vehicle","Saturday","Day",2,2,"Not at intersection",3,999,"YARRA","METROPOLITAN NORTH WEST REGION",-37.82776755,145.0169559,"Dry","Clear"
"T20190024323","3/12/19",14:40:00,"collision with some other object","Tuesday","Day",1,1,"Not at intersection",3,60,"BANYULE","METROPOLITAN NORTH WEST REGION",-37.74883393,145.0435914,"Dry","Clear"
"T20190024324","3/12/19",18:46:00,"Collision with a fixed object","Tuesday","Day",1,1,"Not at intersection",3,70,"BRIMBANK","METROPOLITAN NORTH WEST REGION",-37.71848236,144.7813046,"Dry","Clear"
"T20190024325","1/12/19",15:00:00,"Collision with vehicle","Sunday","Day",3,4,"Multiple intersection",3,80,"KNOX","METROPOLITAN SOUTH EAST REGION",-37.84768669,145.2271415,"Wet","Raining"
"T20190024326","25/10/19",14:58:00,"Collision with vehicle","Friday","Unknown",2,4,"Multiple intersection",3,80,"BRIMBANK","METROPOLITAN NORTH WEST REGION",-37.70217223,144.8017056,"Unknown","Not known"
"T20190024327","27/11/19",16:45:00,"Collision with vehicle","Wednesday","Day",2,2,"Cross intersection",3,70,"KINGSTON","METROPOLITAN SOUTH EAST REGION",-37.95596505,145.1001901,"Dry","Clear"
"T20190024328","3/12/19",18:15:00,"Collision with vehicle","Tuesday","Day",2,2,"Cross intersection",3,50,"CASEY","METROPOLITAN SOUTH EAST REGION",-38.03567889,145.2671583,"Dry","Clear"
"T20190024329","12/11/19",06:45:00,"Collision with vehicle","Tuesday","Unknown",2,2,"T intersection",3,999,"KINGSTON","METROPOLITAN SOUTH EAST REGION",-37.92961223,145.1275834,"Unknown","Not known"
"T20190024330","30/11/19",11:20:00,"Collision with vehicle","Saturday","Day",2,2,"Not at intersection",3,50,"HOBSONS BAY","METROPOLITAN NORTH WEST REGION",-37.84514351,144.8925808,"Dry","Clear"