"ACCIDENT_NO","ACCIDENTDATE","ACCIDENTTIME","Accident Type Desc","Day Week Description","Light Condition Desc","NO_OF_VEHICLES","NO_PERSONS","Road Geometry Desc","SEVERITY","SPEED_ZONE","LGA_NAME","REGION_NAME","Lat","Long","Surface Cond Desc","Atmosph Cond Desc"
"T20190024332","3/12/19",19:30:00,"Collision with vehicle","Tuesday","Day",3,4,"Cross intersection",3,40,"PORT PHILLIP","METROPOLITAN NORTH WEST REGION",-37.83690394,144.9438931,"Dry","Clear"
"T20190024333","3/12/19",16:50:00,"Collision with vehicle","Tuesday","Day",3,6,"Not at intersection",3,100,"GEELONG","SOUTH WESTERN REGION",-38.20783458,144.5453771,"Dry","Clear"
"T20190024333","3/12/19",16:50:00,"Collision with vehicle","Tuesday","Day",3,6,"Not at intersection",3,100,"GEELONG","SOUTH WESTERN REGION",-38.20783458,144.5453771,"Dry","Strong winds"
"T20190024334","3/12/19",14:15:00,"Collision with a fixed object","Tuesday","Day",2,2,"Not at intersection",2,70,"WYNDHAM","METROPOLITAN NORTH WEST REGION",-37.87844012,144.7095504,"Dry","Clear"
"T20190024338","3/12/19",21:08:00,"Collision with vehicle","Tuesday","Unknown",2,2,"Cross intersection",3,60,"PORT PHILLIP","METROPOLITAN NORTH WEST REGION",-37.83665178,144.9566374,"Dry","Not known"
"T20190024340","3/12/19",17:45:00,"Struck Pedestrian","Tuesday","Day",1,2,"Not at intersection",2,60,"MOONEE VALLEY","METROPOLITAN NORTH WEST REGION",-37.77570993,144.923387,"Dry","Clear"
"T20190024343","4/12/19",00:15:00,"Collision with a fixed object","Wednesday","Dark Street lights on",1,2,"Not at intersection",3,70,"WHITTLESEA","METROPOLITAN NORTH WEST REGION",-37.66254631,145.053919,"Dry","Clear"
"T20190024344","25/11/19",16:15:00,"Collision with vehicle","Monday","Day",2,2,"Not at intersection",3,80,"FRANKSTON","METROPOLITAN SOUTH EAST REGION",-38.10957733,145.1614101,"Dry","Not known"
"T20190024347","18/11/19",09:00:00,"Collision with vehicle","Monday","Day",2,2,"Not at intersection",3,100,"BRIMBANK","METROPOLITAN NORTH WEST REGION",-37.74426801,144.843221,"Dry","Clear"
"T20190024349","21/11/19",09:00:00,"Collision with vehicle","Thursday","Day",3,3,"Not at intersection",3,60,"WHITTLESEA","METROPOLITAN NORTH WEST REGION",-37.65158028,145.0238843,"Dry","Clear"
"T20190024349","21/11/19",09:00:00,"Collision with vehicle","Thursday","Day",3,3,"Not at intersection",3,60,"WHITTLESEA","METROPOLITAN NORTH WEST REGION",-37.65158028,145.0238843,"Dry","Strong winds"
"T20190024350","4/12/19",07:45:00,"Collision with vehicle","Wednesday","Day",2,2,"Not at intersection",3,60,"GEELONG","SOUTH WESTERN REGION",-38.18816783,144.4552587,"Wet","Raining"
"T20190024351","4/12/19",08:00:00,"Collision with a fixed object","Wednesday","Day",1,1,"T intersection",3,80,"MORNINGTON PENINSULA","METROPOLITAN SOUTH EAST REGION",-38.284642,145.1835904,"Wet","Raining"
"T20190024352","4/12/19",07:00:00,"Collision with vehicle","Wednesday","Day",2,2,"Not at intersection",3,80,"MORNINGTON PENINSULA","METROPOLITAN SOUTH EAST REGION",-38.35275095,145.1456699,"Wet","Raining"
"T20190024353","2/12/19",17:13:00,"Collision with vehicle","Monday","Day",3,3,"Not at intersection",3,60,"WHITTLESEA","METROPOLITAN NORTH WEST REGION",-37.51488311,145.1146538,"Dry","Clear"
"T20190024355","29/11/19",16:19:00,"Collision with vehicle","Friday","Unknown",2,2,"Not at intersection",3,999,"STONNINGTON","METROPOLITAN SOUTH EAST REGION",-37.85712883,144.9915228,"Unknown","Not known"
"T20190024358","4/12/19",07:20:00,"Collision with vehicle","Wednesday","Day",2,2,"Not at intersection",3,80,"NILLUMBIK","METROPOLITAN NORTH WEST REGION",-37.70809173,145.2233615,"Dry","Clear"
"T20190024360","4/12/19",09:00:00,"Collision with vehicle","Wednesday","Day",2,2,"Cross intersection",3,60,"HOBSONS BAY","METROPOLITAN NORTH WEST REGION",-37.84105099,144.8696714,"Dry","Clear"
"T20190024361","4/12/19",09:20:00,"Collision with vehicle","Wednesday","Day",2,2,"T intersection",3,50,"MONASH","METROPOLITAN SOUTH EAST REGION",-37.89069838,145.1638654,"Dry","Clear"
"T20190024363","4/12/19",09:40:00,"Collision with vehicle","Wednesday","Day",2,3,"Not at intersection",2,40,"MELBOURNE","METROPOLITAN NORTH WEST REGION",-37.81337457,144.9507011,"Dry","Clear"
"T20190024364","4/12/19",07:15:00,"Collision with vehicle","Wednesday","Day",2,3,"Cross intersection",2,100,"MILDURA","WESTERN REGION",-34.18154521,142.0175071,"Dry","Clear"
"T20190024366","23/11/19",15:00:00,"Vehicle overturned (no collision)","Saturday","Day",1,1,"Not at intersection",3,999,"LATROBE","EASTERN REGION",-38.26073811,146.3036633,"Dry","Clear"
"T20190024368","30/11/19",16:20:00,"Collision with vehicle","Saturday","Day",3,6,"Not at intersection",3,60,"BOROONDARA","METROPOLITAN SOUTH EAST REGION",-37.83432772,145.0839037,"Dry","Clear"
"T20190024369","3/12/19",15:30:00,"Collision with vehicle","Tuesday","Day",2,3,"T intersection",3,80,"HUME","METROPOLITAN NORTH WEST REGION",-37.53922058,144.6482622,"Unknown","Clear"
"T20190024370","4/12/19",06:55:00,"Collision with vehicle","Wednesday","Day",2,2,"Not at intersection",3,60,"BENDIGO","NORTHERN REGION",-36.75326447,144.293139,"Dry","Clear"
"T20190024371","3/12/19",07:15:00,"Collision with vehicle","Tuesday","Unknown",2,2,"Cross intersection",3,999,"MARIBYRNONG","METROPOLITAN NORTH WEST REGION",-37.80554939,144.9056056,"Unknown","Not known"
"T20190024372","4/12/19",07:39:00,"Vehicle overturned (no collision)","Wednesday","Day",1,1,"Not at intersection",3,80,"MITCHELL","NORTHERN REGION",-37.39500948,145.0273417,"Dry","Clear"
"T20190024374","4/12/19",10:17:00,"Collision with vehicle","Wednesday","Day",2,3,"Cross intersection",3,999,"HUME","METROPOLITAN NORTH WEST REGION",-37.69247332,144.8660272,"Dry","Clear"
"T20190024376","4/12/19",09:15:00,"Collision with a fixed object","Wednesday","Day",1,1,"T intersection",3,30,"MITCHELL","NORTHERN REGION",-37.01864288,145.139582,"Dry","Clear"
"T20190024377","3/12/19",18:34:00,"Collision with vehicle","Tuesday","Day",4,5,"Not at intersection",3,100,"BRIMBANK","METROPOLITAN NORTH WEST REGION",-37.81000394,144.8079931,"Dry","Clear"
"T20190024378","4/12/19",11:30:00,"Vehicle overturned (no collision)","Wednesday","Day",1,1,"T intersection",3,50,"BAW BAW","EASTERN REGION",-37.98021132,145.8849193,"Unknown","Not known"
"T20190024380","4/12/19",08:45:00,"Collision with vehicle","Wednesday","Day",2,3,"T intersection",3,60,"KINGSTON","METROPOLITAN SOUTH EAST REGION",-38.01705421,145.0952118,"Dry","Clear"
"T20190024381","3/12/19",16:32:00,"Collision with vehicle","Tuesday","Day",2,2,"Cross intersection",3,70,"KINGSTON","METROPOLITAN SOUTH EAST REGION",-37.93748259,145.0685867,"Unknown","Not known"
"T20190024382","4/12/19",11:40:00,"Collision with a fixed object","Wednesday","Day",1,1,"Not at intersection",3,60,"SURF COAST","SOUTH WESTERN REGION",-38.28960662,144.2411402,"Dry","Clear"
"T20190024383","4/12/19",09:30:00,"Collision with a fixed object","Wednesday","Day",1,2,"Not at intersection",3,100,"LATROBE","EASTERN REGION",-38.16076463,146.3794167,"Wet","Clear"
"T20190024384","4/12/19",08:45:00,"Struck Pedestrian","Wednesday","Day",1,2,"Not at intersection",2,999,"MELBOURNE","METROPOLITAN NORTH WEST REGION",-37.81943045,144.9529096,"Dry","Clear"
"T20190024385","30/11/19",12:00:00,"Collision with vehicle","Saturday","Day",3,1,"Cross intersection",3,60,"HOBSONS BAY","METROPOLITAN NORTH WEST REGION",-37.83312247,144.8479327,"Dry","Clear"
"T20190024390","30/11/19",15:26:00,"Collision with a fixed object","Saturday","Day",1,1,"Not at intersection",3,100,"MURRINDINDI","NORTH EASTERN REGION",-37.07324469,145.5053622,"Dry","Clear"
"T20190024391","27/11/19",08:10:00,"Collision with vehicle","Wednesday","Day",2,1,"Not at intersection",2,60,"BENDIGO","NORTHERN REGION",-36.71291692,144.308042,"Dry","Clear"
"T20190024392","18/11/19",18:30:00,"Collision with vehicle","Monday","Day",2,2,"T intersection",3,50,"HOBSONS BAY","METROPOLITAN NORTH WEST REGION",-37.83739536,144.8553927,"Unknown","Clear"
"T20190024396","3/12/19",19:00:00,"Collision with vehicle","Tuesday","Day",2,2,"T intersection",3,60,"MONASH","METROPOLITAN SOUTH EAST REGION",-37.87574629,145.1789579,"Dry","Clear"
"T20190024397","19/11/19",08:05:00,"Collision with vehicle","Tuesday","Day",2,3,"Cross intersection",3,100,"INDIGO","NORTH EASTERN REGION",-36.04531572,146.6193123,"Dry","Clear"
"T20190024398","9/11/19",10:45:00,"Collision with vehicle","Saturday","Day",2,3,"Not at intersection",3,40,"BENDIGO","NORTHERN REGION",-36.75879084,144.2819421,"Unknown","Not known"
"T20190024399","4/12/19",15:41:00,"Collision with vehicle","Wednesday","Day",2,2,"Unknown",3,80,"BRIMBANK","METROPOLITAN NORTH WEST REGION",-37.72377574,144.844443,"Dry","Clear"
"T20190024405","4/12/19",10:36:00,"Collision with a fixed object","Wednesday","Day",1,1,"Not at intersection",2,60,"HOBSONS BAY","METROPOLITAN NORTH WEST REGION",-37.87911809,144.7765318,"Dry","Clear"
"T20190024406","30/11/19",11:25:00,"Collision with vehicle","Saturday","Day",2,2,"Cross intersection",3,80,"MANNINGHAM","METROPOLITAN SOUTH EAST REGION",-37.77721754,145.1248194,"Dry","Clear"
"T20190024411","4/12/19",16:30:00,"Collision with vehicle","Wednesday","Day",2,5,"Not at intersection",3,60,"STONNINGTON","METROPOLITAN SOUTH EAST REGION",-37.83696036,145.0054024,"Dry","Clear"
"T20190024413","3/12/19",14:00:00,"Collision with vehicle","Tuesday","Day",2,2,"T intersection",3,60,"YARRA","METROPOLITAN NORTH WEST REGION",-37.7858694,144.9992068,"Unknown","Clear"
"T20190024415","4/12/19",18:51:00,"Struck Pedestrian","Wednesday","Day",1,2,"Cross intersection",3,40,"MELBOURNE","METROPOLITAN NORTH WEST REGION",-37.82109904,144.955075,"Unknown","Clear"
"T20190024417","4/12/19",17:20:00,"Collision with vehicle","Wednesday","Day",3,3,"Y intersection",3,100,"DANDENONG","METROPOLITAN SOUTH EAST REGION",-37.96156576,145.2280733,"Dry","Clear"
"T20190024421","4/12/19",20:05:00,"Struck Pedestrian","Wednesday","Day",1,2,"T intersection",3,50,"MORELAND","METROPOLITAN NORTH WEST REGION",-37.73712233,144.9604653,"Dry","Clear"
"T20190024422","4/12/19",17:45:00,"Struck Pedestrian","Wednesday","Day",1,2,"T intersection",3,60,"KINGSTON","METROPOLITAN SOUTH EAST REGION",-38.00763247,145.0845194,"Dry","Clear"
"T20190024424","4/12/19",19:15:00,"Collision with vehicle","Wednesday","Day",2,4,"T intersection",3,70,"MELBOURNE","METROPOLITAN NORTH WEST REGION",-37.81094628,144.9911387,"Dry","Clear"
"T20190024425","4/12/19",12:20:00,"Collision with vehicle","Wednesday","Day",2,2,"T intersection",3,60,"MELBOURNE","METROPOLITAN NORTH WEST REGION",-37.82925032,144.9641022,"Unknown","Not known"
"T20190024426","4/12/19",20:10:00,"Collision with a fixed object","Wednesday","Day",1,1,"Not at intersection",3,60,"DAREBIN","METROPOLITAN NORTH WEST REGION",-37.72118639,145.0213858,"Dry","Clear"
"T20190024427","4/12/19",19:30:00,"Collision with vehicle","Wednesday","Day",3,3,"Not at intersection",3,999,"MANNINGHAM","METROPOLITAN SOUTH EAST REGION",-37.77620537,145.1896936,"Dry","Clear"
"T20190024428","4/12/19",17:19:00,"Collision with vehicle","Wednesday","Day",3,4,"Not at intersection",3,80,"BRIMBANK","METROPOLITAN NORTH WEST REGION",-37.77031633,144.7939853,"Dry","Clear"
"T20190024429","4/12/19",19:05:00,"Struck Pedestrian","Wednesday","Day",1,2,"Not at intersection",3,60,"BRIMBANK","METROPOLITAN NORTH WEST REGION",-37.74346524,144.7931098,"Dry","Clear"
"T20190024430","4/12/19",21:00:00,"Collision with vehicle","Wednesday","Dark No street lights",2,2,"Not at intersection",3,60,"YARRA RANGES","METROPOLITAN SOUTH EAST REGION",-37.88912043,145.4303871,"Dry","Clear"
"T20190024432","4/12/19",21:55:00,"Struck Pedestrian","Wednesday","Dark No street lights",1,2,"T intersection",3,60,"WHITEHORSE","METROPOLITAN SOUTH EAST REGION",-37.83132719,145.1439396,"Dry","Not known"
"T20190024433","7/11/19",15:40:00,"Collision with vehicle","Thursday","Day",2,2,"Cross intersection",3,60,"MARIBYRNONG","METROPOLITAN NORTH WEST REGION",-37.79884538,144.9036014,"Wet","Raining"
"T20190024434","4/12/19",16:00:00,"Collision with vehicle","Wednesday","Day",2,2,"Not at intersection",3,80,"CARDINIA","METROPOLITAN SOUTH EAST REGION",-38.06520582,145.4656251,"Dry","Clear"
"T20190024436","4/12/19",20:50:00,"Collision with vehicle","Wednesday","Dark Street lights on",4,4,"Cross intersection",3,60,"MONASH","METROPOLITAN SOUTH EAST REGION",-37.86792902,145.1117028,"Dry","Clear"
"T20190024438","27/11/19",15:50:00,"Collision with vehicle","Wednesday","Day",2,2,"Not at intersection",3,999,"MELBOURNE","METROPOLITAN NORTH WEST REGION",-37.79314768,144.9668605,"Dry","Clear"
"T20190024439","4/12/19",20:24:00,"Collision with vehicle","Wednesday","Day",3,3,"Not at intersection",3,50,"WHITTLESEA","METROPOLITAN NORTH WEST REGION",-37.6492887,145.0299231,"Dry","Clear"
"T20190024440","4/12/19",22:00:00,"Collision with vehicle","Wednesday","Dark No street lights",2,3,"T intersection",2,100,"YARRA RANGES","METROPOLITAN SOUTH EAST REGION",-37.69633186,145.4211589,"Dry","Clear"
"T20190024441","12/11/19",17:20:00,"Collision with vehicle","Tuesday","Day",2,2,"T intersection",3,60,"MORELAND","METROPOLITAN NORTH WEST REGION",-37.71255694,144.9171931,"Dry","Clear"
"T20190024443","4/12/19",21:30:00,"Collision with vehicle","Wednesday","Dark Street lights on",2,2,"Not at intersection",3,50,"CASEY","METROPOLITAN SOUTH EAST REGION",-37.99502377,145.237501,"Dry","Clear"
"T20190024446","5/12/19",03:30:00,"Collision with vehicle","Thursday","Dark No street lights",2,2,"Not at intersection",3,80,"WYNDHAM","METROPOLITAN NORTH WEST REGION",-37.93140012,144.7057715,"Dry","Clear"
"T20190024447","5/12/19",05:12:00,"Collision with vehicle","Thursday","Dusk/Dawn",2,2,"Cross intersection",2,100,"MELTON","METROPOLITAN NORTH WEST REGION",-37.6871591,144.6971727,"Dry","Not known"
"T20190024449","5/12/19",04:39:00,"Collision with a fixed object","Thursday","Dark No street lights",1,1,"Not at intersection",3,60,"MANNINGHAM","METROPOLITAN SOUTH EAST REGION",-37.76283085,145.2357995,"Dry","Not known"
"T20190024450","4/12/19",10:20:00,"Collision with vehicle","Wednesday","Day",2,2,"Not at intersection",3,60,"NILLUMBIK","METROPOLITAN NORTH WEST REGION",-37.67246038,145.1506603,"Dry","Clear"
"T20190024452","5/12/19",07:35:00,"Collision with vehicle","Thursday","Day",2,2,"T intersection",3,60,"STONNINGTON","METROPOLITAN SOUTH EAST REGION",-37.85685899,145.0414503,"Dry","Clear"
"T20190024453","5/12/19",07:20:00,"Collision with vehicle","Thursday","Day",2,2,"Not at intersection",3,60,"DANDENONG","METROPOLITAN SOUTH EAST REGION",-38.0030818,145.2079432,"Dry","Clear"
"T20190024454","16/10/19",12:52:00,"Collision with a fixed object","Wednesday","Day",1,1,"Not at intersection",3,50,"NILLUMBIK","METROPOLITAN NORTH WEST REGION",-37.70752789,145.180415,"Dry","Clear"
"T20190024455","19/11/19",17:00:00,"Collision with vehicle","Tuesday","Unknown",2,2,"T intersection",3,60,"MANNINGHAM","METROPOLITAN SOUTH EAST REGION",-37.76945877,145.23038,"Unknown","Not known"
"T20190024456","1/12/19",13:00:00,"Collision with vehicle","Sunday","Day",6,5,"Not at intersection",3,50,"BENDIGO","NORTHERN REGION",-36.81083327,144.2422326,"Wet","Raining"
"T20190024457","7/7/19",12:48:00,"Collision with vehicle","Sunday","Day",2,2,"Cross intersection",3,50,"MOONEE VALLEY","METROPOLITAN NORTH WEST REGION",-37.7451794,144.8922199,"Dry","Clear"
"T20190024460","5/12/19",10:10:00,"Collision with vehicle","Thursday","Day",2,2,"T intersection",3,60,"NILLUMBIK","METROPOLITAN NORTH WEST REGION",-37.70392891,145.1601283,"Dry","Clear"
"T20190024461","30/11/19",12:00:00,"Vehicle overturned (no collision)","Saturday","Day",1,1,"Not at intersection",3,100,"MACEDON RANGES","NORTHERN REGION",-37.40876032,144.5419645,"Dry","Clear"
"T20190024462","5/12/19",08:20:00,"Collision with vehicle","Thursday","Day",2,3,"Not at intersection",3,60,"MOONEE VALLEY","METROPOLITAN NORTH WEST REGION",-37.75472609,144.896739,"Dry","Clear"
"T20190024463","5/12/19",06:30:00,"Collision with vehicle","Thursday","Day",4,4,"Not at intersection",1,999,"FRANKSTON","METROPOLITAN SOUTH EAST REGION",-38.09364408,145.1255806,"Dry","Clear"
"T20190024464","5/12/19",09:15:00,"Collision with vehicle","Thursday","Day",2,2,"Cross intersection",3,40,"WARRNAMBOOL","SOUTH WESTERN REGION",-38.37319783,142.4874952,"Wet","Raining"
"T20190024465","4/12/19",18:58:00,"Struck Pedestrian","Wednesday","Day",1,2,"Not at intersection",3,40,"STONNINGTON","METROPOLITAN SOUTH EAST REGION",-37.86225907,145.0274515,"Dry","Clear"
"T20190024467","2/12/19",08:17:00,"Collision with vehicle","Monday","Day",2,2,"Cross intersection",3,999,"MELBOURNE","METROPOLITAN NORTH WEST REGION",-37.81579145,144.9694701,"Dry","Clear"
"T20190024468","4/12/19",20:21:00,"Collision with vehicle","Wednesday","Dusk/Dawn",2,2,"Not at intersection",3,60,"PORT PHILLIP","METROPOLITAN NORTH WEST REGION",-37.86804342,144.9750739,"Dry","Clear"
"T20190024469","19/10/19",13:00:00,"Collision with vehicle","Saturday","Day",2,2,"T intersection",3,60,"LATROBE","EASTERN REGION",-38.19177161,146.552494,"Dry","Clear"
"T20190024470","5/12/19",07:47:00,"Collision with vehicle","Thursday","Day",3,3,"Not at intersection",3,999,"DANDENONG","METROPOLITAN SOUTH EAST REGION",-37.95813981,145.2257023,"Dry","Clear"
"T20190024471","4/12/19",19:30:00,"Collision with vehicle","Wednesday","Day",2,2,"Cross intersection",3,60,"MAROONDAH","METROPOLITAN SOUTH EAST REGION",-37.77912313,145.2937981,"Dry","Clear"
"T20190024472","5/12/19",11:44:00,"Collision with vehicle","Thursday","Day",2,2,"T intersection",3,70,"MELTON","METROPOLITAN NORTH WEST REGION",-37.68995188,144.6034168,"Dry","Clear"
"T20190024474","2/12/19",15:00:00,"Collision with vehicle","Monday","Day",2,2,"Multiple intersection",3,999,"CASEY","METROPOLITAN SOUTH EAST REGION",-38.00627088,145.2517754,"Unknown","Not known"
"T20190024475","5/12/19",11:05:00,"Collision with vehicle","Thursday","Day",2,2,"T intersection",3,80,"DANDENONG","METROPOLITAN SOUTH EAST REGION",-37.93813704,145.1619308,"Dry","Clear"
"T20190024479","23/11/19",16:00:00,"Vehicle overturned (no collision)","Saturday","Day",1,1,"Not at intersection",3,999,"MANSFIELD","NORTH EASTERN REGION",-37.53451388,146.3209852,"Dry","Dust"
"T20190024480","5/12/19",07:00:00,"Struck Pedestrian","Thursday","Day",1,2,"Not at intersection",3,999,"MELBOURNE","METROPOLITAN NORTH WEST REGION",-37.81852529,144.956043,"Dry","Not known"
"T20190024484","4/12/19",18:13:00,"Collision with vehicle","Wednesday","Unknown",2,2,"Not at intersection",3,999,"KNOX","METROPOLITAN SOUTH EAST REGION",-37.86149705,145.2126604,"Unknown","Not known"
"T20190024488","25/11/19",07:30:00,"Collision with vehicle","Monday","Dusk/Dawn",2,2,"Not at intersection",3,60,"BANYULE","METROPOLITAN NORTH WEST REGION",-37.73003186,145.0670897,"Dry","Clear"
"T20190024489","4/12/19",14:28:00,"Collision with a fixed object","Wednesday","Day",1,1,"Multiple intersection",3,60,"WHITTLESEA","METROPOLITAN NORTH WEST REGION",-37.6874689,145.028479,"Dry","Clear"
"T20190024490","5/12/19",01:45:00,"Collision with a fixed object","Thursday","Dark Street lights on",1,1,"Not at intersection",3,80,"HUME","METROPOLITAN NORTH WEST REGION",-37.68988922,144.8824642,"Dry","Clear"
"T20190024492","5/12/19",07:59:00,"Collision with vehicle","Thursday","Day",2,2,"Y intersection",3,80,"HUME","METROPOLITAN NORTH WEST REGION",-37.59691862,144.7587464,"Dry","Clear"
"T20190024494","5/12/19",12:38:00,"Collision with vehicle","Thursday","Day",3,2,"Not at intersection",3,30,"BAYSIDE","METROPOLITAN SOUTH EAST REGION",-37.98634743,145.0334414,"Dry","Clear"
"T20190024499","21/11/19",15:21:00,"Collision with vehicle","Thursday","Day",2,2,"Not at intersection",3,60,"BOROONDARA","METROPOLITAN SOUTH EAST REGION",-37.86778949,145.0925554,"Unknown","Clear"
"T20190024500","4/12/19",18:40:00,"Collision with vehicle","Wednesday","Dusk/Dawn",2,2,"Cross intersection",3,50,"MELBOURNE","METROPOLITAN NORTH WEST REGION",-37.81069387,144.9860676,"Dry","Not known"
"T20190024504","3/12/19",09:20:00,"Collision with vehicle","Tuesday","Unknown",2,2,"Not at intersection",3,100,"MONASH","METROPOLITAN SOUTH EAST REGION",-37.9139767,145.1668667,"Unknown","Not known"
"T20190024505","4/12/19",15:30:00,"Collision with vehicle","Wednesday","Day",3,3,"Cross intersection",3,50,"MOONEE VALLEY","METROPOLITAN NORTH WEST REGION",-37.74215503,144.8915688,"Dry","Clear"
"T20190024509","5/12/19",15:47:00,"Collision with vehicle","Thursday","Day",2,2,"Not at intersection",3,999,"WYNDHAM","METROPOLITAN NORTH WEST REGION",-37.8830191,144.6246437,"Dry","Clear"
"T20190024511","5/12/19",14:40:00,"Collision with vehicle","Thursday","Day",2,3,"Cross intersection",3,60,"DAREBIN","METROPOLITAN NORTH WEST REGION",-37.7821238,144.9964774,"Dry","Clear"
"T20190024513","5/12/19",16:38:00,"Collision with vehicle","Thursday","Day",3,3,"Not at intersection",3,70,"WHITEHORSE","METROPOLITAN SOUTH EAST REGION",-37.85447444,145.1670588,"Dry","Clear"
"T20190024514","5/12/19",17:00:00,"Collision with vehicle","Thursday","Day",2,2,"Not at intersection",3,40,"BANYULE","METROPOLITAN NORTH WEST REGION",-37.76636047,145.045418,"Dry","Clear"
"T20190024517","5/12/19",14:15:00,"Struck Pedestrian","Thursday","Day",1,2,"Cross intersection",3,40,"YARRA","METROPOLITAN NORTH WEST REGION",-37.7947335,144.9790743,"Dry","Clear"
"T20190024518","5/12/19",16:48:00,"Collision with vehicle","Thursday","Day",2,2,"Not at intersection",3,60,"GOLDEN PLAINS","SOUTH WESTERN REGION",-38.10194234,144.0509063,"Dry","Clear"
"T20190024522","4/12/19",16:30:00,"Struck Pedestrian","Wednesday","Day",1,2,"Not at intersection",3,888,"MORELAND","METROPOLITAN NORTH WEST REGION",-37.70910203,144.892936,"Unknown","Not known"
"T20190024523","5/12/19",15:50:00,"Fall from or in moving vehicle","Thursday","Day",2,2,"Cross intersection",3,40,"STONNINGTON","METROPOLITAN SOUTH EAST REGION",-37.84127185,145.0104596,"Dry","Clear"
"T20190024524","5/12/19",18:40:00,"Collision with vehicle","Thursday","Unknown",2,2,"Cross intersection",3,60,"KINGSTON","METROPOLITAN SOUTH EAST REGION",-37.92410448,145.0824493,"Unknown","Not known"
"T20190024525","5/12/19",14:50:00,"Struck Pedestrian","Thursday","Day",1,2,"Cross intersection",1,60,"BRIMBANK","METROPOLITAN NORTH WEST REGION",-37.74411949,144.7990015,"Dry","Clear"
"T20190024526","5/12/19",17:30:00,"Collision with vehicle","Thursday","Day",2,2,"Not at intersection",3,70,"HUME","METROPOLITAN NORTH WEST REGION",-37.68699487,144.88263,"Dry","Clear"
"T20190024528","5/12/19",19:44:00,"Collision with vehicle","Thursday","Dusk/Dawn",2,2,"T intersection",3,80,"MARIBYRNONG","METROPOLITAN NORTH WEST REGION",-37.81263224,144.8640622,"Dry","Clear"
"T20190024533","5/12/19",18:00:00,"Collision with vehicle","Thursday","Day",2,4,"Not at intersection",3,80,"KNOX","METROPOLITAN SOUTH EAST REGION",-37.9008889,145.23396,"Dry","Clear"
"T20190024537","5/12/19",18:25:00,"Collision with vehicle","Thursday","Day",2,4,"Cross intersection",2,50,"PYRENEES","WESTERN REGION",-37.43144294,143.3834383,"Dry","Clear"
"T20190024539","5/12/19",20:40:00,"Collision with a fixed object","Thursday","Dusk/Dawn",1,1,"Not at intersection",3,50,"LATROBE","EASTERN REGION",-38.19177596,146.2868193,"Dry","Clear"
"T20190024540","5/12/19",21:30:00,"Collision with a fixed object","Thursday","Dusk/Dawn",2,3,"Not at intersection",3,80,"SOUTH GIPPSLAND","EASTERN REGION",-38.33802655,145.6944755,"Dry","Clear"
"T20190024541","11/11/19",16:00:00,"Collision with vehicle","Monday","Day",3,3,"Not at intersection",3,60,"MORELAND","METROPOLITAN NORTH WEST REGION",-37.72050283,144.9209178,"Dry","Not known"
"T20190024542","5/12/19",21:26:00,"Collision with a fixed object","Thursday","Dark Street lights on",1,1,"Not at intersection",1,50,"FRANKSTON","METROPOLITAN SOUTH EAST REGION",-38.10371083,145.1958797,"Dry","Clear"
"T20190024543","5/12/19",22:10:00,"Collision with vehicle","Thursday","Dark Street lights on",2,2,"Cross intersection",3,50,"SHEPPARTON","NORTH EASTERN REGION",-36.38315669,145.3989143,"Dry","Clear"
"T20190024544","5/12/19",21:40:00,"Collision with vehicle","Thursday","Dark Street lights on",2,4,"Cross intersection",3,60,"WYNDHAM","METROPOLITAN NORTH WEST REGION",-37.83203408,144.6728745,"Dry","Clear"
"T20190024545","5/12/19",22:40:00,"Collision with vehicle","Thursday","Dark Street lights on",3,5,"Not at intersection",3,40,"STONNINGTON","METROPOLITAN SOUTH EAST REGION",-37.85183419,145.0521452,"Dry","Clear"
"T20190024546","4/12/19",17:00:00,"Collision with vehicle","Wednesday","Day",2,2,"T intersection",3,60,"HUME","METROPOLITAN NORTH WEST REGION",-37.69114455,144.9155709,"Dry","Clear"
"T20190024547","6/12/19",00:00:00,"Collision with a fixed object","Friday","Dark Street lights on",1,3,"Unknown",2,60,"MAROONDAH","METROPOLITAN SOUTH EAST REGION",-37.8256602,145.2486142,"Dry","Clear"
"T20190024550","6/11/19",12:33:00,"Collision with vehicle","Wednesday","Unknown",2,2,"Not at intersection",3,999,"MELBOURNE","METROPOLITAN NORTH WEST REGION",-37.816433,144.9633191,"Dry","Clear"
"T20190024551","23/10/19",15:06:00,"Collision with vehicle","Wednesday","Day",2,2,"Not at intersection",3,60,"BOROONDARA","METROPOLITAN SOUTH EAST REGION",-37.82938593,145.0445199,"Dry","Clear"
"T20190024552","6/12/19",06:15:00,"Collision with a fixed object","Friday","Day",1,1,"T intersection",2,40,"YARRA","METROPOLITAN NORTH WEST REGION",-37.81812781,145.010719,"Dry","Clear"
"T20190024553","28/11/19",12:57:00,"No collision and no object struck","Thursday","Day",1,2,"Not at intersection",3,100,"MOYNE","SOUTH WESTERN REGION",-38.39645678,142.6960986,"Dry","Clear"
"T20190024554","5/12/19",21:30:00,"Collision with a fixed object","Thursday","Dark Street lights on",1,1,"Not at intersection",2,80,"MORNINGTON PENINSULA","METROPOLITAN SOUTH EAST REGION",-38.30644963,145.1670028,"Dry","Clear"