"ACCIDENT_NO","ACCIDENTDATE","ACCIDENTTIME","Accident Type Desc","Day Week Description","Light Condition Desc","NO_OF_VEHICLES","NO_PERSONS","Road Geometry Desc","SEVERITY","SPEED_ZONE","LGA_NAME","REGION_NAME","Lat","Long","Surface Cond Desc","Atmosph Cond Desc"
"T20190024555","6/12/19",07:50:00,"Collision with vehicle","Friday","Day",2,4,"Cross intersection",3,80,"MORNINGTON PENINSULA","METROPOLITAN SOUTH EAST REGION",-38.3388186,145.1455974,"Dry","Clear"
"T20190024556","6/12/19",08:55:00,"Collision with vehicle","Friday","Day",2,2,"T intersection",3,50,"PORT PHILLIP","METROPOLITAN NORTH WEST REGION",-37.86431643,144.9834582,"Dry","Clear"
"T20190024557","30/11/19",11:45:00,"Collision with vehicle","Saturday","Day",2,2,"T intersection",3,60,"YARRA RANGES","METROPOLITAN SOUTH EAST REGION",-37.90653614,145.3395095,"Dry","Clear"
"T20190024558","5/12/19",16:35:00,"Collision with vehicle","Thursday","Day",2,4,"Cross intersection",3,60,"BALLARAT","WESTERN REGION",-37.56530163,143.8762818,"Dry","Clear"
"T20190024559","6/7/19",16:00:00,"Collision with vehicle","Saturday","Day",2,4,"Not at intersection",3,60,"WHITEHORSE","METROPOLITAN SOUTH EAST REGION",-37.81426774,145.1155011,"Unknown","Not known"
"T20190024563","28/11/19",12:05:00,"Collision with vehicle","Thursday","Day",2,2,"Cross intersection",3,60,"HOBSONS BAY","METROPOLITAN NORTH WEST REGION",-37.84997738,144.8447826,"Dry","Not known"
"T20190024566","6/12/19",11:05:00,"Collision with vehicle","Friday","Day",2,2,"Cross intersection",3,60,"BALLARAT","WESTERN REGION",-37.56994637,143.8705745,"Dry","Clear"
"T20190024568","21/11/19",14:30:00,"Collision with vehicle","Thursday","Day",4,6,"Cross intersection",3,80,"FRANKSTON","METROPOLITAN SOUTH EAST REGION",-38.14461746,145.2050212,"Dry","Dust"
"T20190024569","6/12/19",11:10:00,"Collision with vehicle","Friday","Day",3,2,"Not at intersection",3,50,"GEELONG","SOUTH WESTERN REGION",-38.17252273,144.3242378,"Dry","Clear"
"T20190024570","6/12/19",13:05:00,"Collision with vehicle","Friday","Day",2,3,"Not at intersection",3,80,"CASEY","METROPOLITAN SOUTH EAST REGION",-38.07425988,145.2713114,"Dry","Clear"
"T20190024571","6/12/19",13:24:00,"Collision with vehicle","Friday","Day",2,2,"Cross intersection",3,50,"MELBOURNE","METROPOLITAN NORTH WEST REGION",-37.79699891,144.9660799,"Dry","Not known"
"T20190024572","6/12/19",13:05:00,"Collision with vehicle","Friday","Day",3,3,"Not at intersection",3,70,"MONASH","METROPOLITAN SOUTH EAST REGION",-37.88899729,145.1641204,"Dry","Clear"
"T20190024574","5/12/19",18:00:00,"Collision with vehicle","Thursday","Day",2,2,"Cross intersection",3,60,"MELBOURNE","METROPOLITAN NORTH WEST REGION",-37.80562591,144.9536862,"Dry","Clear"
"T20190024578","6/12/19",12:51:00,"Collision with vehicle","Friday","Day",2,2,"Not at intersection",3,50,"HUME","METROPOLITAN NORTH WEST REGION",-37.66043011,144.960925,"Dry","Clear"
"T20190024579","6/12/19",14:52:00,"Collision with vehicle","Friday","Day",2,2,"T intersection",3,80,"CASEY","METROPOLITAN SOUTH EAST REGION",-38.05768174,145.3386557,"Dry","Clear"
"T20190024580","6/11/19",12:00:00,"Collision with vehicle","Wednesday","Day",2,2,"Cross intersection",3,60,"WHITEHORSE","METROPOLITAN SOUTH EAST REGION",-37.81152834,145.1251657,"Dry","Clear"
"T20190024582","6/12/19",09:16:00,"Collision with vehicle","Friday","Day",2,2,"Not at intersection",3,999,"BALLARAT","WESTERN REGION",-37.5606044,143.8642108,"Dry","Clear"
"T20190024584","6/12/19",14:26:00,"Collision with a fixed object","Friday","Day",1,2,"Not at intersection",2,110,"INDIGO","NORTH EASTERN REGION",-36.16477999,146.5554154,"Dry","Clear"
"T20190024585","6/12/19",14:00:00,"collision with some other object","Friday","Day",1,1,"Not at intersection",3,100,"CAMPASPE","NORTHERN REGION",-36.40186666,144.6991093,"Dry","Clear"
"T20190024586","6/12/19",10:50:00,"Collision with vehicle","Friday","Day",2,6,"T intersection",3,70,"BRIMBANK","METROPOLITAN NORTH WEST REGION",-37.77019482,144.7746591,"Dry","Clear"
"T20190024587","10/11/19",14:15:00,"Vehicle overturned (no collision)","Sunday","Day",1,1,"Not at intersection",3,999,"GLENELG","SOUTH WESTERN REGION",-38.33033148,141.5515851,"Wet","Raining"
"T20190024588","30/11/19",21:00:00,"Collision with vehicle","Saturday","Dusk/Dawn",2,4,"Not at intersection",3,60,"DANDENONG","METROPOLITAN SOUTH EAST REGION",-37.97675539,145.1852726,"Dry","Clear"
"T20190024589","30/11/19",15:00:00,"Collision with vehicle","Saturday","Day",2,4,"Cross intersection",3,60,"BALLARAT","WESTERN REGION",-37.56051633,143.8442116,"Dry","Clear"
"T20190024591","6/12/19",13:30:00,"Collision with vehicle","Friday","Day",3,3,"T intersection",3,80,"DANDENONG","METROPOLITAN SOUTH EAST REGION",-37.95254293,145.1783809,"Dry","Clear"
"T20190024592","6/12/19",13:30:00,"Collision with vehicle","Friday","Day",2,2,"Not at intersection",3,100,"WANGARATTA","NORTH EASTERN REGION",-36.38270026,146.2854749,"Dry","Clear"
"T20190024593","6/12/19",14:24:00,"Collision with vehicle","Friday","Day",2,3,"Multiple intersection",3,60,"GEELONG","SOUTH WESTERN REGION",-38.19566945,144.3424078,"Dry","Clear"
"T20190024594","6/12/19",13:50:00,"Collision with vehicle","Friday","Day",3,4,"Multiple intersection",3,80,"CASEY","METROPOLITAN SOUTH EAST REGION",-38.02834788,145.3220158,"Dry","Clear"
"T20190024596","3/11/19",07:00:00,"Collision with a fixed object","Sunday","Dusk/Dawn",1,3,"Multiple intersection",3,80,"LATROBE","EASTERN REGION",-38.00809287,146.643532,"Wet","Not known"
"T20190024597","6/12/19",14:39:00,"Collision with a fixed object","Friday","Day",1,1,"Not at intersection",3,60,"FRANKSTON","METROPOLITAN SOUTH EAST REGION",-38.12258941,145.1904052,"Dry","Clear"
"T20190024599","6/12/19",07:00:00,"Collision with vehicle","Friday","Day",2,2,"Not at intersection",3,80,"HUME","METROPOLITAN NORTH WEST REGION",-37.64012493,144.9509317,"Dry","Clear"
"T20190024601","6/12/19",16:25:00,"Collision with vehicle","Friday","Day",2,2,"Cross intersection",3,110,"BENALLA","NORTH EASTERN REGION",-36.60137552,145.8671336,"Dry","Clear"
"T20190024604","4/12/19",17:10:00,"Collision with vehicle","Wednesday","Day",3,5,"Cross intersection",3,60,"WHITTLESEA","METROPOLITAN NORTH WEST REGION",-37.64502086,145.0305137,"Dry","Clear"
"T20190024605","6/12/19",14:49:00,"Collision with vehicle","Friday","Day",2,2,"Cross intersection",3,70,"MONASH","METROPOLITAN SOUTH EAST REGION",-37.91397488,145.1218883,"Dry","Clear"
"T20190024606","5/12/19",16:45:00,"Collision with vehicle","Thursday","Day",2,2,"Not at intersection",2,40,"DAREBIN","METROPOLITAN NORTH WEST REGION",-37.77818433,145.01826,"Dry","Clear"
"T20190024610","6/12/19",16:30:00,"Collision with a fixed object","Friday","Day",1,2,"Not at intersection",3,100,"ARARAT","WESTERN REGION",-37.32418127,142.7127771,"Dry","Clear"
"T20190024612","6/12/19",19:00:00,"Collision with vehicle","Friday","Dusk/Dawn",2,4,"Cross intersection",3,60,"BALLARAT","WESTERN REGION",-37.57961197,143.8420606,"Dry","Clear"
"T20190024613","4/12/19",17:54:00,"Collision with vehicle","Wednesday","Day",3,3,"Not at intersection",3,100,"HEPBURN","WESTERN REGION",-37.35146485,144.1193968,"Dry","Clear"
"T20190024614","6/12/19",15:15:00,"Collision with vehicle","Friday","Day",2,2,"Multiple intersection",3,60,"MELBOURNE","METROPOLITAN NORTH WEST REGION",-37.80167864,144.957462,"Dry","Clear"
"T20190024615","5/12/19",22:00:00,"Collision with vehicle","Thursday","Dark Street lights on",2,6,"Not at intersection",3,60,"DAREBIN","METROPOLITAN NORTH WEST REGION",-37.74795697,145.0216719,"Dry","Clear"
"T20190024616","6/12/19",15:55:00,"Collision with vehicle","Friday","Day",2,2,"Not at intersection",3,70,"HUME","METROPOLITAN NORTH WEST REGION",-37.58379432,144.7416048,"Dry","Clear"
"T20190024622","6/12/19",18:30:00,"Struck Pedestrian","Friday","Day",1,2,"Not at intersection",2,50,"MORELAND","METROPOLITAN NORTH WEST REGION",-37.7400422,144.9412334,"Dry","Not known"
"T20190024623","3/12/19",15:15:00,"Collision with vehicle","Tuesday","Day",3,4,"Not at intersection",3,50,"KINGSTON","METROPOLITAN SOUTH EAST REGION",-38.00920525,145.0965601,"Dry","Clear"
"T20190024626","6/12/19",19:50:00,"Struck Pedestrian","Friday","Day",1,3,"Not at intersection",3,60,"MOONEE VALLEY","METROPOLITAN NORTH WEST REGION",-37.7621848,144.9060897,"Dry","Clear"
"T20190024629","6/12/19",17:29:00,"Collision with vehicle","Friday","Day",2,2,"T intersection",3,40,"MOONEE VALLEY","METROPOLITAN NORTH WEST REGION",-37.76884922,144.9254579,"Dry","Clear"
"T20190024630","6/12/19",17:18:00,"Collision with vehicle","Friday","Day",2,2,"Not at intersection",3,70,"GEELONG","SOUTH WESTERN REGION",-38.19817011,144.3419274,"Dry","Clear"
"T20190024635","6/12/19",23:13:00,"Struck Pedestrian","Friday","Dark Street lights on",1,4,"Not at intersection",3,40,"YARRA","METROPOLITAN NORTH WEST REGION",-37.82541073,144.9954723,"Icy","Clear"
"T20190024637","7/12/19",00:05:00,"Collision with vehicle","Saturday","Dark Street lights on",2,3,"Cross intersection",3,80,"MONASH","METROPOLITAN SOUTH EAST REGION",-37.91848421,145.1587048,"Dry","Clear"
"T20190024638","7/12/19",00:14:00,"Collision with a fixed object","Saturday","Dark No street lights",1,1,"Not at intersection",3,70,"YARRA RANGES","METROPOLITAN SOUTH EAST REGION",-37.89235687,145.3253199,"Dry","Clear"
"T20190024640","6/12/19",22:05:00,"Collision with vehicle","Friday","Dark No street lights",2,4,"Not at intersection",3,100,"WHITTLESEA","METROPOLITAN NORTH WEST REGION",-37.62844895,144.9938593,"Dry","Clear"
"T20190024641","7/12/19",01:25:00,"Collision with vehicle","Saturday","Dark Street lights on",2,2,"Not at intersection",3,60,"PORT PHILLIP","METROPOLITAN NORTH WEST REGION",-37.86737639,144.9827828,"Dry","Clear"
"T20190024642","6/12/19",21:59:00,"Collision with a fixed object","Friday","Dusk/Dawn",1,1,"Not at intersection",3,50,"BRIMBANK","METROPOLITAN NORTH WEST REGION",-37.74502316,144.8245876,"Dry","Clear"
"T20190024643","7/12/19",02:00:00,"Collision with vehicle","Saturday","Dark Street lights on",2,6,"T intersection",3,70,"CARDINIA","METROPOLITAN SOUTH EAST REGION",-38.04404609,145.3667971,"Dry","Clear"
"T20190024644","7/12/19",02:39:00,"Collision with a fixed object","Saturday","Dark Street lights on",1,3,"Not at intersection",3,60,"DANDENONG","METROPOLITAN SOUTH EAST REGION",-37.96258146,145.1536822,"Dry","Clear"
"T20190024645","7/12/19",02:40:00,"Collision with a fixed object","Saturday","Dark Street lights on",1,1,"Cross intersection",3,60,"BENDIGO","NORTHERN REGION",-36.72496661,144.2426877,"Dry","Clear"
"T20190024647","7/12/19",05:00:00,"Collision with vehicle","Saturday","Dusk/Dawn",2,2,"Not at intersection",3,70,"FRANKSTON","METROPOLITAN SOUTH EAST REGION",-38.11278636,145.1582896,"Dry","Clear"
"T20190024648","7/12/19",05:00:00,"Collision with a fixed object","Saturday","Dusk/Dawn",1,1,"Not at intersection",3,60,"KINGSTON","METROPOLITAN SOUTH EAST REGION",-38.04483158,145.1402829,"Dry","Clear"
"T20190024649","15/11/19",06:00:00,"Collision with a fixed object","Friday","Dusk/Dawn",1,1,"Not at intersection",3,100,"MORNINGTON PENINSULA","METROPOLITAN SOUTH EAST REGION",-38.40271709,145.0740162,"Dry","Clear"
"T20190024650","12/11/19",20:30:00,"Collision with vehicle","Tuesday","Dark Street lights on",2,3,"Cross intersection",3,60,"WHITTLESEA","METROPOLITAN NORTH WEST REGION",-37.51181374,145.1155694,"Dry","Clear"
"T20190024651","7/12/19",05:00:00,"Collision with a fixed object","Saturday","Dark No street lights",1,1,"Not at intersection",2,100,"GOLDEN PLAINS","SOUTH WESTERN REGION",-37.9410648,144.1244851,"Dry","Clear"
"T20190024653","6/12/19",08:50:00,"Collision with vehicle","Friday","Day",2,2,"Not at intersection",3,50,"BANYULE","METROPOLITAN NORTH WEST REGION",-37.7072463,145.0813388,"Dry","Not known"
"T20190024655","7/12/19",10:30:00,"Collision with vehicle","Saturday","Day",3,2,"Cross intersection",3,999,"BRIMBANK","METROPOLITAN NORTH WEST REGION",-37.76672739,144.8364925,"Dry","Clear"
"T20190024657","5/12/19",18:35:00,"Collision with vehicle","Thursday","Day",2,3,"Not at intersection",3,999,"GLEN EIRA","METROPOLITAN SOUTH EAST REGION",-37.89028668,145.0664063,"Unknown","Clear"
"T20190024663","5/12/19",08:30:00,"Collision with vehicle","Thursday","Day",2,2,"T intersection",3,70,"MANNINGHAM","METROPOLITAN SOUTH EAST REGION",-37.80404953,145.1892539,"Dry","Not known"
"T20190024666","7/12/19",11:30:00,"Collision with vehicle","Saturday","Day",2,2,"Cross intersection",3,60,"DAREBIN","METROPOLITAN NORTH WEST REGION",-37.76425223,145.0087649,"Dry","Clear"
"T20190024668","7/12/19",06:30:00,"Collision with vehicle","Saturday","Dusk/Dawn",2,2,"Not at intersection",3,80,"BRIMBANK","METROPOLITAN NORTH WEST REGION",-37.70165067,144.8003197,"Dry","Clear"
"T20190024670","4/12/19",09:47:00,"Collision with vehicle","Wednesday","Day",3,3,"Not at intersection",2,60,"KINGSTON","METROPOLITAN SOUTH EAST REGION",-38.03406578,145.1058594,"Dry","Clear"
"T20190024671","31/10/19",12:45:00,"Collision with vehicle","Thursday","Day",2,2,"Not at intersection",3,60,"YARRA","METROPOLITAN NORTH WEST REGION",-37.79710272,144.9786765,"Dry","Clear"
"T20190024675","7/12/19",12:30:00,"Collision with vehicle","Saturday","Day",2,2,"Not at intersection",2,100,"BASS COAST","EASTERN REGION",-38.46457004,145.6198096,"Dry","Clear"
"T20190024678","7/12/19",14:10:00,"Collision with vehicle","Saturday","Day",2,2,"T intersection",3,50,"WODONGA","NORTH EASTERN REGION",-36.12135224,146.8490557,"Dry","Clear"
"T20190024679","7/12/19",15:00:00,"Struck Pedestrian","Saturday","Day",1,2,"Not at intersection",3,40,"MORELAND","METROPOLITAN NORTH WEST REGION",-37.74330195,144.9649863,"Dry","Clear"
"T20190024680","7/12/19",15:00:00,"Collision with vehicle","Saturday","Day",2,4,"Cross intersection",3,50,"CAMPASPE","NORTHERN REGION",-36.31352491,145.047377,"Dry","Clear"
"T20190024681","7/12/19",13:00:00,"No collision and no object struck","Saturday","Day",1,1,"Not at intersection",3,100,"MOORABOOL","WESTERN REGION",-37.56623318,144.4359791,"Dry","Clear"
"T20190024683","30/10/19",09:00:00,"No collision and no object struck","Wednesday","Unknown",1,1,"Not at intersection",3,100,"BENDIGO","NORTHERN REGION",-36.83228013,144.3262273,"Unknown","Not known"
"T20190024685","7/12/19",14:30:00,"Collision with a fixed object","Saturday","Day",1,1,"Not at intersection",2,100,"BAW BAW","EASTERN REGION",-38.06610371,145.8971444,"Dry","Clear"
"T20190024686","7/12/19",15:35:00,"Collision with vehicle","Saturday","Day",2,2,"T intersection",3,80,"CASEY","METROPOLITAN SOUTH EAST REGION",-38.08356215,145.2870506,"Dry","Clear"
"T20190024687","7/12/19",16:25:00,"Collision with a fixed object","Saturday","Day",1,1,"Not at intersection",3,100,"MORNINGTON PENINSULA","METROPOLITAN SOUTH EAST REGION",-38.20006512,145.1418381,"Dry","Clear"
"T20190024688","7/12/19",16:00:00,"Collision with vehicle","Saturday","Day",2,4,"Not at intersection",3,70,"GEELONG","SOUTH WESTERN REGION",-38.12744395,144.3519172,"Dry","Clear"
"T20190024694","7/12/19",15:03:00,"Collision with vehicle","Saturday","Day",2,2,"Cross intersection",3,80,"HUME","METROPOLITAN NORTH WEST REGION",-37.58981552,144.8793919,"Dry","Clear"
"T20190024698","7/12/19",18:45:00,"Collision with a fixed object","Saturday","Day",1,1,"T intersection",2,100,"TOWONG","NORTH EASTERN REGION",-36.08419748,147.3183428,"Dry","Clear"
"T20190024700","7/12/19",18:30:00,"Collision with vehicle","Saturday","Day",2,2,"Cross intersection",3,999,"PORT PHILLIP","METROPOLITAN NORTH WEST REGION",-37.84986747,144.9624621,"Dry","Clear"
"T20190024703","7/12/19",04:49:00,"Collision with a fixed object","Saturday","Dusk/Dawn",1,1,"Not at intersection",3,60,"DAREBIN","METROPOLITAN NORTH WEST REGION",-37.74138932,144.9989127,"Dry","Clear"
"T20190024704","28/11/19",07:10:00,"Collision with vehicle","Thursday","Day",2,2,"Cross intersection",3,60,"YARRA","METROPOLITAN NORTH WEST REGION",-37.79371241,144.9851051,"Dry","Clear"
"T20190024705","7/12/19",23:32:00,"Collision with vehicle","Saturday","Dark Street lights on",3,8,"Cross intersection",3,60,"DANDENONG","METROPOLITAN SOUTH EAST REGION",-37.94759299,145.1725705,"Dry","Clear"
"T20190024706","7/12/19",23:00:00,"Collision with vehicle","Saturday","Dark No street lights",2,4,"Not at intersection",3,999,"MITCHELL","NORTHERN REGION",-37.32151838,145.0359409,"Dry","Clear"
"T20190024716","8/12/19",02:20:00,"Collision with vehicle","Sunday","Dark Street lights on",2,2,"T intersection",3,80,"KNOX","METROPOLITAN SOUTH EAST REGION",-37.88904462,145.2328813,"Dry","Clear"
"T20190024718","8/12/19",04:50:00,"Collision with vehicle","Sunday","Dusk/Dawn",2,2,"T intersection",3,80,"DANDENONG","METROPOLITAN SOUTH EAST REGION",-38.01277904,145.2312157,"Dry","Clear"
"T20190024720","23/11/19",11:45:00,"Vehicle overturned (no collision)","Saturday","Day",2,1,"Not at intersection",3,60,"STONNINGTON","METROPOLITAN SOUTH EAST REGION",-37.85354938,145.0448368,"Dry","Clear"
"T20190024723","19/10/19",17:00:00,"Collision with vehicle","Saturday","Day",2,2,"Not at intersection",3,100,"STONNINGTON","METROPOLITAN SOUTH EAST REGION",-37.86881494,145.0634382,"Dry","Clear"
"T20190024726","7/12/19",13:00:00,"Collision with vehicle","Saturday","Day",2,2,"Cross intersection",3,80,"CASEY","METROPOLITAN SOUTH EAST REGION",-38.07417268,145.2712556,"Dry","Clear"
"T20190024727","31/10/19",08:50:00,"Collision with vehicle","Thursday","Day",2,7,"Not at intersection",3,40,"BENDIGO","NORTHERN REGION",-36.72389306,144.2579698,"Dry","Clear"
"T20190024728","8/12/19",11:00:00,"Collision with vehicle","Sunday","Day",2,4,"Cross intersection",3,60,"COLAC OTWAY","SOUTH WESTERN REGION",-38.35393443,143.5902972,"Dry","Clear"
"T20190024731","19/11/19",21:30:00,"Collision with vehicle","Tuesday","Dark Street lights on",2,2,"Cross intersection",3,70,"WYNDHAM","METROPOLITAN NORTH WEST REGION",-37.83500932,144.6955136,"Dry","Clear"
"T20190024732","8/12/19",10:50:00,"Collision with vehicle","Sunday","Day",2,2,"T intersection",3,60,"MOONEE VALLEY","METROPOLITAN NORTH WEST REGION",-37.76571393,144.8634855,"Dry","Clear"
"T20190024733","7/12/19",18:40:00,"Collision with a fixed object","Saturday","Day",1,1,"Not at intersection",2,80,"MURRINDINDI","NORTH EASTERN REGION",-37.47370777,145.291427,"Dry","Clear"
"T20190024734","6/12/19",13:55:00,"Collision with a fixed object","Friday","Day",1,1,"T intersection",3,60,"MARIBYRNONG","METROPOLITAN NORTH WEST REGION",-37.79035024,144.8874071,"Dry","Clear"
"T20190024738","8/12/19",13:00:00,"Collision with vehicle","Sunday","Day",4,4,"Unknown",3,80,"MELBOURNE","METROPOLITAN NORTH WEST REGION",-37.81910789,144.9324421,"Dry","Clear"
"T20190024739","8/12/19",07:15:00,"Collision with vehicle","Sunday","Day",2,3,"Not at intersection",3,80,"CASEY","METROPOLITAN SOUTH EAST REGION",-38.17442137,145.2683572,"Dry","Clear"
"T20190024741","20/11/19",22:09:00,"Collision with vehicle","Wednesday","Dark Street lights on",3,4,"Cross intersection",3,70,"GLEN EIRA","METROPOLITAN SOUTH EAST REGION",-37.86287853,145.0194325,"Dry","Not known"
"T20190024742","8/12/19",10:50:00,"Vehicle overturned (no collision)","Sunday","Day",1,1,"Not at intersection",3,100,"WELLINGTON","EASTERN REGION",-37.89949866,146.6145037,"Dry","Clear"
"T20190024743","8/12/19",14:00:00,"Collision with vehicle","Sunday","Day",2,3,"Cross intersection",3,60,"MORELAND","METROPOLITAN NORTH WEST REGION",-37.74034235,144.956683,"Dry","Clear"
"T20190024745","8/12/19",11:48:00,"Collision with vehicle","Sunday","Day",2,3,"Cross intersection",3,80,"DANDENONG","METROPOLITAN SOUTH EAST REGION",-38.00000596,145.1807956,"Dry","Clear"
"T20190024746","8/12/19",14:00:00,"Collision with vehicle","Sunday","Day",2,4,"T intersection",3,70,"WARRNAMBOOL","SOUTH WESTERN REGION",-38.35316325,142.4325126,"Dry","Clear"
"T20190024747","8/12/19",12:53:00,"Collision with vehicle","Sunday","Day",2,3,"Cross intersection",3,70,"YARRA","METROPOLITAN NORTH WEST REGION",-37.79991205,144.992976,"Dry","Clear"
"T20190024748","29/11/19",21:25:00,"Collision with vehicle","Friday","Dark No street lights",2,2,"Not at intersection",3,60,"SOUTH GIPPSLAND","EASTERN REGION",-38.39469452,146.1453626,"Wet","Raining"
"T20190024750","8/12/19",11:00:00,"Collision with vehicle","Sunday","Day",2,3,"Cross intersection",3,100,"MORNINGTON PENINSULA","METROPOLITAN SOUTH EAST REGION",-38.25287569,145.2146875,"Dry","Clear"
"T20190024752","22/10/19",18:20:00,"Collision with vehicle","Tuesday","Day",2,2,"Not at intersection",3,60,"STONNINGTON","METROPOLITAN SOUTH EAST REGION",-37.85080696,144.984177,"Dry","Clear"
"T20190024755","8/12/19",09:27:00,"Collision with a fixed object","Sunday","Day",1,1,"Not at intersection",3,60,"MELTON","METROPOLITAN NORTH WEST REGION",-37.71140465,144.7313197,"Dry","Clear"
"T20190024756","8/12/19",15:05:00,"Collision with vehicle","Sunday","Day",2,4,"Cross intersection",3,50,"BALLARAT","WESTERN REGION",-37.56107268,143.8489302,"Dry","Clear"
"T20190024757","8/12/19",14:30:00,"Collision with vehicle","Sunday","Day",2,3,"Not at intersection",3,60,"KINGSTON","METROPOLITAN SOUTH EAST REGION",-37.96079496,145.0565511,"Dry","Clear"
"T20190024765","8/12/19",17:10:00,"Collision with a fixed object","Sunday","Day",1,1,"Not at intersection",3,100,"CENTRAL GOLDFIELDS","WESTERN REGION",-37.15336812,143.7520322,"Dry","Clear"
"T20190024767","8/12/19",17:30:00,"Vehicle overturned (no collision)","Sunday","Day",1,1,"Not at intersection",3,80,"MOYNE","SOUTH WESTERN REGION",-38.27818845,142.6246248,"Dry","Clear"
"T20190024768","8/12/19",17:20:00,"Collision with vehicle","Sunday","Day",3,2,"Not at intersection",3,60,"BALLARAT","WESTERN REGION",-37.57644087,143.868424,"Dry","Clear"
"T20190024769","25/11/19",10:00:00,"Vehicle overturned (no collision)","Monday","Day",2,2,"Not at intersection",3,50,"MELBOURNE","METROPOLITAN NORTH WEST REGION",-37.81532895,144.9827158,"Dry","Clear"
"T20190024770","8/12/19",18:29:00,"Collision with vehicle","Sunday","Day",3,3,"Cross intersection",3,60,"MANNINGHAM","METROPOLITAN SOUTH EAST REGION",-37.78833256,145.1048411,"Dry","Clear"
"T20190024777","8/12/19",17:42:00,"Collision with vehicle","Sunday","Day",3,6,"T intersection",2,80,"CASEY","METROPOLITAN SOUTH EAST REGION",-37.97818465,145.2840034,"Dry","Clear"
"T20190024778","8/12/19",16:42:00,"Collision with a fixed object","Sunday","Day",1,2,"Not at intersection",3,80,"MACEDON RANGES","NORTHERN REGION",-37.53697531,144.5826098,"Dry","Clear"
"T20190024779","8/12/19",17:25:00,"Collision with vehicle","Sunday","Day",2,4,"Not at intersection",3,80,"STONNINGTON","METROPOLITAN SOUTH EAST REGION",-37.84913511,145.0473985,"Dry","Clear"
"T20190024780","8/12/19",15:35:00,"Collision with vehicle","Sunday","Day",2,2,"Cross intersection",3,80,"GEELONG","SOUTH WESTERN REGION",-38.16728375,144.4224362,"Dry","Clear"
"T20190024781","8/12/19",21:16:00,"Struck Pedestrian","Sunday","Dark Street lights on",1,2,"T intersection",3,60,"KINGSTON","METROPOLITAN SOUTH EAST REGION",-37.95716095,145.0494117,"Dry","Clear"
"T20190024783","8/12/19",21:32:00,"Collision with vehicle","Sunday","Dark Street lights on",2,3,"T intersection",3,80,"CASEY","METROPOLITAN SOUTH EAST REGION",-38.16082222,145.3187117,"Dry","Clear"
"T20190024784","8/12/19",22:23:00,"Collision with vehicle","Sunday","Dark Street lights on",2,2,"T intersection",3,80,"BRIMBANK","METROPOLITAN NORTH WEST REGION",-37.76665976,144.7639342,"Dry","Clear"
"T20190024786","31/10/19",19:30:00,"Collision with vehicle","Thursday","Day",2,3,"Not at intersection",3,60,"BOROONDARA","METROPOLITAN SOUTH EAST REGION",-37.79997158,145.0626795,"Dry","Clear"
"T20190024789","8/12/19",11:00:00,"Collision with a fixed object","Sunday","Day",1,1,"Not at intersection",3,50,"YARRA RANGES","METROPOLITAN SOUTH EAST REGION",-37.79788311,145.3285542,"Dry","Clear"
"T20190024790","7/12/19",17:00:00,"Collision with vehicle","Saturday","Day",2,2,"Not at intersection",3,60,"WYNDHAM","METROPOLITAN NORTH WEST REGION",-37.87655989,144.6578524,"Dry","Clear"
"T20190024792","8/12/19",21:55:00,"Collision with vehicle","Sunday","Dusk/Dawn",2,3,"Not at intersection",3,60,"HUME","METROPOLITAN NORTH WEST REGION",-37.59575685,144.9158108,"Dry","Clear"
"T20190024794","9/12/19",06:55:00,"Collision with vehicle","Monday","Dusk/Dawn",2,2,"Cross intersection",3,50,"BALLARAT","WESTERN REGION",-37.55445446,143.8485992,"Dry","Clear"
"T20190024795","8/12/19",12:50:00,"Collision with vehicle","Sunday","Day",2,3,"T intersection",3,60,"MAROONDAH","METROPOLITAN SOUTH EAST REGION",-37.78370737,145.2839862,"Dry","Clear"
"T20190024796","9/12/19",07:30:00,"Collision with vehicle","Monday","Day",2,2,"Not at intersection",3,50,"MITCHELL","NORTHERN REGION",-37.28641775,144.9454014,"Dry","Clear"
"T20190024798","5/12/19",06:20:00,"Collision with vehicle","Thursday","Dusk/Dawn",2,2,"T intersection",3,60,"MONASH","METROPOLITAN SOUTH EAST REGION",-37.91309155,145.1879357,"Dry","Clear"
"T20190024799","3/10/19",08:00:00,"Fall from or in moving vehicle","Thursday","Day",1,1,"Not at intersection",3,40,"STONNINGTON","METROPOLITAN SOUTH EAST REGION",-37.84430561,144.9946495,"Wet","Not known"
"T20190024801","9/12/19",06:57:00,"Collision with vehicle","Monday","Day",2,3,"Cross intersection",3,60,"CARDINIA","METROPOLITAN SOUTH EAST REGION",-38.09892391,145.7155144,"Dry","Clear"
"T20190024802","29/11/19",14:00:00,"Vehicle overturned (no collision)","Friday","Day",1,1,"Not at intersection",2,50,"BOROONDARA","METROPOLITAN SOUTH EAST REGION",-37.79329819,145.0213872,"Dry","Clear"
"T20190024803","8/12/19",18:45:00,"Collision with vehicle","Sunday","Day",2,2,"T intersection",2,60,"BAW BAW","EASTERN REGION",-38.15951807,145.9226494,"Dry","Clear"
"T20190024806","9/10/19",08:45:00,"Fall from or in moving vehicle","Wednesday","Unknown",1,2,"Not at intersection",2,40,"MELBOURNE","METROPOLITAN NORTH WEST REGION",-37.80912999,144.9608115,"Unknown","Not known"