"ACCIDENT_NO","ACCIDENTDATE","ACCIDENTTIME","Accident Type Desc","Day Week Description","Light Condition Desc","NO_OF_VEHICLES","NO_PERSONS","Road Geometry Desc","SEVERITY","SPEED_ZONE","LGA_NAME","REGION_NAME","Lat","Long","Surface Cond Desc","Atmosph Cond Desc"
"T20190024810","29/11/19",13:15:00,"Collision with vehicle","Friday","Unknown",2,2,"Not at intersection",3,999,"MONASH","METROPOLITAN SOUTH EAST REGION",-37.90963829,145.0852357,"Unknown","Not known"
"T20190024812","8/12/19",13:45:00,"Collision with vehicle","Sunday","Day",2,2,"T intersection",3,999,"BANYULE","METROPOLITAN NORTH WEST REGION",-37.75347164,145.0522714,"Dry","Clear"
"T20190024815","8/12/19",16:20:00,"Collision with vehicle","Sunday","Day",2,3,"T intersection",3,60,"BAW BAW","EASTERN REGION",-38.15675644,145.9186953,"Dry","Not known"
"T20190024820","9/12/19",13:00:00,"No collision and no object struck","Monday","Day",1,1,"T intersection",3,80,"STONNINGTON","METROPOLITAN SOUTH EAST REGION",-37.87534087,145.041962,"Dry","Clear"
"T20190024824","27/11/19",16:10:00,"Collision with vehicle","Wednesday","Day",2,2,"Not at intersection",3,999,"GEELONG","SOUTH WESTERN REGION",-38.17166596,144.3952618,"Unknown","Clear"
"T20190024826","9/12/19",10:25:00,"Collision with vehicle","Monday","Day",2,5,"Not at intersection",3,70,"FRANKSTON","METROPOLITAN SOUTH EAST REGION",-38.11418043,145.1256277,"Dry","Clear"
"T20190024829","7/12/19",17:00:00,"Collision with vehicle","Saturday","Day",2,2,"Not at intersection",3,80,"WHITEHORSE","METROPOLITAN SOUTH EAST REGION",-37.85262865,145.1510345,"Dry","Clear"
"T20190024830","9/12/19",14:02:00,"No collision and no object struck","Monday","Day",1,1,"Not at intersection",3,60,"BALLARAT","WESTERN REGION",-37.61161666,143.8389284,"Dry","Clear"
"T20190024831","9/12/19",13:16:00,"Collision with vehicle","Monday","Day",2,3,"Cross intersection",3,80,"HUME","METROPOLITAN NORTH WEST REGION",-37.66375137,144.9221732,"Dry","Not known"
"T20190024832","9/12/19",06:35:00,"Collision with vehicle","Monday","Unknown",2,2,"Cross intersection",3,60,"DAREBIN","METROPOLITAN NORTH WEST REGION",-37.74457558,144.9977988,"Dry","Clear"
"T20190024834","13/11/19",06:30:00,"Collision with vehicle","Wednesday","Dusk/Dawn",2,3,"Multiple intersection",3,40,"HUME","METROPOLITAN NORTH WEST REGION",-37.67542172,144.8521617,"Dry","Not known"
"T20190024836","3/12/19",17:30:00,"No collision and no object struck","Tuesday","Day",2,3,"Not at intersection",3,80,"KNOX","METROPOLITAN SOUTH EAST REGION",-37.8838171,145.2710189,"Dry","Clear"
"T20190024838","21/11/19",06:15:00,"Collision with vehicle","Thursday","Dusk/Dawn",2,2,"Not at intersection",3,80,"MONASH","METROPOLITAN SOUTH EAST REGION",-37.89334238,145.0901575,"Dry","Clear"
"T20190024839","8/12/19",02:00:00,"Struck animal","Sunday","Dark No street lights",1,1,"Not at intersection",3,110,"BENALLA","NORTH EASTERN REGION",-36.48480642,146.1452238,"Dry","Not known"
"T20190024842","5/12/19",14:00:00,"Collision with vehicle","Thursday","Unknown",2,2,"T intersection",3,60,"GEELONG","SOUTH WESTERN REGION",-38.0753256,144.3682935,"Unknown","Not known"
"T20190024844","9/12/19",13:30:00,"Collision with vehicle","Monday","Day",2,3,"Cross intersection",3,100,"CARDINIA","METROPOLITAN SOUTH EAST REGION",-38.07973298,145.7454,"Dry","Clear"
"T20190024847","8/12/19",15:30:00,"Collision with vehicle","Sunday","Day",2,3,"T intersection",3,40,"MELBOURNE","METROPOLITAN NORTH WEST REGION",-37.81722536,144.9682203,"Unknown","Clear"
"T20190024849","4/12/19",09:00:00,"Collision with vehicle","Wednesday","Unknown",2,2,"Not at intersection",3,50,"CASEY","METROPOLITAN SOUTH EAST REGION",-37.97905683,145.2572043,"Dry","Clear"
"T20190024850","9/12/19",13:35:00,"Collision with vehicle","Monday","Day",2,4,"Cross intersection",3,50,"MONASH","METROPOLITAN SOUTH EAST REGION",-37.89464548,145.0835994,"Dry","Clear"
"T20190024852","9/12/19",17:45:00,"Collision with vehicle","Monday","Day",2,5,"T intersection",3,70,"WELLINGTON","EASTERN REGION",-38.09323567,147.0689356,"Dry","Clear"
"T20190024853","9/12/19",14:45:00,"Collision with vehicle","Monday","Day",4,4,"Not at intersection",3,80,"HUME","METROPOLITAN NORTH WEST REGION",-37.69182073,144.9550763,"Dry","Clear"
"T20190024855","9/12/19",19:30:00,"Collision with vehicle","Monday","Day",2,2,"Cross intersection",3,80,"MORNINGTON PENINSULA","METROPOLITAN SOUTH EAST REGION",-38.39804512,144.8881904,"Dry","Clear"
"T20190024856","9/12/19",16:00:00,"collision with some other object","Monday","Day",1,2,"Not at intersection",3,90,"CARDINIA","METROPOLITAN SOUTH EAST REGION",-38.10585879,145.4872851,"Dry","Clear"
"T20190024861","9/12/19",18:25:00,"Collision with a fixed object","Monday","Day",1,1,"Not at intersection",3,100,"MOYNE","SOUTH WESTERN REGION",-38.09345039,142.3212111,"Wet","Raining"
"T20190024864","9/12/19",20:12:00,"Collision with a fixed object","Monday","Dusk/Dawn",1,2,"Not at intersection",1,80,"MURRINDINDI","NORTH EASTERN REGION",-37.48943373,145.2774224,"Dry","Clear"
"T20190024865","6/12/19",16:10:00,"Collision with vehicle","Friday","Day",2,2,"Not at intersection",2,80,"DANDENONG","METROPOLITAN SOUTH EAST REGION",-38.04127787,145.1866441,"Dry","Clear"
"T20190024867","10/12/19",01:50:00,"Vehicle overturned (no collision)","Tuesday","Dark Street lights on",1,1,"Cross intersection",3,50,"MORELAND","METROPOLITAN NORTH WEST REGION",-37.70352168,144.9513658,"Dry","Clear"
"T20190024868","9/12/19",21:00:00,"Struck Pedestrian","Monday","Dark Street lights unknown",1,3,"Not at intersection",3,50,"SHEPPARTON","NORTH EASTERN REGION",-36.38236623,145.358422,"Dry","Clear"
"T20190024869","9/12/19",01:00:00,"Collision with vehicle","Monday","Unknown",2,4,"T intersection",3,50,"DANDENONG","METROPOLITAN SOUTH EAST REGION",-38.00777602,145.1787004,"Dry","Clear"
"T20190024870","9/12/19",07:20:00,"Collision with vehicle","Monday","Day",3,5,"Not at intersection",3,80,"MELTON","METROPOLITAN NORTH WEST REGION",-37.68812842,144.7053901,"Dry","Clear"
"T20190024872","8/11/19",14:50:00,"Struck Pedestrian","Friday","Day",1,2,"Not at intersection",3,999,"DANDENONG","METROPOLITAN SOUTH EAST REGION",-37.97743593,145.2199323,"Dry","Clear"
"T20190024875","10/12/19",07:00:00,"Collision with vehicle","Tuesday","Day",2,2,"Cross intersection",3,60,"MORELAND","METROPOLITAN NORTH WEST REGION",-37.77528572,144.9454116,"Dry","Not known"
"T20190024876","10/12/19",08:55:00,"Struck Pedestrian","Tuesday","Day",1,3,"Not at intersection",3,777,"NILLUMBIK","METROPOLITAN NORTH WEST REGION",-37.68272737,145.1197457,"Dry","Clear"
"T20190024877","6/12/19",17:05:00,"Collision with vehicle","Friday","Day",2,2,"Cross intersection",3,999,"WHITTLESEA","METROPOLITAN NORTH WEST REGION",-37.65611212,145.0799417,"Dry","Clear"
"T20190024878","5/12/19",22:15:00,"Collision with vehicle","Thursday","Dark Street lights on",2,2,"Cross intersection",3,50,"BALLARAT","WESTERN REGION",-37.5607071,143.8661704,"Dry","Clear"
"T20190024883","10/12/19",08:00:00,"Collision with vehicle","Tuesday","Day",2,2,"Cross intersection",3,60,"PORT PHILLIP","METROPOLITAN NORTH WEST REGION",-37.86296311,145.0034105,"Wet","Raining"
"T20190024886","19/10/19",17:20:00,"Collision with vehicle","Saturday","Day",2,3,"Not at intersection",3,80,"DANDENONG","METROPOLITAN SOUTH EAST REGION",-37.94214382,145.2016655,"Wet","Raining"
"T20190024887","9/12/19",14:00:00,"Collision with vehicle","Monday","Day",3,3,"Y intersection",3,100,"BRIMBANK","METROPOLITAN NORTH WEST REGION",-37.79484544,144.7872929,"Dry","Clear"
"T20190024888","20/11/19",13:00:00,"Vehicle overturned (no collision)","Wednesday","Day",1,1,"T intersection",3,50,"MORELAND","METROPOLITAN NORTH WEST REGION",-37.73039795,144.954568,"Dry","Clear"
"T20190024889","10/12/19",09:55:00,"Collision with vehicle","Tuesday","Day",3,3,"Not at intersection",3,100,"MONASH","METROPOLITAN SOUTH EAST REGION",-37.92532383,145.179623,"Dry","Clear"
"T20190024890","10/12/19",07:00:00,"Collision with a fixed object","Tuesday","Day",1,1,"Cross intersection",3,60,"MELTON","METROPOLITAN NORTH WEST REGION",-37.72503864,144.7597817,"Wet","Clear"
"T20190024892","10/12/19",10:53:00,"Collision with vehicle","Tuesday","Day",2,4,"T intersection",3,60,"YARRA RANGES","METROPOLITAN SOUTH EAST REGION",-37.90653171,145.3393989,"Dry","Clear"
"T20190024894","7/12/19",22:50:00,"Collision with vehicle","Saturday","Dark Street lights unknown",2,6,"Not at intersection",3,999,"BRIMBANK","METROPOLITAN NORTH WEST REGION",-37.72735476,144.780071,"Dry","Clear"
"T20190024895","10/12/19",07:20:00,"Collision with vehicle","Tuesday","Day",2,2,"Not at intersection",3,50,"HOBSONS BAY","METROPOLITAN NORTH WEST REGION",-37.8462594,144.8945655,"Dry","Clear"
"T20190024896","8/12/19",11:45:00,"Collision with vehicle","Sunday","Day",2,2,"Not at intersection",3,80,"BANYULE","METROPOLITAN NORTH WEST REGION",-37.69053234,145.0869679,"Dry","Clear"
"T20190024899","23/11/19",10:50:00,"Collision with vehicle","Saturday","Day",2,4,"T intersection",3,50,"WHITEHORSE","METROPOLITAN SOUTH EAST REGION",-37.82777947,145.1528968,"Dry","Clear"
"T20190024901","10/12/19",09:35:00,"Collision with vehicle","Tuesday","Day",2,2,"Cross intersection",3,80,"MONASH","METROPOLITAN SOUTH EAST REGION",-37.87161891,145.167391,"Dry","Clear"
"T20190024903","10/12/19",12:01:00,"Collision with vehicle","Tuesday","Day",3,3,"Y intersection",3,80,"HOBSONS BAY","METROPOLITAN NORTH WEST REGION",-37.83255296,144.8111419,"Dry","Clear"
"T20190024904","22/10/19",20:50:00,"No collision and no object struck","Tuesday","Day",1,1,"Not at intersection",3,60,"WYNDHAM","METROPOLITAN NORTH WEST REGION",-37.90240424,144.6538546,"Dry","Clear"
"T20190024907","10/12/19",13:00:00,"Collision with vehicle","Tuesday","Day",2,2,"T intersection",3,60,"GEELONG","SOUTH WESTERN REGION",-38.08259973,144.346543,"Dry","Clear"
"T20190024908","10/12/19",13:45:00,"Collision with vehicle","Tuesday","Day",2,2,"Cross intersection",3,100,"CARDINIA","METROPOLITAN SOUTH EAST REGION",-38.07564606,145.7149392,"Dry","Clear"
"T20190024910","10/12/19",13:30:00,"Collision with vehicle","Tuesday","Day",2,2,"T intersection",3,50,"STONNINGTON","METROPOLITAN SOUTH EAST REGION",-37.86085601,145.0166453,"Dry","Clear"
"T20190024912","10/12/19",14:30:00,"Collision with vehicle","Tuesday","Day",2,3,"Cross intersection",3,50,"WELLINGTON","EASTERN REGION",-37.9603775,146.972213,"Dry","Clear"
"T20190024913","10/12/19",14:05:00,"Collision with vehicle","Tuesday","Day",4,6,"Not at intersection",2,60,"CASEY","METROPOLITAN SOUTH EAST REGION",-38.11241723,145.2784624,"Dry","Clear"
"T20190024914","5/12/19",09:00:00,"Collision with vehicle","Thursday","Day",2,2,"Not at intersection",3,999,"STONNINGTON","METROPOLITAN SOUTH EAST REGION",-37.86482103,145.0502974,"Dry","Clear"
"T20190024915","10/12/19",12:45:00,"Collision with vehicle","Tuesday","Day",2,3,"T intersection",3,80,"MORNINGTON PENINSULA","METROPOLITAN SOUTH EAST REGION",-38.3693705,145.0050858,"Dry","Clear"
"T20190024916","10/12/19",09:00:00,"Collision with a fixed object","Tuesday","Unknown",1,1,"Not at intersection",1,100,"COLAC OTWAY","SOUTH WESTERN REGION",-38.4891811,143.4467792,"Dry","Not known"
"T20190024917","7/12/19",13:00:00,"Collision with a fixed object","Saturday","Day",1,1,"Not at intersection",3,80,"HEPBURN","WESTERN REGION",-37.30370377,143.6843008,"Dry","Clear"
"T20190024920","21/11/19",10:35:00,"collision with some other object","Thursday","Day",1,1,"Not at intersection",3,80,"MORNINGTON PENINSULA","METROPOLITAN SOUTH EAST REGION",-38.291797,145.0286995,"Dry","Clear"
"T20190024921","10/12/19",15:25:00,"Collision with a fixed object","Tuesday","Day",1,1,"Cross intersection",3,100,"MOYNE","SOUTH WESTERN REGION",-38.27977817,142.004187,"Dry","Clear"
"T20190024922","10/12/19",15:30:00,"Collision with vehicle","Tuesday","Day",2,2,"Not at intersection",3,80,"CASEY","METROPOLITAN SOUTH EAST REGION",-38.06653283,145.266409,"Dry","Clear"
"T20190024926","10/12/19",16:07:00,"Collision with a fixed object","Tuesday","Day",1,1,"Not at intersection",2,60,"YARRA RANGES","METROPOLITAN SOUTH EAST REGION",-37.81248494,145.3640694,"Dry","Clear"
"T20190024929","7/12/19",17:20:00,"Vehicle overturned (no collision)","Saturday","Day",1,1,"Not at intersection",3,100,"BENDIGO","NORTHERN REGION",-36.83881591,144.279929,"Dry","Clear"
"T20190024931","10/12/19",13:45:00,"Struck Pedestrian","Tuesday","Day",1,2,"T intersection",3,60,"MANNINGHAM","METROPOLITAN SOUTH EAST REGION",-37.76147795,145.1669225,"Dry","Clear"
"T20190024932","24/10/19",16:00:00,"Collision with vehicle","Thursday","Day",2,2,"Not at intersection",3,60,"GLENELG","SOUTH WESTERN REGION",-38.33835871,141.604115,"Unknown","Clear"
"T20190024933","20/11/19",11:30:00,"No collision and no object struck","Wednesday","Day",1,2,"Not at intersection",3,80,"ALPINE","NORTH EASTERN REGION",-36.5948972,146.768279,"Dry","Clear"
"T20190024934","10/12/19",16:50:00,"Collision with a fixed object","Tuesday","Day",1,1,"Not at intersection",2,100,"SHEPPARTON","NORTH EASTERN REGION",-36.33805042,145.3372214,"Dry","Clear"
"T20190024935","10/12/19",18:50:00,"Collision with vehicle","Tuesday","Dusk/Dawn",2,4,"Not at intersection",3,60,"SOUTH GIPPSLAND","EASTERN REGION",-38.70199324,145.8701915,"Dry","Clear"
"T20190024936","10/12/19",18:59:00,"Collision with vehicle","Tuesday","Day",2,3,"T intersection",2,60,"DAREBIN","METROPOLITAN NORTH WEST REGION",-37.74619215,145.0120828,"Dry","Clear"
"T20190024937","8/12/19",10:50:00,"Struck animal","Sunday","Day",1,2,"Not at intersection",2,999,"MITCHELL","NORTHERN REGION",-37.25205779,145.0477342,"Dry","Clear"
"T20190024942","10/11/19",21:00:00,"Collision with vehicle","Sunday","Dark Street lights on",2,3,"Cross intersection",3,999,"MELBOURNE","METROPOLITAN NORTH WEST REGION",-37.82346266,144.9607491,"Dry","Not known"
"T20190024943","8/12/19",19:30:00,"Collision with a fixed object","Sunday","Dusk/Dawn",1,1,"Not at intersection",3,100,"GOLDEN PLAINS","SOUTH WESTERN REGION",-37.72463929,143.6228666,"Dry","Clear"
"T20190024944","10/12/19",21:39:00,"Collision with vehicle","Tuesday","Dark Street lights on",2,3,"T intersection",3,100,"MELTON","METROPOLITAN NORTH WEST REGION",-37.70176906,144.6948813,"Dry","Clear"
"T20190024945","10/12/19",16:26:00,"Collision with vehicle","Tuesday","Day",2,2,"Cross intersection",2,40,"MELBOURNE","METROPOLITAN NORTH WEST REGION",-37.8092496,144.9608666,"Dry","Clear"
"T20190024949","10/12/19",21:58:00,"Collision with vehicle","Tuesday","Dusk/Dawn",2,5,"T intersection",3,50,"DAREBIN","METROPOLITAN NORTH WEST REGION",-37.7821238,144.9964774,"Dry","Clear"
"T20190024950","10/12/19",19:30:00,"Struck Pedestrian","Tuesday","Day",1,2,"Multiple intersection",2,60,"DAREBIN","METROPOLITAN NORTH WEST REGION",-37.77651901,144.9897403,"Dry","Clear"
"T20190024952","10/12/19",20:53:00,"Collision with vehicle","Tuesday","Dusk/Dawn",2,2,"T intersection",3,60,"GEELONG","SOUTH WESTERN REGION",-38.15660875,144.3729948,"Dry","Clear"
"T20190024957","18/11/19",17:30:00,"Collision with vehicle","Monday","Day",2,2,"Not at intersection",3,60,"MELTON","METROPOLITAN NORTH WEST REGION",-37.761162,144.7393544,"Dry","Clear"
"T20190024958","10/12/19",22:45:00,"Struck Pedestrian","Tuesday","Dark Street lights on",1,2,"Cross intersection",3,60,"GLEN EIRA","METROPOLITAN SOUTH EAST REGION",-37.88393122,144.9973641,"Dry","Clear"
"T20190024960","11/12/19",00:00:00,"Struck Pedestrian","Wednesday","Dark Street lights on",2,2,"T intersection",3,60,"HUME","METROPOLITAN NORTH WEST REGION",-37.56606213,144.9100167,"Dry","Clear"
"T20190024962","11/12/19",01:50:00,"Collision with a fixed object","Wednesday","Dark Street lights on",1,1,"T intersection",3,70,"MANNINGHAM","METROPOLITAN SOUTH EAST REGION",-37.74925444,145.1966775,"Dry","Clear"
"T20190024965","11/12/19",02:10:00,"Collision with vehicle","Wednesday","Dark Street lights on",2,2,"Cross intersection",2,40,"MELBOURNE","METROPOLITAN NORTH WEST REGION",-37.80818237,144.9603755,"Dry","Clear"
"T20190024968","1/12/19",21:05:00,"Collision with vehicle","Sunday","Unknown",2,2,"Cross intersection",3,999,"MELBOURNE","METROPOLITAN NORTH WEST REGION",-37.78918301,144.9229576,"Dry","Clear"
"T20190024969","11/12/19",07:09:00,"Struck Pedestrian","Wednesday","Day",1,2,"Cross intersection",3,50,"MELBOURNE","METROPOLITAN NORTH WEST REGION",-37.81015456,144.9695628,"Dry","Not known"
"T20190024971","10/12/19",20:05:00,"Collision with vehicle","Tuesday","Dusk/Dawn",3,3,"Multiple intersection",3,80,"DANDENONG","METROPOLITAN SOUTH EAST REGION",-38.00074005,145.2256128,"Dry","Clear"
"T20190024973","5/12/19",08:30:00,"Collision with vehicle","Thursday","Day",2,6,"Not at intersection",3,60,"BALLARAT","WESTERN REGION",-37.58050319,143.8255819,"Dry","Clear"
"T20190024974","12/11/19",15:24:00,"Collision with vehicle","Tuesday","Day",3,3,"T intersection",3,60,"FRANKSTON","METROPOLITAN SOUTH EAST REGION",-38.09843031,145.1648413,"Dry","Clear"
"T20190024975","11/12/19",08:45:00,"Collision with vehicle","Wednesday","Day",3,7,"T intersection",3,80,"CARDINIA","METROPOLITAN SOUTH EAST REGION",-38.06495677,145.4252607,"Dry","Clear"
"T20190024978","11/12/19",10:44:00,"Struck Pedestrian","Wednesday","Day",1,3,"Cross intersection",3,60,"HOBSONS BAY","METROPOLITAN NORTH WEST REGION",-37.83212928,144.856307,"Dry","Clear"
"T20190024979","16/11/19",11:00:00,"Collision with vehicle","Saturday","Day",2,2,"Not at intersection",3,70,"CASEY","METROPOLITAN SOUTH EAST REGION",-38.10457214,145.2915389,"Dry","Clear"
"T20190024980","11/12/19",11:20:00,"Collision with vehicle","Wednesday","Day",3,3,"T intersection",3,80,"BRIMBANK","METROPOLITAN NORTH WEST REGION",-37.69436319,144.7648169,"Dry","Clear"
"T20190024982","8/12/19",15:30:00,"No collision and no object struck","Sunday","Day",1,1,"Not at intersection",3,40,"WYNDHAM","METROPOLITAN NORTH WEST REGION",-37.90272952,144.6588112,"Dry","Clear"
"T20190024984","24/11/19",18:40:00,"Collision with vehicle","Sunday","Day",3,3,"Not at intersection",3,80,"MARIBYRNONG","METROPOLITAN NORTH WEST REGION",-37.82460782,144.8754478,"Dry","Clear"
"T20190024985","9/12/19",17:30:00,"Collision with vehicle","Monday","Unknown",2,2,"Not at intersection",3,999,"DAREBIN","METROPOLITAN NORTH WEST REGION",-37.76043663,145.0087887,"Dry","Not known"
"T20190024986","11/12/19",10:15:00,"Collision with a fixed object","Wednesday","Day",1,1,"Not at intersection",3,90,"BENDIGO","NORTHERN REGION",-36.92903476,144.7130105,"Dry","Clear"
"T20190024987","4/11/19",14:00:00,"Collision with a fixed object","Monday","Day",1,1,"Not at intersection",3,999,"YARRA RANGES","METROPOLITAN SOUTH EAST REGION",-37.84679859,145.5261536,"Dry","Not known"
"T20190024988","10/12/19",11:30:00,"Collision with vehicle","Tuesday","Day",2,1,"Not at intersection",3,60,"HOBSONS BAY","METROPOLITAN NORTH WEST REGION",-37.87475899,144.7771148,"Dry","Clear"
"T20190024989","23/11/19",10:30:00,"Collision with vehicle","Saturday","Day",2,2,"Cross intersection",3,80,"LATROBE","EASTERN REGION",-38.33348232,146.3653745,"Dry","Not known"
"T20190024990","11/12/19",09:45:00,"Collision with a fixed object","Wednesday","Day",1,2,"T intersection",2,60,"BAYSIDE","METROPOLITAN SOUTH EAST REGION",-37.91844412,145.0061472,"Dry","Clear"
"T20190024993","11/11/19",09:30:00,"Collision with vehicle","Monday","Day",2,3,"Cross intersection",3,60,"GEELONG","SOUTH WESTERN REGION",-38.21960827,144.337915,"Unknown","Not known"
"T20190024995","30/11/19",12:30:00,"Fall from or in moving vehicle","Saturday","Day",1,1,"Not at intersection",3,100,"MANSFIELD","NORTH EASTERN REGION",-37.06936531,146.4971926,"Dry","Clear"
"T20190024996","14/11/19",10:00:00,"Collision with vehicle","Thursday","Day",2,2,"T intersection",3,999,"STONNINGTON","METROPOLITAN SOUTH EAST REGION",-37.83475149,145.0044471,"Unknown","Not known"
"T20190024997","3/12/19",17:25:00,"Collision with vehicle","Tuesday","Day",4,5,"Not at intersection",3,100,"MANNINGHAM","METROPOLITAN SOUTH EAST REGION",-37.7960761,145.1179927,"Dry","Clear"
"T20190025002","11/12/19",08:35:00,"Collision with vehicle","Wednesday","Day",2,4,"Cross intersection",3,60,"MAROONDAH","METROPOLITAN SOUTH EAST REGION",-37.79782868,145.2539406,"Dry","Clear"
"T20190025003","11/12/19",11:05:00,"Collision with vehicle","Wednesday","Day",2,2,"T intersection",3,50,"WHITEHORSE","METROPOLITAN SOUTH EAST REGION",-37.85264916,145.1769458,"Dry","Clear"
"T20190025004","11/12/19",11:16:00,"Collision with a fixed object","Wednesday","Day",1,2,"Y intersection",3,80,"MELBOURNE","METROPOLITAN NORTH WEST REGION",-37.82461356,144.9306315,"Dry","Clear"
"T20190025007","11/12/19",13:30:00,"Collision with vehicle","Wednesday","Day",2,3,"Not at intersection",3,80,"CARDINIA","METROPOLITAN SOUTH EAST REGION",-38.06505582,145.6201453,"Dry","Clear"
"T20190025010","11/12/19",14:30:00,"Collision with vehicle","Wednesday","Day",2,2,"T intersection",3,70,"MORNINGTON PENINSULA","METROPOLITAN SOUTH EAST REGION",-38.23290591,145.0403361,"Dry","Clear"
"T20190025011","11/12/19",13:37:00,"Collision with vehicle","Wednesday","Day",2,2,"T intersection",3,60,"WYNDHAM","METROPOLITAN NORTH WEST REGION",-37.82117272,144.8213659,"Dry","Clear"
"T20190025013","11/12/19",14:23:00,"Struck Pedestrian","Wednesday","Day",1,2,"Not at intersection",3,40,"MORELAND","METROPOLITAN NORTH WEST REGION",-37.7037947,144.9155663,"Dry","Clear"
"T20190025014","27/11/19",09:15:00,"Collision with vehicle","Wednesday","Day",2,2,"T intersection",3,50,"HUME","METROPOLITAN NORTH WEST REGION",-37.53432906,144.9557914,"Dry","Clear"
"T20190025016","11/12/19",14:45:00,"Vehicle overturned (no collision)","Wednesday","Day",1,1,"Not at intersection",3,777,"LATROBE","EASTERN REGION",-38.24060618,146.4192689,"Dry","Clear"
"T20190025017","9/12/19",18:15:00,"Struck Pedestrian","Monday","Day",1,2,"T intersection",3,50,"BOROONDARA","METROPOLITAN SOUTH EAST REGION",-37.8112275,145.0678874,"Dry","Clear"
"T20190025018","7/12/19",12:40:00,"Collision with vehicle","Saturday","Day",2,2,"T intersection",3,999,"WYNDHAM","METROPOLITAN NORTH WEST REGION",-37.85015201,144.7030278,"Dry","Clear"
"T20190025021","10/12/19",14:30:00,"Collision with vehicle","Tuesday","Day",2,4,"Not at intersection",3,60,"GEELONG","SOUTH WESTERN REGION",-38.17036722,144.3477096,"Dry","Not known"
"T20190025023","11/12/19",01:30:00,"Collision with a fixed object","Wednesday","Dark Street lights unknown",1,1,"Not at intersection",3,50,"CASEY","METROPOLITAN SOUTH EAST REGION",-38.11124715,145.2799127,"Dry","Clear"
"T20190025024","2/12/19",14:55:00,"Collision with vehicle","Monday","Day",3,4,"T intersection",3,60,"BOROONDARA","METROPOLITAN SOUTH EAST REGION",-37.86268983,145.093414,"Dry","Clear"
"T20190025027","11/12/19",17:30:00,"Collision with vehicle","Wednesday","Day",2,3,"Cross intersection",3,50,"BALLARAT","WESTERN REGION",-37.57563326,143.8715485,"Dry","Clear"
"T20190025031","11/12/19",17:00:00,"Collision with vehicle","Wednesday","Day",2,2,"T intersection",3,80,"CASEY","METROPOLITAN SOUTH EAST REGION",-38.10175441,145.2824458,"Dry","Clear"
"T20190025032","11/12/19",17:34:00,"Collision with vehicle","Wednesday","Day",2,3,"Not at intersection",3,40,"GEELONG","SOUTH WESTERN REGION",-38.14953701,144.3605601,"Dry","Clear"
"T20190025036","11/12/19",15:00:00,"Collision with vehicle","Wednesday","Day",2,2,"Not at intersection",3,70,"WYNDHAM","METROPOLITAN NORTH WEST REGION",-37.82984077,144.6732563,"Dry","Clear"
"T20190025037","11/12/19",15:05:00,"Collision with vehicle","Wednesday","Day",2,2,"Not at intersection",3,60,"MAROONDAH","METROPOLITAN SOUTH EAST REGION",-37.78496183,145.2763603,"Dry","Clear"
"T20190025039","11/12/19",17:25:00,"Collision with vehicle","Wednesday","Day",2,2,"Not at intersection",3,100,"KNOX","METROPOLITAN SOUTH EAST REGION",-37.91446946,145.215853,"Dry","Clear"
"T20190025040","11/12/19",18:00:00,"Collision with vehicle","Wednesday","Day",2,3,"Not at intersection",3,60,"BALLARAT","WESTERN REGION",-37.5274531,143.8426247,"Dry","Clear"
"T20190025041","10/12/19",15:30:00,"Collision with vehicle","Tuesday","Day",2,2,"Not at intersection",3,999,"BANYULE","METROPOLITAN NORTH WEST REGION",-37.72293055,145.136596,"Unknown","Not known"
"T20190025042","11/12/19",17:00:00,"Collision with vehicle","Wednesday","Day",2,3,"T intersection",3,70,"MELTON","METROPOLITAN NORTH WEST REGION",-37.68947322,144.6027544,"Dry","Clear"
"T20190025044","2/12/19",13:04:00,"Collision with vehicle","Monday","Day",2,3,"Not at intersection",3,50,"WHITTLESEA","METROPOLITAN NORTH WEST REGION",-37.67345649,145.0156562,"Dry","Not known"
"T20190025046","9/12/19",16:45:00,"Collision with vehicle","Monday","Day",2,1,"Not at intersection",3,999,"WELLINGTON","EASTERN REGION",-38.09541586,147.0835457,"Dry","Clear"
"T20190025048","11/12/19",18:30:00,"Collision with vehicle","Wednesday","Day",3,8,"T intersection",3,70,"HUME","METROPOLITAN NORTH WEST REGION",-37.6557474,144.8820623,"Dry","Clear"
"T20190025050","11/12/19",17:15:00,"Collision with vehicle","Wednesday","Day",2,5,"T intersection",3,80,"HUME","METROPOLITAN NORTH WEST REGION",-37.66266594,144.9226532,"Dry","Not known"
"T20190025052","8/12/19",19:00:00,"Collision with vehicle","Sunday","Dusk/Dawn",2,2,"Cross intersection",3,80,"HUME","METROPOLITAN NORTH WEST REGION",-37.64354763,144.9505316,"Dry","Clear"
"T20190025053","11/12/19",19:23:00,"Collision with vehicle","Wednesday","Day",2,2,"Not at intersection",3,60,"MORELAND","METROPOLITAN NORTH WEST REGION",-37.78026809,144.9781299,"Dry","Clear"
"T20190025055","7/8/19",08:50:00,"Collision with vehicle","Wednesday","Day",2,2,"Not at intersection",3,999,"WHITEHORSE","METROPOLITAN SOUTH EAST REGION",-37.81709584,145.1937269,"Dry","Clear"