"ACCIDENT_NO","ACCIDENTDATE","ACCIDENTTIME","Accident Type Desc","Day Week Description","Light Condition Desc","NO_OF_VEHICLES","NO_PERSONS","Road Geometry Desc","SEVERITY","SPEED_ZONE","LGA_NAME","REGION_NAME","Lat","Long","Surface Cond Desc","Atmosph Cond Desc"
"T20190025057","11/12/19",18:45:00,"Collision with vehicle","Wednesday","Dusk/Dawn",2,4,"T intersection",2,50,"DANDENONG","METROPOLITAN SOUTH EAST REGION",-37.95075942,145.1759295,"Dry","Clear"
"T20190025058","11/12/19",17:15:00,"Collision with a fixed object","Wednesday","Day",1,1,"Not at intersection",3,999,"NILLUMBIK","METROPOLITAN NORTH WEST REGION",-37.72478853,145.2261845,"Dry","Not known"
"T20190025059","6/12/19",13:30:00,"Fall from or in moving vehicle","Friday","Day",1,5,"Cross intersection",3,50,"MOONEE VALLEY","METROPOLITAN NORTH WEST REGION",-37.76220767,144.8974863,"Dry","Clear"
"T20190025061","11/12/19",19:53:00,"Collision with vehicle","Wednesday","Day",3,6,"Not at intersection",2,60,"CASEY","METROPOLITAN SOUTH EAST REGION",-38.10081512,145.3090989,"Dry","Clear"
"T20190025062","9/12/19",06:02:00,"Collision with vehicle","Monday","Dusk/Dawn",2,3,"T intersection",3,60,"WHITTLESEA","METROPOLITAN NORTH WEST REGION",-37.67076134,145.0314401,"Dry","Clear"
"T20190025063","11/12/19",16:50:00,"Collision with vehicle","Wednesday","Day",2,4,"Not at intersection",3,60,"GLEN EIRA","METROPOLITAN SOUTH EAST REGION",-37.92391592,145.0817246,"Dry","Clear"
"T20190025064","30/11/19",13:10:00,"Collision with vehicle","Saturday","Day",2,3,"Not at intersection",3,999,"FRANKSTON","METROPOLITAN SOUTH EAST REGION",-38.10675507,145.2317468,"Dry","Clear"
"T20190025070","11/12/19",20:00:00,"Collision with vehicle","Wednesday","Dusk/Dawn",2,4,"T intersection",3,60,"CASEY","METROPOLITAN SOUTH EAST REGION",-38.09649262,145.2930966,"Dry","Clear"
"T20190025072","11/12/19",15:00:00,"No collision and no object struck","Wednesday","Day",1,1,"Not at intersection",3,50,"BENDIGO","NORTHERN REGION",-36.7425788,144.2732841,"Dry","Clear"
"T20190025073","12/12/19",06:00:00,"Collision with vehicle","Thursday","Dusk/Dawn",3,7,"Cross intersection",3,80,"MONASH","METROPOLITAN SOUTH EAST REGION",-37.91848421,145.1587048,"Dry","Clear"
"T20190025075","11/12/19",11:00:00,"Collision with vehicle","Wednesday","Day",2,2,"Cross intersection",3,40,"DAREBIN","METROPOLITAN NORTH WEST REGION",-37.71115489,145.0199187,"Dry","Clear"
"T20190025076","12/12/19",06:10:00,"Collision with vehicle","Thursday","Dusk/Dawn",3,3,"Y intersection",3,999,"WHITTLESEA","METROPOLITAN NORTH WEST REGION",-37.60302215,144.9680659,"Dry","Clear"
"T20190025077","12/12/19",07:23:00,"Collision with a fixed object","Thursday","Day",1,1,"Not at intersection",3,60,"STONNINGTON","METROPOLITAN SOUTH EAST REGION",-37.85701899,145.0323284,"Dry","Clear"
"T20190025079","20/11/19",17:00:00,"No collision and no object struck","Wednesday","Day",1,1,"T intersection",3,999,"YARRA RANGES","METROPOLITAN SOUTH EAST REGION",-37.75663047,145.4100512,"Dry","Clear"
"T20190025082","10/12/19",19:20:00,"Struck Pedestrian","Tuesday","Dusk/Dawn",1,2,"Not at intersection",3,60,"BOROONDARA","METROPOLITAN SOUTH EAST REGION",-37.82052302,145.0265845,"Dry","Clear"
"T20190025084","4/10/19",13:00:00,"Collision with vehicle","Friday","Day",2,2,"T intersection",3,999,"CASEY","METROPOLITAN SOUTH EAST REGION",-38.02058926,145.3023398,"Dry","Clear"
"T20190025085","3/12/19",16:45:00,"Collision with vehicle","Tuesday","Unknown",3,3,"T intersection",3,999,"MELBOURNE","METROPOLITAN NORTH WEST REGION",-37.80123669,144.932453,"Unknown","Clear"
"T20190025087","10/12/19",19:26:00,"Struck Pedestrian","Tuesday","Dusk/Dawn",1,2,"Not at intersection",3,50,"PORT PHILLIP","METROPOLITAN NORTH WEST REGION",-37.86049449,144.9824376,"Dry","Clear"
"T20190025090","12/12/19",06:50:00,"Collision with vehicle","Thursday","Day",2,2,"Not at intersection",3,40,"MELBOURNE","METROPOLITAN NORTH WEST REGION",-37.8397128,144.9768119,"Dry","Not known"
"T20190025091","31/10/19",11:10:00,"Collision with vehicle","Thursday","Day",2,2,"Cross intersection",3,999,"MOONEE VALLEY","METROPOLITAN NORTH WEST REGION",-37.76657751,144.9196685,"Unknown","Not known"
"T20190025093","17/10/19",17:41:00,"Collision with vehicle","Thursday","Day",2,2,"Cross intersection",2,80,"KNOX","METROPOLITAN SOUTH EAST REGION",-37.90217669,145.2352378,"Wet","Raining"
"T20190025095","12/12/19",04:40:00,"Collision with vehicle","Thursday","Dusk/Dawn",2,2,"T intersection",3,50,"MELBOURNE","METROPOLITAN NORTH WEST REGION",-37.78155565,144.9574272,"Dry","Clear"
"T20190025100","12/12/19",08:25:00,"No collision and no object struck","Thursday","Day",1,1,"T intersection",3,60,"CASEY","METROPOLITAN SOUTH EAST REGION",-38.01586598,145.274358,"Wet","Raining"
"T20190025103","12/12/19",10:15:00,"Collision with a fixed object","Thursday","Day",1,1,"T intersection",3,70,"GEELONG","SOUTH WESTERN REGION",-38.25994745,144.5350927,"Dry","Clear"
"T20190025105","3/11/19",17:30:00,"collision with some other object","Sunday","Day",1,1,"Not at intersection",3,100,"BENDIGO","NORTHERN REGION",-36.63652357,144.2637389,"Dry","Clear"
"T20190025106","28/11/19",13:00:00,"Collision with vehicle","Thursday","Day",2,2,"Cross intersection",3,999,"BANYULE","METROPOLITAN NORTH WEST REGION",-37.70318532,145.0899766,"Unknown","Clear"
"T20190025107","12/12/19",06:33:00,"Collision with vehicle","Thursday","Dusk/Dawn",2,2,"Not at intersection",3,60,"GLEN EIRA","METROPOLITAN SOUTH EAST REGION",-37.88427464,145.0152953,"Dry","Clear"
"T20190025108","10/12/19",06:25:00,"Collision with vehicle","Tuesday","Unknown",2,2,"Cross intersection",3,999,"MELBOURNE","METROPOLITAN NORTH WEST REGION",-37.83364654,144.9129226,"Dry","Not known"
"T20190025109","12/12/19",08:00:00,"Vehicle overturned (no collision)","Thursday","Day",1,1,"T intersection",3,50,"BRIMBANK","METROPOLITAN NORTH WEST REGION",-37.73438345,144.8499914,"Wet","Raining"
"T20190025111","12/12/19",11:15:00,"Collision with a fixed object","Thursday","Day",1,1,"Not at intersection",3,80,"BASS COAST","EASTERN REGION",-38.67082611,145.6603066,"Dry","Clear"
"T20190025113","12/12/19",01:00:00,"Collision with vehicle","Thursday","Dark Street lights on",3,2,"Not at intersection",3,50,"BOROONDARA","METROPOLITAN SOUTH EAST REGION",-37.80610394,145.1042954,"Unknown","Not known"
"T20190025114","12/12/19",13:00:00,"Collision with vehicle","Thursday","Day",5,2,"Not at intersection",3,50,"MOONEE VALLEY","METROPOLITAN NORTH WEST REGION",-37.77041726,144.9255844,"Dry","Clear"
"T20190025115","12/12/19",13:14:00,"Collision with vehicle","Thursday","Day",2,3,"Not at intersection",3,40,"BALLARAT","WESTERN REGION",-37.53921281,143.8314891,"Dry","Clear"
"T20190025116","12/12/19",08:45:00,"Collision with vehicle","Thursday","Day",4,5,"Not at intersection",3,80,"MOUNT ALEXANDER","NORTHERN REGION",-37.06883337,144.1809087,"Dry","Clear"
"T20190025118","12/12/19",13:53:00,"Collision with vehicle","Thursday","Day",2,4,"Cross intersection",3,999,"MONASH","METROPOLITAN SOUTH EAST REGION",-37.90313487,145.1572047,"Dry","Clear"
"T20190025119","12/12/19",13:07:00,"Collision with vehicle","Thursday","Day",2,2,"Cross intersection",2,80,"KNOX","METROPOLITAN SOUTH EAST REGION",-37.8795845,145.2681727,"Dry","Clear"
"T20190025120","10/12/19",15:10:00,"Collision with vehicle","Tuesday","Day",2,2,"Not at intersection",3,40,"BALLARAT","WESTERN REGION",-37.5585361,143.8476436,"Dry","Clear"
"T20190025125","10/12/19",21:47:00,"Struck Pedestrian","Tuesday","Dusk/Dawn",1,3,"T intersection",3,999,"GLEN EIRA","METROPOLITAN SOUTH EAST REGION",-37.91658343,145.0601126,"Unknown","Not known"
"T20190025126","8/11/19",14:45:00,"Collision with vehicle","Friday","Day",2,2,"Cross intersection",3,70,"SURF COAST","SOUTH WESTERN REGION",-38.24866784,144.3323489,"Wet","Raining"
"T20190025127","8/12/19",13:30:00,"Collision with vehicle","Sunday","Day",2,3,"T intersection",3,60,"BOROONDARA","METROPOLITAN SOUTH EAST REGION",-37.84543165,145.0449829,"Dry","Clear"
"T20190025129","12/12/19",08:15:00,"Collision with vehicle","Thursday","Day",3,3,"Not at intersection",3,80,"MORNINGTON PENINSULA","METROPOLITAN SOUTH EAST REGION",-38.26536172,145.0372945,"Unknown","Not known"
"T20190025130","12/12/19",13:15:00,"Collision with vehicle","Thursday","Day",2,3,"Not at intersection",3,80,"CARDINIA","METROPOLITAN SOUTH EAST REGION",-37.92474481,145.4428962,"Dry","Clear"
"T20190025132","8/12/19",09:50:00,"collision with some other object","Sunday","Day",2,3,"Not at intersection",3,60,"YARRA RANGES","METROPOLITAN SOUTH EAST REGION",-37.75568959,145.6741931,"Dry","Clear"
"T20190025135","12/12/19",14:30:00,"Struck Pedestrian","Thursday","Day",1,2,"Not at intersection",1,50,"BENDIGO","NORTHERN REGION",-36.74000734,144.266588,"Dry","Clear"
"T20190025137","12/12/19",16:50:00,"Collision with vehicle","Thursday","Day",2,2,"Not at intersection",3,60,"YARRA","METROPOLITAN NORTH WEST REGION",-37.79017211,144.9717654,"Dry","Clear"
"T20190025138","17/9/19",09:45:00,"Collision with vehicle","Tuesday","Day",3,4,"T intersection",3,60,"EAST GIPPSLAND","EASTERN REGION",-37.82934988,147.6167835,"Dry","Clear"
"T20190025140","5/12/19",07:30:00,"Collision with vehicle","Thursday","Day",2,2,"Not at intersection",3,60,"MOONEE VALLEY","METROPOLITAN NORTH WEST REGION",-37.78181453,144.9330851,"Dry","Clear"
"T20190025141","12/12/19",17:11:00,"No collision and no object struck","Thursday","Day",1,1,"Not at intersection",3,80,"BRIMBANK","METROPOLITAN NORTH WEST REGION",-37.77483331,144.8093175,"Dry","Clear"
"T20190025143","12/12/19",08:00:00,"Collision with vehicle","Thursday","Day",2,2,"T intersection",3,50,"KNOX","METROPOLITAN SOUTH EAST REGION",-37.86249863,145.2829446,"Dry","Clear"
"T20190025144","12/12/19",15:45:00,"Collision with vehicle","Thursday","Day",2,3,"Not at intersection",3,80,"BALLARAT","WESTERN REGION",-37.5660557,143.8168621,"Dry","Clear"
"T20190025145","12/12/19",15:54:00,"Collision with vehicle","Thursday","Day",2,2,"Multiple intersection",3,80,"MAROONDAH","METROPOLITAN SOUTH EAST REGION",-37.79693793,145.2551706,"Dry","Clear"
"T20190025148","12/12/19",17:00:00,"Collision with vehicle","Thursday","Day",2,2,"Cross intersection",3,50,"MELBOURNE","METROPOLITAN NORTH WEST REGION",-37.81442277,144.9881815,"Dry","Clear"
"T20190025150","6/12/19",11:30:00,"Collision with vehicle","Friday","Day",2,3,"Cross intersection",3,100,"CAMPASPE","NORTHERN REGION",-36.59036638,144.8098595,"Dry","Clear"
"T20190025152","11/12/19",21:45:00,"Struck Pedestrian","Wednesday","Dusk/Dawn",1,2,"Not at intersection",3,999,"MELBOURNE","METROPOLITAN NORTH WEST REGION",-37.82348021,144.9620589,"Dry","Not known"
"T20190025153","12/12/19",17:15:00,"Collision with vehicle","Thursday","Day",2,2,"Not at intersection",3,80,"SURF COAST","SOUTH WESTERN REGION",-38.24842899,144.3305118,"Dry","Clear"
"T20190025156","3/12/19",18:40:00,"Collision with vehicle","Tuesday","Day",3,3,"T intersection",3,60,"BANYULE","METROPOLITAN NORTH WEST REGION",-37.71877852,145.1138793,"Dry","Clear"
"T20190025157","12/12/19",16:34:00,"Vehicle overturned (no collision)","Thursday","Day",1,1,"Not at intersection",2,80,"EAST GIPPSLAND","EASTERN REGION",-37.48112912,148.5569883,"Dry","Clear"
"T20190025160","11/12/19",17:50:00,"Collision with vehicle","Wednesday","Day",2,2,"T intersection",3,60,"STONNINGTON","METROPOLITAN SOUTH EAST REGION",-37.83865726,144.9890671,"Dry","Clear"
"T20190025161","4/12/19",14:10:00,"Collision with vehicle","Wednesday","Day",2,2,"Not at intersection",3,50,"CAMPASPE","NORTHERN REGION",-36.12898082,144.7498077,"Dry","Clear"
"T20190025164","12/12/19",16:50:00,"Vehicle overturned (no collision)","Thursday","Day",1,4,"T intersection",3,50,"WYNDHAM","METROPOLITAN NORTH WEST REGION",-37.84683287,144.654134,"Dry","Clear"
"T20190025165","12/12/19",19:24:00,"Collision with a fixed object","Thursday","Dusk/Dawn",1,1,"Not at intersection",3,70,"CASEY","METROPOLITAN SOUTH EAST REGION",-38.03842974,145.2887028,"Dry","Clear"
"T20190025167","12/12/19",14:00:00,"Struck animal","Thursday","Day",1,1,"Not at intersection",3,60,"EAST GIPPSLAND","EASTERN REGION",-37.79556587,147.8638584,"Dry","Clear"
"T20190025169","12/12/19",21:18:00,"Collision with vehicle","Thursday","Dark No street lights",2,4,"Not at intersection",3,100,"CARDINIA","METROPOLITAN SOUTH EAST REGION",-38.05304372,145.3773346,"Dry","Clear"
"T20190025175","13/12/19",02:20:00,"Collision with vehicle","Friday","Dark Street lights on",2,3,"Not at intersection",2,60,"DAREBIN","METROPOLITAN NORTH WEST REGION",-37.69745523,145.0109698,"Dry","Clear"
"T20190025176","13/12/19",07:28:00,"Collision with a fixed object","Friday","Day",1,1,"Not at intersection",3,100,"WYNDHAM","METROPOLITAN NORTH WEST REGION",-37.93766434,144.6141344,"Dry","Clear"
"T20190025178","13/12/19",07:45:00,"collision with some other object","Friday","Day",1,1,"Not at intersection",3,60,"MOONEE VALLEY","METROPOLITAN NORTH WEST REGION",-37.77019331,144.9022543,"Dry","Clear"
"T20190025179","19/11/19",10:00:00,"Collision with vehicle","Tuesday","Day",2,2,"T intersection",3,40,"DANDENONG","METROPOLITAN SOUTH EAST REGION",-37.97784277,145.2233611,"Dry","Not known"
"T20190025180","13/12/19",07:14:00,"Collision with a fixed object","Friday","Day",1,1,"Not at intersection",3,60,"MILDURA","WESTERN REGION",-34.21279228,142.1288334,"Dry","Clear"
"T20190025183","13/12/19",08:20:00,"Collision with vehicle","Friday","Day",2,2,"Cross intersection",3,60,"WODONGA","NORTH EASTERN REGION",-36.1242043,146.8857052,"Dry","Clear"
"T20190025185","13/12/19",08:40:00,"Collision with vehicle","Friday","Day",2,5,"T intersection",3,100,"BENDIGO","NORTHERN REGION",-36.77297843,144.3674046,"Dry","Clear"
"T20190025188","13/12/19",07:03:00,"Collision with vehicle","Friday","Day",2,2,"Cross intersection",3,100,"SHEPPARTON","NORTH EASTERN REGION",-36.45487624,145.1139423,"Dry","Clear"
"T20190025191","11/12/19",17:40:00,"Collision with vehicle","Wednesday","Day",3,3,"Not at intersection",3,80,"WHITEHORSE","METROPOLITAN SOUTH EAST REGION",-37.85466154,145.166785,"Dry","Not known"
"T20190025193","13/12/19",08:15:00,"Collision with vehicle","Friday","Day",4,5,"Not at intersection",3,60,"DAREBIN","METROPOLITAN NORTH WEST REGION",-37.70446707,145.0097563,"Dry","Clear"
"T20190025195","13/12/19",10:30:00,"Collision with vehicle","Friday","Day",2,3,"T intersection",3,80,"FRANKSTON","METROPOLITAN SOUTH EAST REGION",-38.16540521,145.1370606,"Dry","Clear"
"T20190025196","12/12/19",18:25:00,"Collision with vehicle","Thursday","Day",2,2,"T intersection",3,100,"SOUTH GIPPSLAND","EASTERN REGION",-38.71074154,146.0600845,"Dry","Clear"
"T20190025197","13/12/19",12:40:00,"Collision with vehicle","Friday","Day",2,2,"T intersection",3,60,"DANDENONG","METROPOLITAN SOUTH EAST REGION",-38.03402825,145.2017012,"Dry","Clear"
"T20190025201","13/12/19",08:30:00,"Collision with vehicle","Friday","Day",2,2,"Not at intersection",3,50,"GLEN EIRA","METROPOLITAN SOUTH EAST REGION",-37.92560659,145.0349801,"Dry","Clear"
"T20190025203","13/12/19",08:57:00,"Collision with vehicle","Friday","Day",2,2,"Not at intersection",3,60,"MORELAND","METROPOLITAN NORTH WEST REGION",-37.72088514,144.9210659,"Dry","Clear"
"T20190025206","13/12/19",12:37:00,"Collision with a fixed object","Friday","Day",1,1,"Not at intersection",3,80,"BASS COAST","EASTERN REGION",-38.51925981,145.341252,"Dry","Clear"
"T20190025208","13/12/19",06:00:00,"Fall from or in moving vehicle","Friday","Dark Street lights unknown",1,1,"Cross intersection",3,999,"GLEN EIRA","METROPOLITAN SOUTH EAST REGION",-37.8993974,145.0551251,"Dry","Not known"
"T20190025212","12/12/19",16:35:00,"Collision with vehicle","Thursday","Day",2,4,"Cross intersection",3,60,"MORNINGTON PENINSULA","METROPOLITAN SOUTH EAST REGION",-38.22040224,145.0568071,"Dry","Clear"
"T20190025214","9/12/19",13:00:00,"Collision with vehicle","Monday","Day",3,3,"Not at intersection",3,40,"FRANKSTON","METROPOLITAN SOUTH EAST REGION",-38.14343877,145.1366098,"Dry","Clear"
"T20190025216","13/12/19",14:15:00,"Collision with vehicle","Friday","Day",3,5,"Not at intersection",3,100,"MORELAND","METROPOLITAN NORTH WEST REGION",-37.69985691,144.8958362,"Dry","Clear"
"T20190025218","22/11/19",22:00:00,"Vehicle overturned (no collision)","Friday","Dark Street lights on",1,1,"Cross intersection",3,60,"MELBOURNE","METROPOLITAN NORTH WEST REGION",-37.80923867,144.9523651,"Dry","Clear"
"T20190025220","13/12/19",11:40:00,"Struck Pedestrian","Friday","Day",1,2,"Not at intersection",3,999,"MELBOURNE","METROPOLITAN NORTH WEST REGION",-37.81127686,144.9683306,"Dry","Clear"
"T20190025221","9/12/19",07:20:00,"Collision with vehicle","Monday","Day",2,2,"Not at intersection",3,70,"MELTON","METROPOLITAN NORTH WEST REGION",-37.74697633,144.5752295,"Dry","Not known"
"T20190025222","13/12/19",15:30:00,"Struck Pedestrian","Friday","Day",1,2,"Not at intersection",3,80,"WHITEHORSE","METROPOLITAN SOUTH EAST REGION",-37.83435482,145.1728194,"Dry","Clear"
"T20190025225","13/12/19",14:35:00,"Collision with vehicle","Friday","Day",2,2,"Not at intersection",3,80,"MORNINGTON PENINSULA","METROPOLITAN SOUTH EAST REGION",-38.28467697,145.1468035,"Dry","Clear"
"T20190025227","13/12/19",14:20:00,"Collision with vehicle","Friday","Day",2,2,"Not at intersection",3,50,"CASEY","METROPOLITAN SOUTH EAST REGION",-38.03119869,145.3388084,"Dry","Clear"
"T20190025229","13/12/19",16:30:00,"Collision with vehicle","Friday","Day",2,5,"T intersection",3,60,"BALLARAT","WESTERN REGION",-37.58040573,143.8247785,"Dry","Clear"
"T20190025230","13/12/19",12:40:00,"Collision with vehicle","Friday","Day",2,3,"Cross intersection",2,80,"BAYSIDE","METROPOLITAN SOUTH EAST REGION",-37.89757891,145.0054293,"Dry","Clear"
"T20190025231","13/12/19",12:00:00,"Vehicle overturned (no collision)","Friday","Day",1,1,"Not at intersection",3,100,"GOLDEN PLAINS","SOUTH WESTERN REGION",-38.08242932,143.8802538,"Dry","Clear"
"T20190025233","28/11/19",17:00:00,"Collision with vehicle","Thursday","Unknown",2,2,"Not at intersection",3,999,"GLEN EIRA","METROPOLITAN SOUTH EAST REGION",-37.90318086,145.0332748,"Unknown","Not known"
"T20190025234","13/12/19",08:40:00,"Struck Pedestrian","Friday","Day",1,2,"T intersection",3,50,"WODONGA","NORTH EASTERN REGION",-36.12534634,146.8629981,"Dry","Clear"
"T20190025235","13/12/19",18:06:00,"Collision with vehicle","Friday","Day",2,2,"Not at intersection",3,60,"MELTON","METROPOLITAN NORTH WEST REGION",-37.71386285,144.5729674,"Dry","Clear"
"T20190025236","13/12/19",16:50:00,"Collision with vehicle","Friday","Day",2,2,"Cross intersection",3,50,"DAREBIN","METROPOLITAN NORTH WEST REGION",-37.71907632,145.0189615,"Dry","Clear"
"T20190025241","13/12/19",15:10:00,"Collision with vehicle","Friday","Day",2,2,"Cross intersection",3,70,"HUME","METROPOLITAN NORTH WEST REGION",-37.69002253,144.8821671,"Dry","Clear"
"T20190025242","13/12/19",15:14:00,"Collision with a fixed object","Friday","Day",1,1,"Not at intersection",2,80,"BENDIGO","NORTHERN REGION",-36.71192927,144.2251063,"Dry","Clear"
"T20190025244","13/12/19",16:52:00,"Collision with vehicle","Friday","Day",2,6,"T intersection",3,60,"HUME","METROPOLITAN NORTH WEST REGION",-37.59769485,144.9296634,"Dry","Clear"
"T20190025245","13/12/19",18:00:00,"Collision with vehicle","Friday","Day",2,2,"T intersection",3,60,"MONASH","METROPOLITAN SOUTH EAST REGION",-37.8840252,145.1215611,"Dry","Clear"
"T20190025246","13/12/19",20:00:00,"Collision with vehicle","Friday","Dusk/Dawn",2,2,"Not at intersection",3,40,"MORELAND","METROPOLITAN NORTH WEST REGION",-37.74300008,144.9663007,"Dry","Smoke"
"T20190025250","13/12/19",19:40:00,"Collision with vehicle","Friday","Dusk/Dawn",6,9,"Not at intersection",3,70,"WHITEHORSE","METROPOLITAN SOUTH EAST REGION",-37.81439019,145.1766469,"Dry","Clear"
"T20190025253","13/12/19",17:45:00,"Collision with vehicle","Friday","Day",2,4,"Not at intersection",3,50,"HUME","METROPOLITAN NORTH WEST REGION",-37.66225185,144.9171346,"Dry","Clear"
"T20190025254","13/12/19",18:20:00,"Collision with vehicle","Friday","Day",2,2,"T intersection",3,60,"BALLARAT","WESTERN REGION",-37.55176216,143.9034134,"Dry","Clear"
"T20190025255","13/12/19",19:00:00,"Collision with a fixed object","Friday","Day",1,1,"Not at intersection",2,100,"WEST WIMMERA","WESTERN REGION",-36.66621496,141.6419286,"Dry","Clear"
"T20190025256","13/12/19",14:18:00,"collision with some other object","Friday","Day",1,1,"Not at intersection",1,100,"MOORABOOL","WESTERN REGION",-37.78670183,144.4240816,"Dry","Clear"
"T20190025260","13/12/19",16:28:00,"Collision with vehicle","Friday","Day",3,3,"T intersection",3,80,"HUME","METROPOLITAN NORTH WEST REGION",-37.54104112,144.9543844,"Dry","Clear"
"T20190025263","3/11/19",11:30:00,"collision with some other object","Sunday","Day",1,1,"Not at intersection",3,100,"MACEDON RANGES","NORTHERN REGION",-37.21895514,144.6330126,"Dry","Clear"
"T20190025264","13/12/19",21:10:00,"Collision with vehicle","Friday","Dusk/Dawn",2,2,"T intersection",3,50,"BRIMBANK","METROPOLITAN NORTH WEST REGION",-37.72979404,144.8105858,"Dry","Clear"
"T20190025269","25/11/19",15:25:00,"Collision with vehicle","Monday","Day",2,2,"Not at intersection",3,999,"DANDENONG","METROPOLITAN SOUTH EAST REGION",-37.98983022,145.2146303,"Unknown","Not known"
"T20190025271","13/12/19",19:24:00,"Collision with vehicle","Friday","Day",2,3,"T intersection",3,60,"DANDENONG","METROPOLITAN SOUTH EAST REGION",-37.94182852,145.1924205,"Dry","Clear"
"T20190025272","13/12/19",21:40:00,"Collision with vehicle","Friday","Dusk/Dawn",2,2,"Not at intersection",3,60,"CARDINIA","METROPOLITAN SOUTH EAST REGION",-37.930392,145.4318663,"Wet","Raining"
"T20190025273","13/12/19",14:15:00,"Collision with a fixed object","Friday","Day",1,1,"Not at intersection",1,80,"COLAC OTWAY","SOUTH WESTERN REGION",-38.63382894,143.7148895,"Dry","Clear"
"T20190025275","13/12/19",20:00:00,"Collision with a fixed object","Friday","Day",1,1,"T intersection",3,50,"DANDENONG","METROPOLITAN SOUTH EAST REGION",-37.97986088,145.167754,"Dry","Clear"
"T20190025278","13/12/19",18:13:00,"Collision with vehicle","Friday","Day",2,2,"Not at intersection",3,100,"HUME","METROPOLITAN NORTH WEST REGION",-37.6140021,144.7793695,"Dry","Clear"
"T20190025280","13/12/19",23:00:00,"Struck Pedestrian","Friday","Dark Street lights on",1,2,"Not at intersection",3,60,"WANGARATTA","NORTH EASTERN REGION",-36.37775031,146.3252663,"Dry","Clear"
"T20190025282","13/12/19",23:15:00,"Fall from or in moving vehicle","Friday","Dark Street lights on",1,2,"Not at intersection",3,60,"DAREBIN","METROPOLITAN NORTH WEST REGION",-37.73707422,144.9993701,"Dry","Clear"
"T20190025290","14/12/19",06:10:00,"Collision with vehicle","Saturday","Dusk/Dawn",2,2,"Cross intersection",1,80,"HUME","METROPOLITAN NORTH WEST REGION",-37.64759166,144.9518165,"Dry","Clear"
"T20190025291","14/12/19",08:05:00,"Collision with a fixed object","Saturday","Day",1,1,"Not at intersection",3,60,"YARRA RANGES","METROPOLITAN SOUTH EAST REGION",-37.86198113,145.4137072,"Wet","Raining"
"T20190025293","14/12/19",09:50:00,"Collision with vehicle","Saturday","Day",2,2,"Cross intersection",2,999,"BAYSIDE","METROPOLITAN SOUTH EAST REGION",-37.8968395,144.9994867,"Wet","Clear"
"T20190025295","14/12/19",10:52:00,"Collision with vehicle","Saturday","Day",2,2,"T intersection",3,80,"NILLUMBIK","METROPOLITAN NORTH WEST REGION",-37.68879727,145.2342149,"Dry","Clear"
"T20190025299","14/12/19",09:20:00,"Collision with a fixed object","Saturday","Day",1,1,"Not at intersection",3,100,"INDIGO","NORTH EASTERN REGION",-36.35560717,146.8055919,"Dry","Clear"
"T20190025302","13/12/19",17:15:00,"Struck Pedestrian","Friday","Day",1,2,"T intersection",3,50,"BOROONDARA","METROPOLITAN SOUTH EAST REGION",-37.82333689,145.0422358,"Dry","Clear"
"T20190025303","14/12/19",09:30:00,"Collision with vehicle","Saturday","Unknown",2,2,"Cross intersection",3,60,"STONNINGTON","METROPOLITAN SOUTH EAST REGION",-37.83832108,144.9865245,"Dry","Clear"
"T20190025304","14/12/19",09:42:00,"Struck Pedestrian","Saturday","Day",1,3,"T intersection",3,60,"WHITTLESEA","METROPOLITAN NORTH WEST REGION",-37.66287483,145.0176801,"Dry","Clear"
"T20190025306","14/12/19",11:38:00,"Collision with vehicle","Saturday","Day",2,4,"Not at intersection",2,100,"CARDINIA","METROPOLITAN SOUTH EAST REGION",-38.18428275,145.611039,"Dry","Clear"
"T20190025308","14/12/19",13:22:00,"Collision with vehicle","Saturday","Day",3,5,"Not at intersection",3,80,"MOONEE VALLEY","METROPOLITAN NORTH WEST REGION",-37.72771855,144.8909067,"Dry","Clear"
"T20190025311","14/12/19",14:30:00,"Collision with vehicle","Saturday","Day",2,3,"Cross intersection",3,60,"PORT PHILLIP","METROPOLITAN NORTH WEST REGION",-37.82895885,144.9484395,"Dry","Clear"
"T20190025314","14/12/19",16:20:00,"Collision with vehicle","Saturday","Day",2,8,"Cross intersection",3,60,"MELTON","METROPOLITAN NORTH WEST REGION",-37.72245039,144.7383744,"Dry","Clear"
"T20190025315","12/12/19",18:15:00,"Collision with vehicle","Thursday","Day",4,4,"Not at intersection",3,100,"MONASH","METROPOLITAN SOUTH EAST REGION",-37.91612618,145.1690748,"Dry","Clear"
"T20190025317","14/12/19",16:35:00,"Collision with vehicle","Saturday","Day",3,4,"T intersection",3,60,"WHITEHORSE","METROPOLITAN SOUTH EAST REGION",-37.82850574,145.1197026,"Dry","Clear"
"T20190025318","14/12/19",14:40:00,"Collision with vehicle","Saturday","Day",2,2,"T intersection",3,60,"DAREBIN","METROPOLITAN NORTH WEST REGION",-37.73258402,144.9909836,"Dry","Clear"
"T20190025319","14/12/19",14:35:00,"No collision and no object struck","Saturday","Day",1,1,"Not at intersection",2,60,"ALPINE","NORTH EASTERN REGION",-36.72054097,146.8057619,"Dry","Clear"