"ACCIDENT_NO","ACCIDENTDATE","ACCIDENTTIME","Accident Type Desc","Day Week Description","Light Condition Desc","NO_OF_VEHICLES","NO_PERSONS","Road Geometry Desc","SEVERITY","SPEED_ZONE","LGA_NAME","REGION_NAME","Lat","Long","Surface Cond Desc","Atmosph Cond Desc"
"T20190025322","14/12/19",16:20:00,"Vehicle overturned (no collision)","Saturday","Day",1,1,"Not at intersection",3,60,"CARDINIA","METROPOLITAN SOUTH EAST REGION",-38.00890684,145.4279217,"Dry","Clear"
"T20190025323","13/12/19",14:40:00,"Collision with vehicle","Friday","Day",2,3,"T intersection",3,60,"MORNINGTON PENINSULA","METROPOLITAN SOUTH EAST REGION",-38.2393774,145.0675742,"Dry","Clear"
"T20190025324","14/12/19",16:46:00,"Collision with a fixed object","Saturday","Day",1,4,"Not at intersection",3,100,"CAMPASPE","NORTHERN REGION",-36.64153354,144.7567544,"Dry","Clear"
"T20190025325","14/12/19",16:27:00,"Collision with vehicle","Saturday","Day",2,2,"T intersection",3,50,"MELBOURNE","METROPOLITAN NORTH WEST REGION",-37.77881265,144.9402289,"Dry","Clear"
"T20190025326","14/12/19",17:45:00,"Collision with vehicle","Saturday","Day",2,3,"Cross intersection",3,70,"MANNINGHAM","METROPOLITAN SOUTH EAST REGION",-37.75729949,145.1132768,"Dry","Clear"
"T20190025327","14/12/19",17:22:00,"Collision with vehicle","Saturday","Day",6,7,"Not at intersection",3,80,"NILLUMBIK","METROPOLITAN NORTH WEST REGION",-37.69108251,145.1090884,"Dry","Clear"
"T20190025329","14/12/19",18:15:00,"Collision with vehicle","Saturday","Day",2,2,"Cross intersection",3,70,"STONNINGTON","METROPOLITAN SOUTH EAST REGION",-37.85750425,144.9922902,"Dry","Clear"
"T20190025332","14/12/19",15:44:00,"Collision with vehicle","Saturday","Day",2,2,"Not at intersection",3,60,"MORELAND","METROPOLITAN NORTH WEST REGION",-37.74160939,144.9397977,"Dry","Clear"
"T20190025333","14/12/19",18:55:00,"collision with some other object","Saturday","Day",1,1,"T intersection",3,100,"WANGARATTA","NORTH EASTERN REGION",-36.42623963,146.2582979,"Dry","Clear"
"T20190025336","14/12/19",11:02:00,"Collision with vehicle","Saturday","Day",2,2,"Not at intersection",3,80,"CASEY","METROPOLITAN SOUTH EAST REGION",-38.02954628,145.3315524,"Dry","Clear"
"T20190025338","3/12/19",13:38:00,"Collision with vehicle","Tuesday","Day",3,4,"Cross intersection",3,60,"MORELAND","METROPOLITAN NORTH WEST REGION",-37.74653708,144.9444423,"Dry","Clear"
"T20190025341","14/12/19",18:30:00,"Struck animal","Saturday","Day",1,1,"Not at intersection",3,100,"MORNINGTON PENINSULA","METROPOLITAN SOUTH EAST REGION",-38.27326737,145.0711783,"Dry","Clear"
"T20190025343","14/12/19",18:25:00,"Collision with vehicle","Saturday","Day",2,2,"Not at intersection",2,50,"WHITEHORSE","METROPOLITAN SOUTH EAST REGION",-37.80737053,145.1130614,"Dry","Clear"
"T20190025346","18/9/19",09:00:00,"Collision with vehicle","Wednesday","Day",2,2,"Cross intersection",3,60,"ARARAT","WESTERN REGION",-37.27974605,142.9348731,"Dry","Clear"
"T20190025348","14/12/19",22:20:00,"Collision with vehicle","Saturday","Dark Street lights on",2,3,"Not at intersection",3,80,"MORNINGTON PENINSULA","METROPOLITAN SOUTH EAST REGION",-38.24449336,145.0861603,"Dry","Clear"
"T20190025351","14/12/19",16:10:00,"Collision with vehicle","Saturday","Day",2,2,"Not at intersection",3,50,"MORNINGTON PENINSULA","METROPOLITAN SOUTH EAST REGION",-38.23086617,145.1667821,"Dry","Clear"
"T20190025353","15/12/19",01:30:00,"Collision with vehicle","Sunday","Dark Street lights on",3,2,"Not at intersection",3,50,"MORELAND","METROPOLITAN NORTH WEST REGION",-37.73070687,144.9699784,"Dry","Clear"
"T20190025354","15/12/19",01:58:00,"Collision with a fixed object","Sunday","Dark No street lights",1,1,"Not at intersection",3,80,"BRIMBANK","METROPOLITAN NORTH WEST REGION",-37.79664833,144.7875907,"Dry","Clear"
"T20190025358","15/12/19",04:35:00,"Collision with a fixed object","Sunday","Dark Street lights on",1,1,"Not at intersection",3,60,"PORT PHILLIP","METROPOLITAN NORTH WEST REGION",-37.86920326,144.9879184,"Dry","Clear"
"T20190025360","14/12/19",01:11:00,"Collision with a fixed object","Saturday","Dark Street lights on",1,1,"Not at intersection",2,60,"WYNDHAM","METROPOLITAN NORTH WEST REGION",-37.90335471,144.654315,"Dry","Clear"
"T20190025361","15/12/19",03:30:00,"Collision with a fixed object","Sunday","Dark No street lights",1,1,"Not at intersection",3,60,"MOYNE","SOUTH WESTERN REGION",-38.33877863,142.7194813,"Dry","Clear"
"T20190025362","15/12/19",05:30:00,"Collision with vehicle","Sunday","Dusk/Dawn",2,5,"T intersection",3,60,"LATROBE","EASTERN REGION",-38.18533332,146.2804788,"Dry","Clear"
"T20190025363","14/12/19",23:00:00,"Fall from or in moving vehicle","Saturday","Dark Street lights on",1,1,"T intersection",3,50,"DAREBIN","METROPOLITAN NORTH WEST REGION",-37.7256205,144.9921889,"Dry","Clear"
"T20190025364","6/12/19",15:25:00,"Collision with vehicle","Friday","Day",3,4,"Not at intersection",3,100,"CASEY","METROPOLITAN SOUTH EAST REGION",-38.04912499,145.3509814,"Dry","Clear"
"T20190025367","15/12/19",05:20:00,"Struck Pedestrian","Sunday","Dark No street lights",1,2,"Not at intersection",3,80,"BALLARAT","WESTERN REGION",-37.50842426,143.8052176,"Dry","Clear"
"T20190025368","14/12/19",16:30:00,"Collision with vehicle","Saturday","Day",2,2,"T intersection",3,100,"MOUNT ALEXANDER","NORTHERN REGION",-36.96863322,144.2848428,"Dry","Clear"
"T20190025369","8/12/19",15:55:00,"Struck Pedestrian","Sunday","Day",1,2,"Not at intersection",2,60,"GEELONG","SOUTH WESTERN REGION",-38.09689945,144.3342023,"Dry","Clear"
"T20190025370","15/12/19",07:35:00,"Collision with a fixed object","Sunday","Day",1,2,"Not at intersection",3,60,"STONNINGTON","METROPOLITAN SOUTH EAST REGION",-37.84414361,145.0342846,"Dry","Clear"
"T20190025374","12/12/19",15:05:00,"Fall from or in moving vehicle","Thursday","Day",1,1,"Not at intersection",3,100,"ALPINE","NORTH EASTERN REGION",-36.74835032,147.1942044,"Dry","Clear"
"T20190025376","14/12/19",22:00:00,"Collision with a fixed object","Saturday","Dark No street lights",1,1,"T intersection",2,50,"GOLDEN PLAINS","SOUTH WESTERN REGION",-37.84273333,144.0717216,"Dry","Clear"
"T20190025378","14/12/19",09:43:00,"Struck Pedestrian","Saturday","Day",1,2,"Not at intersection",2,60,"MORELAND","METROPOLITAN NORTH WEST REGION",-37.75498004,144.9602287,"Dry","Clear"
"T20190025379","15/12/19",10:39:00,"Collision with vehicle","Sunday","Day",2,2,"Cross intersection",3,60,"WHITEHORSE","METROPOLITAN SOUTH EAST REGION",-37.83618699,145.1954943,"Dry","Clear"
"T20190025382","15/12/19",10:30:00,"Collision with vehicle","Sunday","Day",2,7,"T intersection",3,50,"GEELONG","SOUTH WESTERN REGION",-38.12804444,144.3553822,"Dry","Clear"
"T20190025383","15/12/19",12:15:00,"Collision with vehicle","Sunday","Day",2,3,"Not at intersection",3,40,"HUME","METROPOLITAN NORTH WEST REGION",-37.66556526,144.933021,"Dry","Clear"
"T20190025384","15/12/19",11:30:00,"Vehicle overturned (no collision)","Sunday","Day",1,1,"T intersection",3,100,"WELLINGTON","EASTERN REGION",-37.89928065,146.7277047,"Dry","Clear"
"T20190025389","15/12/19",07:30:00,"Collision with vehicle","Sunday","Day",2,2,"Not at intersection",3,100,"HUME","METROPOLITAN NORTH WEST REGION",-37.70268798,144.8889966,"Dry","Clear"
"T20190025393","14/12/19",22:30:00,"No collision and no object struck","Saturday","Dark Street lights on",1,1,"T intersection",3,50,"YARRA","METROPOLITAN NORTH WEST REGION",-37.80035632,144.9781178,"Dry","Clear"
"T20190025395","10/12/19",19:30:00,"Collision with vehicle","Tuesday","Day",2,2,"Not at intersection",3,60,"CENTRAL GOLDFIELDS","WESTERN REGION",-37.03264847,143.7450873,"Dry","Clear"
"T20190025396","21/11/19",08:40:00,"No collision and no object struck","Thursday","Day",1,1,"Not at intersection",3,70,"EAST GIPPSLAND","EASTERN REGION",-37.83350556,147.6056223,"Dry","Clear"
"T20190025396","21/11/19",08:40:00,"No collision and no object struck","Thursday","Day",1,1,"Not at intersection",3,70,"EAST GIPPSLAND","EASTERN REGION",-37.83350556,147.6056223,"Dry","Strong winds"
"T20190025400","15/12/19",17:14:00,"Collision with vehicle","Sunday","Day",2,2,"T intersection",3,80,"CASEY","METROPOLITAN SOUTH EAST REGION",-38.03874353,145.304741,"Dry","Clear"
"T20190025402","20/11/19",15:50:00,"Fall from or in moving vehicle","Wednesday","Unknown",1,2,"Not at intersection",3,999,"MELBOURNE","METROPOLITAN NORTH WEST REGION",-37.8026552,144.9635914,"Unknown","Not known"
"T20190025403","15/12/19",13:30:00,"Collision with vehicle","Sunday","Day",2,6,"T intersection",3,80,"BANYULE","METROPOLITAN NORTH WEST REGION",-37.69485092,145.0926817,"Dry","Clear"
"T20190025404","15/12/19",19:35:00,"Collision with vehicle","Sunday","Dusk/Dawn",2,5,"Not at intersection",3,100,"YARRA RANGES","METROPOLITAN SOUTH EAST REGION",-37.60417784,145.6204289,"Dry","Clear"
"T20190025406","25/11/19",12:00:00,"Vehicle overturned (no collision)","Monday","Unknown",1,1,"Not at intersection",3,100,"HUME","METROPOLITAN NORTH WEST REGION",-37.59282644,144.7600728,"Unknown","Not known"
"T20190025407","15/12/19",20:20:00,"Collision with vehicle","Sunday","Dusk/Dawn",2,2,"Cross intersection",3,60,"BALLARAT","WESTERN REGION",-37.54525503,143.8578366,"Dry","Clear"
"T20190025411","13/12/19",09:50:00,"Collision with vehicle","Friday","Day",2,2,"Not at intersection",3,70,"MONASH","METROPOLITAN SOUTH EAST REGION",-37.90457869,145.1612115,"Dry","Clear"
"T20190025412","15/12/19",23:15:00,"Collision with vehicle","Sunday","Dark Street lights on",2,2,"Cross intersection",3,60,"HOBSONS BAY","METROPOLITAN NORTH WEST REGION",-37.87155701,144.7776142,"Dry","Clear"
"T20190025413","15/12/19",23:20:00,"Collision with vehicle","Sunday","Dark Street lights on",2,3,"Cross intersection",3,60,"HOBSONS BAY","METROPOLITAN NORTH WEST REGION",-37.87355245,144.786498,"Dry","Clear"
"T20190025414","10/11/19",17:00:00,"Collision with vehicle","Sunday","Day",2,2,"Cross intersection",3,999,"GLEN EIRA","METROPOLITAN SOUTH EAST REGION",-37.86041556,145.0104878,"Dry","Clear"
"T20190025415","15/12/19",20:00:00,"Collision with vehicle","Sunday","Dusk/Dawn",2,3,"Not at intersection",1,100,"BRIMBANK","METROPOLITAN NORTH WEST REGION",-37.74256973,144.8464939,"Dry","Clear"
"T20190025417","16/12/19",03:10:00,"Collision with vehicle","Monday","Dark Street lights on",2,2,"Not at intersection",3,80,"KNOX","METROPOLITAN SOUTH EAST REGION",-37.84863559,145.2310563,"Dry","Clear"
"T20190025422","16/12/19",06:40:00,"Collision with vehicle","Monday","Dusk/Dawn",3,3,"Not at intersection",3,100,"FRANKSTON","METROPOLITAN SOUTH EAST REGION",-38.09873933,145.1555418,"Dry","Clear"
"T20190025423","14/8/19",14:50:00,"Collision with a fixed object","Wednesday","Day",1,1,"T intersection",3,999,"WANGARATTA","NORTH EASTERN REGION",-36.42623963,146.2582979,"Unknown","Not known"
"T20190025424","12/12/19",21:00:00,"Collision with vehicle","Thursday","Dusk/Dawn",2,2,"Cross intersection",3,50,"MELTON","METROPOLITAN NORTH WEST REGION",-37.68195042,144.5829861,"Dry","Clear"
"T20190025425","23/7/19",06:30:00,"Collision with a fixed object","Tuesday","Dusk/Dawn",1,1,"Not at intersection",3,100,"MOORABOOL","WESTERN REGION",-37.48439929,143.9503314,"Wet","Not known"
"T20190025426","16/12/19",09:21:00,"Collision with a fixed object","Monday","Day",1,1,"Not at intersection",3,50,"BASS COAST","EASTERN REGION",-38.4506505,145.2389791,"Dry","Clear"
"T20190025427","16/12/19",09:55:00,"Collision with vehicle","Monday","Day",2,2,"Cross intersection",2,60,"BAYSIDE","METROPOLITAN SOUTH EAST REGION",-37.89173661,144.9906718,"Dry","Clear"
"T20190025428","16/12/19",09:32:00,"Collision with vehicle","Monday","Day",2,2,"Not at intersection",3,40,"DANDENONG","METROPOLITAN SOUTH EAST REGION",-37.96685217,145.1756274,"Dry","Clear"
"T20190025429","16/12/19",10:10:00,"Collision with vehicle","Monday","Day",2,2,"T intersection",3,60,"WHITEHORSE","METROPOLITAN SOUTH EAST REGION",-37.81845924,145.1251886,"Wet","Clear"
"T20190025431","4/11/19",12:20:00,"Collision with vehicle","Monday","Day",2,2,"T intersection",3,60,"FRANKSTON","METROPOLITAN SOUTH EAST REGION",-38.14394863,145.1361264,"Dry","Clear"
"T20190025432","16/12/19",08:30:00,"Collision with a fixed object","Monday","Day",1,1,"Not at intersection",2,70,"MAROONDAH","METROPOLITAN SOUTH EAST REGION",-37.81264611,145.2881471,"Wet","Raining"
"T20190025433","23/11/19",15:00:00,"No collision and no object struck","Saturday","Day",1,1,"Not at intersection",3,999,"BAW BAW","EASTERN REGION",-37.84448157,146.3978967,"Unknown","Not known"
"T20190025434","15/12/19",12:30:00,"No collision and no object struck","Sunday","Day",1,1,"Not at intersection",3,60,"MURRINDINDI","NORTH EASTERN REGION",-37.40922731,145.6358511,"Dry","Clear"
"T20190025435","13/12/19",15:45:00,"Fall from or in moving vehicle","Friday","Day",1,1,"Not at intersection",3,100,"MILDURA","WESTERN REGION",-35.14205568,141.184151,"Dry","Clear"
"T20190025436","16/12/19",10:23:00,"Collision with vehicle","Monday","Day",2,2,"T intersection",3,60,"STONNINGTON","METROPOLITAN SOUTH EAST REGION",-37.85950196,145.0588587,"Dry","Clear"
"T20190025438","11/12/19",09:45:00,"Collision with vehicle","Wednesday","Day",2,2,"Not at intersection",3,80,"MORNINGTON PENINSULA","METROPOLITAN SOUTH EAST REGION",-38.20061395,145.1279805,"Dry","Clear"
"T20190025440","16/12/19",11:05:00,"Collision with vehicle","Monday","Day",2,2,"T intersection",3,60,"MORNINGTON PENINSULA","METROPOLITAN SOUTH EAST REGION",-38.3717528,144.8892538,"Dry","Clear"
"T20190025446","16/12/19",07:30:00,"Collision with a fixed object","Monday","Dusk/Dawn",1,1,"Cross intersection",3,80,"WYNDHAM","METROPOLITAN NORTH WEST REGION",-37.79469616,144.6047274,"Dry","Not known"
"T20190025448","16/12/19",11:40:00,"Collision with vehicle","Monday","Day",2,2,"Not at intersection",3,60,"BASS COAST","EASTERN REGION",-38.4530964,145.2389756,"Dry","Clear"
"T20190025449","14/12/19",11:00:00,"Collision with vehicle","Saturday","Day",3,3,"Cross intersection",3,999,"MONASH","METROPOLITAN SOUTH EAST REGION",-37.89285467,145.0882477,"Dry","Clear"
"T20190025453","16/12/19",13:00:00,"Collision with a fixed object","Monday","Day",1,1,"Not at intersection",3,100,"MURRINDINDI","NORTH EASTERN REGION",-37.20808854,145.2418377,"Dry","Clear"
"T20190025454","16/12/19",11:30:00,"Collision with vehicle","Monday","Unknown",3,3,"T intersection",3,60,"MOONEE VALLEY","METROPOLITAN NORTH WEST REGION",-37.7360266,144.8890623,"Unknown","Not known"
"T20190025456","6/12/19",09:25:00,"Collision with vehicle","Friday","Day",2,3,"Not at intersection",3,60,"MARIBYRNONG","METROPOLITAN NORTH WEST REGION",-37.7874578,144.8802815,"Dry","Clear"
"T20190025457","27/11/19",15:15:00,"Collision with vehicle","Wednesday","Day",2,2,"Cross intersection",3,60,"HUME","METROPOLITAN NORTH WEST REGION",-37.66375137,144.9221732,"Dry","Clear"
"T20190025459","16/12/19",14:57:00,"Collision with vehicle","Monday","Day",2,2,"T intersection",3,60,"DAREBIN","METROPOLITAN NORTH WEST REGION",-37.7409706,145.0324019,"Dry","Clear"
"T20190025460","16/12/19",15:48:00,"Collision with vehicle","Monday","Day",2,2,"T intersection",3,80,"CASEY","METROPOLITAN SOUTH EAST REGION",-38.04163068,145.3041752,"Dry","Clear"
"T20190025461","12/12/19",18:25:00,"Collision with a fixed object","Thursday","Day",1,1,"Not at intersection",3,100,"BULOKE","NORTHERN REGION",-35.99038855,142.9629422,"Dry","Clear"
"T20190025463","7/11/19",17:20:00,"Collision with a fixed object","Thursday","Day",1,1,"Not at intersection",3,100,"SOUTH GIPPSLAND","EASTERN REGION",-38.6810846,146.0471094,"Dry","Clear"
"T20190025464","16/12/19",16:15:00,"Collision with vehicle","Monday","Day",2,2,"Not at intersection",3,60,"BALLARAT","WESTERN REGION",-37.53259239,143.8266573,"Dry","Clear"
"T20190025467","10/12/19",17:50:00,"Collision with vehicle","Tuesday","Day",2,2,"Cross intersection",3,80,"CASEY","METROPOLITAN SOUTH EAST REGION",-37.97483543,145.2582149,"Unknown","Not known"
"T20190025472","16/12/19",18:30:00,"Collision with vehicle","Monday","Day",3,3,"Cross intersection",3,60,"STONNINGTON","METROPOLITAN SOUTH EAST REGION",-37.87809747,145.0656657,"Dry","Clear"
"T20190025475","16/12/19",16:40:00,"Collision with vehicle","Monday","Day",3,4,"T intersection",3,80,"HUME","METROPOLITAN NORTH WEST REGION",-37.67036085,144.9237779,"Dry","Clear"
"T20190025476","16/12/19",17:25:00,"Collision with vehicle","Monday","Day",2,2,"Cross intersection",3,40,"MELBOURNE","METROPOLITAN NORTH WEST REGION",-37.81792095,144.9658304,"Dry","Clear"
"T20190025477","9/12/19",09:00:00,"Collision with vehicle","Monday","Day",2,2,"Multiple intersection",3,60,"MOONEE VALLEY","METROPOLITAN NORTH WEST REGION",-37.75809787,144.9264589,"Dry","Clear"
"T20190025478","16/12/19",17:15:00,"Collision with vehicle","Monday","Day",3,4,"Not at intersection",3,60,"GEELONG","SOUTH WESTERN REGION",-38.06854413,144.3748074,"Dry","Clear"
"T20190025479","16/12/19",18:47:00,"No collision and no object struck","Monday","Unknown",1,1,"Not at intersection",3,999,"HUME","METROPOLITAN NORTH WEST REGION",-37.63473436,144.9475045,"Dry","Not known"
"T20190025481","16/12/19",16:25:00,"Fall from or in moving vehicle","Monday","Day",1,2,"Not at intersection",3,888,"HORSHAM","WESTERN REGION",-36.73505356,142.207472,"Unknown","Clear"
"T20190025482","16/12/19",16:00:00,"Collision with vehicle","Monday","Day",2,2,"Multiple intersection",3,60,"WHITTLESEA","METROPOLITAN NORTH WEST REGION",-37.6897652,145.0274209,"Dry","Not known"
"T20190025485","16/12/19",08:00:00,"No collision and no object struck","Monday","Day",1,1,"Cross intersection",3,80,"GLEN EIRA","METROPOLITAN SOUTH EAST REGION",-37.88602189,144.9990798,"Dry","Clear"
"T20190025486","16/12/19",13:50:00,"Collision with vehicle","Monday","Day",2,2,"T intersection",3,40,"YARRA","METROPOLITAN NORTH WEST REGION",-37.80301924,144.9776571,"Dry","Clear"
"T20190025489","16/12/19",15:25:00,"Collision with vehicle","Monday","Day",2,3,"T intersection",3,100,"HINDMARSH","WESTERN REGION",-36.36457119,141.7991563,"Dry","Clear"
"T20190025490","16/12/19",15:00:00,"Collision with a fixed object","Monday","Day",1,1,"Not at intersection",3,50,"WHITTLESEA","METROPOLITAN NORTH WEST REGION",-37.68319144,145.0576963,"Dry","Clear"
"T20190025494","16/12/19",14:30:00,"Collision with vehicle","Monday","Day",3,3,"T intersection",3,60,"BAW BAW","EASTERN REGION",-38.13018041,145.8497644,"Dry","Clear"
"T20190025495","16/12/19",05:30:00,"Collision with a fixed object","Monday","Day",1,1,"Not at intersection",3,100,"MITCHELL","NORTHERN REGION",-37.14207056,145.0697111,"Dry","Clear"
"T20190025498","16/12/19",02:40:00,"Collision with a fixed object","Monday","Dark Street lights on",1,1,"Cross intersection",2,80,"LATROBE","EASTERN REGION",-38.2554477,146.4898083,"Wet","Raining"
"T20190025500","13/12/19",00:05:00,"Struck Pedestrian","Friday","Dark Street lights on",1,2,"Road closure",3,40,"HOBSONS BAY","METROPOLITAN NORTH WEST REGION",-37.82531046,144.8490914,"Dry","Clear"
"T20190025501","9/12/19",12:00:00,"Collision with vehicle","Monday","Day",2,2,"T intersection",3,999,"BAYSIDE","METROPOLITAN SOUTH EAST REGION",-37.94182647,145.0001738,"Unknown","Not known"
"T20190025502","30/11/19",12:30:00,"Collision with vehicle","Saturday","Unknown",2,2,"Cross intersection",3,60,"MARIBYRNONG","METROPOLITAN NORTH WEST REGION",-37.78379335,144.8909168,"Dry","Not known"
"T20190025506","17/12/19",07:17:00,"Collision with a fixed object","Tuesday","Day",1,1,"Not at intersection",3,80,"WODONGA","NORTH EASTERN REGION",-36.08802101,146.7173433,"Dry","Clear"
"T20190025512","17/12/19",06:25:00,"Struck animal","Tuesday","Day",1,1,"Not at intersection",2,100,"GLENELG","SOUTH WESTERN REGION",-37.67061938,141.5182127,"Dry","Clear"
"T20190025513","30/11/19",11:30:00,"Vehicle overturned (no collision)","Saturday","Unknown",1,1,"Not at intersection",2,999,"TOWONG","NORTH EASTERN REGION",-36.25757775,147.3683098,"Unknown","Not known"
"T20190025514","13/12/19",13:00:00,"Collision with a fixed object","Friday","Day",1,1,"Not at intersection",3,80,"BAW BAW","EASTERN REGION",-37.98786235,146.078848,"Dry","Clear"
"T20190025517","17/12/19",08:45:00,"Collision with vehicle","Tuesday","Day",2,2,"T intersection",2,80,"KINGSTON","METROPOLITAN SOUTH EAST REGION",-37.99179955,145.0819125,"Dry","Clear"
"T20190025518","17/12/19",09:12:00,"Collision with vehicle","Tuesday","Day",5,5,"Not at intersection",3,60,"CASEY","METROPOLITAN SOUTH EAST REGION",-37.99670911,145.2529467,"Dry","Clear"
"T20190025519","17/12/19",06:30:00,"Collision with vehicle","Tuesday","Day",2,2,"Cross intersection",3,60,"DAREBIN","METROPOLITAN NORTH WEST REGION",-37.70933195,145.0131281,"Dry","Clear"
"T20190025520","17/12/19",07:10:00,"Collision with vehicle","Tuesday","Day",2,2,"T intersection",2,50,"SHEPPARTON","NORTH EASTERN REGION",-36.4011675,145.3949964,"Dry","Clear"
"T20190025522","14/12/19",12:00:00,"Collision with vehicle","Saturday","Day",2,3,"Not at intersection",3,100,"STONNINGTON","METROPOLITAN SOUTH EAST REGION",-37.88168825,145.0880957,"Dry","Clear"
"T20190025525","17/12/19",10:50:00,"Collision with vehicle","Tuesday","Day",2,4,"T intersection",3,80,"DANDENONG","METROPOLITAN SOUTH EAST REGION",-38.02619532,145.2462871,"Dry","Clear"
"T20190025527","24/11/19",13:19:00,"Collision with vehicle","Sunday","Day",2,2,"Cross intersection",3,60,"BENDIGO","NORTHERN REGION",-36.75728058,144.2918285,"Dry","Clear"
"T20190025530","17/12/19",11:37:00,"Collision with vehicle","Tuesday","Day",2,3,"Not at intersection",3,70,"BAYSIDE","METROPOLITAN SOUTH EAST REGION",-37.9320915,145.0264154,"Dry","Clear"
"T20190025531","11/12/19",11:00:00,"Collision with vehicle","Wednesday","Day",2,2,"Not at intersection",3,80,"WHITTLESEA","METROPOLITAN NORTH WEST REGION",-37.64897477,144.9963438,"Dry","Clear"
"T20190025532","1/12/19",14:00:00,"Collision with a fixed object","Sunday","Day",1,5,"Not at intersection",3,999,"GOLDEN PLAINS","SOUTH WESTERN REGION",-37.60750993,143.743664,"Dry","Clear"
"T20190025534","14/11/19",07:50:00,"Collision with vehicle","Thursday","Day",2,2,"Not at intersection",3,60,"STONNINGTON","METROPOLITAN SOUTH EAST REGION",-37.84444615,144.9985144,"Dry","Not known"
"T20190025538","17/12/19",08:45:00,"collision with some other object","Tuesday","Day",1,1,"Not at intersection",3,80,"EAST GIPPSLAND","EASTERN REGION",-37.15616079,148.7245375,"Dry","Clear"
"T20190025541","17/12/19",13:20:00,"Collision with vehicle","Tuesday","Day",2,2,"Not at intersection",3,60,"MONASH","METROPOLITAN SOUTH EAST REGION",-37.88220261,145.1090545,"Dry","Clear"
"T20190025544","17/12/19",12:45:00,"Collision with vehicle","Tuesday","Day",2,3,"T intersection",3,60,"YARRA","METROPOLITAN NORTH WEST REGION",-37.82723724,145.0171801,"Dry","Clear"
"T20190025550","11/12/19",09:30:00,"Collision with vehicle","Wednesday","Day",2,3,"Y intersection",3,100,"HEPBURN","WESTERN REGION",-37.35765994,144.0768361,"Dry","Clear"
"T20190025558","14/12/19",19:00:00,"Collision with vehicle","Saturday","Dusk/Dawn",2,2,"Cross intersection",3,50,"WYNDHAM","METROPOLITAN NORTH WEST REGION",-37.83391962,144.6680578,"Unknown","Clear"
"T20190025560","11/12/19",15:30:00,"Collision with vehicle","Wednesday","Day",3,3,"Not at intersection",3,60,"YARRA","METROPOLITAN NORTH WEST REGION",-37.80658388,144.9918683,"Unknown","Clear"
"T20190025561","17/12/19",15:52:00,"Collision with vehicle","Tuesday","Day",2,2,"T intersection",3,60,"CASEY","METROPOLITAN SOUTH EAST REGION",-38.02866927,145.2712447,"Dry","Clear"
"T20190025562","17/12/19",16:44:00,"Collision with vehicle","Tuesday","Day",3,3,"Not at intersection",3,999,"WHITTLESEA","METROPOLITAN NORTH WEST REGION",-37.65243465,144.9896563,"Dry","Clear"
"T20190025563","17/12/19",16:08:00,"Collision with vehicle","Tuesday","Day",5,9,"Not at intersection",3,100,"CARDINIA","METROPOLITAN SOUTH EAST REGION",-38.08717937,145.4323358,"Dry","Clear"
"T20190025567","17/12/19",14:25:00,"Collision with a fixed object","Tuesday","Day",1,1,"Not at intersection",3,100,"SURF COAST","SOUTH WESTERN REGION",-38.31452709,143.9416393,"Dry","Clear"
"T20190025568","27/11/19",17:21:00,"No collision and no object struck","Wednesday","Day",1,1,"T intersection",3,80,"KNOX","METROPOLITAN SOUTH EAST REGION",-37.88600088,145.2841393,"Dry","Clear"
"T20190025571","17/12/19",18:00:00,"Collision with vehicle","Tuesday","Day",2,2,"T intersection",3,40,"DAREBIN","METROPOLITAN NORTH WEST REGION",-37.73055696,145.0091297,"Dry","Clear"
"T20190025573","16/12/19",14:30:00,"Collision with vehicle","Monday","Day",2,2,"Cross intersection",3,999,"DAREBIN","METROPOLITAN NORTH WEST REGION",-37.77412975,145.016635,"Dry","Clear"
"T20190025576","17/12/19",17:35:00,"Collision with vehicle","Tuesday","Day",2,2,"Not at intersection",3,80,"YARRA RANGES","METROPOLITAN SOUTH EAST REGION",-37.89144772,145.3672223,"Dry","Not known"
"T20190025578","17/12/19",16:24:00,"Collision with vehicle","Tuesday","Day",2,2,"Cross intersection",3,50,"HINDMARSH","WESTERN REGION",-36.33560979,141.6476711,"Dry","Clear"
"T20190025579","17/12/19",18:17:00,"Struck Pedestrian","Tuesday","Day",1,2,"Not at intersection",3,50,"CASEY","METROPOLITAN SOUTH EAST REGION",-38.015915,145.2747213,"Dry","Clear"
"T20190025581","17/12/19",19:30:00,"Collision with vehicle","Tuesday","Dusk/Dawn",2,2,"Cross intersection",3,60,"BALLARAT","WESTERN REGION",-37.5441263,143.7865984,"Dry","Clear"
"T20190025582","17/12/19",17:45:00,"Collision with vehicle","Tuesday","Day",2,5,"Not at intersection",3,110,"MOORABOOL","WESTERN REGION",-37.6260333,144.3439379,"Dry","Clear"
"T20190025583","17/12/19",19:45:00,"Collision with vehicle","Tuesday","Dusk/Dawn",2,3,"Multiple intersection",3,40,"MELBOURNE","METROPOLITAN NORTH WEST REGION",-37.80808976,144.9687115,"Dry","Clear"
"T20190025585","17/12/19",20:02:00,"Collision with vehicle","Tuesday","Dusk/Dawn",2,4,"Cross intersection",3,60,"MELBOURNE","METROPOLITAN NORTH WEST REGION",-37.79255198,144.9584548,"Dry","Clear"