"ACCIDENT_NO","ACCIDENTDATE","ACCIDENTTIME","Accident Type Desc","Day Week Description","Light Condition Desc","NO_OF_VEHICLES","NO_PERSONS","Road Geometry Desc","SEVERITY","SPEED_ZONE","LGA_NAME","REGION_NAME","Lat","Long","Surface Cond Desc","Atmosph Cond Desc"
"T20190025586","17/12/19",14:35:00,"Vehicle overturned (no collision)","Tuesday","Day",1,5,"Not at intersection",2,80,"COLAC OTWAY","SOUTH WESTERN REGION",-38.60193376,143.9207302,"Dry","Clear"
"T20190025587","17/12/19",17:40:00,"Collision with vehicle","Tuesday","Day",2,2,"Not at intersection",3,40,"MELBOURNE","METROPOLITAN NORTH WEST REGION",-37.81469177,144.9460694,"Dry","Clear"
"T20190025588","17/12/19",18:16:00,"Collision with vehicle","Tuesday","Day",2,2,"Not at intersection",3,50,"WODONGA","NORTH EASTERN REGION",-36.12436622,146.8868544,"Dry","Clear"
"T20190025589","17/12/19",16:55:00,"Collision with a fixed object","Tuesday","Day",1,2,"Not at intersection",2,100,"INDIGO","NORTH EASTERN REGION",-36.40540871,146.8612357,"Dry","Clear"
"T20190025591","17/12/19",20:00:00,"Collision with vehicle","Tuesday","Dusk/Dawn",2,3,"Cross intersection",2,80,"WHITEHORSE","METROPOLITAN SOUTH EAST REGION",-37.82504319,145.1747036,"Dry","Clear"
"T20190025593","27/4/19",15:30:00,"Collision with vehicle","Saturday","Day",2,2,"T intersection",3,60,"GLEN EIRA","METROPOLITAN SOUTH EAST REGION",-37.88456754,145.0476541,"Unknown","Not known"
"T20190025595","17/12/19",22:25:00,"Collision with vehicle","Tuesday","Dark No street lights",3,3,"Not at intersection",3,100,"WELLINGTON","EASTERN REGION",-38.1061289,146.9047938,"Dry","Clear"
"T20190025597","12/12/19",14:30:00,"Collision with a fixed object","Thursday","Day",1,1,"T intersection",3,999,"HUME","METROPOLITAN NORTH WEST REGION",-37.63582644,144.9332882,"Dry","Clear"
"T20190025599","17/12/19",22:10:00,"Collision with a fixed object","Tuesday","Dark No street lights",1,2,"T intersection",2,60,"WYNDHAM","METROPOLITAN NORTH WEST REGION",-37.79364393,144.5922792,"Dry","Clear"
"T20190025599","17/12/19",22:10:00,"Collision with a fixed object","Tuesday","Dark No street lights",1,2,"T intersection",2,60,"WYNDHAM","METROPOLITAN NORTH WEST REGION",-37.79364393,144.5922792,"Dry","Dust"
"T20190025602","17/12/19",23:45:00,"Collision with vehicle","Tuesday","Dark Street lights on",2,3,"T intersection",3,50,"BALLARAT","WESTERN REGION",-37.56706553,143.8744891,"Dry","Clear"
"T20190025609","18/12/19",08:00:00,"Collision with vehicle","Wednesday","Day",2,2,"Not at intersection",3,70,"GEELONG","SOUTH WESTERN REGION",-38.05862617,144.3581183,"Dry","Clear"
"T20190025610","17/12/19",16:55:00,"Collision with a fixed object","Tuesday","Day",1,2,"T intersection",2,100,"MANSFIELD","NORTH EASTERN REGION",-37.0286002,145.9411749,"Dry","Clear"
"T20190025611","18/12/19",06:51:00,"Collision with vehicle","Wednesday","Day",3,3,"Unknown",3,60,"BENDIGO","NORTHERN REGION",-36.79623047,144.2393786,"Dry","Clear"
"T20190025612","13/12/19",17:19:00,"Collision with vehicle","Friday","Day",2,3,"Cross intersection",3,50,"DAREBIN","METROPOLITAN NORTH WEST REGION",-37.76777361,145.0230387,"Dry","Clear"
"T20190025613","17/12/19",19:14:00,"Vehicle overturned (no collision)","Tuesday","Dusk/Dawn",1,2,"Not at intersection",3,60,"MELTON","METROPOLITAN NORTH WEST REGION",-37.70674734,144.7413938,"Dry","Clear"
"T20190025615","12/12/19",00:45:00,"Collision with a fixed object","Thursday","Dark Street lights unknown",1,1,"Not at intersection",3,70,"YARRA RANGES","METROPOLITAN SOUTH EAST REGION",-37.9050816,145.3368522,"Dry","Clear"
"T20190025616","18/12/19",09:15:00,"Collision with vehicle","Wednesday","Day",2,2,"Cross intersection",3,60,"DANDENONG","METROPOLITAN SOUTH EAST REGION",-37.97749684,145.1841623,"Dry","Not known"
"T20190025617","18/12/19",06:13:00,"Collision with a fixed object","Wednesday","Dusk/Dawn",1,1,"Not at intersection",3,50,"HUME","METROPOLITAN NORTH WEST REGION",-37.62955487,144.9200828,"Dry","Clear"
"T20190025618","18/12/19",09:40:00,"Collision with vehicle","Wednesday","Day",3,3,"Not at intersection",3,60,"BOROONDARA","METROPOLITAN SOUTH EAST REGION",-37.79404854,145.0626891,"Dry","Clear"
"T20190025620","18/12/19",09:40:00,"Collision with vehicle","Wednesday","Day",2,2,"Multiple intersection",3,80,"NILLUMBIK","METROPOLITAN NORTH WEST REGION",-37.68897634,145.1138982,"Dry","Clear"
"T20190025621","5/12/19",16:20:00,"Collision with vehicle","Thursday","Day",2,3,"Not at intersection",3,50,"MELBOURNE","METROPOLITAN NORTH WEST REGION",-37.81916571,144.968225,"Dry","Clear"
"T20190025625","27/6/19",11:30:00,"Struck Pedestrian","Thursday","Unknown",2,2,"Not at intersection",3,60,"CASEY","METROPOLITAN SOUTH EAST REGION",-38.04284174,145.3454407,"Dry","Not known"
"T20190025626","18/12/19",09:40:00,"Collision with a fixed object","Wednesday","Day",1,3,"Not at intersection",3,100,"NORTHERN GRAMPIANS","WESTERN REGION",-36.92710435,142.3749951,"Dry","Clear"
"T20190025631","18/12/19",12:27:00,"Collision with vehicle","Wednesday","Day",2,2,"T intersection",3,60,"YARRA RANGES","METROPOLITAN SOUTH EAST REGION",-37.77895594,145.3262761,"Dry","Clear"
"T20190025634","18/12/19",12:45:00,"Collision with a fixed object","Wednesday","Day",1,1,"Not at intersection",3,80,"HOBSONS BAY","METROPOLITAN NORTH WEST REGION",-37.82798019,144.8189439,"Dry","Clear"
"T20190025635","13/12/19",08:12:00,"Collision with vehicle","Friday","Day",3,3,"Not at intersection",3,60,"KNOX","METROPOLITAN SOUTH EAST REGION",-37.8415269,145.2638733,"Dry","Clear"
"T20190025636","13/9/19",17:40:00,"Collision with vehicle","Friday","Dusk/Dawn",2,2,"Cross intersection",3,60,"WYNDHAM","METROPOLITAN NORTH WEST REGION",-37.89626997,144.6752336,"Dry","Not known"
"T20190025638","20/11/19",17:00:00,"Collision with vehicle","Wednesday","Day",2,3,"Not at intersection",3,40,"HOBSONS BAY","METROPOLITAN NORTH WEST REGION",-37.85850634,144.8944284,"Dry","Not known"
"T20190025639","18/12/19",11:40:00,"Struck Pedestrian","Wednesday","Day",1,2,"Cross intersection",2,50,"MARIBYRNONG","METROPOLITAN NORTH WEST REGION",-37.79821085,144.9037149,"Dry","Clear"
"T20190025640","18/12/19",10:15:00,"Struck Pedestrian","Wednesday","Day",1,1,"Not at intersection",2,40,"MELBOURNE","METROPOLITAN NORTH WEST REGION",-37.82432964,144.961993,"Dry","Clear"
"T20190025641","8/12/19",19:00:00,"Collision with vehicle","Sunday","Day",2,2,"T intersection",3,60,"GEELONG","SOUTH WESTERN REGION",-38.08379115,144.3553661,"Dry","Clear"
"T20190025643","18/12/19",08:11:00,"Collision with vehicle","Wednesday","Day",2,2,"T intersection",3,60,"HOBSONS BAY","METROPOLITAN NORTH WEST REGION",-37.86999929,144.811954,"Dry","Clear"
"T20190025644","18/12/19",13:45:00,"Struck Pedestrian","Wednesday","Day",1,2,"Not at intersection",2,40,"MELBOURNE","METROPOLITAN NORTH WEST REGION",-37.81204722,144.9649547,"Dry","Clear"
"T20190025647","7/12/19",16:30:00,"Collision with vehicle","Saturday","Day",2,2,"Not at intersection",3,50,"SURF COAST","SOUTH WESTERN REGION",-38.53782653,143.9750835,"Dry","Not known"
"T20190025648","18/12/19",14:43:00,"Collision with a fixed object","Wednesday","Day",1,2,"Not at intersection",2,60,"DAREBIN","METROPOLITAN NORTH WEST REGION",-37.74548088,145.0061675,"Dry","Clear"
"T20190025649","17/12/19",17:50:00,"Collision with vehicle","Tuesday","Day",2,2,"T intersection",3,80,"KNOX","METROPOLITAN SOUTH EAST REGION",-37.89791242,145.2404387,"Dry","Clear"
"T20190025650","18/12/19",13:20:00,"Collision with vehicle","Wednesday","Day",2,2,"Not at intersection",3,50,"GANNAWARRA","NORTHERN REGION",-35.72976165,143.9159805,"Dry","Clear"
"T20190025651","19/11/19",04:00:00,"Struck animal","Tuesday","Unknown",1,1,"Not at intersection",3,80,"BANYULE","METROPOLITAN NORTH WEST REGION",-37.68718497,145.0760562,"Unknown","Not known"
"T20190025653","22/7/19",08:30:00,"Collision with vehicle","Monday","Day",2,3,"Not at intersection",3,60,"YARRA RANGES","METROPOLITAN SOUTH EAST REGION",-37.78638254,145.3188348,"Dry","Clear"
"T20190025657","30/11/19",01:15:00,"Collision with vehicle","Saturday","Dark Street lights on",2,2,"Not at intersection",3,60,"STONNINGTON","METROPOLITAN SOUTH EAST REGION",-37.89272023,145.088272,"Wet","Raining"
"T20190025660","18/12/19",15:30:00,"Collision with vehicle","Wednesday","Day",2,2,"Not at intersection",3,50,"BANYULE","METROPOLITAN NORTH WEST REGION",-37.73532404,145.0440745,"Dry","Clear"
"T20190025665","18/12/19",18:45:00,"Collision with vehicle","Wednesday","Day",2,5,"T intersection",3,60,"MOONEE VALLEY","METROPOLITAN NORTH WEST REGION",-37.75566759,144.9046533,"Dry","Clear"
"T20190025670","5/12/19",16:30:00,"Collision with vehicle","Thursday","Day",2,2,"T intersection",3,50,"WANGARATTA","NORTH EASTERN REGION",-36.35005638,146.3080599,"Dry","Clear"
"T20190025673","12/12/19",11:40:00,"Collision with vehicle","Thursday","Day",4,5,"Not at intersection",3,100,"MONASH","METROPOLITAN SOUTH EAST REGION",-37.90157005,145.1517308,"Dry","Clear"
"T20190025675","18/12/19",22:20:00,"Struck Pedestrian","Wednesday","Dark Street lights on",1,2,"Not at intersection",2,60,"PORT PHILLIP","METROPOLITAN NORTH WEST REGION",-37.86681361,144.9743656,"Dry","Clear"
"T20190025676","12/12/19",08:30:00,"Collision with vehicle","Thursday","Day",2,2,"T intersection",3,60,"GLEN EIRA","METROPOLITAN SOUTH EAST REGION",-37.87166204,145.0350562,"Dry","Clear"
"T20190025679","19/12/19",06:30:00,"Collision with vehicle","Thursday","Dusk/Dawn",2,2,"T intersection",3,50,"MELBOURNE","METROPOLITAN NORTH WEST REGION",-37.80122203,144.9743252,"Dry","Clear"
"T20190025681","19/12/19",08:05:00,"Collision with vehicle","Thursday","Day",2,2,"Cross intersection",3,50,"SHEPPARTON","NORTH EASTERN REGION",-36.38085196,145.4202589,"Unknown","Not known"
"T20190025683","1/10/19",17:00:00,"Collision with vehicle","Tuesday","Day",2,5,"T intersection",3,70,"BRIMBANK","METROPOLITAN NORTH WEST REGION",-37.77792268,144.8357087,"Dry","Clear"
"T20190025684","17/12/19",16:35:00,"Collision with vehicle","Tuesday","Day",2,5,"T intersection",3,70,"YARRA RANGES","METROPOLITAN SOUTH EAST REGION",-37.89269717,145.3158818,"Dry","Clear"
"T20190025687","19/12/19",11:20:00,"Collision with vehicle","Thursday","Day",2,2,"T intersection",3,50,"MARIBYRNONG","METROPOLITAN NORTH WEST REGION",-37.81934579,144.8740725,"Dry","Clear"
"T20190025690","19/12/19",09:03:00,"Collision with vehicle","Thursday","Day",2,4,"Not at intersection",3,40,"MELBOURNE","METROPOLITAN NORTH WEST REGION",-37.81253794,144.9567971,"Dry","Clear"
"T20190025691","17/12/19",22:00:00,"Collision with vehicle","Tuesday","Dark Street lights on",2,2,"T intersection",3,50,"BALLARAT","WESTERN REGION",-37.55821205,143.8448677,"Dry","Clear"
"T20190025692","19/12/19",11:00:00,"Collision with vehicle","Thursday","Day",2,1,"Not at intersection",3,50,"DAREBIN","METROPOLITAN NORTH WEST REGION",-37.73446008,145.0142769,"Dry","Clear"
"T20190025693","19/12/19",10:50:00,"Struck Pedestrian","Thursday","Day",1,2,"T intersection",3,60,"BASS COAST","EASTERN REGION",-38.63400226,145.7294227,"Unknown","Not known"
"T20190025694","19/12/19",09:40:00,"Collision with vehicle","Thursday","Day",2,2,"Not at intersection",3,60,"WHITEHORSE","METROPOLITAN SOUTH EAST REGION",-37.8164324,145.1242392,"Dry","Clear"
"T20190025695","18/12/19",18:00:00,"Collision with vehicle","Wednesday","Day",2,2,"T intersection",3,999,"MORELAND","METROPOLITAN NORTH WEST REGION",-37.77195974,144.9716217,"Dry","Clear"
"T20190025696","19/12/19",11:45:00,"Collision with vehicle","Thursday","Day",2,5,"Cross intersection",3,80,"CASEY","METROPOLITAN SOUTH EAST REGION",-38.00148475,145.2348421,"Dry","Clear"
"T20190025698","19/12/19",10:25:00,"Collision with vehicle","Thursday","Day",2,3,"Cross intersection",3,999,"YARRA","METROPOLITAN NORTH WEST REGION",-37.78187599,145.0250384,"Dry","Clear"
"T20190025699","8/4/19",09:15:00,"Fall from or in moving vehicle","Monday","Day",2,2,"T intersection",3,999,"GEELONG","SOUTH WESTERN REGION",-38.16261419,144.4279733,"Unknown","Clear"
"T20190025700","19/12/19",07:14:00,"Collision with vehicle","Thursday","Day",2,2,"Not at intersection",1,50,"WHITTLESEA","METROPOLITAN NORTH WEST REGION",-37.65046213,145.0194883,"Dry","Clear"
"T20190025701","17/12/19",23:30:00,"Vehicle overturned (no collision)","Tuesday","Dark No street lights",1,1,"Not at intersection",3,80,"MILDURA","WESTERN REGION",-34.23767755,142.0882328,"Dry","Clear"
"T20190025703","19/12/19",12:08:00,"Collision with vehicle","Thursday","Day",2,3,"T intersection",3,60,"WYNDHAM","METROPOLITAN NORTH WEST REGION",-37.88618052,144.7469872,"Dry","Clear"
"T20190025705","18/12/19",09:00:00,"Collision with vehicle","Wednesday","Day",2,2,"Not at intersection",3,40,"MELBOURNE","METROPOLITAN NORTH WEST REGION",-37.81253794,144.9567971,"Dry","Clear"
"T20190025707","19/12/19",12:00:00,"Collision with vehicle","Thursday","Day",4,2,"Cross intersection",3,60,"BOROONDARA","METROPOLITAN SOUTH EAST REGION",-37.82742246,145.0441075,"Dry","Clear"
"T20190025708","19/12/19",13:45:00,"Collision with vehicle","Thursday","Day",2,2,"T intersection",3,40,"STONNINGTON","METROPOLITAN SOUTH EAST REGION",-37.85337519,145.0045238,"Dry","Clear"
"T20190025709","19/12/19",12:40:00,"Collision with vehicle","Thursday","Day",2,2,"T intersection",3,60,"HUME","METROPOLITAN NORTH WEST REGION",-37.68664893,144.930996,"Dry","Clear"
"T20190025710","19/12/19",08:33:00,"Collision with vehicle","Thursday","Day",2,1,"Not at intersection",3,60,"CORANGAMITE","SOUTH WESTERN REGION",-37.95368549,143.344336,"Dry","Clear"
"T20190025711","19/12/19",13:30:00,"Collision with vehicle","Thursday","Day",2,1,"Not at intersection",3,60,"GEELONG","SOUTH WESTERN REGION",-38.19649184,144.3499159,"Dry","Clear"
"T20190025712","19/12/19",11:30:00,"Collision with vehicle","Thursday","Day",2,2,"Not at intersection",3,999,"MELBOURNE","METROPOLITAN NORTH WEST REGION",-37.82323823,144.958236,"Dry","Not known"
"T20190025715","17/12/19",18:30:00,"Collision with vehicle","Tuesday","Day",2,2,"T intersection",3,999,"YARRA","METROPOLITAN NORTH WEST REGION",-37.79913606,144.993043,"Dry","Clear"
"T20190025716","19/12/19",07:50:00,"Struck Pedestrian","Thursday","Day",1,2,"Cross intersection",3,60,"FRANKSTON","METROPOLITAN SOUTH EAST REGION",-38.14012416,145.1223616,"Dry","Clear"
"T20190025717","19/12/19",13:04:00,"Collision with vehicle","Thursday","Day",2,2,"Not at intersection",3,50,"HUME","METROPOLITAN NORTH WEST REGION",-37.64589744,144.9425417,"Dry","Clear"
"T20190025718","19/12/19",15:58:00,"Collision with vehicle","Thursday","Day",3,3,"T intersection",3,60,"MORELAND","METROPOLITAN NORTH WEST REGION",-37.74408726,144.977845,"Dry","Clear"
"T20190025722","19/12/19",14:45:00,"Collision with vehicle","Thursday","Day",3,3,"Cross intersection",2,60,"MELBOURNE","METROPOLITAN NORTH WEST REGION",-37.84772055,144.9797315,"Dry","Clear"
"T20190025723","29/8/19",20:00:00,"Collision with vehicle","Thursday","Dark Street lights on",2,2,"T intersection",3,60,"GLENELG","SOUTH WESTERN REGION",-38.35653407,141.6112034,"Dry","Clear"
"T20190025724","12/12/19",09:00:00,"Collision with vehicle","Thursday","Unknown",2,2,"T intersection",3,999,"HUME","METROPOLITAN NORTH WEST REGION",-37.63810634,144.9091582,"Unknown","Not known"
"T20190025726","19/12/19",16:40:00,"Struck Pedestrian","Thursday","Day",1,2,"T intersection",3,40,"PORT PHILLIP","METROPOLITAN NORTH WEST REGION",-37.88644485,144.98935,"Dry","Clear"
"T20190025727","19/12/19",15:20:00,"Collision with vehicle","Thursday","Day",2,2,"Not at intersection",3,60,"GEELONG","SOUTH WESTERN REGION",-38.17109141,144.3198604,"Dry","Clear"
"T20190025730","19/12/19",15:45:00,"Collision with vehicle","Thursday","Day",2,2,"Not at intersection",3,100,"MONASH","METROPOLITAN SOUTH EAST REGION",-37.90820702,145.1600922,"Dry","Clear"
"T20190025731","19/12/19",16:55:00,"Collision with vehicle","Thursday","Day",2,2,"T intersection",3,70,"FRANKSTON","METROPOLITAN SOUTH EAST REGION",-38.09829277,145.1638028,"Dry","Clear"
"T20190025732","19/12/19",17:30:00,"Collision with vehicle","Thursday","Day",2,3,"Not at intersection",3,100,"MONASH","METROPOLITAN SOUTH EAST REGION",-37.9098928,145.1619428,"Dry","Clear"
"T20190025734","19/12/19",16:10:00,"Collision with vehicle","Thursday","Day",2,2,"Cross intersection",3,60,"SHEPPARTON","NORTH EASTERN REGION",-36.38085694,145.4162621,"Dry","Clear"
"T20190025735","19/12/19",16:00:00,"Collision with vehicle","Thursday","Day",5,8,"Not at intersection",2,999,"WHITTLESEA","METROPOLITAN NORTH WEST REGION",-37.62393952,145.0286319,"Dry","Clear"
"T20190025736","19/12/19",13:30:00,"Collision with vehicle","Thursday","Day",2,2,"Cross intersection",3,60,"WELLINGTON","EASTERN REGION",-38.09826417,147.0675982,"Dry","Clear"
"T20190025744","19/12/19",06:25:00,"Collision with vehicle","Thursday","Day",2,2,"Not at intersection",1,80,"HORSHAM","WESTERN REGION",-36.70192434,142.1782172,"Dry","Clear"
"T20190025745","18/12/19",05:45:00,"Collision with a fixed object","Wednesday","Dark Street lights on",1,1,"Not at intersection",3,60,"GLEN EIRA","METROPOLITAN SOUTH EAST REGION",-37.89352335,145.0460727,"Dry","Clear"
"T20190025746","19/12/19",18:15:00,"Collision with a fixed object","Thursday","Day",1,1,"Not at intersection",3,50,"PORT PHILLIP","METROPOLITAN NORTH WEST REGION",-37.85661879,144.9756325,"Dry","Clear"
"T20190025747","19/12/19",17:05:00,"Collision with a fixed object","Thursday","Day",1,1,"Not at intersection",1,100,"MOUNT ALEXANDER","NORTHERN REGION",-36.95859133,144.2282265,"Dry","Clear"
"T20190025748","19/12/19",14:15:00,"Collision with vehicle","Thursday","Day",2,2,"Not at intersection",2,60,"YARRA","METROPOLITAN NORTH WEST REGION",-37.82663287,145.0065866,"Icy","Clear"
"T20190025750","19/12/19",20:00:00,"Collision with vehicle","Thursday","Dusk/Dawn",2,1,"Not at intersection",3,40,"MELBOURNE","METROPOLITAN NORTH WEST REGION",-37.80305132,144.9687062,"Dry","Clear"
"T20190025751","19/12/19",19:00:00,"Collision with vehicle","Thursday","Day",2,2,"Cross intersection",3,50,"MORELAND","METROPOLITAN NORTH WEST REGION",-37.71721177,144.928859,"Dry","Clear"
"T20190025753","19/12/19",16:55:00,"Collision with vehicle","Thursday","Day",2,2,"Cross intersection",3,60,"MOONEE VALLEY","METROPOLITAN NORTH WEST REGION",-37.72567381,144.8917954,"Dry","Clear"
"T20190025757","19/12/19",16:15:00,"Collision with vehicle","Thursday","Day",7,9,"Not at intersection",2,50,"YARRA RANGES","METROPOLITAN SOUTH EAST REGION",-37.90833892,145.3549522,"Dry","Clear"
"T20190025760","19/12/19",16:30:00,"Struck Pedestrian","Thursday","Day",1,2,"Not at intersection",2,60,"MONASH","METROPOLITAN SOUTH EAST REGION",-37.88096131,145.0955555,"Dry","Clear"
"T20190025764","19/12/19",10:30:00,"Collision with vehicle","Thursday","Unknown",3,3,"Not at intersection",3,60,"MELBOURNE","METROPOLITAN NORTH WEST REGION",-37.82405434,144.9846973,"Dry","Clear"
"T20190025767","19/12/19",22:15:00,"Collision with vehicle","Thursday","Dark Street lights on",2,2,"Not at intersection",3,60,"GEELONG","SOUTH WESTERN REGION",-38.07783197,144.358211,"Dry","Clear"
"T20190025768","20/12/19",01:00:00,"Collision with a fixed object","Friday","Dark No street lights",1,1,"Not at intersection",3,60,"YARRA RANGES","METROPOLITAN SOUTH EAST REGION",-37.87996902,145.3779176,"Dry","Clear"
"T20190025771","19/12/19",11:00:00,"Collision with vehicle","Thursday","Day",2,2,"T intersection",3,80,"GEELONG","SOUTH WESTERN REGION",-38.16558573,144.4196979,"Dry","Clear"
"T20190025772","16/12/19",18:30:00,"Collision with vehicle","Monday","Day",3,3,"T intersection",3,80,"PORT PHILLIP","METROPOLITAN NORTH WEST REGION",-37.88718196,144.9841334,"Dry","Not known"
"T20190025776","4/12/19",17:25:00,"Collision with vehicle","Wednesday","Day",2,2,"T intersection",3,60,"WHITTLESEA","METROPOLITAN NORTH WEST REGION",-37.63635088,145.0147957,"Dry","Clear"
"T20190025777","27/11/19",15:40:00,"Collision with vehicle","Wednesday","Day",2,2,"T intersection",3,80,"CASEY","METROPOLITAN SOUTH EAST REGION",-37.97439225,145.2526675,"Dry","Not known"
"T20190025779","20/12/19",07:35:00,"Collision with vehicle","Friday","Day",2,2,"T intersection",3,50,"BRIMBANK","METROPOLITAN NORTH WEST REGION",-37.77212274,144.7744968,"Dry","Clear"
"T20190025782","22/11/19",18:00:00,"No collision and no object struck","Friday","Day",1,1,"Not at intersection",3,100,"CORANGAMITE","SOUTH WESTERN REGION",-38.35520881,143.0575612,"Dry","Clear"
"T20190025783","20/12/19",06:00:00,"Struck animal","Friday","Dusk/Dawn",1,1,"Not at intersection",3,100,"HEPBURN","WESTERN REGION",-37.35251719,144.3686375,"Dry","Not known"
"T20190025784","20/12/19",05:20:00,"Struck animal","Friday","Dark No street lights",1,1,"Not at intersection",2,100,"LODDON","NORTHERN REGION",-36.58535679,143.9088338,"Dry","Clear"
"T20190025785","20/12/19",06:15:00,"Vehicle overturned (no collision)","Friday","Day",1,1,"Not at intersection",3,100,"MONASH","METROPOLITAN SOUTH EAST REGION",-37.87871926,145.1660021,"Dry","Clear"
"T20190025786","24/7/19",10:30:00,"Collision with vehicle","Wednesday","Unknown",2,2,"Cross intersection",3,80,"HUME","METROPOLITAN NORTH WEST REGION",-37.66724631,144.9547342,"Dry","Clear"
"T20190025788","17/12/19",16:30:00,"Collision with vehicle","Tuesday","Day",2,2,"Cross intersection",3,999,"WHITEHORSE","METROPOLITAN SOUTH EAST REGION",-37.83282896,145.1566157,"Unknown","Clear"
"T20190025790","20/12/19",11:50:00,"Collision with vehicle","Friday","Day",2,3,"Not at intersection",3,100,"MELTON","METROPOLITAN NORTH WEST REGION",-37.74160943,144.6915416,"Dry","Not known"
"T20190025791","20/12/19",06:05:00,"Fall from or in moving vehicle","Friday","Day",3,3,"Not at intersection",3,70,"GEELONG","SOUTH WESTERN REGION",-38.03849971,144.3935209,"Dry","Clear"
"T20190025792","20/12/19",09:20:00,"Collision with vehicle","Friday","Day",2,3,"Cross intersection",3,50,"BALLARAT","WESTERN REGION",-37.56023576,143.8724443,"Dry","Clear"
"T20190025794","19/12/19",18:15:00,"Collision with vehicle","Thursday","Day",3,3,"Not at intersection",3,40,"NILLUMBIK","METROPOLITAN NORTH WEST REGION",-37.67274263,145.1495371,"Dry","Clear"
"T20190025795","19/12/19",11:45:00,"Collision with vehicle","Thursday","Day",2,2,"Not at intersection",2,80,"KNOX","METROPOLITAN SOUTH EAST REGION",-37.87687267,145.2043269,"Dry","Clear"
"T20190025801","20/12/19",04:30:00,"Struck Pedestrian","Friday","Dark Street lights unknown",1,3,"T intersection",1,60,"KINGSTON","METROPOLITAN SOUTH EAST REGION",-37.97789665,145.1356786,"Dry","Clear"
"T20190025802","20/12/19",12:30:00,"Collision with vehicle","Friday","Day",2,2,"Not at intersection",3,70,"MANNINGHAM","METROPOLITAN SOUTH EAST REGION",-37.77984929,145.1126414,"Dry","Clear"
"T20190025805","20/12/19",13:30:00,"Collision with vehicle","Friday","Day",2,3,"Cross intersection",3,50,"BENDIGO","NORTHERN REGION",-36.75774537,144.2740804,"Dry","Clear"
"T20190025808","20/12/19",13:55:00,"Collision with vehicle","Friday","Day",3,5,"T intersection",3,60,"WHITEHORSE","METROPOLITAN SOUTH EAST REGION",-37.81393564,145.1155615,"Dry","Smoke"
"T20190025810","20/12/19",14:44:00,"Collision with vehicle","Friday","Day",2,2,"Cross intersection",3,60,"MORELAND","METROPOLITAN NORTH WEST REGION",-37.72746039,144.9636776,"Dry","Clear"
"T20190025813","20/12/19",14:00:00,"Collision with vehicle","Friday","Day",2,2,"Not at intersection",3,999,"MELBOURNE","METROPOLITAN NORTH WEST REGION",-37.82586107,144.9622548,"Dry","Dust"
"T20190025814","11/12/19",13:52:00,"Collision with vehicle","Wednesday","Day",2,2,"T intersection",3,60,"BANYULE","METROPOLITAN NORTH WEST REGION",-37.70100063,145.1219241,"Dry","Not known"
"T20190025816","20/12/19",14:30:00,"Collision with vehicle","Friday","Day",3,4,"Unknown",3,40,"MANNINGHAM","METROPOLITAN SOUTH EAST REGION",-37.7820849,145.1239897,"Dry","Clear"
"T20190025817","10/12/19",06:30:00,"Collision with vehicle","Tuesday","Unknown",3,3,"Not at intersection",3,999,"WHITTLESEA","METROPOLITAN NORTH WEST REGION",-37.68681288,145.0489081,"Unknown","Not known"
"T20190025818","24/11/19",14:00:00,"Vehicle overturned (no collision)","Sunday","Day",1,1,"Not at intersection",3,100,"MANSFIELD","NORTH EASTERN REGION",-37.60125421,146.2227737,"Dry","Not known"
"T20190025820","20/12/19",15:06:00,"Collision with vehicle","Friday","Day",2,3,"Cross intersection",3,40,"MELBOURNE","METROPOLITAN NORTH WEST REGION",-37.81305815,144.971014,"Dry","Clear"
"T20190025823","19/12/19",16:45:00,"Collision with vehicle","Thursday","Day",2,2,"T intersection",3,80,"NILLUMBIK","METROPOLITAN NORTH WEST REGION",-37.58812112,145.1412902,"Dry","Clear"
"T20190025825","20/12/19",16:15:00,"Collision with a fixed object","Friday","Day",1,1,"Not at intersection",3,80,"KNOX","METROPOLITAN SOUTH EAST REGION",-37.92574094,145.2881435,"Dry","Clear"
"T20190025826","20/12/19",17:25:00,"Collision with vehicle","Friday","Day",2,3,"Not at intersection",3,50,"DAREBIN","METROPOLITAN NORTH WEST REGION",-37.74970899,144.9990919,"Dry","Clear"
"T20190025826","20/12/19",17:25:00,"Collision with vehicle","Friday","Day",2,3,"Not at intersection",3,50,"DAREBIN","METROPOLITAN NORTH WEST REGION",-37.74970899,144.9990919,"Dry","Strong winds"
"T20190025827","16/12/19",09:30:00,"Vehicle overturned (no collision)","Monday","Day",1,1,"T intersection",3,60,"BOROONDARA","METROPOLITAN SOUTH EAST REGION",-37.81588347,145.0596398,"Dry","Not known"
"T20190025831","20/12/19",19:10:00,"Collision with vehicle","Friday","Day",3,1,"Not at intersection",3,50,"KNOX","METROPOLITAN SOUTH EAST REGION",-37.85580202,145.2792662,"Dry","Clear"
"T20190025832","20/12/19",16:55:00,"Collision with a fixed object","Friday","Day",1,2,"T intersection",3,80,"CASEY","METROPOLITAN SOUTH EAST REGION",-38.18933656,145.2564636,"Dry","Clear"