"ACCIDENT_NO","ACCIDENTDATE","ACCIDENTTIME","Accident Type Desc","Day Week Description","Light Condition Desc","NO_OF_VEHICLES","NO_PERSONS","Road Geometry Desc","SEVERITY","SPEED_ZONE","LGA_NAME","REGION_NAME","Lat","Long","Surface Cond Desc","Atmosph Cond Desc"
"T20190025833","8/12/19",12:00:00,"Collision with vehicle","Sunday","Day",2,2,"Not at intersection",3,50,"GLEN EIRA","METROPOLITAN SOUTH EAST REGION",-37.86506228,145.0172037,"Dry","Not known"
"T20190025835","20/12/19",16:35:00,"Collision with vehicle","Friday","Day",2,3,"Cross intersection",2,80,"YARRA RANGES","METROPOLITAN SOUTH EAST REGION",-37.76033591,145.3282516,"Dry","Clear"
"T20190025838","20/12/19",20:20:00,"Collision with vehicle","Friday","Day",2,2,"T intersection",2,60,"CORANGAMITE","SOUTH WESTERN REGION",-38.22997733,143.1426316,"Dry","Clear"
"T20190025840","20/12/19",19:49:00,"Collision with a fixed object","Friday","Dusk/Dawn",1,1,"Not at intersection",3,999,"MANNINGHAM","METROPOLITAN SOUTH EAST REGION",-37.79268296,145.1118462,"Dry","Clear"
"T20190025841","13/12/19",14:36:00,"Collision with a fixed object","Friday","Day",1,1,"Multiple intersection",3,80,"MORNINGTON PENINSULA","METROPOLITAN SOUTH EAST REGION",-38.3987115,144.9718101,"Dry","Clear"
"T20190025842","20/12/19",18:44:00,"Collision with vehicle","Friday","Day",2,3,"Not at intersection",3,60,"MORNINGTON PENINSULA","METROPOLITAN SOUTH EAST REGION",-38.37696068,144.8466766,"Dry","Clear"
"T20190025845","20/12/19",21:10:00,"Collision with vehicle","Friday","Dark No street lights",2,2,"Not at intersection",3,100,"MACEDON RANGES","NORTHERN REGION",-37.51817522,144.5612092,"Dry","Clear"
"T20190025847","20/12/19",17:57:00,"Collision with a fixed object","Friday","Day",1,1,"Not at intersection",3,50,"YARRA RANGES","METROPOLITAN SOUTH EAST REGION",-37.77342764,145.3546155,"Dry","Smoke"
"T20190025852","20/12/19",21:23:00,"Vehicle overturned (no collision)","Friday","Dark No street lights",1,1,"Not at intersection",2,100,"CARDINIA","METROPOLITAN SOUTH EAST REGION",-38.0898276,145.4626656,"Dry","Smoke"
"T20190025853","20/12/19",23:32:00,"Struck Pedestrian","Friday","Dark Street lights on",1,2,"Not at intersection",3,70,"PORT PHILLIP","METROPOLITAN NORTH WEST REGION",-37.85784096,144.9924196,"Dry","Clear"
"T20190025854","20/12/19",19:23:00,"Collision with vehicle","Friday","Day",3,3,"Not at intersection",2,80,"CASEY","METROPOLITAN SOUTH EAST REGION",-38.10542177,145.3298867,"Dry","Smoke"
"T20190025856","20/12/19",18:27:00,"Collision with a fixed object","Friday","Day",1,1,"Cross intersection",3,50,"WYNDHAM","METROPOLITAN NORTH WEST REGION",-37.82288347,144.6993224,"Dry","Clear"
"T20190025858","20/12/19",23:45:00,"Collision with a fixed object","Friday","Dark No street lights",1,1,"Not at intersection",3,100,"COLAC OTWAY","SOUTH WESTERN REGION",-38.46091935,143.4805383,"Wet","Raining"
"T20190025858","20/12/19",23:45:00,"Collision with a fixed object","Friday","Dark No street lights",1,1,"Not at intersection",3,100,"COLAC OTWAY","SOUTH WESTERN REGION",-38.46091935,143.4805383,"Wet","Smoke"
"T20190025863","21/12/19",02:30:00,"No collision and no object struck","Saturday","Dark No street lights",1,1,"Not at intersection",3,60,"GEELONG","SOUTH WESTERN REGION",-38.17134178,144.5526886,"Dry","Clear"
"T20190025864","20/12/19",23:00:00,"Collision with a fixed object","Friday","Dark Street lights on",1,2,"T intersection",3,50,"GEELONG","SOUTH WESTERN REGION",-38.08171041,144.3533536,"Dry","Clear"
"T20190025866","7/12/19",14:00:00,"Collision with vehicle","Saturday","Day",2,2,"Not at intersection",3,40,"HUME","METROPOLITAN NORTH WEST REGION",-37.59316097,144.914194,"Dry","Not known"
"T20190025871","20/12/19",19:00:00,"Collision with vehicle","Friday","Dusk/Dawn",2,2,"Cross intersection",3,50,"BRIMBANK","METROPOLITAN NORTH WEST REGION",-37.70572481,144.7655454,"Dry","Smoke"
"T20190025872","20/12/19",16:10:00,"Struck Pedestrian","Friday","Day",1,3,"Not at intersection",3,40,"MORNINGTON PENINSULA","METROPOLITAN SOUTH EAST REGION",-38.3605334,144.8926408,"Dry","Smoke"
"T20190025875","3/12/19",18:30:00,"Collision with vehicle","Tuesday","Day",3,3,"Not at intersection",3,999,"STONNINGTON","METROPOLITAN SOUTH EAST REGION",-37.84386528,144.9947382,"Unknown","Clear"
"T20190025881","13/11/19",18:23:00,"Collision with a fixed object","Wednesday","Day",1,1,"Not at intersection",3,110,"MACEDON RANGES","NORTHERN REGION",-37.32596917,144.5481066,"Dry","Clear"
"T20190025882","17/12/19",20:30:00,"Collision with vehicle","Tuesday","Dusk/Dawn",2,2,"T intersection",3,50,"BENDIGO","NORTHERN REGION",-36.78322305,144.2451429,"Dry","Clear"
"T20190025883","21/12/19",07:45:00,"Collision with a fixed object","Saturday","Day",1,1,"Not at intersection",3,100,"LODDON","NORTHERN REGION",-36.33886526,143.9755905,"Dry","Clear"
"T20190025886","21/12/19",11:15:00,"Collision with vehicle","Saturday","Day",2,3,"T intersection",2,60,"BOROONDARA","METROPOLITAN SOUTH EAST REGION",-37.8037146,145.0393277,"Dry","Clear"
"T20190025890","21/12/19",11:15:00,"Collision with vehicle","Saturday","Day",2,3,"Not at intersection",3,60,"BENDIGO","NORTHERN REGION",-36.72376861,144.257924,"Dry","Clear"
"T20190025892","21/12/19",09:05:00,"No collision and no object struck","Saturday","Day",1,1,"Cross intersection",2,50,"KINGSTON","METROPOLITAN SOUTH EAST REGION",-38.00842775,145.0878909,"Dry","Clear"
"T20190025897","21/12/19",13:50:00,"Collision with vehicle","Saturday","Day",2,1,"Not at intersection",3,50,"MOONEE VALLEY","METROPOLITAN NORTH WEST REGION",-37.75435209,144.896661,"Dry","Clear"
"T20190025899","21/12/19",13:20:00,"Collision with vehicle","Saturday","Day",2,3,"T intersection",3,70,"BRIMBANK","METROPOLITAN NORTH WEST REGION",-37.77203369,144.7998304,"Dry","Clear"
"T20190025900","21/12/19",09:30:00,"Struck Pedestrian","Saturday","Day",1,3,"Cross intersection",1,60,"DANDENONG","METROPOLITAN SOUTH EAST REGION",-37.95733851,145.1513049,"Dry","Clear"
"T20190025902","21/12/19",12:55:00,"Collision with vehicle","Saturday","Day",3,2,"T intersection",2,60,"GLEN EIRA","METROPOLITAN SOUTH EAST REGION",-37.88913261,145.0215474,"Dry","Clear"
"T20190025904","21/12/19",13:19:00,"Collision with vehicle","Saturday","Day",2,3,"Cross intersection",2,40,"MELBOURNE","METROPOLITAN NORTH WEST REGION",-37.81031669,144.9613588,"Dry","Clear"
"T20190025905","21/12/19",11:35:00,"Collision with vehicle","Saturday","Day",2,4,"Not at intersection",3,50,"HUME","METROPOLITAN NORTH WEST REGION",-37.6718777,144.9667983,"Dry","Clear"
"T20190025906","21/12/19",13:40:00,"Collision with vehicle","Saturday","Day",2,2,"T intersection",3,50,"GLEN EIRA","METROPOLITAN SOUTH EAST REGION",-37.9179169,145.0342693,"Dry","Clear"
"T20190025908","21/12/19",07:30:00,"Collision with vehicle","Saturday","Day",2,3,"Cross intersection",3,80,"WHITTLESEA","METROPOLITAN NORTH WEST REGION",-37.6788434,145.0696554,"Dry","Clear"
"T20190025909","21/12/19",15:15:00,"Collision with a fixed object","Saturday","Day",1,1,"T intersection",3,60,"HUME","METROPOLITAN NORTH WEST REGION",-37.67470878,144.9201654,"Dry","Clear"
"T20190025910","21/12/19",13:40:00,"Collision with a fixed object","Saturday","Day",1,1,"Not at intersection",3,60,"MELBOURNE","METROPOLITAN NORTH WEST REGION",-37.78001765,144.9125165,"Dry","Clear"
"T20190025912","18/11/19",16:30:00,"Collision with vehicle","Monday","Day",2,2,"Not at intersection",3,60,"STONNINGTON","METROPOLITAN SOUTH EAST REGION",-37.8780069,145.0811554,"Dry","Clear"
"T20190025913","21/12/19",12:00:00,"Collision with vehicle","Saturday","Day",2,5,"T intersection",3,60,"YARRA RANGES","METROPOLITAN SOUTH EAST REGION",-37.74553263,145.3364258,"Dry","Clear"
"T20190025915","21/12/19",13:54:00,"Collision with vehicle","Saturday","Day",2,3,"T intersection",3,60,"BOROONDARA","METROPOLITAN SOUTH EAST REGION",-37.82550285,145.093529,"Dry","Clear"
"T20190025918","21/12/19",11:50:00,"Collision with a fixed object","Saturday","Day",1,1,"T intersection",2,100,"GOLDEN PLAINS","SOUTH WESTERN REGION",-37.80734389,143.582864,"Dry","Clear"
"T20190025919","29/3/19",14:35:00,"Collision with vehicle","Friday","Day",2,2,"T intersection",3,60,"DANDENONG","METROPOLITAN SOUTH EAST REGION",-37.97769883,145.222148,"Unknown","Not known"
"T20190025920","21/12/19",12:53:00,"Collision with vehicle","Saturday","Day",2,3,"Cross intersection",3,50,"YARRIAMBIACK","WESTERN REGION",-36.24833916,142.3964831,"Dry","Clear"
"T20190025921","20/12/19",18:00:00,"Collision with vehicle","Friday","Day",2,2,"Cross intersection",3,70,"BENDIGO","NORTHERN REGION",-36.71388038,144.3199892,"Dry","Clear"
"T20190025925","21/12/19",16:25:00,"Vehicle overturned (no collision)","Saturday","Day",1,1,"Not at intersection",3,100,"WANGARATTA","NORTH EASTERN REGION",-36.76556597,146.3584166,"Dry","Clear"
"T20190025930","21/12/19",15:30:00,"Collision with vehicle","Saturday","Day",2,2,"Not at intersection",3,80,"CARDINIA","METROPOLITAN SOUTH EAST REGION",-38.17758914,145.4365093,"Dry","Clear"
"T20190025931","18/12/19",10:00:00,"Collision with vehicle","Wednesday","Day",2,2,"Not at intersection",3,50,"MOONEE VALLEY","METROPOLITAN NORTH WEST REGION",-37.73216386,144.8674084,"Dry","Clear"
"T20190025932","21/12/19",18:55:00,"Collision with vehicle","Saturday","Day",2,2,"Not at intersection",3,50,"CASEY","METROPOLITAN SOUTH EAST REGION",-38.08678888,145.2724941,"Dry","Clear"
"T20190025933","21/12/19",17:30:00,"Collision with vehicle","Saturday","Day",2,3,"Not at intersection",3,100,"MONASH","METROPOLITAN SOUTH EAST REGION",-37.89760225,145.1483729,"Dry","Not known"
"T20190025934","21/12/19",20:00:00,"Collision with vehicle","Saturday","Day",4,7,"Not at intersection",3,60,"KINGSTON","METROPOLITAN SOUTH EAST REGION",-37.9573137,145.0508526,"Dry","Clear"
"T20190025935","21/12/19",19:00:00,"Collision with vehicle","Saturday","Day",2,2,"Not at intersection",3,80,"KINGSTON","METROPOLITAN SOUTH EAST REGION",-38.0090254,145.1411015,"Dry","Clear"
"T20190025940","20/12/19",18:45:00,"Collision with vehicle","Friday","Unknown",2,2,"T intersection",3,60,"MELBOURNE","METROPOLITAN NORTH WEST REGION",-37.81636894,144.9850821,"Unknown","Not known"
"T20190025941","20/12/19",04:28:00,"Collision with a fixed object","Friday","Dark Street lights on",1,1,"Not at intersection",2,60,"MELBOURNE","METROPOLITAN NORTH WEST REGION",-37.82177268,144.9580647,"Dry","Clear"
"T20190025942","21/12/19",21:15:00,"Collision with a fixed object","Saturday","Dark No street lights",1,1,"Not at intersection",3,80,"GEELONG","SOUTH WESTERN REGION",-38.02264124,144.3775586,"Dry","Clear"
"T20190025944","21/12/19",21:30:00,"Collision with vehicle","Saturday","Dark No street lights",3,3,"Not at intersection",3,80,"NILLUMBIK","METROPOLITAN NORTH WEST REGION",-37.65156676,145.3149044,"Dry","Clear"
"T20190025946","21/12/19",22:38:00,"Collision with vehicle","Saturday","Dark Street lights on",2,4,"T intersection",3,60,"WYNDHAM","METROPOLITAN NORTH WEST REGION",-37.87683505,144.6757264,"Dry","Clear"
"T20190025949","22/12/19",00:44:00,"Vehicle overturned (no collision)","Sunday","Dark No street lights",2,3,"Not at intersection",3,80,"YARRA RANGES","METROPOLITAN SOUTH EAST REGION",-37.83025853,145.6650972,"Dry","Clear"
"T20190025956","22/12/19",02:13:00,"Collision with a fixed object","Sunday","Dark Street lights on",1,1,"Cross intersection",3,80,"BANYULE","METROPOLITAN NORTH WEST REGION",-37.7109096,145.0849993,"Dry","Clear"
"T20190025959","21/12/19",11:00:00,"Struck Pedestrian","Saturday","Day",1,2,"Multiple intersection",3,50,"MAROONDAH","METROPOLITAN SOUTH EAST REGION",-37.79441186,145.2811679,"Dry","Clear"
"T20190025963","22/12/19",08:30:00,"Collision with vehicle","Sunday","Day",2,2,"Cross intersection",3,50,"BENDIGO","NORTHERN REGION",-36.75970006,144.2785951,"Dry","Clear"
"T20190025965","22/12/19",10:26:00,"Struck Pedestrian","Sunday","Day",1,2,"Cross intersection",3,60,"MELBOURNE","METROPOLITAN NORTH WEST REGION",-37.81125711,144.991084,"Dry","Not known"
"T20190025968","20/11/19",17:20:00,"Collision with vehicle","Wednesday","Day",3,3,"Cross intersection",3,60,"KINGSTON","METROPOLITAN SOUTH EAST REGION",-38.03419391,145.10645,"Dry","Clear"
"T20190025969","22/12/19",08:50:00,"Collision with vehicle","Sunday","Day",3,7,"Not at intersection",2,100,"HUME","METROPOLITAN NORTH WEST REGION",-37.6815673,144.8709223,"Dry","Clear"
"T20190025970","22/12/19",08:30:00,"Vehicle overturned (no collision)","Sunday","Day",1,1,"Not at intersection",2,100,"STRATHBOGIE","NORTH EASTERN REGION",-36.61084666,145.3623559,"Dry","Clear"
"T20190025975","22/12/19",12:00:00,"Collision with vehicle","Sunday","Day",2,2,"T intersection",3,80,"FRANKSTON","METROPOLITAN SOUTH EAST REGION",-38.13504596,145.1777341,"Dry","Clear"
"T20190025976","21/12/19",21:00:00,"Collision with vehicle","Saturday","Dark No street lights",2,2,"Not at intersection",3,80,"GEELONG","SOUTH WESTERN REGION",-37.97082821,144.3493707,"Dry","Clear"
"T20190025977","22/12/19",09:20:00,"Collision with a fixed object","Sunday","Day",1,1,"Not at intersection",3,100,"BENDIGO","NORTHERN REGION",-36.95375127,144.7423127,"Dry","Clear"
"T20190025977","22/12/19",09:20:00,"Collision with a fixed object","Sunday","Day",1,1,"Not at intersection",3,100,"BENDIGO","NORTHERN REGION",-36.95375127,144.7423127,"Dry","Strong winds"
"T20190025979","31/10/19",21:56:00,"Collision with vehicle","Thursday","Dark Street lights on",2,1,"Not at intersection",2,50,"BRIMBANK","METROPOLITAN NORTH WEST REGION",-37.738004,144.8107728,"Dry","Clear"
"T20190025985","22/12/19",11:18:00,"Struck Pedestrian","Sunday","Day",1,2,"T intersection",2,40,"YARRA","METROPOLITAN NORTH WEST REGION",-37.80975893,144.9928376,"Dry","Clear"
"T20190025987","10/9/19",17:00:00,"Collision with vehicle","Tuesday","Unknown",2,2,"Cross intersection",3,999,"WHITTLESEA","METROPOLITAN NORTH WEST REGION",-37.61202341,145.0307166,"Unknown","Not known"
"T20190026000","22/12/19",19:00:00,"Collision with vehicle","Sunday","Day",2,2,"Cross intersection",3,40,"PORT PHILLIP","METROPOLITAN NORTH WEST REGION",-37.88026663,144.9910296,"Dry","Clear"
"T20190026001","22/12/19",16:51:00,"Collision with vehicle","Sunday","Day",2,9,"Not at intersection",3,80,"CORANGAMITE","SOUTH WESTERN REGION",-38.74706451,143.2792037,"Dry","Clear"
"T20190026012","3/12/19",15:30:00,"Collision with vehicle","Tuesday","Day",2,2,"Cross intersection",3,60,"MORELAND","METROPOLITAN NORTH WEST REGION",-37.70679578,144.9200795,"Dry","Clear"
"T20190026016","22/12/19",12:17:00,"Collision with a fixed object","Sunday","Day",1,1,"T intersection",3,50,"MORNINGTON PENINSULA","METROPOLITAN SOUTH EAST REGION",-38.38355159,144.915056,"Dry","Clear"
"T20190026018","23/12/19",00:53:00,"Collision with vehicle","Monday","Dark Street lights on",2,3,"Not at intersection",3,60,"WYNDHAM","METROPOLITAN NORTH WEST REGION",-37.85772403,144.6863462,"Dry","Clear"
"T20190026020","17/12/19",12:10:00,"Collision with vehicle","Tuesday","Day",2,2,"T intersection",3,60,"WHITEHORSE","METROPOLITAN SOUTH EAST REGION",-37.83957425,145.2009434,"Dry","Clear"
"T20190026021","21/12/19",03:20:00,"Collision with vehicle","Saturday","Dark Street lights on",2,2,"Cross intersection",3,60,"WYNDHAM","METROPOLITAN NORTH WEST REGION",-37.87628521,144.6587117,"Dry","Clear"
"T20190026022","23/12/19",05:40:00,"Collision with vehicle","Monday","Day",2,5,"Not at intersection",3,80,"CASEY","METROPOLITAN SOUTH EAST REGION",-38.05670822,145.3388357,"Dry","Clear"
"T20190026025","21/12/19",12:00:00,"Fall from or in moving vehicle","Saturday","Day",1,1,"Not at intersection",3,80,"SOUTH GIPPSLAND","EASTERN REGION",-38.33109091,145.7229621,"Dry","Clear"
"T20190026027","23/12/19",07:38:00,"Collision with vehicle","Monday","Day",2,2,"Not at intersection",3,80,"MAROONDAH","METROPOLITAN SOUTH EAST REGION",-37.83274488,145.2671614,"Dry","Clear"
"T20190026029","20/12/19",09:10:00,"Collision with vehicle","Friday","Day",3,3,"T intersection",3,50,"DANDENONG","METROPOLITAN SOUTH EAST REGION",-37.94878724,145.1920322,"Dry","Clear"
"T20190026030","29/11/19",21:15:00,"Collision with a fixed object","Friday","Unknown",1,1,"Not at intersection",3,80,"KNOX","METROPOLITAN SOUTH EAST REGION",-37.93064806,145.2982258,"Wet","Raining"
"T20190026031","22/12/19",14:45:00,"No collision and no object struck","Sunday","Day",1,1,"Not at intersection",2,60,"NILLUMBIK","METROPOLITAN NORTH WEST REGION",-37.57720624,145.292405,"Dry","Clear"
"T20190026033","27/11/19",22:30:00,"Collision with vehicle","Wednesday","Dark Street lights on",2,2,"T intersection",3,70,"MONASH","METROPOLITAN SOUTH EAST REGION",-37.91323192,145.1184857,"Dry","Clear"
"T20190026034","18/12/19",16:20:00,"Collision with vehicle","Wednesday","Day",2,3,"T intersection",3,60,"WHITEHORSE","METROPOLITAN SOUTH EAST REGION",-37.80094413,145.1597257,"Dry","Clear"
"T20190026037","23/12/19",02:50:00,"Collision with vehicle","Monday","Dark Street lights on",2,4,"Cross intersection",3,50,"DAREBIN","METROPOLITAN NORTH WEST REGION",-37.74810442,145.0297599,"Dry","Clear"
"T20190026039","1/12/19",15:34:00,"Vehicle overturned (no collision)","Sunday","Day",1,1,"Not at intersection",3,80,"NILLUMBIK","METROPOLITAN NORTH WEST REGION",-37.62762037,145.167632,"Wet","Clear"
"T20190026041","23/12/19",12:00:00,"collision with some other object","Monday","Day",1,1,"Not at intersection",3,100,"SOUTHERN GRAMPIANS","SOUTH WESTERN REGION",-37.71743615,141.9684726,"Dry","Clear"
"T20190026043","18/12/19",16:40:00,"Collision with vehicle","Wednesday","Day",2,2,"Not at intersection",3,60,"MELBOURNE","METROPOLITAN NORTH WEST REGION",-37.79774704,144.9729515,"Unknown","Not known"
"T20190026044","19/12/19",18:30:00,"Collision with vehicle","Thursday","Day",2,2,"Not at intersection",3,999,"PORT PHILLIP","METROPOLITAN NORTH WEST REGION",-37.84597405,144.9448238,"Dry","Clear"
"T20190026045","23/12/19",11:59:00,"Collision with a fixed object","Monday","Day",1,3,"Not at intersection",3,70,"YARRA RANGES","METROPOLITAN SOUTH EAST REGION",-37.77540092,145.4632202,"Dry","Clear"
"T20190026046","23/12/19",11:00:00,"No collision and no object struck","Monday","Day",1,2,"Not at intersection",3,999,"CARDINIA","METROPOLITAN SOUTH EAST REGION",-37.90786916,145.5851778,"Dry","Clear"
"T20190026047","23/12/19",12:20:00,"Collision with vehicle","Monday","Day",2,6,"T intersection",3,80,"BRIMBANK","METROPOLITAN NORTH WEST REGION",-37.82226485,144.8296342,"Dry","Clear"
"T20190026052","22/12/19",08:00:00,"Collision with vehicle","Sunday","Day",2,2,"T intersection",3,80,"CASEY","METROPOLITAN SOUTH EAST REGION",-38.03463606,145.3053254,"Dry","Clear"
"T20190026053","23/12/19",10:30:00,"Collision with vehicle","Monday","Day",2,2,"Not at intersection",3,60,"CASEY","METROPOLITAN SOUTH EAST REGION",-38.1081114,145.2428122,"Dry","Clear"
"T20190026054","21/12/19",18:30:00,"Collision with vehicle","Saturday","Unknown",2,3,"Not at intersection",3,60,"BOROONDARA","METROPOLITAN SOUTH EAST REGION",-37.8281882,145.0343158,"Dry","Not known"
"T20190026063","23/12/19",11:35:00,"Collision with vehicle","Monday","Day",2,2,"T intersection",3,50,"GLEN EIRA","METROPOLITAN SOUTH EAST REGION",-37.92102414,145.0277468,"Dry","Clear"
"T20190026064","22/12/19",22:56:00,"Collision with vehicle","Sunday","Dark Street lights on",2,1,"Not at intersection",3,50,"WYNDHAM","METROPOLITAN NORTH WEST REGION",-37.84231455,144.7107789,"Dry","Clear"
"T20190026065","23/12/19",13:30:00,"Collision with vehicle","Monday","Day",2,10,"Cross intersection",3,80,"CASEY","METROPOLITAN SOUTH EAST REGION",-38.07999371,145.2581301,"Dry","Clear"
"T20190026067","23/12/19",15:00:00,"Collision with vehicle","Monday","Day",2,2,"T intersection",3,40,"MORELAND","METROPOLITAN NORTH WEST REGION",-37.77023345,144.9687642,"Dry","Clear"
"T20190026068","23/12/19",11:45:00,"Collision with vehicle","Monday","Day",2,2,"Cross intersection",3,60,"BAYSIDE","METROPOLITAN SOUTH EAST REGION",-37.90765153,145.0018544,"Dry","Clear"
"T20190026069","15/12/19",20:35:00,"Collision with vehicle","Sunday","Dusk/Dawn",2,2,"Not at intersection",3,80,"HOBSONS BAY","METROPOLITAN NORTH WEST REGION",-37.82571537,144.829084,"Dry","Clear"
"T20190026070","23/12/19",15:10:00,"Collision with vehicle","Monday","Day",6,3,"Not at intersection",3,999,"DAREBIN","METROPOLITAN NORTH WEST REGION",-37.74165765,145.0281588,"Dry","Clear"
"T20190026074","23/12/19",16:30:00,"Collision with vehicle","Monday","Day",2,3,"T intersection",3,60,"MOONEE VALLEY","METROPOLITAN NORTH WEST REGION",-37.74122641,144.8636085,"Dry","Clear"
"T20190026075","11/12/19",14:00:00,"Collision with vehicle","Wednesday","Day",2,2,"Cross intersection",3,60,"BALLARAT","WESTERN REGION",-37.57398192,143.8325357,"Dry","Clear"
"T20190026076","23/12/19",18:15:00,"Collision with vehicle","Monday","Day",2,3,"Cross intersection",3,60,"BENALLA","NORTH EASTERN REGION",-36.55508765,145.9630472,"Dry","Clear"
"T20190026077","21/12/19",19:00:00,"Collision with vehicle","Saturday","Day",2,4,"Cross intersection",3,60,"HUME","METROPOLITAN NORTH WEST REGION",-37.67762145,144.9193875,"Dry","Not known"
"T20190026078","23/12/19",19:10:00,"Collision with vehicle","Monday","Day",2,3,"Cross intersection",3,80,"WHITEHORSE","METROPOLITAN SOUTH EAST REGION",-37.81855803,145.1783227,"Dry","Clear"
"T20190026082","23/12/19",13:00:00,"Collision with vehicle","Monday","Day",2,3,"Not at intersection",3,80,"DANDENONG","METROPOLITAN SOUTH EAST REGION",-37.96062701,145.1376631,"Dry","Clear"
"T20190026085","23/12/19",19:15:00,"Collision with vehicle","Monday","Day",2,5,"Not at intersection",3,60,"SHEPPARTON","NORTH EASTERN REGION",-36.38555064,145.3984241,"Dry","Clear"
"T20190026087","23/12/19",08:15:00,"Collision with vehicle","Monday","Day",3,3,"Cross intersection",3,999,"MELTON","METROPOLITAN NORTH WEST REGION",-37.69040473,144.7303947,"Unknown","Clear"
"T20190026089","20/12/19",09:30:00,"Collision with vehicle","Friday","Day",2,2,"Not at intersection",1,50,"GLEN EIRA","METROPOLITAN SOUTH EAST REGION",-37.88463729,145.0058783,"Dry","Clear"
"T20190026090","23/12/19",18:35:00,"Collision with vehicle","Monday","Day",2,4,"Not at intersection",3,60,"BENDIGO","NORTHERN REGION",-36.74273415,144.3161899,"Dry","Clear"
"T20190026091","23/12/19",14:54:00,"Collision with vehicle","Monday","Day",2,2,"Cross intersection",3,60,"DAREBIN","METROPOLITAN NORTH WEST REGION",-37.72685384,145.0507483,"Dry","Clear"
"T20190026096","23/12/19",22:02:00,"Vehicle overturned (no collision)","Monday","Dark No street lights",1,1,"Not at intersection",3,100,"CASEY","METROPOLITAN SOUTH EAST REGION",-38.14579575,145.3988687,"Dry","Clear"
"T20190026097","23/12/19",23:35:00,"Collision with a fixed object","Monday","Dark No street lights",1,1,"Not at intersection",3,60,"BAW BAW","EASTERN REGION",-38.11766297,145.9678616,"Dry","Clear"
"T20190026101","24/12/19",01:30:00,"Collision with vehicle","Tuesday","Dark Street lights on",2,1,"T intersection",2,50,"KNOX","METROPOLITAN SOUTH EAST REGION",-37.85781431,145.3090858,"Dry","Clear"
"T20190026104","23/12/19",22:00:00,"Collision with vehicle","Monday","Dark Street lights on",2,4,"Not at intersection",3,60,"MORELAND","METROPOLITAN NORTH WEST REGION",-37.73798026,144.9356139,"Dry","Clear"
"T20190026106","23/12/19",14:50:00,"Vehicle overturned (no collision)","Monday","Day",1,1,"Not at intersection",3,100,"YARRA RANGES","METROPOLITAN SOUTH EAST REGION",-37.64283517,145.8775799,"Dry","Clear"
"T20190026107","24/12/19",08:00:00,"Collision with vehicle","Tuesday","Day",2,2,"Cross intersection",3,999,"CARDINIA","METROPOLITAN SOUTH EAST REGION",-38.06300494,145.4372955,"Dry","Clear"
"T20190026108","24/11/19",16:00:00,"Collision with vehicle","Sunday","Day",2,3,"Not at intersection",3,100,"WODONGA","NORTH EASTERN REGION",-36.14878223,147.0214895,"Unknown","Not known"
"T20190026111","21/12/19",05:45:00,"Struck animal","Saturday","Dark No street lights",1,1,"Not at intersection",3,100,"HINDMARSH","WESTERN REGION",-36.05158374,142.0360337,"Dry","Clear"
"T20190026114","19/12/19",21:10:00,"Collision with vehicle","Thursday","Dusk/Dawn",2,2,"Cross intersection",3,50,"STONNINGTON","METROPOLITAN SOUTH EAST REGION",-37.84200422,144.9951152,"Dry","Clear"
"T20190026115","20/12/19",15:00:00,"Collision with vehicle","Friday","Day",2,2,"T intersection",3,60,"YARRA","METROPOLITAN NORTH WEST REGION",-37.79965692,144.9911005,"Unknown","Not known"
"T20190026118","24/12/19",08:15:00,"Collision with vehicle","Tuesday","Day",2,2,"Cross intersection",2,100,"CENTRAL GOLDFIELDS","WESTERN REGION",-36.94565161,143.8300778,"Dry","Clear"
"T20190026119","12/12/19",17:40:00,"Collision with vehicle","Thursday","Day",2,2,"Not at intersection",3,80,"BAYSIDE","METROPOLITAN SOUTH EAST REGION",-37.89972272,145.0061655,"Dry","Clear"
"T20190026122","19/12/19",14:00:00,"Collision with vehicle","Thursday","Day",4,6,"Not at intersection",3,80,"MELBOURNE","METROPOLITAN NORTH WEST REGION",-37.83255907,144.9140116,"Dry","Clear"
"T20190026123","24/12/19",10:10:00,"Collision with a fixed object","Tuesday","Day",1,1,"Not at intersection",3,50,"BAW BAW","EASTERN REGION",-38.13690279,145.85715,"Dry","Clear"
"T20190026124","24/12/19",06:30:00,"Collision with vehicle","Tuesday","Dusk/Dawn",2,2,"Cross intersection",3,80,"WYNDHAM","METROPOLITAN NORTH WEST REGION",-37.88117799,144.7478611,"Dry","Clear"
"T20190026125","22/12/19",22:30:00,"collision with some other object","Sunday","Dark No street lights",1,1,"Not at intersection",3,100,"GOLDEN PLAINS","SOUTH WESTERN REGION",-37.80563896,143.7368444,"Dry","Not known"
"T20190026126","24/12/19",11:30:00,"Collision with vehicle","Tuesday","Day",5,13,"Cross intersection",3,80,"HUME","METROPOLITAN NORTH WEST REGION",-37.59717583,144.9432048,"Dry","Clear"