"ACCIDENT_NO","ACCIDENTDATE","ACCIDENTTIME","Accident Type Desc","Day Week Description","Light Condition Desc","NO_OF_VEHICLES","NO_PERSONS","Road Geometry Desc","SEVERITY","SPEED_ZONE","LGA_NAME","REGION_NAME","Lat","Long","Surface Cond Desc","Atmosph Cond Desc"
"T20190026127","24/12/19",10:40:00,"Collision with vehicle","Tuesday","Day",2,2,"Cross intersection",3,60,"BASS COAST","EASTERN REGION",-38.5156448,145.359458,"Dry","Clear"
"T20190026131","24/12/19",12:11:00,"Vehicle overturned (no collision)","Tuesday","Day",1,1,"Not at intersection",3,100,"MORNINGTON PENINSULA","METROPOLITAN SOUTH EAST REGION",-38.34133542,144.9600279,"Dry","Clear"
"T20190026133","24/12/19",13:13:00,"Collision with a fixed object","Tuesday","Day",1,1,"T intersection",3,60,"CASEY","METROPOLITAN SOUTH EAST REGION",-38.09894192,145.290387,"Dry","Clear"
"T20190026134","20/12/19",11:35:00,"Collision with vehicle","Friday","Day",2,2,"Not at intersection",2,60,"PORT PHILLIP","METROPOLITAN NORTH WEST REGION",-37.83730442,144.9757484,"Dry","Clear"
"T20190026135","24/12/19",11:30:00,"Collision with vehicle","Tuesday","Unknown",2,3,"Cross intersection",2,50,"HORSHAM","WESTERN REGION",-36.71427102,142.2022965,"Dry","Clear"
"T20190026136","9/11/19",15:18:00,"Vehicle overturned (no collision)","Saturday","Day",1,1,"Not at intersection",3,100,"MILDURA","WESTERN REGION",-34.19601269,142.0174922,"Dry","Clear"
"T20190026139","24/12/19",09:55:00,"Collision with a fixed object","Tuesday","Day",1,1,"Not at intersection",3,50,"HUME","METROPOLITAN NORTH WEST REGION",-37.58409287,144.9220171,"Dry","Clear"
"T20190026141","24/12/19",08:15:00,"Collision with vehicle","Tuesday","Day",2,2,"T intersection",3,60,"MELTON","METROPOLITAN NORTH WEST REGION",-37.74921236,144.7490188,"Dry","Clear"
"T20190026143","24/12/19",07:05:00,"Collision with vehicle","Tuesday","Day",4,4,"Not at intersection",2,70,"YARRA","METROPOLITAN NORTH WEST REGION",-37.79588069,144.9943276,"Dry","Clear"
"T20190026144","24/12/19",10:55:00,"collision with some other object","Tuesday","Day",1,1,"Not at intersection",2,60,"COLAC OTWAY","SOUTH WESTERN REGION",-38.59686968,143.809016,"Dry","Clear"
"T20190026146","24/12/19",15:15:00,"Collision with vehicle","Tuesday","Day",2,2,"Cross intersection",3,60,"HUME","METROPOLITAN NORTH WEST REGION",-37.66723192,144.9545663,"Dry","Not known"
"T20190026147","17/12/19",21:20:00,"Collision with a fixed object","Tuesday","Dusk/Dawn",1,1,"Not at intersection",3,100,"WEST WIMMERA","WESTERN REGION",-36.25401479,141.3050878,"Dry","Clear"
"T20190026148","24/12/19",16:25:00,"Collision with vehicle","Tuesday","Day",2,2,"Cross intersection",3,60,"BOROONDARA","METROPOLITAN SOUTH EAST REGION",-37.84299095,145.0544953,"Dry","Clear"
"T20190026150","24/12/19",15:20:00,"Collision with vehicle","Tuesday","Day",2,2,"Cross intersection",3,50,"HOBSONS BAY","METROPOLITAN NORTH WEST REGION",-37.83554481,144.8546767,"Dry","Clear"
"T20190026152","24/12/19",15:33:00,"Collision with vehicle","Tuesday","Day",4,4,"Not at intersection",3,80,"DANDENONG","METROPOLITAN SOUTH EAST REGION",-37.96609465,145.1936369,"Dry","Clear"
"T20190026155","23/12/19",15:30:00,"Collision with vehicle","Monday","Day",2,2,"Cross intersection",3,50,"SHEPPARTON","NORTH EASTERN REGION",-36.37405474,145.4007712,"Dry","Clear"
"T20190026157","24/12/19",17:24:00,"Collision with vehicle","Tuesday","Day",5,5,"T intersection",3,60,"BALLARAT","WESTERN REGION",-37.58531733,143.8395963,"Dry","Clear"
"T20190026158","23/12/19",15:44:00,"Collision with vehicle","Monday","Day",2,6,"Cross intersection",3,60,"BAW BAW","EASTERN REGION",-38.20803686,146.1513902,"Dry","Clear"
"T20190026159","24/12/19",15:00:00,"Collision with vehicle","Tuesday","Day",2,2,"T intersection",3,60,"BRIMBANK","METROPOLITAN NORTH WEST REGION",-37.80322306,144.7538592,"Dry","Clear"
"T20190026162","24/12/19",14:35:00,"Collision with a fixed object","Tuesday","Day",1,1,"Cross intersection",3,60,"YARRA RANGES","METROPOLITAN SOUTH EAST REGION",-37.78258671,145.4093814,"Dry","Clear"
"T20190026165","23/12/19",16:55:00,"Collision with vehicle","Monday","Day",2,3,"T intersection",3,999,"GLEN EIRA","METROPOLITAN SOUTH EAST REGION",-37.90575999,145.0539986,"Unknown","Not known"
"T20190026168","24/12/19",18:30:00,"Collision with vehicle","Tuesday","Day",2,2,"Cross intersection",2,50,"KINGSTON","METROPOLITAN SOUTH EAST REGION",-37.93387289,145.1204084,"Dry","Clear"
"T20190026171","24/12/19",18:00:00,"Collision with a fixed object","Tuesday","Day",1,1,"Not at intersection",3,100,"DANDENONG","METROPOLITAN SOUTH EAST REGION",-37.94654179,145.2059397,"Dry","Clear"
"T20190026172","24/12/19",19:20:00,"Collision with vehicle","Tuesday","Day",2,3,"Cross intersection",3,60,"DANDENONG","METROPOLITAN SOUTH EAST REGION",-37.97035972,145.204761,"Dry","Clear"
"T20190026174","24/12/19",19:10:00,"Collision with vehicle","Tuesday","Day",2,2,"T intersection",3,70,"STONNINGTON","METROPOLITAN SOUTH EAST REGION",-37.87499721,145.040263,"Dry","Clear"
"T20190026175","24/12/19",20:19:00,"Collision with vehicle","Tuesday","Day",2,3,"Not at intersection",2,100,"WARRNAMBOOL","SOUTH WESTERN REGION",-38.38587578,142.542399,"Dry","Clear"
"T20190026176","24/12/19",21:30:00,"Struck animal","Tuesday","Dark No street lights",1,2,"Not at intersection",3,100,"WELLINGTON","EASTERN REGION",-38.1125924,146.8814414,"Dry","Clear"
"T20190026180","24/12/19",22:19:00,"Collision with vehicle","Tuesday","Dark Street lights on",3,8,"Not at intersection",3,60,"DAREBIN","METROPOLITAN NORTH WEST REGION",-37.70866869,145.0089687,"Dry","Clear"
"T20190026181","24/12/19",22:45:00,"Collision with vehicle","Tuesday","Dark Street lights on",3,3,"T intersection",3,60,"BRIMBANK","METROPOLITAN NORTH WEST REGION",-37.74672002,144.8206938,"Dry","Clear"
"T20190026184","25/12/19",00:20:00,"Collision with a fixed object","Wednesday","Dark Street lights on",1,3,"Not at intersection",2,80,"KNOX","METROPOLITAN SOUTH EAST REGION",-37.86000388,145.2081303,"Dry","Clear"
"T20190026188","24/12/19",21:45:00,"Collision with vehicle","Tuesday","Dark Street lights on",2,1,"Not at intersection",3,50,"GEELONG","SOUTH WESTERN REGION",-38.25399577,144.5471198,"Dry","Clear"
"T20190026189","24/12/19",23:20:00,"Collision with vehicle","Tuesday","Dark Street lights unknown",2,5,"Not at intersection",2,60,"BANYULE","METROPOLITAN NORTH WEST REGION",-37.76845248,145.0655933,"Dry","Clear"
"T20190026192","24/12/19",17:50:00,"Collision with vehicle","Tuesday","Day",2,5,"Cross intersection",3,50,"BANYULE","METROPOLITAN NORTH WEST REGION",-37.75375689,145.0624904,"Dry","Clear"
"T20190026193","25/12/19",02:00:00,"Collision with a fixed object","Wednesday","Dark No street lights",1,1,"Not at intersection",2,100,"MOYNE","SOUTH WESTERN REGION",-37.88450029,142.7261497,"Dry","Fog"
"T20190026196","25/12/19",07:50:00,"Struck Pedestrian","Wednesday","Day",1,5,"Not at intersection",2,50,"YARRA","METROPOLITAN NORTH WEST REGION",-37.77916706,144.9884174,"Dry","Clear"
"T20190026197","25/12/19",10:45:00,"No collision and no object struck","Wednesday","Day",1,1,"Not at intersection",3,100,"GOLDEN PLAINS","SOUTH WESTERN REGION",-37.81744396,144.1963463,"Dry","Clear"
"T20190026200","25/12/19",11:38:00,"Struck Pedestrian","Wednesday","Day",1,2,"Not at intersection",2,60,"MANNINGHAM","METROPOLITAN SOUTH EAST REGION",-37.80489063,145.1898584,"Dry","Clear"
"T20190026201","25/12/19",13:00:00,"Collision with vehicle","Wednesday","Day",2,2,"Not at intersection",3,80,"MOONEE VALLEY","METROPOLITAN NORTH WEST REGION",-37.73490775,144.9277228,"Dry","Clear"
"T20190026202","24/12/19",11:50:00,"Struck Pedestrian","Tuesday","Day",1,2,"Not at intersection",3,999,"GEELONG","SOUTH WESTERN REGION",-38.20740706,144.330054,"Dry","Clear"
"T20190026205","25/12/19",13:30:00,"Collision with a fixed object","Wednesday","Day",1,4,"Not at intersection",2,100,"MITCHELL","NORTHERN REGION",-37.17619471,145.0903066,"Dry","Smoke"
"T20190026206","20/12/19",17:45:00,"Collision with vehicle","Friday","Day",2,2,"Cross intersection",3,50,"MARIBYRNONG","METROPOLITAN NORTH WEST REGION",-37.81806393,144.8793038,"Dry","Clear"
"T20190026207","25/12/19",14:38:00,"Collision with vehicle","Wednesday","Day",2,4,"Cross intersection",3,60,"MOONEE VALLEY","METROPOLITAN NORTH WEST REGION",-37.75052968,144.9141046,"Dry","Clear"
"T20190026209","24/12/19",15:50:00,"Vehicle overturned (no collision)","Tuesday","Day",2,2,"Cross intersection",2,60,"BOROONDARA","METROPOLITAN SOUTH EAST REGION",-37.8241813,145.0484143,"Dry","Clear"
"T20190026210","25/12/19",14:37:00,"Collision with vehicle","Wednesday","Day",2,2,"Cross intersection",3,80,"KNOX","METROPOLITAN SOUTH EAST REGION",-37.90253978,145.2159805,"Dry","Clear"
"T20190026211","25/12/19",15:45:00,"Collision with vehicle","Wednesday","Day",2,4,"Multiple intersection",3,80,"KNOX","METROPOLITAN SOUTH EAST REGION",-37.86123778,145.211862,"Dry","Clear"
"T20190026212","23/12/19",13:15:00,"Collision with vehicle","Monday","Day",2,2,"Cross intersection",3,60,"YARRA","METROPOLITAN NORTH WEST REGION",-37.79022412,144.9948269,"Dry","Clear"
"T20190026214","25/12/19",16:10:00,"Collision with vehicle","Wednesday","Day",2,3,"Cross intersection",3,60,"DAREBIN","METROPOLITAN NORTH WEST REGION",-37.77170884,145.0193475,"Dry","Clear"
"T20190026217","25/12/19",18:05:00,"Collision with vehicle","Wednesday","Day",3,3,"Cross intersection",3,60,"DANDENONG","METROPOLITAN SOUTH EAST REGION",-37.96956919,145.1866318,"Dry","Clear"
"T20190026219","25/12/19",17:40:00,"Collision with a fixed object","Wednesday","Day",1,1,"Not at intersection",3,80,"MORNINGTON PENINSULA","METROPOLITAN SOUTH EAST REGION",-38.37793472,145.153402,"Dry","Clear"
"T20190026220","25/12/19",20:00:00,"Collision with vehicle","Wednesday","Dusk/Dawn",2,2,"Cross intersection",3,60,"DAREBIN","METROPOLITAN NORTH WEST REGION",-37.78103207,144.9966904,"Dry","Clear"
"T20190026221","25/12/19",19:40:00,"Collision with vehicle","Wednesday","Day",2,2,"Not at intersection",2,60,"MELTON","METROPOLITAN NORTH WEST REGION",-37.73558639,144.7571303,"Dry","Clear"
"T20190026224","25/12/19",05:35:00,"Struck Pedestrian","Wednesday","Dusk/Dawn",1,2,"Not at intersection",3,40,"MELBOURNE","METROPOLITAN NORTH WEST REGION",-37.81771097,144.9675566,"Dry","Clear"
"T20190026226","25/12/19",00:40:00,"Collision with a fixed object","Wednesday","Dark No street lights",1,1,"Not at intersection",2,100,"SHEPPARTON","NORTH EASTERN REGION",-36.41554216,145.1408974,"Dry","Clear"
"T20190026228","25/12/19",23:50:00,"Collision with vehicle","Wednesday","Dark Street lights on",2,4,"Not at intersection",3,60,"MAROONDAH","METROPOLITAN SOUTH EAST REGION",-37.79403498,145.3012343,"Dry","Clear"
"T20190026232","25/12/19",17:50:00,"Collision with vehicle","Wednesday","Day",2,1,"Not at intersection",3,100,"GOLDEN PLAINS","SOUTH WESTERN REGION",-37.84216035,143.7551772,"Dry","Clear"
"T20190026235","19/12/19",12:10:00,"Collision with vehicle","Thursday","Day",2,2,"T intersection",3,60,"CASEY","METROPOLITAN SOUTH EAST REGION",-37.97552923,145.2417918,"Dry","Clear"
"T20190026236","26/12/19",09:30:00,"Collision with vehicle","Thursday","Day",2,4,"Not at intersection",3,60,"BALLARAT","WESTERN REGION",-37.56001681,143.8602867,"Dry","Clear"
"T20190026240","25/12/19",19:00:00,"Collision with a fixed object","Wednesday","Day",1,1,"Not at intersection",2,80,"MOORABOOL","WESTERN REGION",-37.52913225,144.3038622,"Dry","Clear"
"T20190026246","17/9/19",23:05:00,"collision with some other object","Tuesday","Unknown",1,1,"T intersection",3,60,"MANNINGHAM","METROPOLITAN SOUTH EAST REGION",-37.76031323,145.082824,"Unknown","Not known"
"T20190026247","26/12/19",11:00:00,"Collision with vehicle","Thursday","Day",2,3,"Cross intersection",3,50,"COLAC OTWAY","SOUTH WESTERN REGION",-38.33624013,143.5842382,"Dry","Clear"
"T20190026250","26/12/19",06:58:00,"Collision with a fixed object","Thursday","Day",1,1,"Not at intersection",3,80,"MELTON","METROPOLITAN NORTH WEST REGION",-37.74266135,144.577099,"Dry","Clear"
"T20190026254","26/12/19",10:43:00,"Collision with a fixed object","Thursday","Day",1,1,"Not at intersection",3,100,"BENDIGO","NORTHERN REGION",-36.7632865,144.1778747,"Dry","Clear"
"T20190026260","26/12/19",11:50:00,"Collision with vehicle","Thursday","Day",2,2,"Not at intersection",3,50,"HUME","METROPOLITAN NORTH WEST REGION",-37.68957888,144.913562,"Dry","Clear"
"T20190026262","26/12/19",14:34:00,"Collision with vehicle","Thursday","Day",2,2,"Not at intersection",3,50,"MARIBYRNONG","METROPOLITAN NORTH WEST REGION",-37.78242918,144.8691581,"Dry","Clear"
"T20190026263","24/12/19",20:00:00,"Collision with a fixed object","Tuesday","Day",1,1,"Not at intersection",2,100,"YARRA RANGES","METROPOLITAN SOUTH EAST REGION",-37.82514432,145.7638749,"Dry","Clear"
"T20190026264","26/12/19",12:34:00,"Collision with vehicle","Thursday","Day",2,2,"Not at intersection",3,80,"CARDINIA","METROPOLITAN SOUTH EAST REGION",-37.95875381,145.4686112,"Dry","Clear"
"T20190026268","26/12/19",14:00:00,"Vehicle overturned (no collision)","Thursday","Day",1,1,"Not at intersection",3,100,"WELLINGTON","EASTERN REGION",-37.71483047,146.5178506,"Dry","Clear"
"T20190026269","26/12/19",14:17:00,"Collision with a fixed object","Thursday","Day",1,2,"Not at intersection",3,100,"MANSFIELD","NORTH EASTERN REGION",-37.59601746,146.22808,"Dry","Clear"
"T20190026272","26/12/19",17:10:00,"Collision with vehicle","Thursday","Day",2,6,"Not at intersection",3,60,"GOLDEN PLAINS","SOUTH WESTERN REGION",-38.02911774,144.0577416,"Dry","Clear"
"T20190026274","26/12/19",16:48:00,"Collision with a fixed object","Thursday","Day",1,1,"Not at intersection",3,60,"LATROBE","EASTERN REGION",-38.19277718,146.2874465,"Dry","Clear"
"T20190026275","26/12/19",16:35:00,"Collision with vehicle","Thursday","Day",2,4,"T intersection",3,60,"DANDENONG","METROPOLITAN SOUTH EAST REGION",-37.9750082,145.1855808,"Dry","Clear"
"T20190026276","26/12/19",16:45:00,"Struck Pedestrian","Thursday","Day",1,2,"T intersection",2,40,"PORT PHILLIP","METROPOLITAN NORTH WEST REGION",-37.86137929,144.9746605,"Dry","Clear"
"T20190026277","26/12/19",16:00:00,"Collision with vehicle","Thursday","Day",2,2,"T intersection",3,80,"BENDIGO","NORTHERN REGION",-36.84446722,144.1582777,"Dry","Not known"
"T20190026278","26/12/19",18:00:00,"Collision with vehicle","Thursday","Day",2,4,"Multiple intersection",3,80,"DANDENONG","METROPOLITAN SOUTH EAST REGION",-37.96239574,145.2252082,"Dry","Clear"
"T20190026280","26/12/19",19:30:00,"Collision with vehicle","Thursday","Day",2,2,"Cross intersection",3,60,"CASEY","METROPOLITAN SOUTH EAST REGION",-38.09665124,145.2709594,"Dry","Clear"
"T20190026285","26/12/19",19:00:00,"Collision with vehicle","Thursday","Dark Street lights on",2,3,"T intersection",2,80,"CASEY","METROPOLITAN SOUTH EAST REGION",-38.02200295,145.3008321,"Dry","Clear"
"T20190026287","26/12/19",20:00:00,"Collision with a fixed object","Thursday","Day",1,2,"Cross intersection",3,60,"WYNDHAM","METROPOLITAN NORTH WEST REGION",-37.85283879,144.7059274,"Dry","Clear"
"T20190026292","27/12/19",06:55:00,"Collision with vehicle","Friday","Dusk/Dawn",2,2,"Not at intersection",3,100,"BRIMBANK","METROPOLITAN NORTH WEST REGION",-37.72828192,144.8588687,"Dry","Clear"
"T20190026297","16/12/19",10:50:00,"Collision with a fixed object","Monday","Day",1,1,"T intersection",3,70,"CAMPASPE","NORTHERN REGION",-36.35463047,144.6970929,"Dry","Clear"
"T20190026301","12/12/19",06:10:00,"Collision with vehicle","Thursday","Day",2,2,"T intersection",3,80,"HUME","METROPOLITAN NORTH WEST REGION",-37.61140106,144.9276518,"Dry","Clear"
"T20190026302","27/12/19",09:33:00,"Collision with vehicle","Friday","Day",2,2,"T intersection",3,60,"MORELAND","METROPOLITAN NORTH WEST REGION",-37.73565404,144.9660507,"Dry","Clear"
"T20190026304","25/12/19",10:30:00,"No collision and no object struck","Wednesday","Day",1,1,"T intersection",2,30,"MOIRA","NORTH EASTERN REGION",-36.15535525,145.425234,"Dry","Clear"
"T20190026306","25/12/19",17:00:00,"Collision with vehicle","Wednesday","Day",2,3,"Not at intersection",3,100,"CASEY","METROPOLITAN SOUTH EAST REGION",-38.04753997,145.3471561,"Dry","Not known"
"T20190026307","27/12/19",11:20:00,"Collision with vehicle","Friday","Day",2,2,"Cross intersection",3,60,"BOROONDARA","METROPOLITAN SOUTH EAST REGION",-37.81469309,145.0368231,"Dry","Clear"
"T20190026308","21/12/19",10:45:00,"Collision with vehicle","Saturday","Day",3,3,"Cross intersection",3,60,"STONNINGTON","METROPOLITAN SOUTH EAST REGION",-37.84928289,145.0123171,"Dry","Clear"
"T20190026310","27/12/19",12:40:00,"Collision with vehicle","Friday","Day",2,3,"T intersection",3,60,"BAYSIDE","METROPOLITAN SOUTH EAST REGION",-37.95482214,145.0295946,"Dry","Clear"
"T20190026311","24/12/19",07:45:00,"Collision with vehicle","Tuesday","Day",2,2,"Cross intersection",3,60,"GEELONG","SOUTH WESTERN REGION",-38.16065783,144.3545905,"Unknown","Clear"
"T20190026312","29/11/19",15:00:00,"Vehicle overturned (no collision)","Friday","Day",1,1,"Not at intersection",3,888,"EAST GIPPSLAND","EASTERN REGION",-37.67514769,148.2692545,"Dry","Clear"
"T20190026313","27/12/19",12:28:00,"Collision with a fixed object","Friday","Day",1,1,"Not at intersection",3,60,"BENDIGO","NORTHERN REGION",-36.80198015,144.3615277,"Dry","Clear"
"T20190026317","27/12/19",11:50:00,"Collision with vehicle","Friday","Day",4,6,"Not at intersection",3,100,"WYNDHAM","METROPOLITAN NORTH WEST REGION",-37.86934907,144.7548243,"Dry","Clear"
"T20190026318","14/12/19",15:00:00,"No collision and no object struck","Saturday","Day",1,1,"Not at intersection",3,100,"BENDIGO","NORTHERN REGION",-36.6877581,144.2770749,"Dry","Clear"
"T20190026319","27/12/19",13:15:00,"Collision with vehicle","Friday","Day",3,5,"Y intersection",3,100,"HUME","METROPOLITAN NORTH WEST REGION",-37.70030579,144.8948572,"Dry","Clear"
"T20190026320","27/12/19",12:20:00,"Collision with vehicle","Friday","Day",4,7,"Cross intersection",3,60,"DAREBIN","METROPOLITAN NORTH WEST REGION",-37.73556353,145.024273,"Dry","Clear"
"T20190026321","27/12/19",11:00:00,"Collision with vehicle","Friday","Day",3,3,"Not at intersection",3,60,"BRIMBANK","METROPOLITAN NORTH WEST REGION",-37.78158308,144.791076,"Dry","Clear"
"T20190026322","27/12/19",13:50:00,"Collision with vehicle","Friday","Day",2,2,"Cross intersection",3,40,"MELTON","METROPOLITAN NORTH WEST REGION",-37.79640224,144.752484,"Dry","Clear"
"T20190026323","27/12/19",11:00:00,"Collision with vehicle","Friday","Day",2,2,"Not at intersection",3,60,"GLEN EIRA","METROPOLITAN SOUTH EAST REGION",-37.88478895,145.0578995,"Dry","Clear"
"T20190026325","27/12/19",13:40:00,"Collision with vehicle","Friday","Day",2,2,"Cross intersection",3,70,"GEELONG","SOUTH WESTERN REGION",-38.17062999,144.3914422,"Dry","Clear"
"T20190026326","27/12/19",11:24:00,"Collision with a fixed object","Friday","Day",1,1,"Cross intersection",2,80,"WYNDHAM","METROPOLITAN NORTH WEST REGION",-37.81205367,144.765911,"Dry","Clear"
"T20190026327","19/11/19",13:25:00,"Collision with vehicle","Tuesday","Day",2,2,"Not at intersection",3,60,"CASEY","METROPOLITAN SOUTH EAST REGION",-38.01776991,145.2709194,"Dry","Clear"
"T20190026336","27/12/19",15:45:00,"Collision with vehicle","Friday","Day",2,3,"T intersection",3,60,"BANYULE","METROPOLITAN NORTH WEST REGION",-37.74867083,145.0466279,"Dry","Clear"
"T20190026337","24/12/19",13:45:00,"Collision with vehicle","Tuesday","Day",2,6,"Not at intersection",3,40,"COLAC OTWAY","SOUTH WESTERN REGION",-38.64148202,143.6826648,"Dry","Clear"
"T20190026339","27/12/19",17:15:00,"Collision with a fixed object","Friday","Day",1,4,"Not at intersection",3,100,"CORANGAMITE","SOUTH WESTERN REGION",-38.70084891,143.2176403,"Dry","Clear"
"T20190026340","27/12/19",18:35:00,"Collision with vehicle","Friday","Day",2,2,"Not at intersection",3,80,"MONASH","METROPOLITAN SOUTH EAST REGION",-37.91738613,145.1317573,"Dry","Clear"
"T20190026341","27/12/19",18:28:00,"Collision with a fixed object","Friday","Day",1,1,"Not at intersection",3,80,"GEELONG","SOUTH WESTERN REGION",-38.14195316,144.294442,"Dry","Clear"
"T20190026344","2/12/19",10:45:00,"Collision with vehicle","Monday","Day",2,2,"Not at intersection",3,100,"WYNDHAM","METROPOLITAN NORTH WEST REGION",-37.97200019,144.5518963,"Wet","Raining"
"T20190026345","27/12/19",18:55:00,"No collision and no object struck","Friday","Dark Street lights on",1,1,"Not at intersection",3,50,"YARRA","METROPOLITAN NORTH WEST REGION",-37.82514344,144.9931158,"Dry","Clear"
"T20190026346","23/12/19",12:39:00,"Collision with vehicle","Monday","Day",2,2,"Cross intersection",3,60,"STONNINGTON","METROPOLITAN SOUTH EAST REGION",-37.83147711,145.0125319,"Dry","Not known"
"T20190026350","27/12/19",20:10:00,"Collision with vehicle","Friday","Day",2,2,"Cross intersection",3,60,"WHITEHORSE","METROPOLITAN SOUTH EAST REGION",-37.82874011,145.1218258,"Dry","Clear"
"T20190026351","27/12/19",21:50:00,"Collision with vehicle","Friday","Dark No street lights",2,1,"Not at intersection",3,60,"BALLARAT","WESTERN REGION",-37.56545504,143.8502939,"Dry","Clear"
"T20190026356","27/12/19",23:39:00,"Collision with vehicle","Friday","Dark Street lights on",2,2,"Not at intersection",3,110,"MELTON","METROPOLITAN NORTH WEST REGION",-37.68862756,144.5532832,"Dry","Clear"
"T20190026359","28/12/19",01:49:00,"Collision with a fixed object","Saturday","Dark No street lights",1,2,"Not at intersection",3,60,"HUME","METROPOLITAN NORTH WEST REGION",-37.69068246,144.841592,"Dry","Clear"
"T20190026362","28/12/19",00:07:00,"Collision with vehicle","Saturday","Dark Street lights on",2,2,"Cross intersection",2,60,"WHITTLESEA","METROPOLITAN NORTH WEST REGION",-37.6507479,145.0244201,"Dry","Clear"
"T20190026364","27/12/19",06:50:00,"Collision with vehicle","Friday","Day",2,2,"T intersection",3,50,"MELBOURNE","METROPOLITAN NORTH WEST REGION",-37.77684612,144.9502965,"Dry","Clear"
"T20190026365","28/12/19",06:09:00,"Collision with a fixed object","Saturday","Dusk/Dawn",2,4,"Not at intersection",3,60,"MELBOURNE","METROPOLITAN NORTH WEST REGION",-37.80841796,144.9233076,"Dry","Clear"
"T20190026366","27/12/19",13:35:00,"Collision with vehicle","Friday","Day",2,2,"Cross intersection",3,60,"STONNINGTON","METROPOLITAN SOUTH EAST REGION",-37.86126173,145.0197103,"Dry","Clear"
"T20190026367","27/12/19",10:00:00,"Collision with vehicle","Friday","Day",2,2,"Not at intersection",3,100,"WODONGA","NORTH EASTERN REGION",-36.22515864,146.9519722,"Dry","Smoke"
"T20190026373","28/12/19",13:25:00,"Collision with vehicle","Saturday","Day",2,1,"Not at intersection",3,60,"HUME","METROPOLITAN NORTH WEST REGION",-37.65471631,144.9184417,"Dry","Clear"
"T20190026374","28/12/19",08:42:00,"Collision with vehicle","Saturday","Day",3,3,"T intersection",2,60,"GEELONG","SOUTH WESTERN REGION",-38.19071175,144.3536695,"Dry","Clear"
"T20190026379","13/12/19",12:05:00,"Collision with vehicle","Friday","Day",2,2,"Not at intersection",3,40,"STONNINGTON","METROPOLITAN SOUTH EAST REGION",-37.85447687,144.9960466,"Dry","Clear"
"T20190026381","28/12/19",15:29:00,"Collision with vehicle","Saturday","Day",4,8,"Cross intersection",3,70,"WARRNAMBOOL","SOUTH WESTERN REGION",-38.35778242,142.4391193,"Dry","Clear"
"T20190026382","28/12/19",14:00:00,"Collision with vehicle","Saturday","Day",3,9,"Not at intersection",3,60,"MORNINGTON PENINSULA","METROPOLITAN SOUTH EAST REGION",-38.35112734,144.9217688,"Dry","Clear"
"T20190026384","28/12/19",17:30:00,"Collision with a fixed object","Saturday","Day",1,1,"Not at intersection",3,50,"WYNDHAM","METROPOLITAN NORTH WEST REGION",-37.88558354,144.6825963,"Dry","Clear"
"T20190026389","28/12/19",18:10:00,"Collision with a fixed object","Saturday","Day",1,1,"T intersection",3,50,"WHITEHORSE","METROPOLITAN SOUTH EAST REGION",-37.81982379,145.1811433,"Dry","Clear"
"T20190026392","28/12/19",17:45:00,"Collision with vehicle","Saturday","Day",2,4,"Not at intersection",3,100,"WANGARATTA","NORTH EASTERN REGION",-36.32682455,146.5611116,"Dry","Clear"
"T20190026397","28/12/19",23:30:00,"Struck Pedestrian","Saturday","Dark Street lights on",1,2,"Not at intersection",3,40,"MELBOURNE","METROPOLITAN NORTH WEST REGION",-37.81614012,144.9604528,"Dry","Clear"
"T20190026398","28/12/19",06:10:00,"Collision with a fixed object","Saturday","Day",1,1,"Y intersection",3,60,"WYNDHAM","METROPOLITAN NORTH WEST REGION",-37.90529189,144.6565608,"Dry","Clear"
"T20190026399","28/12/19",22:32:00,"Collision with vehicle","Saturday","Dark Street lights off",2,2,"Not at intersection",1,80,"BENDIGO","NORTHERN REGION",-36.79441189,144.3403862,"Dry","Clear"
"T20190026403","29/12/19",07:33:00,"Collision with vehicle","Sunday","Day",2,2,"Cross intersection",3,50,"MAROONDAH","METROPOLITAN SOUTH EAST REGION",-37.83233699,145.241138,"Dry","Clear"
"T20190026404","29/12/19",08:00:00,"Collision with a fixed object","Sunday","Day",1,1,"Not at intersection",3,110,"MITCHELL","NORTHERN REGION",-37.02744771,145.1009141,"Dry","Clear"
"T20190026406","29/12/19",08:01:00,"Collision with vehicle","Sunday","Day",2,2,"Not at intersection",3,100,"MONASH","METROPOLITAN SOUTH EAST REGION",-37.91168317,145.1647922,"Dry","Clear"
"T20190026411","29/12/19",10:30:00,"Collision with vehicle","Sunday","Day",2,2,"Not at intersection",3,80,"MURRINDINDI","NORTH EASTERN REGION",-37.55183769,145.4802647,"Dry","Clear"
"T20190026412","29/12/19",11:30:00,"Collision with a fixed object","Sunday","Day",1,1,"T intersection",3,50,"MURRINDINDI","NORTH EASTERN REGION",-37.19380369,145.7183064,"Dry","Clear"
"T20190026413","29/12/19",10:01:00,"Collision with vehicle","Sunday","Day",2,3,"Not at intersection",3,60,"MELTON","METROPOLITAN NORTH WEST REGION",-37.74832234,144.7488013,"Dry","Clear"
"T20190026414","18/12/19",17:00:00,"Collision with vehicle","Wednesday","Day",2,2,"T intersection",3,40,"MORELAND","METROPOLITAN NORTH WEST REGION",-37.74940125,144.9651879,"Dry","Clear"