"ACCIDENT_NO","ACCIDENTDATE","ACCIDENTTIME","Accident Type Desc","Day Week Description","Light Condition Desc","NO_OF_VEHICLES","NO_PERSONS","Road Geometry Desc","SEVERITY","SPEED_ZONE","LGA_NAME","REGION_NAME","Lat","Long","Surface Cond Desc","Atmosph Cond Desc"
"T20190026416","29/12/19",13:08:00,"Collision with vehicle","Sunday","Day",4,11,"Cross intersection",3,80,"SURF COAST","SOUTH WESTERN REGION",-38.29952875,143.9807195,"Dry","Clear"
"T20190026421","29/12/19",12:18:00,"Collision with vehicle","Sunday","Day",2,5,"Cross intersection",1,80,"HEPBURN","WESTERN REGION",-37.37261739,143.9541679,"Dry","Clear"
"T20190026424","28/12/19",22:43:00,"Collision with vehicle","Saturday","Dark Street lights on",2,3,"Not at intersection",2,50,"GANNAWARRA","NORTHERN REGION",-35.7350429,143.9254116,"Dry","Clear"
"T20190026426","19/12/19",11:40:00,"Collision with vehicle","Thursday","Day",2,2,"Multiple intersection",3,60,"BANYULE","METROPOLITAN NORTH WEST REGION",-37.73728089,145.0748086,"Unknown","Not known"
"T20190026427","29/12/19",16:30:00,"Vehicle overturned (no collision)","Sunday","Day",1,1,"Not at intersection",3,80,"CARDINIA","METROPOLITAN SOUTH EAST REGION",-37.92074695,145.5629816,"Dry","Clear"
"T20190026433","29/12/19",16:38:00,"Vehicle overturned (no collision)","Sunday","Day",1,1,"Not at intersection",2,70,"MANNINGHAM","METROPOLITAN SOUTH EAST REGION",-37.74776209,145.2003254,"Dry","Clear"
"T20190026434","29/12/19",19:20:00,"Collision with vehicle","Sunday","Day",2,2,"Cross intersection",3,40,"YARRA","METROPOLITAN NORTH WEST REGION",-37.78786139,144.9745882,"Dry","Clear"
"T20190026435","29/12/19",19:18:00,"Collision with vehicle","Sunday","Day",2,3,"T intersection",3,60,"CASEY","METROPOLITAN SOUTH EAST REGION",-38.05881731,145.2628172,"Dry","Clear"
"T20190026436","29/12/19",21:20:00,"Collision with a fixed object","Sunday","Dark No street lights",1,6,"Not at intersection",3,110,"MITCHELL","NORTHERN REGION",-37.47327999,144.9734157,"Dry","Clear"
"T20190026437","26/11/19",15:22:00,"Collision with vehicle","Tuesday","Day",2,4,"T intersection",3,60,"KNOX","METROPOLITAN SOUTH EAST REGION",-37.86163478,145.3045736,"Dry","Clear"
"T20190026438","29/12/19",23:30:00,"Collision with a fixed object","Sunday","Dark Street lights on",1,2,"Cross intersection",3,100,"BASS COAST","EASTERN REGION",-38.46781252,145.4399959,"Dry","Clear"
"T20190026439","30/12/19",02:00:00,"Collision with vehicle","Monday","Dark Street lights on",3,3,"Not at intersection",2,50,"WYNDHAM","METROPOLITAN NORTH WEST REGION",-37.84966891,144.6667532,"Dry","Clear"
"T20190026441","30/12/19",02:58:00,"Collision with vehicle","Monday","Dark Street lights on",2,3,"T intersection",3,60,"MOONEE VALLEY","METROPOLITAN NORTH WEST REGION",-37.78251951,144.9222316,"Dry","Clear"
"T20190026447","30/12/19",06:50:00,"Collision with a fixed object","Monday","Dusk/Dawn",1,1,"Not at intersection",2,80,"YARRA RANGES","METROPOLITAN SOUTH EAST REGION",-37.78035513,145.5364007,"Dry","Clear"
"T20190026448","30/12/19",07:15:00,"Collision with vehicle","Monday","Day",3,5,"T intersection",3,60,"BOROONDARA","METROPOLITAN SOUTH EAST REGION",-37.82559754,145.0943188,"Dry","Clear"
"T20190026449","29/12/19",17:30:00,"Collision with vehicle","Sunday","Day",2,2,"Cross intersection",3,50,"MOONEE VALLEY","METROPOLITAN NORTH WEST REGION",-37.75651156,144.9301815,"Dry","Clear"
"T20190026451","17/11/19",15:00:00,"No collision and no object struck","Sunday","Unknown",1,1,"T intersection",3,60,"HUME","METROPOLITAN NORTH WEST REGION",-37.57503815,144.7275164,"Unknown","Not known"
"T20190026452","28/12/19",18:00:00,"Struck Pedestrian","Saturday","Day",1,2,"Not at intersection",3,777,"GEELONG","SOUTH WESTERN REGION",-38.11049331,144.6378318,"Dry","Clear"
"T20190026454","19/12/19",16:00:00,"Collision with vehicle","Thursday","Day",2,1,"Not at intersection",3,40,"MELBOURNE","METROPOLITAN NORTH WEST REGION",-37.79381658,144.9462104,"Dry","Clear"
"T20190026455","29/12/19",17:00:00,"Vehicle overturned (no collision)","Sunday","Day",1,1,"Not at intersection",3,40,"GEELONG","SOUTH WESTERN REGION",-38.13602042,144.4204158,"Dry","Not known"
"T20190026456","10/12/19",18:50:00,"Collision with vehicle","Tuesday","Unknown",2,2,"Cross intersection",3,60,"BANYULE","METROPOLITAN NORTH WEST REGION",-37.70252623,145.0841614,"Unknown","Not known"
"T20190026457","2/12/19",16:30:00,"Collision with vehicle","Monday","Day",2,3,"Cross intersection",3,50,"DAREBIN","METROPOLITAN NORTH WEST REGION",-37.69637213,145.0158316,"Unknown","Clear"
"T20190026458","22/12/19",16:20:00,"No collision and no object struck","Sunday","Day",1,1,"Not at intersection",3,100,"BAW BAW","EASTERN REGION",-38.0340477,145.9296647,"Dry","Not known"
"T20190026461","30/12/19",12:10:00,"Collision with vehicle","Monday","Day",2,2,"Not at intersection",3,60,"HOBSONS BAY","METROPOLITAN NORTH WEST REGION",-37.85371039,144.8444207,"Dry","Clear"
"T20190026467","29/12/19",20:45:00,"Vehicle overturned (no collision)","Sunday","Dark No street lights",1,1,"Not at intersection",3,100,"GLENELG","SOUTH WESTERN REGION",-37.92560927,141.1800573,"Dry","Clear"
"T20190026468","27/12/19",09:30:00,"Collision with a fixed object","Friday","Unknown",2,2,"Not at intersection",3,80,"YARRA RANGES","METROPOLITAN SOUTH EAST REGION",-37.73980435,145.5255843,"Unknown","Not known"
"T20190026470","30/12/19",13:45:00,"Collision with vehicle","Monday","Day",2,3,"T intersection",3,50,"MORNINGTON PENINSULA","METROPOLITAN SOUTH EAST REGION",-38.33564114,144.95868,"Dry","Clear"
"T20190026472","26/10/19",18:12:00,"Collision with vehicle","Saturday","Day",2,2,"Not at intersection",3,999,"STONNINGTON","METROPOLITAN SOUTH EAST REGION",-37.88200148,145.050719,"Dry","Not known"
"T20190026473","12/12/19",18:00:00,"Collision with vehicle","Thursday","Unknown",2,2,"Cross intersection",3,70,"HUME","METROPOLITAN NORTH WEST REGION",-37.68455285,144.8828859,"Dry","Clear"
"T20190026474","30/12/19",11:42:00,"Collision with vehicle","Monday","Day",2,1,"Not at intersection",3,60,"BALLARAT","WESTERN REGION",-37.55500472,143.8808479,"Dry","Clear"
"T20190026474","30/12/19",11:42:00,"Collision with vehicle","Monday","Day",2,1,"Not at intersection",3,60,"BALLARAT","WESTERN REGION",-37.55500472,143.8808479,"Dry","Strong winds"
"T20190026475","21/12/19",14:10:00,"No collision and no object struck","Saturday","Day",1,1,"Not at intersection",3,100,"MOYNE","SOUTH WESTERN REGION",-38.23552994,142.4765376,"Dry","Clear"
"T20190026476","27/12/19",14:00:00,"Collision with vehicle","Friday","Day",2,2,"T intersection",2,60,"MARIBYRNONG","METROPOLITAN NORTH WEST REGION",-37.81652695,144.8827599,"Dry","Clear"
"T20190026478","28/12/19",22:40:00,"Collision with vehicle","Saturday","Dark Street lights on",2,4,"Cross intersection",3,70,"GEELONG","SOUTH WESTERN REGION",-38.1683983,144.3845688,"Dry","Clear"
"T20190026479","12/10/19",20:30:00,"Collision with vehicle","Saturday","Dark Street lights on",2,2,"Not at intersection",3,60,"GEELONG","SOUTH WESTERN REGION",-38.19575134,144.3431255,"Dry","Clear"
"T20190026480","28/12/19",19:24:00,"Collision with a fixed object","Saturday","Dusk/Dawn",2,3,"Not at intersection",3,60,"PORT PHILLIP","METROPOLITAN NORTH WEST REGION",-37.83850695,144.9690438,"Dry","Clear"
"T20190026481","30/12/19",13:45:00,"Struck Pedestrian","Monday","Day",2,2,"T intersection",3,50,"GEELONG","SOUTH WESTERN REGION",-38.20828882,144.3060051,"Dry","Clear"
"T20190026483","21/12/19",18:00:00,"No collision and no object struck","Saturday","Unknown",1,1,"Not at intersection",3,888,"MITCHELL","NORTHERN REGION",-37.35385914,145.1076761,"Unknown","Not known"
"T20190026484","7/12/19",11:30:00,"Collision with vehicle","Saturday","Unknown",2,2,"Not at intersection",3,999,"MELBOURNE","METROPOLITAN NORTH WEST REGION",-37.81170895,144.9675993,"Unknown","Not known"
"T20190026485","19/12/19",07:00:00,"Collision with vehicle","Thursday","Day",2,1,"Not at intersection",3,50,"MELBOURNE","METROPOLITAN NORTH WEST REGION",-37.78206002,144.9495581,"Dry","Clear"
"T20190026487","30/12/19",11:15:00,"Collision with vehicle","Monday","Day",2,2,"Cross intersection",2,60,"BENDIGO","NORTHERN REGION",-36.73930848,144.2620063,"Dry","Clear"
"T20190026489","30/12/19",13:15:00,"Collision with vehicle","Monday","Day",2,5,"Cross intersection",3,80,"MOIRA","NORTH EASTERN REGION",-35.91353937,145.6318731,"Dry","Clear"
"T20190026491","30/12/19",15:08:00,"Collision with a fixed object","Monday","Day",1,1,"Not at intersection",3,80,"WARRNAMBOOL","SOUTH WESTERN REGION",-38.34230295,142.5128237,"Dry","Clear"
"T20190026491","30/12/19",15:08:00,"Collision with a fixed object","Monday","Day",1,1,"Not at intersection",3,80,"WARRNAMBOOL","SOUTH WESTERN REGION",-38.34230295,142.5128237,"Dry","Strong winds"
"T20190026496","30/12/19",16:40:00,"Collision with vehicle","Monday","Day",2,5,"Not at intersection",3,80,"COLAC OTWAY","SOUTH WESTERN REGION",-38.78283215,143.6336696,"Dry","Clear"
"T20190026497","30/12/19",18:55:00,"Collision with vehicle","Monday","Day",2,2,"T intersection",3,60,"HUME","METROPOLITAN NORTH WEST REGION",-37.59857951,144.9379206,"Dry","Clear"
"T20190026497","30/12/19",18:55:00,"Collision with vehicle","Monday","Day",2,2,"T intersection",3,60,"HUME","METROPOLITAN NORTH WEST REGION",-37.59857951,144.9379206,"Dry","Strong winds"
"T20190026500","29/12/19",19:30:00,"No collision and no object struck","Sunday","Unknown",1,1,"T intersection",2,999,"CARDINIA","METROPOLITAN SOUTH EAST REGION",-38.00532696,145.5141996,"Dry","Clear"
"T20190026501","30/12/19",19:05:00,"Collision with vehicle","Monday","Day",2,2,"T intersection",3,60,"BALLARAT","WESTERN REGION",-37.56567438,143.8863515,"Wet","Clear"
"T20190026506","30/12/19",20:45:00,"Collision with a fixed object","Monday","Dark No street lights",1,2,"Not at intersection",2,100,"SHEPPARTON","NORTH EASTERN REGION",-36.34843238,145.3359274,"Dry","Clear"
"T20190026507","23/4/19",07:45:00,"Collision with vehicle","Tuesday","Unknown",2,2,"Not at intersection",3,100,"BRIMBANK","METROPOLITAN NORTH WEST REGION",-37.74639618,144.8391533,"Unknown","Not known"
"T20190026510","30/12/19",15:47:00,"Collision with a fixed object","Monday","Day",1,3,"Not at intersection",2,40,"YARRA","METROPOLITAN NORTH WEST REGION",-37.82362688,144.9982984,"Dry","Clear"
"T20190026511","29/12/19",17:50:00,"Collision with vehicle","Sunday","Day",2,2,"Not at intersection",3,80,"STONNINGTON","METROPOLITAN SOUTH EAST REGION",-37.84228408,145.0394664,"Dry","Clear"
"T20190026513","31/12/19",01:25:00,"Collision with a fixed object","Tuesday","Dark Street lights on",1,2,"T intersection",3,60,"STONNINGTON","METROPOLITAN SOUTH EAST REGION",-37.84725575,144.9847564,"Wet","Clear"
"T20190026514","31/12/19",01:40:00,"Collision with a fixed object","Tuesday","Dark Street lights on",1,2,"Not at intersection",3,50,"SURF COAST","SOUTH WESTERN REGION",-38.30886281,144.3334604,"Dry","Clear"
"T20190026518","31/12/19",06:00:00,"Collision with a fixed object","Tuesday","Dusk/Dawn",1,1,"Not at intersection",2,100,"GANNAWARRA","NORTHERN REGION",-35.77015542,143.707035,"Dry","Clear"
"T20190026520","28/12/19",17:00:00,"Collision with vehicle","Saturday","Day",2,2,"Not at intersection",3,60,"MORNINGTON PENINSULA","METROPOLITAN SOUTH EAST REGION",-38.36754385,144.8602547,"Dry","Clear"
"T20190026521","27/11/19",05:30:00,"Collision with vehicle","Wednesday","Dusk/Dawn",2,2,"T intersection",3,60,"WYNDHAM","METROPOLITAN NORTH WEST REGION",-37.88984103,144.674292,"Dry","Clear"
"T20190026522","29/12/19",10:30:00,"Collision with vehicle","Sunday","Day",2,2,"Multiple intersection",3,50,"HUME","METROPOLITAN NORTH WEST REGION",-37.59197305,144.9420799,"Dry","Clear"
"T20190026526","31/12/19",09:05:00,"Collision with vehicle","Tuesday","Day",4,3,"Not at intersection",3,40,"DAREBIN","METROPOLITAN NORTH WEST REGION",-37.73704135,144.9946639,"Dry","Clear"
"T20190026527","31/12/19",09:55:00,"Collision with a fixed object","Tuesday","Day",1,1,"Cross intersection",3,70,"MANNINGHAM","METROPOLITAN SOUTH EAST REGION",-37.76352648,145.1660047,"Dry","Clear"
"T20190026529","31/12/19",10:45:00,"Collision with vehicle","Tuesday","Day",2,2,"Cross intersection",3,50,"BALLARAT","WESTERN REGION",-37.56095233,143.8504425,"Dry","Clear"
"T20190026530","31/12/19",10:00:00,"Collision with vehicle","Tuesday","Day",2,6,"Cross intersection",3,60,"MORELAND","METROPOLITAN NORTH WEST REGION",-37.7521452,144.9360689,"Dry","Clear"
"T20190026531","24/12/19",20:00:00,"No collision and no object struck","Tuesday","Dusk/Dawn",1,1,"Not at intersection",3,80,"ALPINE","NORTH EASTERN REGION",-36.70873542,146.8065956,"Dry","Clear"
"T20190026533","31/12/19",12:12:00,"Collision with vehicle","Tuesday","Day",2,2,"Not at intersection",3,30,"DAREBIN","METROPOLITAN NORTH WEST REGION",-37.747922,145.0269533,"Dry","Clear"
"T20190026534","30/12/19",14:27:00,"Collision with vehicle","Monday","Day",2,3,"Cross intersection",3,60,"DANDENONG","METROPOLITAN SOUTH EAST REGION",-37.99454633,145.1754185,"Dry","Clear"
"T20190026536","20/12/19",12:30:00,"Other accident","Friday","Day",1,1,"Not at intersection",3,100,"MELTON","METROPOLITAN NORTH WEST REGION",-37.68697207,144.533912,"Dry","Clear"
"T20190026537","31/12/19",11:10:00,"Collision with vehicle","Tuesday","Day",2,3,"Not at intersection",3,100,"FRANKSTON","METROPOLITAN SOUTH EAST REGION",-38.07873664,145.1792379,"Dry","Clear"
"T20190026541","31/12/19",12:15:00,"Collision with vehicle","Tuesday","Day",2,2,"Not at intersection",3,80,"MAROONDAH","METROPOLITAN SOUTH EAST REGION",-37.76764744,145.2998039,"Dry","Clear"
"T20190026542","28/12/19",05:00:00,"Collision with a fixed object","Saturday","Dark Street lights unknown",1,1,"Not at intersection",2,60,"BALLARAT","WESTERN REGION",-37.56925038,143.8465465,"Dry","Clear"
"T20190026543","30/12/19",12:50:00,"Collision with vehicle","Monday","Day",2,6,"T intersection",3,100,"CARDINIA","METROPOLITAN SOUTH EAST REGION",-38.07495896,145.6713266,"Dry","Clear"
"T20190026546","31/12/19",10:29:00,"Collision with vehicle","Tuesday","Day",2,4,"Cross intersection",1,80,"GEELONG","SOUTH WESTERN REGION",-38.06651956,144.2921428,"Dry","Clear"
"T20190026550","31/12/19",11:40:00,"Struck Pedestrian","Tuesday","Day",1,2,"Not at intersection",2,60,"BANYULE","METROPOLITAN NORTH WEST REGION",-37.7071867,145.1103794,"Dry","Clear"
"T20190026554","31/12/19",15:47:00,"Collision with vehicle","Tuesday","Day",2,2,"Cross intersection",3,50,"CAMPASPE","NORTHERN REGION",-36.13962311,144.7464421,"Dry","Clear"
"T20190026556","31/12/19",15:14:00,"Collision with vehicle","Tuesday","Day",2,4,"Not at intersection",3,80,"KNOX","METROPOLITAN SOUTH EAST REGION",-37.84655139,145.2186562,"Dry","Clear"
"T20190026561","31/12/19",16:10:00,"Collision with vehicle","Tuesday","Day",2,2,"Not at intersection",3,60,"NILLUMBIK","METROPOLITAN NORTH WEST REGION",-37.7185359,145.1421427,"Dry","Clear"
"T20190026562","13/12/19",15:30:00,"Collision with vehicle","Friday","Day",3,3,"Not at intersection",3,60,"WHITTLESEA","METROPOLITAN NORTH WEST REGION",-37.62280498,145.0265498,"Dry","Clear"
"T20190026564","31/12/19",16:01:00,"Collision with vehicle","Tuesday","Day",2,5,"T intersection",3,60,"MELTON","METROPOLITAN NORTH WEST REGION",-37.71399164,144.572943,"Dry","Clear"
"T20190026566","30/12/19",12:45:00,"Struck animal","Monday","Day",1,1,"Not at intersection",2,100,"WANGARATTA","NORTH EASTERN REGION",-36.87739288,146.3815084,"Dry","Clear"
"T20190026567","31/12/19",17:00:00,"Vehicle overturned (no collision)","Tuesday","Day",1,2,"Not at intersection",3,100,"MOIRA","NORTH EASTERN REGION",-36.0864881,144.8437012,"Dry","Clear"
"T20190026568","31/12/19",13:45:00,"Collision with vehicle","Tuesday","Day",3,4,"Not at intersection",3,100,"GEELONG","SOUTH WESTERN REGION",-38.18291999,144.6882402,"Dry","Clear"
"T20190026570","31/12/19",17:51:00,"Collision with vehicle","Tuesday","Day",2,4,"T intersection",3,70,"MANNINGHAM","METROPOLITAN SOUTH EAST REGION",-37.7520671,145.1529943,"Dry","Clear"
"T20190026581","31/12/19",18:30:00,"Vehicle overturned (no collision)","Tuesday","Dusk/Dawn",1,1,"Not at intersection",2,100,"ARARAT","WESTERN REGION",-37.58678728,142.583664,"Dry","Clear"
"T20200000002","31/12/19",23:10:00,"Collision with a fixed object","Tuesday","Dark No street lights",1,2,"Not at intersection",3,50,"HUME","METROPOLITAN NORTH WEST REGION",-37.57152366,144.9162101,"Dry","Clear"
"T20200000003","31/12/19",23:30:00,"Collision with a fixed object","Tuesday","Dark Street lights on",1,2,"Multiple intersection",3,80,"HUME","METROPOLITAN NORTH WEST REGION",-37.59676428,144.9431642,"Dry","Clear"
"T20200000004","31/12/19",22:00:00,"Collision with vehicle","Tuesday","Dark No street lights",3,11,"Not at intersection",3,60,"BASS COAST","EASTERN REGION",-38.43118827,145.4475148,"Dry","Clear"
"T20200000023","29/12/19",14:00:00,"collision with some other object","Sunday","Day",1,1,"Not at intersection",3,999,"SURF COAST","SOUTH WESTERN REGION",-38.37779022,143.9591623,"Unknown","Not known"
"T20200000030","31/12/19",14:30:00,"Collision with vehicle","Tuesday","Day",2,2,"Not at intersection",3,40,"MORELAND","METROPOLITAN NORTH WEST REGION",-37.77161492,144.9618534,"Dry","Clear"
"T20200000032","31/12/19",17:50:00,"Collision with vehicle","Tuesday","Day",2,4,"T intersection",3,70,"MORELAND","METROPOLITAN NORTH WEST REGION",-37.70100888,144.9601083,"Dry","Clear"
"T20200000034","31/12/19",23:20:00,"Collision with vehicle","Tuesday","Dark No street lights",2,3,"Not at intersection",3,100,"GANNAWARRA","NORTHERN REGION",-35.8338191,144.2486763,"Dry","Clear"
"T20200000035","30/12/19",14:50:00,"Collision with vehicle","Monday","Day",2,2,"T intersection",3,999,"MELBOURNE","METROPOLITAN NORTH WEST REGION",-37.78572148,144.9695,"Unknown","Clear"
"T20200000039","3/11/19",23:15:00,"Collision with vehicle","Sunday","Dark Street lights on",2,2,"T intersection",3,60,"BOROONDARA","METROPOLITAN SOUTH EAST REGION",-37.81353116,145.0268718,"Dry","Clear"
"T20200000042","24/12/19",22:40:00,"Collision with a fixed object","Tuesday","Dark Street lights on",1,1,"Not at intersection",3,999,"MITCHELL","NORTHERN REGION",-37.35041333,145.1060826,"Dry","Clear"
"T20200000050","31/12/19",16:40:00,"Collision with vehicle","Tuesday","Day",2,2,"T intersection",3,60,"STONNINGTON","METROPOLITAN SOUTH EAST REGION",-37.85361191,145.0062634,"Dry","Clear"
"T20200000057","31/12/19",21:00:00,"Vehicle overturned (no collision)","Tuesday","Dusk/Dawn",1,1,"Not at intersection",3,100,"MOIRA","NORTH EASTERN REGION",-35.84437524,145.4569602,"Dry","Clear"
"T20200000059","12/12/19",19:10:00,"Collision with vehicle","Thursday","Day",2,2,"T intersection",3,50,"PORT PHILLIP","METROPOLITAN NORTH WEST REGION",-37.86810158,144.977903,"Dry","Clear"
"T20200000085","29/12/19",11:30:00,"Vehicle overturned (no collision)","Sunday","Day",1,1,"Not at intersection",3,888,"ALPINE","NORTH EASTERN REGION",-36.78853851,147.1463989,"Dry","Dust"
"T20200000092","31/12/19",10:40:00,"Collision with vehicle","Tuesday","Day",2,2,"Not at intersection",3,60,"QUEENSCLIFFE","SOUTH WESTERN REGION",-38.27174499,144.6240944,"Dry","Clear"
"T20200000098","31/12/19",14:30:00,"Vehicle overturned (no collision)","Tuesday","Day",1,1,"Not at intersection",3,999,"MURRINDINDI","NORTH EASTERN REGION",-37.35979853,145.5651345,"Unknown","Not known"
"T20200000106","30/12/19",09:10:00,"Struck Pedestrian","Monday","Day",1,2,"Not at intersection",3,50,"MILDURA","WESTERN REGION",-34.18665105,142.1586641,"Dry","Clear"
"T20200000111","29/12/19",17:20:00,"Collision with vehicle","Sunday","Day",2,3,"T intersection",3,100,"CORANGAMITE","SOUTH WESTERN REGION",-37.9509434,143.1897994,"Dry","Clear"
"T20200000125","31/12/19",18:30:00,"Struck Pedestrian","Tuesday","Day",1,2,"T intersection",3,50,"WYNDHAM","METROPOLITAN NORTH WEST REGION",-37.87036382,144.6913823,"Dry","Clear"
"T20200000137","28/12/19",13:16:00,"Collision with vehicle","Saturday","Day",2,2,"T intersection",3,999,"WYNDHAM","METROPOLITAN NORTH WEST REGION",-37.89694628,144.6391944,"Unknown","Clear"
"T20200000142","29/12/19",07:15:00,"Struck animal","Sunday","Day",1,1,"Not at intersection",2,100,"CENTRAL GOLDFIELDS","WESTERN REGION",-36.84821819,143.5530006,"Dry","Not known"
"T20200000145","4/12/19",17:30:00,"Collision with vehicle","Wednesday","Unknown",2,2,"Y intersection",3,999,"HUME","METROPOLITAN NORTH WEST REGION",-37.68490309,144.9172791,"Unknown","Not known"
"T20200000149","28/12/19",15:30:00,"Collision with vehicle","Saturday","Day",2,2,"T intersection",3,80,"CASEY","METROPOLITAN SOUTH EAST REGION",-38.04399703,145.3414662,"Dry","Clear"
"T20200000160","10/11/19",12:14:00,"Collision with vehicle","Sunday","Day",3,3,"Not at intersection",3,60,"PORT PHILLIP","METROPOLITAN NORTH WEST REGION",-37.871157,144.9889382,"Dry","Clear"
"T20200000176","31/12/19",19:00:00,"collision with some other object","Tuesday","Day",1,1,"Not at intersection",3,999,"MURRINDINDI","NORTH EASTERN REGION",-37.34241657,145.5673257,"Unknown","Dust"
"T20200000179","17/12/19",07:15:00,"Collision with vehicle","Tuesday","Day",2,2,"T intersection",3,100,"BRIMBANK","METROPOLITAN NORTH WEST REGION",-37.70862857,144.8869553,"Dry","Clear"
"T20200000182","31/1/19",15:05:00,"Collision with vehicle","Thursday","Day",2,3,"Cross intersection",3,40,"YARRA","METROPOLITAN NORTH WEST REGION",-37.79067527,144.9797652,"Dry","Clear"
"T20200000185","15/11/19",09:30:00,"Collision with vehicle","Friday","Day",2,2,"Not at intersection",3,40,"GEELONG","SOUTH WESTERN REGION",-38.17962641,144.5510972,"Dry","Clear"
"T20200000193","23/12/19",14:15:00,"Collision with vehicle","Monday","Day",2,4,"Not at intersection",2,80,"KINGSTON","METROPOLITAN SOUTH EAST REGION",-37.94865789,145.0456734,"Dry","Clear"
"T20200000230","23/12/19",13:05:00,"Collision with vehicle","Monday","Day",2,2,"Cross intersection",3,50,"WHITEHORSE","METROPOLITAN SOUTH EAST REGION",-37.82836908,145.1434096,"Dry","Clear"
"T20200000309","11/10/19",20:00:00,"collision with some other object","Friday","Dark Street lights unknown",1,2,"Not at intersection",3,999,"COLAC OTWAY","SOUTH WESTERN REGION",-38.64030935,143.65543,"Unknown","Not known"
"T20200000338","18/12/19",14:45:00,"Collision with vehicle","Wednesday","Day",2,2,"Cross intersection",3,999,"PORT PHILLIP","METROPOLITAN NORTH WEST REGION",-37.83346265,144.9676697,"Dry","Not known"
"T20200000345","19/12/19",14:10:00,"Collision with vehicle","Thursday","Day",2,3,"Not at intersection",3,60,"WHITTLESEA","METROPOLITAN NORTH WEST REGION",-37.64931068,145.0253416,"Dry","Clear"
"T20200000346","31/12/19",15:50:00,"Collision with vehicle","Tuesday","Unknown",2,3,"Not at intersection",3,60,"MORELAND","METROPOLITAN NORTH WEST REGION",-37.77525576,144.9710953,"Unknown","Clear"
"T20200000354","31/12/19",11:45:00,"Vehicle overturned (no collision)","Tuesday","Day",1,1,"T intersection",3,999,"COLAC OTWAY","SOUTH WESTERN REGION",-38.55411635,143.6145541,"Unknown","Dust"
"T20200000366","19/12/19",18:00:00,"Vehicle overturned (no collision)","Thursday","Day",1,1,"T intersection",3,60,"GEELONG","SOUTH WESTERN REGION",-38.11084916,144.629827,"Dry","Clear"
"T20200000381","31/12/19",13:00:00,"Vehicle overturned (no collision)","Tuesday","Day",1,1,"Not at intersection",3,888,"MANSFIELD","NORTH EASTERN REGION",-37.37809243,146.0683809,"Unknown","Not known"
"T20200000388","10/12/19",02:50:00,"Collision with vehicle","Tuesday","Unknown",2,2,"Cross intersection",3,60,"DAREBIN","METROPOLITAN NORTH WEST REGION",-37.71934911,145.0212085,"Unknown","Not known"
"T20200000412","16/12/19",05:00:00,"Collision with a fixed object","Monday","Dusk/Dawn",1,1,"Not at intersection",3,80,"LATROBE","EASTERN REGION",-38.38596612,146.5627681,"Wet","Raining"
"T20200000412","16/12/19",05:00:00,"Collision with a fixed object","Monday","Dusk/Dawn",1,1,"Not at intersection",3,80,"LATROBE","EASTERN REGION",-38.38596612,146.5627681,"Wet","Fog"
"T20200000416","2/11/19",12:15:00,"Collision with vehicle","Saturday","Day",2,3,"T intersection",3,60,"GEELONG","SOUTH WESTERN REGION",-38.17406534,144.3525317,"Wet","Raining"
"T20200000427","21/12/19",21:45:00,"Collision with vehicle","Saturday","Dusk/Dawn",2,6,"T intersection",3,50,"GEELONG","SOUTH WESTERN REGION",-38.15571527,144.574174,"Dry","Clear"
"T20200000434","30/12/19",08:40:00,"Collision with vehicle","Monday","Day",2,2,"Cross intersection",2,60,"MORNINGTON PENINSULA","METROPOLITAN SOUTH EAST REGION",-38.26128244,145.1667296,"Dry","Clear"
"T20200000435","23/11/19",21:15:00,"Collision with vehicle","Saturday","Dark Street lights on",2,2,"Cross intersection",3,70,"CAMPASPE","NORTHERN REGION",-36.14067804,144.7295123,"Dry","Clear"
"T20200000436","12/6/19",12:00:00,"Collision with vehicle","Wednesday","Day",2,2,"Cross intersection",3,999,"DAREBIN","METROPOLITAN NORTH WEST REGION",-37.69667418,145.0184621,"Unknown","Not known"
"T20200000448","5/12/19",17:45:00,"Collision with vehicle","Thursday","Day",2,2,"Multiple intersection",3,60,"WHITEHORSE","METROPOLITAN SOUTH EAST REGION",-37.83374541,145.1630824,"Dry","Clear"
"T20200000455","31/12/19",20:30:00,"Collision with vehicle","Tuesday","Dusk/Dawn",2,2,"Not at intersection",3,50,"MORNINGTON PENINSULA","METROPOLITAN SOUTH EAST REGION",-38.47566987,145.0234467,"Dry","Not known"
"T20200000466","31/12/19",15:01:00,"Collision with vehicle","Tuesday","Unknown",2,2,"Not at intersection",3,100,"DANDENONG","METROPOLITAN SOUTH EAST REGION",-38.04403873,145.142631,"Unknown","Not known"
"T20200000471","10/11/19",00:30:00,"Collision with a fixed object","Sunday","Dark No street lights",1,1,"T intersection",3,100,"CORANGAMITE","SOUTH WESTERN REGION",-38.51901353,143.0294459,"Dry","Clear"