"ACCIDENT_NO","ACCIDENTDATE","ACCIDENTTIME","Accident Type Desc","Day Week Description","Light Condition Desc","NO_OF_VEHICLES","NO_PERSONS","Road Geometry Desc","SEVERITY","SPEED_ZONE","LGA_NAME","REGION_NAME","Lat","Long","Surface Cond Desc","Atmosph Cond Desc"
"T20200000495","30/12/19",20:30:00,"Collision with vehicle","Monday","Dusk/Dawn",2,2,"Cross intersection",3,50,"CAMPASPE","NORTHERN REGION",-36.12343265,144.7468297,"Dry","Clear"
"T20200000496","3/12/19",15:30:00,"Collision with vehicle","Tuesday","Day",2,2,"Not at intersection",3,999,"MELBOURNE","METROPOLITAN NORTH WEST REGION",-37.82904189,144.9880304,"Dry","Clear"
"T20200000498","22/12/19",14:45:00,"Collision with vehicle","Sunday","Day",2,2,"Not at intersection",3,50,"WYNDHAM","METROPOLITAN NORTH WEST REGION",-37.87512835,144.6721789,"Dry","Clear"
"T20200000499","16/11/19",15:00:00,"Collision with vehicle","Saturday","Day",2,2,"T intersection",3,60,"WHITTLESEA","METROPOLITAN NORTH WEST REGION",-37.65728194,145.0201129,"Dry","Clear"
"T20200000501","25/11/19",07:06:00,"Collision with vehicle","Monday","Day",2,2,"Cross intersection",3,50,"BOROONDARA","METROPOLITAN SOUTH EAST REGION",-37.80060625,145.040969,"Dry","Clear"
"T20200000503","31/12/19",23:30:00,"Collision with vehicle","Tuesday","Dark Street lights unknown",2,2,"Not at intersection",3,80,"MELBOURNE","METROPOLITAN NORTH WEST REGION",-37.82547054,144.9404255,"Dry","Clear"
"T20200000511","22/10/19",17:30:00,"Collision with vehicle","Tuesday","Unknown",2,2,"Not at intersection",3,999,"MONASH","METROPOLITAN SOUTH EAST REGION",-37.89214949,145.1255018,"Unknown","Not known"
"T20200000513","28/9/19",19:30:00,"Collision with a fixed object","Saturday","Dusk/Dawn",1,1,"Not at intersection",3,100,"CORANGAMITE","SOUTH WESTERN REGION",-38.47055267,142.8492557,"Dry","Not known"
"T20200000517","31/12/19",09:00:00,"Collision with vehicle","Tuesday","Day",2,2,"T intersection",3,60,"MELBOURNE","METROPOLITAN NORTH WEST REGION",-37.78785355,144.9266494,"Dry","Clear"
"T20200000522","25/12/19",22:45:00,"Collision with vehicle","Wednesday","Dark Street lights on",2,1,"Not at intersection",3,60,"HUME","METROPOLITAN NORTH WEST REGION",-37.56305185,144.885448,"Dry","Clear"
"T20200000565","6/10/19",16:00:00,"Collision with a fixed object","Sunday","Day",1,1,"Not at intersection",3,100,"MURRINDINDI","NORTH EASTERN REGION",-37.31045657,145.5683999,"Unknown","Not known"
"T20200000576","24/12/19",13:00:00,"Vehicle overturned (no collision)","Tuesday","Day",1,1,"Not at intersection",3,80,"MANSFIELD","NORTH EASTERN REGION",-37.30812323,146.0868102,"Dry","Clear"
"T20200000586","18/12/19",17:45:00,"Collision with vehicle","Wednesday","Day",2,2,"Not at intersection",3,60,"FRANKSTON","METROPOLITAN SOUTH EAST REGION",-38.09067344,145.1283082,"Dry","Clear"
"T20200000588","28/10/19",17:20:00,"Collision with vehicle","Monday","Day",2,2,"Not at intersection",3,80,"SURF COAST","SOUTH WESTERN REGION",-38.30160103,144.2664167,"Dry","Clear"
"T20200000592","20/12/19",13:25:00,"Collision with vehicle","Friday","Day",2,4,"Cross intersection",3,80,"KINGSTON","METROPOLITAN SOUTH EAST REGION",-37.93880084,145.0796506,"Dry","Clear"
"T20200000596","9/12/19",13:40:00,"Collision with vehicle","Monday","Day",2,2,"Not at intersection",3,80,"BAYSIDE","METROPOLITAN SOUTH EAST REGION",-37.91603142,145.0178828,"Dry","Clear"
"T20200000600","8/11/19",16:15:00,"Collision with vehicle","Friday","Unknown",2,2,"Not at intersection",3,999,"YARRA RANGES","METROPOLITAN SOUTH EAST REGION",-37.96474497,145.3320331,"Unknown","Not known"
"T20200000601","17/12/19",17:30:00,"Collision with vehicle","Tuesday","Day",2,2,"Not at intersection",3,50,"YARRA","METROPOLITAN NORTH WEST REGION",-37.8048315,144.9905027,"Dry","Clear"
"T20200000605","6/7/19",14:30:00,"Collision with a fixed object","Saturday","Day",1,1,"Not at intersection",3,888,"YARRA RANGES","METROPOLITAN SOUTH EAST REGION",-37.58272831,145.4803053,"Unknown","Not known"
"T20200000609","24/10/19",19:00:00,"Struck animal","Thursday","Day",1,2,"Not at intersection",3,100,"SOUTH GIPPSLAND","EASTERN REGION",-38.52450179,146.2167325,"Unknown","Clear"
"T20200000635","13/12/19",16:30:00,"Collision with vehicle","Friday","Day",2,3,"T intersection",3,60,"BOROONDARA","METROPOLITAN SOUTH EAST REGION",-37.80707911,145.0254488,"Unknown","Clear"
"T20200000645","31/12/19",13:10:00,"Vehicle overturned (no collision)","Tuesday","Day",1,1,"T intersection",3,100,"BENDIGO","NORTHERN REGION",-36.81262595,144.292655,"Dry","Clear"
"T20200000653","30/12/19",18:05:00,"collision with some other object","Monday","Day",2,2,"Not at intersection",3,40,"DAREBIN","METROPOLITAN NORTH WEST REGION",-37.76954608,145.0006692,"Dry","Clear"
"T20200000653","30/12/19",18:05:00,"collision with some other object","Monday","Day",2,2,"Not at intersection",3,40,"DAREBIN","METROPOLITAN NORTH WEST REGION",-37.76954608,145.0006692,"Dry","Strong winds"
"T20200000654","29/11/19",07:30:00,"Collision with vehicle","Friday","Day",2,2,"T intersection",3,80,"CASEY","METROPOLITAN SOUTH EAST REGION",-38.16086297,145.3186487,"Dry","Clear"
"T20200000664","24/12/19",11:20:00,"Struck Pedestrian","Tuesday","Day",1,2,"Not at intersection",3,777,"HOBSONS BAY","METROPOLITAN NORTH WEST REGION",-37.86371953,144.8238665,"Dry","Clear"
"T20200000676","10/3/19",13:30:00,"No collision and no object struck","Sunday","Day",1,1,"Not at intersection",3,999,"MACEDON RANGES","NORTHERN REGION",-37.4310617,144.5165147,"Unknown","Clear"
"T20200000701","22/10/19",11:25:00,"Collision with vehicle","Tuesday","Day",2,2,"Multiple intersection",3,80,"MARIBYRNONG","METROPOLITAN NORTH WEST REGION",-37.81107293,144.8696828,"Dry","Clear"
"T20200000721","14/5/19",13:30:00,"Collision with vehicle","Tuesday","Unknown",2,2,"Not at intersection",3,60,"BRIMBANK","METROPOLITAN NORTH WEST REGION",-37.72719548,144.7785976,"Dry","Not known"
"T20200000758","25/12/19",12:15:00,"Collision with vehicle","Wednesday","Unknown",3,13,"Not at intersection",3,40,"WYNDHAM","METROPOLITAN NORTH WEST REGION",-37.87362839,144.7369467,"Dry","Clear"
"T20200000780","31/12/19",15:00:00,"Collision with a fixed object","Tuesday","Day",2,4,"Not at intersection",3,50,"WYNDHAM","METROPOLITAN NORTH WEST REGION",-37.88037743,144.6683439,"Dry","Clear"
"T20200000832","20/12/19",13:45:00,"Collision with vehicle","Friday","Day",2,2,"T intersection",3,999,"STONNINGTON","METROPOLITAN SOUTH EAST REGION",-37.85957351,145.0409413,"Dry","Clear"
"T20200000841","30/12/19",07:15:00,"Collision with vehicle","Monday","Day",3,3,"T intersection",3,80,"KINGSTON","METROPOLITAN SOUTH EAST REGION",-37.98147639,145.0705804,"Dry","Clear"
"T20200000842","16/12/19",10:30:00,"Fall from or in moving vehicle","Monday","Day",1,1,"Not at intersection",3,999,"BOROONDARA","METROPOLITAN SOUTH EAST REGION",-37.82747798,145.0524339,"Wet","Raining"
"T20200000862","23/12/19",23:10:00,"Collision with a fixed object","Monday","Dark Street lights on",2,2,"Not at intersection",3,60,"YARRA","METROPOLITAN NORTH WEST REGION",-37.78613372,144.9954649,"Dry","Clear"
"T20200000868","31/12/19",10:27:00,"Collision with vehicle","Tuesday","Day",2,2,"Multiple intersection",3,80,"MAROONDAH","METROPOLITAN SOUTH EAST REGION",-37.78578855,145.2775288,"Dry","Clear"
"T20200000894","1/10/19",08:15:00,"Collision with vehicle","Tuesday","Day",2,2,"Cross intersection",3,60,"MONASH","METROPOLITAN SOUTH EAST REGION",-37.88251443,145.1089962,"Dry","Clear"
"T20200000904","8/12/19",16:35:00,"Collision with vehicle","Sunday","Day",3,5,"Cross intersection",2,60,"MARIBYRNONG","METROPOLITAN NORTH WEST REGION",-37.80735699,144.90415,"Dry","Clear"
"T20200000905","19/12/19",14:50:00,"Collision with vehicle","Thursday","Day",3,6,"T intersection",3,999,"HUME","METROPOLITAN NORTH WEST REGION",-37.6793962,144.9284913,"Dry","Clear"
"T20200000949","31/12/19",13:00:00,"Vehicle overturned (no collision)","Tuesday","Day",1,1,"Not at intersection",3,888,"MURRINDINDI","NORTH EASTERN REGION",-37.53600942,145.5933372,"Dry","Clear"
"T20200000959","26/4/19",13:30:00,"Collision with vehicle","Friday","Day",2,2,"Cross intersection",3,999,"DANDENONG","METROPOLITAN SOUTH EAST REGION",-37.99443171,145.1753423,"Wet","Raining"
"T20200000994","12/11/19",19:00:00,"Collision with vehicle","Tuesday","Day",2,2,"Not at intersection",3,999,"GLEN EIRA","METROPOLITAN SOUTH EAST REGION",-37.87446317,145.0389482,"Unknown","Clear"
"T20200001030","30/10/19",07:40:00,"Collision with vehicle","Wednesday","Day",2,2,"Not at intersection",3,100,"CASEY","METROPOLITAN SOUTH EAST REGION",-38.03257043,145.324967,"Dry","Clear"
"T20200001036","26/12/19",13:00:00,"Collision with vehicle","Thursday","Day",2,7,"Y intersection",3,60,"KINGSTON","METROPOLITAN SOUTH EAST REGION",-38.02646183,145.1325028,"Dry","Clear"
"T20200001051","23/10/19",11:20:00,"Collision with vehicle","Wednesday","Day",3,3,"Not at intersection",3,60,"BOROONDARA","METROPOLITAN SOUTH EAST REGION",-37.81816221,145.0803302,"Dry","Clear"
"T20200001055","22/12/19",17:45:00,"Collision with vehicle","Sunday","Unknown",2,2,"Not at intersection",3,40,"MOONEE VALLEY","METROPOLITAN NORTH WEST REGION",-37.77452627,144.92359,"Dry","Not known"
"T20200001057","22/9/19",23:30:00,"Collision with a fixed object","Sunday","Dark No street lights",1,1,"Not at intersection",3,100,"HORSHAM","WESTERN REGION",-36.73014531,142.1488569,"Dry","Clear"
"T20200001060","3/10/19",19:30:00,"Struck animal","Thursday","Dusk/Dawn",1,2,"Not at intersection",3,100,"GLENELG","SOUTH WESTERN REGION",-37.94049457,141.3095259,"Dry","Not known"
"T20200001062","1/12/19",02:05:00,"Collision with a fixed object","Sunday","Dark Street lights on",1,2,"T intersection",3,60,"MARIBYRNONG","METROPOLITAN NORTH WEST REGION",-37.77321205,144.8860738,"Dry","Not known"
"T20200001065","29/9/19",19:20:00,"Struck animal","Sunday","Dusk/Dawn",1,1,"Not at intersection",3,999,"BENDIGO","NORTHERN REGION",-36.83020238,144.065168,"Unknown","Not known"
"T20200001072","22/8/19",16:00:00,"Collision with vehicle","Thursday","Day",2,3,"T intersection",3,60,"BRIMBANK","METROPOLITAN NORTH WEST REGION",-37.75397259,144.832928,"Dry","Clear"
"T20200001081","28/10/19",16:30:00,"Collision with vehicle","Monday","Day",2,3,"Not at intersection",3,90,"CASEY","METROPOLITAN SOUTH EAST REGION",-38.05531203,145.2439378,"Dry","Clear"
"T20200001084","20/12/19",23:00:00,"Collision with a fixed object","Friday","Dark Street lights unknown",1,1,"T intersection",3,50,"BAYSIDE","METROPOLITAN SOUTH EAST REGION",-37.95011228,145.0150525,"Unknown","Clear"
"T20200001112","20/12/19",12:55:00,"Collision with vehicle","Friday","Day",3,3,"Not at intersection",3,50,"KNOX","METROPOLITAN SOUTH EAST REGION",-37.84810704,145.2992634,"Dry","Clear"
"T20200001122","9/11/19",11:30:00,"Collision with vehicle","Saturday","Unknown",2,2,"Cross intersection",3,999,"FRANKSTON","METROPOLITAN SOUTH EAST REGION",-38.15641573,145.1707598,"Unknown","Not known"
"T20200001133","2/12/19",15:28:00,"Collision with vehicle","Monday","Unknown",2,2,"Multiple intersection",3,80,"CASEY","METROPOLITAN SOUTH EAST REGION",-38.13371776,145.2287626,"Unknown","Not known"
"T20200001194","16/12/19",02:00:00,"No collision and no object struck","Monday","Dark No street lights",1,1,"Not at intersection",3,999,"YARRA RANGES","METROPOLITAN SOUTH EAST REGION",-37.8781261,145.7834579,"Wet","Not known"
"T20200001207","8/12/19",22:50:00,"Collision with vehicle","Sunday","Dark Street lights on",2,3,"Not at intersection",3,100,"WYNDHAM","METROPOLITAN NORTH WEST REGION",-37.84162708,144.7911444,"Dry","Not known"
"T20200001241","29/12/19",13:30:00,"Collision with vehicle","Sunday","Day",2,2,"Not at intersection",3,60,"KINGSTON","METROPOLITAN SOUTH EAST REGION",-38.03855875,145.1085213,"Unknown","Clear"
"T20200001365","14/12/19",22:00:00,"Collision with vehicle","Saturday","Dark No street lights",2,2,"Y intersection",3,80,"YARRA RANGES","METROPOLITAN SOUTH EAST REGION",-37.69218021,145.3836314,"Dry","Clear"
"T20200001378","28/12/19",14:45:00,"Collision with vehicle","Saturday","Day",2,2,"T intersection",3,999,"BRIMBANK","METROPOLITAN NORTH WEST REGION",-37.76255415,144.8311858,"Dry","Clear"
"T20200001416","24/12/19",11:15:00,"Collision with vehicle","Tuesday","Day",2,2,"T intersection",3,60,"WARRNAMBOOL","SOUTH WESTERN REGION",-38.36870237,142.4600584,"Dry","Clear"
"T20200001432","27/10/19",16:30:00,"No collision and no object struck","Sunday","Day",1,1,"Not at intersection",2,60,"NILLUMBIK","METROPOLITAN NORTH WEST REGION",-37.56277856,145.3126332,"Unknown","Not known"
"T20200001463","10/12/19",08:00:00,"Collision with vehicle","Tuesday","Day",2,2,"Not at intersection",3,100,"MELBOURNE","METROPOLITAN NORTH WEST REGION",-37.80440547,144.9344635,"Unknown","Not known"
"T20200001467","25/12/19",13:15:00,"Collision with vehicle","Wednesday","Day",2,2,"Not at intersection",2,999,"MARIBYRNONG","METROPOLITAN NORTH WEST REGION",-37.79993895,144.8981517,"Unknown","Not known"
"T20200001494","21/10/19",06:05:00,"Collision with vehicle","Monday","Dusk/Dawn",2,2,"Cross intersection",3,50,"PORT PHILLIP","METROPOLITAN NORTH WEST REGION",-37.83273402,144.9702162,"Dry","Clear"
"T20200001512","3/12/19",13:00:00,"Collision with vehicle","Tuesday","Day",3,3,"Not at intersection",3,999,"BOROONDARA","METROPOLITAN SOUTH EAST REGION",-37.82965543,145.041997,"Unknown","Not known"
"T20200001521","23/9/19",07:00:00,"Collision with vehicle","Monday","Dusk/Dawn",2,2,"Not at intersection",3,60,"GLENELG","SOUTH WESTERN REGION",-38.12698635,141.6317602,"Unknown","Clear"
"T20200001536","6/12/19",17:20:00,"Collision with vehicle","Friday","Day",2,2,"T intersection",3,80,"WANGARATTA","NORTH EASTERN REGION",-36.37144148,146.289738,"Dry","Clear"
"T20200001566","23/11/19",14:00:00,"Vehicle overturned (no collision)","Saturday","Day",1,2,"Not at intersection",3,888,"WELLINGTON","EASTERN REGION",-37.68487511,146.5134904,"Unknown","Not known"
"T20200001641","19/2/19",11:45:00,"Collision with vehicle","Tuesday","Day",2,2,"T intersection",3,60,"BOROONDARA","METROPOLITAN SOUTH EAST REGION",-37.816104,145.0274073,"Dry","Clear"
"T20200001667","28/12/19",11:00:00,"Collision with vehicle","Saturday","Unknown",2,2,"Cross intersection",3,999,"BRIMBANK","METROPOLITAN NORTH WEST REGION",-37.7419679,144.77946,"Dry","Clear"
"T20200001698","30/12/19",09:00:00,"No collision and no object struck","Monday","Day",1,1,"T intersection",3,999,"BENDIGO","NORTHERN REGION",-36.87030717,144.4463347,"Dry","Clear"
"T20200001782","31/10/19",05:30:00,"No collision and no object struck","Thursday","Day",1,1,"Not at intersection",3,80,"YARRA RANGES","METROPOLITAN SOUTH EAST REGION",-37.94794502,145.3262772,"Dry","Clear"
"T20200001793","22/12/19",17:00:00,"Vehicle overturned (no collision)","Sunday","Day",1,1,"Not at intersection",3,100,"SURF COAST","SOUTH WESTERN REGION",-38.4229711,144.1421472,"Dry","Clear"
"T20200001866","24/12/19",07:00:00,"Collision with vehicle","Tuesday","Day",3,3,"Not at intersection",3,60,"BANYULE","METROPOLITAN NORTH WEST REGION",-37.70103914,145.0691702,"Dry","Clear"
"T20200001876","11/12/19",16:40:00,"Collision with vehicle","Wednesday","Day",2,2,"Not at intersection",3,60,"DAREBIN","METROPOLITAN NORTH WEST REGION",-37.74971082,145.0034319,"Dry","Clear"
"T20200001932","13/12/19",08:00:00,"Collision with vehicle","Friday","Day",3,3,"Cross intersection",3,60,"WHITTLESEA","METROPOLITAN NORTH WEST REGION",-37.68959584,145.0278027,"Dry","Clear"
"T20200001973","24/10/19",05:50:00,"Collision with vehicle","Thursday","Dusk/Dawn",2,2,"Not at intersection",3,80,"YARRA RANGES","METROPOLITAN SOUTH EAST REGION",-37.76831105,145.2991006,"Dry","Clear"
"T20200001998","19/12/19",18:30:00,"Collision with vehicle","Thursday","Day",2,2,"Cross intersection",3,60,"BOROONDARA","METROPOLITAN SOUTH EAST REGION",-37.81364793,145.0278841,"Unknown","Not known"
"T20200002032","8/11/19",23:00:00,"Collision with vehicle","Friday","Dark Street lights unknown",2,2,"Cross intersection",3,999,"MANNINGHAM","METROPOLITAN SOUTH EAST REGION",-37.75258573,145.1352723,"Wet","Not known"
"T20200002052","3/12/19",10:45:00,"Collision with vehicle","Tuesday","Day",2,3,"Cross intersection",3,60,"WHITTLESEA","METROPOLITAN NORTH WEST REGION",-37.65970829,145.019106,"Unknown","Not known"
"T20200002053","20/12/19",11:40:00,"Collision with vehicle","Friday","Day",2,2,"Not at intersection",3,999,"MOONEE VALLEY","METROPOLITAN NORTH WEST REGION",-37.7316838,144.8908738,"Unknown","Not known"
"T20200002083","21/9/19",13:20:00,"Collision with vehicle","Saturday","Day",2,3,"T intersection",3,80,"MONASH","METROPOLITAN SOUTH EAST REGION",-37.89341627,145.0907374,"Dry","Clear"
"T20200002108","27/12/19",09:27:00,"Collision with vehicle","Friday","Day",2,2,"T intersection",3,60,"GLEN EIRA","METROPOLITAN SOUTH EAST REGION",-37.89712475,145.0651099,"Dry","Clear"
"T20200002133","18/12/19",08:30:00,"Collision with vehicle","Wednesday","Day",2,2,"Not at intersection",3,60,"KINGSTON","METROPOLITAN SOUTH EAST REGION",-38.0344648,145.1066102,"Dry","Clear"
"T20200002168","16/10/19",07:40:00,"Collision with vehicle","Wednesday","Unknown",2,2,"T intersection",3,70,"MONASH","METROPOLITAN SOUTH EAST REGION",-37.91334069,145.1165656,"Dry","Clear"
"T20200002172","4/9/19",08:00:00,"Collision with vehicle","Wednesday","Day",3,2,"Multiple intersection",3,80,"DANDENONG","METROPOLITAN SOUTH EAST REGION",-38.00367998,145.2518037,"Dry","Clear"
"T20200002190","11/3/19",10:00:00,"No collision and no object struck","Monday","Day",1,1,"Not at intersection",3,50,"NILLUMBIK","METROPOLITAN NORTH WEST REGION",-37.5707623,145.2077639,"Dry","Clear"
"T20200002239","14/11/19",15:00:00,"Collision with vehicle","Thursday","Day",2,2,"T intersection",3,80,"MELTON","METROPOLITAN NORTH WEST REGION",-37.74249813,144.7007955,"Dry","Not known"
"T20200002267","24/9/19",07:50:00,"Vehicle overturned (no collision)","Tuesday","Day",1,1,"Not at intersection",3,100,"CARDINIA","METROPOLITAN SOUTH EAST REGION",-38.07840495,145.4286991,"Dry","Clear"
"T20200002308","12/11/19",12:00:00,"Fall from or in moving vehicle","Tuesday","Day",1,2,"Not at intersection",3,30,"DANDENONG","METROPOLITAN SOUTH EAST REGION",-37.98776059,145.217239,"Dry","Not known"
"T20200002312","26/10/19",22:00:00,"Collision with vehicle","Saturday","Dark Street lights on",2,2,"Cross intersection",3,50,"MOONEE VALLEY","METROPOLITAN NORTH WEST REGION",-37.74781524,144.8694869,"Unknown","Clear"
"T20200002313","12/11/19",13:30:00,"Collision with vehicle","Tuesday","Day",2,2,"Not at intersection",3,80,"SURF COAST","SOUTH WESTERN REGION",-38.38429403,144.2079411,"Dry","Clear"
"T20200002355","16/12/19",16:00:00,"Collision with vehicle","Monday","Day",2,3,"T intersection",3,60,"BOROONDARA","METROPOLITAN SOUTH EAST REGION",-37.82102163,145.0220073,"Dry","Clear"
"T20200002363","22/7/19",12:20:00,"Collision with vehicle","Monday","Day",2,2,"Not at intersection",3,60,"PORT PHILLIP","METROPOLITAN NORTH WEST REGION",-37.83000087,144.9642305,"Unknown","Not known"
"T20200002371","2/12/19",15:40:00,"Collision with vehicle","Monday","Unknown",5,5,"Not at intersection",3,100,"MONASH","METROPOLITAN SOUTH EAST REGION",-37.89873073,145.1497584,"Dry","Not known"
"T20200002372","23/12/19",13:04:00,"Collision with vehicle","Monday","Day",2,3,"Cross intersection",3,80,"WHITEHORSE","METROPOLITAN SOUTH EAST REGION",-37.81830559,145.1720821,"Dry","Clear"
"T20200002422","1/12/19",11:40:00,"Collision with vehicle","Sunday","Day",2,2,"T intersection",3,60,"HOBSONS BAY","METROPOLITAN NORTH WEST REGION",-37.88893257,144.7786976,"Dry","Clear"
"T20200002505","22/12/19",10:00:00,"No collision and no object struck","Sunday","Day",1,1,"Not at intersection",3,70,"WELLINGTON","EASTERN REGION",-38.1020867,147.0965148,"Dry","Fog"
"T20200002519","3/11/19",10:35:00,"Collision with a fixed object","Sunday","Day",2,2,"Not at intersection",3,60,"BALLARAT","WESTERN REGION",-37.58632572,143.8615793,"Wet","Raining"
"T20200002530","12/1/19",16:45:00,"Collision with a fixed object","Saturday","Day",1,1,"Not at intersection",2,80,"CARDINIA","METROPOLITAN SOUTH EAST REGION",-37.95980865,145.5474422,"Dry","Clear"
"T20200002537","12/11/19",07:30:00,"No collision and no object struck","Tuesday","Dusk/Dawn",1,1,"Not at intersection",3,60,"CARDINIA","METROPOLITAN SOUTH EAST REGION",-38.06907863,145.4072862,"Dry","Not known"
"T20200002538","28/7/19",11:30:00,"No collision and no object struck","Sunday","Day",1,1,"Not at intersection",3,888,"MANSFIELD","NORTH EASTERN REGION",-37.067147,146.2624844,"Dry","Not known"
"T20200002548","17/7/19",22:00:00,"Vehicle overturned (no collision)","Wednesday","Dark Street lights on",1,1,"Cross intersection",3,999,"PORT PHILLIP","METROPOLITAN NORTH WEST REGION",-37.82933591,144.956084,"Dry","Clear"
"T20200002584","10/12/19",08:40:00,"Collision with vehicle","Tuesday","Day",2,2,"T intersection",3,80,"KNOX","METROPOLITAN SOUTH EAST REGION",-37.92799458,145.2328781,"Dry","Not known"
"T20200002601","23/10/19",21:00:00,"Collision with vehicle","Wednesday","Dark Street lights on",2,2,"Not at intersection",3,40,"MELBOURNE","METROPOLITAN NORTH WEST REGION",-37.80951238,144.9641057,"Unknown","Not known"
"T20200002628","18/12/19",15:00:00,"Collision with vehicle","Wednesday","Unknown",2,2,"Not at intersection",3,999,"MELBOURNE","METROPOLITAN NORTH WEST REGION",-37.82564725,144.9384176,"Unknown","Not known"
"T20200002674","18/12/19",16:10:00,"Collision with vehicle","Wednesday","Day",2,5,"Unknown",3,60,"FRANKSTON","METROPOLITAN SOUTH EAST REGION",-38.11250479,145.1560091,"Dry","Clear"
"T20200002685","29/12/19",00:01:00,"Vehicle overturned (no collision)","Sunday","Unknown",1,1,"Not at intersection",3,999,"MORNINGTON PENINSULA","METROPOLITAN SOUTH EAST REGION",-38.39253394,145.0321853,"Unknown","Not known"
"T20200002705","13/12/19",11:45:00,"Vehicle overturned (no collision)","Friday","Day",1,1,"T intersection",3,50,"WARRNAMBOOL","SOUTH WESTERN REGION",-38.36220373,142.5049229,"Dry","Clear"
"T20200002722","13/12/19",16:10:00,"Collision with vehicle","Friday","Day",2,2,"Cross intersection",3,60,"LATROBE","EASTERN REGION",-38.20212977,146.5511448,"Dry","Clear"
"T20200002732","26/11/19",08:40:00,"Collision with vehicle","Tuesday","Unknown",2,2,"Not at intersection",3,60,"BANYULE","METROPOLITAN NORTH WEST REGION",-37.77571352,145.0388456,"Wet","Not known"
"T20200002734","31/12/19",13:40:00,"Collision with vehicle","Tuesday","Day",3,4,"Not at intersection",3,80,"FRANKSTON","METROPOLITAN SOUTH EAST REGION",-38.09918793,145.1730287,"Unknown","Not known"
"T20200002745","2/11/19",18:14:00,"Collision with vehicle","Saturday","Day",2,3,"T intersection",3,60,"MONASH","METROPOLITAN SOUTH EAST REGION",-37.87574629,145.1789579,"Dry","Clear"
"T20200002762","2/12/19",13:15:00,"Collision with a fixed object","Monday","Day",1,1,"Not at intersection",3,60,"CARDINIA","METROPOLITAN SOUTH EAST REGION",-38.07282774,145.4943998,"Wet","Clear"
"T20200002770","18/12/19",16:05:00,"Collision with vehicle","Wednesday","Day",4,5,"Not at intersection",3,100,"BOROONDARA","METROPOLITAN SOUTH EAST REGION",-37.77993327,145.0844154,"Dry","Clear"
"T20200002787","31/12/19",12:00:00,"Vehicle overturned (no collision)","Tuesday","Day",1,1,"Not at intersection",3,999,"YARRA RANGES","METROPOLITAN SOUTH EAST REGION",-37.876492,145.7496862,"Dry","Clear"
"T20200002826","18/7/19",18:00:00,"Collision with vehicle","Thursday","Dark Street lights unknown",2,2,"Not at intersection",2,999,"WYNDHAM","METROPOLITAN NORTH WEST REGION",-37.90027317,144.6632542,"Dry","Clear"
"T20200002846","10/12/19",07:45:00,"Vehicle overturned (no collision)","Tuesday","Day",1,1,"T intersection",3,60,"WHITEHORSE","METROPOLITAN SOUTH EAST REGION",-37.81779386,145.1562291,"Wet","Clear"
"T20200002859","25/11/19",06:30:00,"Collision with vehicle","Monday","Unknown",2,2,"Cross intersection",3,50,"KNOX","METROPOLITAN SOUTH EAST REGION",-37.88275547,145.2774656,"Unknown","Not known"
"T20200002890","3/10/19",18:20:00,"Collision with vehicle","Thursday","Day",2,5,"Not at intersection",3,100,"WYNDHAM","METROPOLITAN NORTH WEST REGION",-37.93242076,144.6232331,"Dry","Not known"
"T20200002989","20/12/19",16:30:00,"Collision with vehicle","Friday","Day",3,3,"Not at intersection",3,70,"FRANKSTON","METROPOLITAN SOUTH EAST REGION",-38.1454683,145.1361461,"Dry","Clear"
"T20200003100","10/12/19",14:45:00,"Collision with vehicle","Tuesday","Unknown",2,2,"Not at intersection",3,60,"MONASH","METROPOLITAN SOUTH EAST REGION",-37.92013999,145.1206928,"Unknown","Not known"
"T20200003168","26/12/19",14:35:00,"Collision with vehicle","Thursday","Day",2,7,"T intersection",3,60,"KINGSTON","METROPOLITAN SOUTH EAST REGION",-37.97170062,145.1070052,"Dry","Clear"
"T20200003203","27/9/19",11:30:00,"No collision and no object struck","Friday","Day",1,1,"Cross intersection",3,80,"BENDIGO","NORTHERN REGION",-36.94587381,144.7311513,"Dry","Clear"
"T20200003222","30/3/19",12:55:00,"Collision with vehicle","Saturday","Day",3,3,"Not at intersection",3,60,"KNOX","METROPOLITAN SOUTH EAST REGION",-37.87279453,145.259503,"Wet","Raining"
"T20200003245","17/8/19",11:30:00,"Collision with vehicle","Saturday","Day",2,2,"T intersection",3,60,"BRIMBANK","METROPOLITAN NORTH WEST REGION",-37.75108113,144.7779415,"Dry","Clear"
"T20200003298","20/12/19",11:23:00,"Collision with a fixed object","Friday","Day",1,1,"Not at intersection",3,80,"SURF COAST","SOUTH WESTERN REGION",-38.32210116,144.1407301,"Dry","Clear"
"T20200003315","12/9/19",15:00:00,"Collision with vehicle","Thursday","Day",2,2,"Cross intersection",3,80,"KNOX","METROPOLITAN SOUTH EAST REGION",-37.90226463,145.2350909,"Dry","Not known"
"T20200003332","6/10/19",07:30:00,"Collision with a fixed object","Sunday","Dusk/Dawn",1,1,"Not at intersection",3,100,"INDIGO","NORTH EASTERN REGION",-36.40348999,146.950915,"Wet","Clear"