"ACCIDENT_NO","ACCIDENTDATE","ACCIDENTTIME","Accident Type Desc","Day Week Description","Light Condition Desc","NO_OF_VEHICLES","NO_PERSONS","Road Geometry Desc","SEVERITY","SPEED_ZONE","LGA_NAME","REGION_NAME","Lat","Long","Surface Cond Desc","Atmosph Cond Desc"
"T20200003353","3/12/19",10:00:00,"Collision with vehicle","Tuesday","Day",2,2,"Not at intersection",2,999,"DANDENONG","METROPOLITAN SOUTH EAST REGION",-38.03180767,145.2131423,"Unknown","Not known"
"T20200003359","1/9/19",13:00:00,"Collision with vehicle","Sunday","Day",2,2,"Not at intersection",3,80,"MORNINGTON PENINSULA","METROPOLITAN SOUTH EAST REGION",-38.19447333,145.148369,"Unknown","Not known"
"T20200003362","24/12/19",18:20:00,"Collision with a fixed object","Tuesday","Day",1,2,"Not at intersection",3,100,"MITCHELL","NORTHERN REGION",-37.2311214,145.0063617,"Dry","Clear"
"T20200003415","24/10/19",17:30:00,"Collision with vehicle","Thursday","Day",2,2,"Not at intersection",3,60,"HOBSONS BAY","METROPOLITAN NORTH WEST REGION",-37.86267658,144.7785611,"Dry","Clear"
"T20200003453","11/12/19",20:30:00,"Collision with vehicle","Wednesday","Dusk/Dawn",2,2,"Not at intersection",3,50,"YARRA","METROPOLITAN NORTH WEST REGION",-37.83030983,144.9971008,"Dry","Clear"
"T20200003531","25/12/19",10:30:00,"collision with some other object","Wednesday","Day",1,1,"Not at intersection",3,999,"CARDINIA","METROPOLITAN SOUTH EAST REGION",-37.9932166,145.4437455,"Dry","Not known"
"T20200003758","29/12/19",13:27:00,"Collision with vehicle","Sunday","Day",2,2,"Not at intersection",2,999,"BASS COAST","EASTERN REGION",-38.45903807,145.5469834,"Dry","Clear"
"T20200003792","29/10/19",17:00:00,"Collision with vehicle","Tuesday","Unknown",2,3,"Not at intersection",3,60,"KNOX","METROPOLITAN SOUTH EAST REGION",-37.84623775,145.2271586,"Unknown","Not known"
"T20200003796","15/10/19",05:30:00,"Collision with vehicle","Tuesday","Dusk/Dawn",2,2,"Not at intersection",3,100,"CASEY","METROPOLITAN SOUTH EAST REGION",-38.01716897,145.3079418,"Unknown","Clear"
"T20200003880","24/10/19",13:00:00,"No collision and no object struck","Thursday","Day",1,1,"Not at intersection",3,999,"BASS COAST","EASTERN REGION",-38.59995807,145.7778965,"Dry","Clear"
"T20200003906","1/2/19",15:46:00,"Collision with vehicle","Friday","Day",2,1,"Cross intersection",3,100,"DANDENONG","METROPOLITAN SOUTH EAST REGION",-38.05836867,145.2060382,"Unknown","Not known"
"T20200003986","23/12/19",18:55:00,"Collision with vehicle","Monday","Day",2,4,"T intersection",3,50,"MORNINGTON PENINSULA","METROPOLITAN SOUTH EAST REGION",-38.37119522,144.8246197,"Dry","Clear"
"T20200004109","13/10/19",13:55:00,"Collision with a fixed object","Sunday","Day",1,1,"Not at intersection",3,60,"BALLARAT","WESTERN REGION",-37.55046313,143.8504277,"Dry","Not known"
"T20200004120","12/10/19",07:46:00,"Collision with a fixed object","Saturday","Day",1,2,"Not at intersection",3,40,"STONNINGTON","METROPOLITAN SOUTH EAST REGION",-37.84371132,145.0308942,"Dry","Clear"
"T20200004126","13/5/19",20:34:00,"Collision with vehicle","Monday","Dark Street lights on",4,4,"Not at intersection",3,60,"WHITTLESEA","METROPOLITAN NORTH WEST REGION",-37.62871445,145.0278251,"Wet","Not known"
"T20200004134","14/11/19",01:30:00,"Struck animal","Thursday","Dark No street lights",1,1,"T intersection",2,999,"MACEDON RANGES","NORTHERN REGION",-37.41916273,144.5829516,"Unknown","Fog"
"T20200004145","18/9/19",12:28:00,"Collision with vehicle","Wednesday","Unknown",2,2,"Not at intersection",3,999,"KNOX","METROPOLITAN SOUTH EAST REGION",-37.92055413,145.2345944,"Unknown","Not known"
"T20200004178","20/12/19",21:30:00,"No collision and no object struck","Friday","Dusk/Dawn",1,1,"Not at intersection",3,50,"WANGARATTA","NORTH EASTERN REGION",-36.37387027,146.3114428,"Unknown","Clear"
"T20200004255","31/10/19",17:00:00,"Struck Pedestrian","Thursday","Unknown",1,3,"Not at intersection",3,50,"STRATHBOGIE","NORTH EASTERN REGION",-36.74530229,145.5719586,"Dry","Not known"
"T20200004339","30/11/19",10:00:00,"Collision with vehicle","Saturday","Day",2,5,"Cross intersection",3,60,"GLEN EIRA","METROPOLITAN SOUTH EAST REGION",-37.93568523,145.056243,"Dry","Clear"
"T20200004347","31/12/19",14:30:00,"Collision with vehicle","Tuesday","Day",2,2,"Not at intersection",3,80,"WHITEHORSE","METROPOLITAN SOUTH EAST REGION",-37.82779398,145.1135263,"Unknown","Clear"
"T20200004396","20/5/19",07:00:00,"Collision with vehicle","Monday","Day",2,2,"Not at intersection",3,100,"MORNINGTON PENINSULA","METROPOLITAN SOUTH EAST REGION",-38.23090735,145.0939842,"Dry","Not known"
"T20200004435","26/12/19",18:55:00,"Collision with vehicle","Thursday","Unknown",2,2,"Multiple intersection",3,60,"MOONEE VALLEY","METROPOLITAN NORTH WEST REGION",-37.76715883,144.9248427,"Unknown","Not known"
"T20200004471","29/12/19",19:32:00,"Collision with vehicle","Sunday","Day",3,4,"Not at intersection",3,999,"BRIMBANK","METROPOLITAN NORTH WEST REGION",-37.72788812,144.7968594,"Dry","Clear"
"T20200004507","14/11/19",15:15:00,"Collision with vehicle","Thursday","Day",2,2,"T intersection",3,999,"MONASH","METROPOLITAN SOUTH EAST REGION",-37.88413892,145.1086798,"Unknown","Clear"
"T20200004519","4/3/19",01:00:00,"Collision with vehicle","Monday","Dark Street lights on",2,2,"Not at intersection",3,60,"MORELAND","METROPOLITAN NORTH WEST REGION",-37.70433254,144.9606438,"Unknown","Not known"
"T20200004554","23/12/19",11:30:00,"Collision with vehicle","Monday","Day",2,2,"Not at intersection",3,999,"CARDINIA","METROPOLITAN SOUTH EAST REGION",-38.08261678,145.4880357,"Dry","Clear"
"T20200004593","12/7/19",16:00:00,"Collision with vehicle","Friday","Day",3,3,"Cross intersection",3,60,"LATROBE","EASTERN REGION",-38.19551166,146.5158141,"Wet","Clear"
"T20200004614","24/11/19",17:15:00,"Vehicle overturned (no collision)","Sunday","Day",1,1,"Not at intersection",3,999,"MOORABOOL","WESTERN REGION",-37.54909721,144.3054221,"Dry","Clear"
"T20200004797","16/10/19",14:00:00,"Collision with vehicle","Wednesday","Day",2,2,"Not at intersection",3,60,"PORT PHILLIP","METROPOLITAN NORTH WEST REGION",-37.82901268,144.9632755,"Dry","Clear"
"T20200004845","3/6/19",15:30:00,"Collision with vehicle","Monday","Day",2,2,"T intersection",2,60,"MORNINGTON PENINSULA","METROPOLITAN SOUTH EAST REGION",-38.31602438,145.1834991,"Wet","Not known"
"T20200004898","8/10/19",14:00:00,"Collision with vehicle","Tuesday","Day",2,2,"Not at intersection",3,999,"WHITTLESEA","METROPOLITAN NORTH WEST REGION",-37.64707982,144.9915561,"Dry","Not known"
"T20200004906","31/8/19",13:30:00,"Struck Pedestrian","Saturday","Day",1,2,"Not at intersection",3,999,"MORNINGTON PENINSULA","METROPOLITAN SOUTH EAST REGION",-38.33143205,144.9674924,"Unknown","Clear"
"T20200004963","4/11/19",10:35:00,"Collision with vehicle","Monday","Unknown",2,2,"Multiple intersection",3,80,"GLEN EIRA","METROPOLITAN SOUTH EAST REGION",-37.88616088,144.9992008,"Wet","Not known"
"T20200004987","28/12/19",10:50:00,"Collision with vehicle","Saturday","Day",2,2,"Not at intersection",3,40,"YARRA","METROPOLITAN NORTH WEST REGION",-37.80008853,144.9781641,"Dry","Not known"
"T20200005128","19/12/19",18:40:00,"Collision with vehicle","Thursday","Day",2,2,"Multiple intersection",3,80,"KINGSTON","METROPOLITAN SOUTH EAST REGION",-38.02810384,145.1310445,"Dry","Clear"
"T20200005135","1/9/19",21:34:00,"Struck Pedestrian","Sunday","Dark Street lights on",1,3,"Not at intersection",3,50,"FRANKSTON","METROPOLITAN SOUTH EAST REGION",-38.1457413,145.1640893,"Unknown","Clear"
"T20200005141","17/8/19",12:00:00,"Collision with vehicle","Saturday","Unknown",2,2,"Cross intersection",3,60,"DAREBIN","METROPOLITAN NORTH WEST REGION",-37.77438215,145.0188978,"Unknown","Not known"
"T20200005151","30/11/19",12:30:00,"Collision with vehicle","Saturday","Day",2,2,"Not at intersection",3,80,"ALPINE","NORTH EASTERN REGION",-36.71527804,147.1084808,"Dry","Clear"
"T20200005159","26/11/19",15:20:00,"Collision with vehicle","Tuesday","Day",2,2,"Multiple intersection",3,80,"WYNDHAM","METROPOLITAN NORTH WEST REGION",-37.83148827,144.8121113,"Dry","Clear"
"T20200005228","30/9/19",12:30:00,"No collision and no object struck","Monday","Day",1,1,"Not at intersection",3,50,"MARIBYRNONG","METROPOLITAN NORTH WEST REGION",-37.78647496,144.8991388,"Dry","Clear"
"T20200005244","1/8/19",22:00:00,"Collision with vehicle","Thursday","Dark Street lights on",2,2,"Cross intersection",3,999,"CASEY","METROPOLITAN SOUTH EAST REGION",-38.05050139,145.2574357,"Wet","Raining"
"T20200005261","17/9/19",08:30:00,"Collision with vehicle","Tuesday","Day",2,4,"Cross intersection",3,50,"HORSHAM","WESTERN REGION",-36.70940135,142.2023088,"Unknown","Not known"
"T20200005262","15/12/19",13:15:00,"No collision and no object struck","Sunday","Day",1,1,"Multiple intersection",3,50,"MITCHELL","NORTHERN REGION",-37.47159501,144.9549633,"Dry","Clear"
"T20200005282","31/12/19",05:00:00,"Fall from or in moving vehicle","Tuesday","Dusk/Dawn",1,2,"Not at intersection",3,100,"WELLINGTON","EASTERN REGION",-37.53829239,146.6144678,"Dry","Clear"
"T20200005310","19/12/19",14:31:00,"Collision with vehicle","Thursday","Day",2,2,"Not at intersection",3,100,"HUME","METROPOLITAN NORTH WEST REGION",-37.54166847,144.9451753,"Dry","Clear"
"T20200005440","11/10/19",09:00:00,"Collision with vehicle","Friday","Day",4,4,"T intersection",3,60,"BANYULE","METROPOLITAN NORTH WEST REGION",-37.70173645,145.1230413,"Dry","Clear"
"T20200005448","17/10/19",15:45:00,"Collision with vehicle","Thursday","Day",2,4,"Not at intersection",3,60,"BAW BAW","EASTERN REGION",-38.20647224,146.096985,"Wet","Not known"
"T20200005717","5/5/19",06:25:00,"Collision with vehicle","Sunday","Day",2,2,"Cross intersection",3,80,"DANDENONG","METROPOLITAN SOUTH EAST REGION",-37.95767559,145.2257966,"Wet","Raining"
"T20200005853","28/11/19",15:50:00,"Collision with vehicle","Thursday","Day",3,3,"Not at intersection",3,70,"DAREBIN","METROPOLITAN NORTH WEST REGION",-37.69393471,145.0015345,"Dry","Clear"
"T20200005872","23/11/19",12:00:00,"No collision and no object struck","Saturday","Day",2,2,"Not at intersection",3,60,"HEPBURN","WESTERN REGION",-37.45099409,143.9034908,"Dry","Not known"
"T20200005919","20/12/19",13:35:00,"Collision with a fixed object","Friday","Day",1,1,"T intersection",3,60,"MORNINGTON PENINSULA","METROPOLITAN SOUTH EAST REGION",-38.34293789,145.1894964,"Dry","Clear"
"T20200005941","5/9/19",07:30:00,"Collision with vehicle","Thursday","Day",2,3,"Not at intersection",3,60,"MAROONDAH","METROPOLITAN SOUTH EAST REGION",-37.81070508,145.2301664,"Dry","Clear"
"T20200005976","11/11/19",05:30:00,"collision with some other object","Monday","Dusk/Dawn",3,3,"Not at intersection",3,100,"KNOX","METROPOLITAN SOUTH EAST REGION",-37.86700059,145.2111279,"Dry","Clear"
"T20200006023","13/3/19",18:30:00,"Collision with vehicle","Wednesday","Day",2,2,"Cross intersection",3,60,"MARIBYRNONG","METROPOLITAN NORTH WEST REGION",-37.82179674,144.8958569,"Dry","Clear"
"T20200006115","19/12/19",15:00:00,"Collision with a fixed object","Thursday","Day",1,1,"Not at intersection",3,100,"BRIMBANK","METROPOLITAN NORTH WEST REGION",-37.75306658,144.8286002,"Dry","Not known"
"T20200006123","17/12/19",17:00:00,"No collision and no object struck","Tuesday","Day",2,2,"T intersection",3,60,"PORT PHILLIP","METROPOLITAN NORTH WEST REGION",-37.84822771,144.977528,"Dry","Clear"
"T20200006169","31/12/19",20:50:00,"Collision with vehicle","Tuesday","Dark Street lights on",2,2,"T intersection",3,60,"WYNDHAM","METROPOLITAN NORTH WEST REGION",-37.8644959,144.602962,"Dry","Clear"
"T20200006217","19/4/19",05:40:00,"Collision with vehicle","Friday","Dark Street lights on",2,2,"Not at intersection",3,100,"DANDENONG","METROPOLITAN SOUTH EAST REGION",-38.01353486,145.2497659,"Wet","Clear"
"T20200006314","3/9/19",13:00:00,"Collision with vehicle","Tuesday","Day",2,2,"Not at intersection",3,80,"MAROONDAH","METROPOLITAN SOUTH EAST REGION",-37.8111726,145.2376273,"Dry","Not known"
"T20200006476","7/3/19",10:20:00,"Collision with vehicle","Thursday","Day",2,2,"Cross intersection",3,80,"FRANKSTON","METROPOLITAN SOUTH EAST REGION",-38.15046736,145.1502687,"Dry","Clear"
"T20200006521","13/11/19",09:20:00,"Collision with vehicle","Wednesday","Day",2,2,"Not at intersection",3,100,"CASEY","METROPOLITAN SOUTH EAST REGION",-38.01745908,145.3082963,"Unknown","Clear"
"T20200006772","6/12/19",18:30:00,"Struck animal","Friday","Day",1,2,"Not at intersection",2,100,"CAMPASPE","NORTHERN REGION",-36.60049671,145.0210911,"Unknown","Not known"
"T20200006862","2/9/19",16:00:00,"Vehicle overturned (no collision)","Monday","Day",1,1,"T intersection",3,60,"HUME","METROPOLITAN NORTH WEST REGION",-37.67890213,144.9637608,"Dry","Not known"
"T20200006864","28/2/19",10:25:00,"Collision with vehicle","Thursday","Day",2,2,"Not at intersection",3,100,"MONASH","METROPOLITAN SOUTH EAST REGION",-37.90996931,145.1620497,"Dry","Clear"
"T20200006878","27/9/19",16:55:00,"Collision with vehicle","Friday","Dusk/Dawn",2,3,"Not at intersection",3,80,"SOUTH GIPPSLAND","EASTERN REGION",-38.55501366,145.9545529,"Wet","Raining"
"T20200007057","16/12/19",14:30:00,"Collision with vehicle","Monday","Day",2,2,"Not at intersection",3,80,"HOBSONS BAY","METROPOLITAN NORTH WEST REGION",-37.84076098,144.7937184,"Dry","Clear"
"T20200007457","29/12/19",18:27:00,"Collision with a fixed object","Sunday","Day",1,3,"Not at intersection",3,110,"BENALLA","NORTH EASTERN REGION",-36.55887191,146.0212357,"Dry","Clear"
"T20200007555","19/12/19",23:30:00,"Collision with a fixed object","Thursday","Dark Street lights on",1,1,"Not at intersection",3,50,"MELTON","METROPOLITAN NORTH WEST REGION",-37.74860694,144.7281347,"Dry","Clear"
"T20200007681","12/9/19",12:30:00,"Collision with vehicle","Thursday","Day",3,4,"Cross intersection",3,60,"YARRA","METROPOLITAN NORTH WEST REGION",-37.82455248,144.9888564,"Unknown","Not known"
"T20200007842","8/11/19",21:10:00,"Collision with vehicle","Friday","Dark Street lights on",2,2,"Not at intersection",3,100,"KNOX","METROPOLITAN SOUTH EAST REGION",-37.90242904,145.214939,"Wet","Raining"
"T20200007842","8/11/19",21:10:00,"Collision with vehicle","Friday","Dark Street lights on",2,2,"Not at intersection",3,100,"KNOX","METROPOLITAN SOUTH EAST REGION",-37.90242904,145.214939,"Icy","Raining"
"T20200007907","27/10/19",18:45:00,"No collision and no object struck","Sunday","Dusk/Dawn",1,1,"Not at intersection",3,60,"BOROONDARA","METROPOLITAN SOUTH EAST REGION",-37.79537884,145.0364185,"Wet","Raining"
"T20200007934","22/12/19",04:00:00,"Collision with vehicle","Sunday","Dark Street lights on",2,2,"T intersection",3,80,"WHITTLESEA","METROPOLITAN NORTH WEST REGION",-37.66285586,145.0722998,"Dry","Clear"
"T20200007943","1/12/19",11:00:00,"Vehicle overturned (no collision)","Sunday","Day",1,1,"Multiple intersection",3,888,"WELLINGTON","EASTERN REGION",-38.18346313,146.9206729,"Dry","Clear"
"T20200007969","17/12/19",07:00:00,"Collision with vehicle","Tuesday","Unknown",2,2,"Not at intersection",3,999,"WHITTLESEA","METROPOLITAN NORTH WEST REGION",-37.62831843,145.02721,"Unknown","Not known"
"T20200008005","10/12/19",16:00:00,"Collision with vehicle","Tuesday","Day",2,2,"Not at intersection",3,999,"BRIMBANK","METROPOLITAN NORTH WEST REGION",-37.7012548,144.779897,"Dry","Clear"
"T20200008174","11/12/19",09:40:00,"Collision with vehicle","Wednesday","Unknown",2,2,"Not at intersection",3,60,"CASEY","METROPOLITAN SOUTH EAST REGION",-38.01767775,145.2709423,"Dry","Not known"
"T20200008301","8/10/19",22:00:00,"Collision with vehicle","Tuesday","Unknown",2,3,"Cross intersection",3,80,"FRANKSTON","METROPOLITAN SOUTH EAST REGION",-38.0722352,145.1950914,"Dry","Not known"
"T20200008403","23/11/19",13:00:00,"Collision with vehicle","Saturday","Day",2,2,"T intersection",3,40,"GLEN EIRA","METROPOLITAN SOUTH EAST REGION",-37.87531561,145.0405792,"Dry","Clear"
"T20200008539","31/12/19",22:25:00,"Collision with vehicle","Tuesday","Dark Street lights unknown",2,1,"Not at intersection",2,50,"DANDENONG","METROPOLITAN SOUTH EAST REGION",-37.96657868,145.1797062,"Dry","Clear"
"T20200008547","29/7/19",06:30:00,"Collision with vehicle","Monday","Dark Street lights on",3,3,"Cross intersection",3,60,"BANYULE","METROPOLITAN NORTH WEST REGION",-37.7109096,145.0849993,"Dry","Not known"
"T20200008621","20/5/19",17:30:00,"Collision with vehicle","Monday","Unknown",2,2,"Not at intersection",3,999,"DAREBIN","METROPOLITAN NORTH WEST REGION",-37.74399517,144.9902702,"Unknown","Not known"
"T20200008955","20/10/19",16:00:00,"Collision with vehicle","Sunday","Day",2,5,"Cross intersection",3,60,"NILLUMBIK","METROPOLITAN NORTH WEST REGION",-37.73213083,145.1349896,"Dry","Clear"
"T20200009048","12/11/19",17:45:00,"Collision with vehicle","Tuesday","Day",2,2,"Cross intersection",3,60,"WHITTLESEA","METROPOLITAN NORTH WEST REGION",-37.61202341,145.0307166,"Wet","Not known"
"T20200009081","23/10/19",12:25:00,"Collision with vehicle","Wednesday","Day",2,2,"Cross intersection",3,60,"BOROONDARA","METROPOLITAN SOUTH EAST REGION",-37.81888188,145.0850316,"Dry","Clear"
"T20200009147","2/10/19",12:00:00,"Collision with vehicle","Wednesday","Unknown",3,3,"Not at intersection",3,999,"GLEN EIRA","METROPOLITAN SOUTH EAST REGION",-37.89948485,145.0063719,"Unknown","Not known"
"T20200009191","28/10/19",15:45:00,"Collision with vehicle","Monday","Day",2,2,"T intersection",3,50,"MORNINGTON PENINSULA","METROPOLITAN SOUTH EAST REGION",-38.37081015,144.8399892,"Unknown","Not known"
"T20200009209","26/12/19",10:00:00,"Vehicle overturned (no collision)","Thursday","Day",1,1,"Not at intersection",3,888,"MOORABOOL","WESTERN REGION",-37.53661791,144.2587646,"Unknown","Clear"
"T20200009421","1/5/19",08:00:00,"Struck animal","Wednesday","Dusk/Dawn",1,1,"Not at intersection",3,100,"MITCHELL","NORTHERN REGION",-37.42659038,145.0217003,"Dry","Clear"
"T20200009755","26/11/19",08:00:00,"Vehicle overturned (no collision)","Tuesday","Unknown",1,1,"Not at intersection",3,80,"WELLINGTON","EASTERN REGION",-38.06145588,147.0286244,"Wet","Raining"
"T20200009788","16/10/19",18:20:00,"Collision with vehicle","Wednesday","Dusk/Dawn",2,2,"Cross intersection",3,60,"CASEY","METROPOLITAN SOUTH EAST REGION",-38.07991531,145.258145,"Unknown","Not known"
"T20200010076","13/12/19",17:30:00,"Collision with vehicle","Friday","Unknown",2,2,"Cross intersection",3,60,"MELBOURNE","METROPOLITAN NORTH WEST REGION",-37.79304709,144.9757155,"Unknown","Not known"
"T20200010316","10/12/19",19:18:00,"Collision with vehicle","Tuesday","Day",2,2,"T intersection",3,60,"BANYULE","METROPOLITAN NORTH WEST REGION",-37.77991801,145.0636073,"Dry","Not known"
"T20200010506","25/10/19",14:00:00,"Collision with vehicle","Friday","Day",2,2,"Cross intersection",3,60,"DANDENONG","METROPOLITAN SOUTH EAST REGION",-37.99012119,145.2145365,"Unknown","Not known"
"T20200010586","8/9/19",08:00:00,"collision with some other object","Sunday","Day",1,1,"Not at intersection",3,50,"BAYSIDE","METROPOLITAN SOUTH EAST REGION",-37.91909704,144.9930023,"Dry","Clear"
"T20200010611","19/9/19",13:00:00,"No collision and no object struck","Thursday","Day",1,1,"Not at intersection",2,50,"BRIMBANK","METROPOLITAN NORTH WEST REGION",-37.69981898,144.8068082,"Unknown","Clear"
"T20200010619","25/10/19",16:00:00,"Struck Pedestrian","Friday","Day",1,2,"Unknown",3,50,"MANNINGHAM","METROPOLITAN SOUTH EAST REGION",-37.77694076,145.1195407,"Unknown","Not known"
"T20200010632","19/6/19",15:00:00,"Collision with vehicle","Wednesday","Unknown",2,2,"Cross intersection",3,80,"DANDENONG","METROPOLITAN SOUTH EAST REGION",-38.01147272,145.1716205,"Unknown","Not known"
"T20200010701","6/6/19",08:40:00,"Collision with vehicle","Thursday","Day",2,2,"Not at intersection",3,60,"MOONEE VALLEY","METROPOLITAN NORTH WEST REGION",-37.77259879,144.9268663,"Dry","Not known"
"T20200010819","24/12/19",17:42:00,"Collision with vehicle","Tuesday","Day",2,2,"Cross intersection",3,60,"FRANKSTON","METROPOLITAN SOUTH EAST REGION",-38.14669463,145.1385697,"Dry","Clear"
"T20200011022","30/11/19",20:45:00,"Collision with vehicle","Saturday","Dusk/Dawn",2,2,"Not at intersection",3,50,"WYNDHAM","METROPOLITAN NORTH WEST REGION",-37.91122537,144.6710453,"Dry","Clear"
"T20200011105","31/12/19",12:10:00,"Collision with vehicle","Tuesday","Day",2,2,"Cross intersection",3,80,"GEELONG","SOUTH WESTERN REGION",-38.16025886,144.3976876,"Dry","Clear"
"T20200011195","19/6/19",07:34:00,"Collision with vehicle","Wednesday","Unknown",2,2,"T intersection",3,50,"MORELAND","METROPOLITAN NORTH WEST REGION",-37.72142196,144.9231724,"Unknown","Not known"
"T20200011441","20/9/19",16:45:00,"Collision with vehicle","Friday","Day",2,2,"Cross intersection",3,999,"STONNINGTON","METROPOLITAN SOUTH EAST REGION",-37.85885642,145.0012666,"Unknown","Not known"
"T20200011455","28/5/19",19:35:00,"Collision with vehicle","Tuesday","Dark Street lights on",2,2,"Cross intersection",3,60,"MOONEE VALLEY","METROPOLITAN NORTH WEST REGION",-37.77039868,144.904084,"Dry","Clear"
"T20200011565","24/11/19",13:20:00,"Collision with vehicle","Sunday","Day",2,3,"Not at intersection",3,80,"FRANKSTON","METROPOLITAN SOUTH EAST REGION",-38.18338886,145.1411881,"Dry","Clear"
"T20200011986","19/12/19",18:15:00,"Collision with vehicle","Thursday","Day",2,2,"Not at intersection",2,60,"MANNINGHAM","METROPOLITAN SOUTH EAST REGION",-37.76919925,145.1176264,"Dry","Clear"
"T20200012725","20/6/19",16:00:00,"Collision with vehicle","Thursday","Unknown",2,2,"T intersection",3,60,"BOROONDARA","METROPOLITAN SOUTH EAST REGION",-37.80463203,145.0617868,"Unknown","Not known"
"T20200012956","19/10/19",11:00:00,"Collision with vehicle","Saturday","Unknown",2,2,"Not at intersection",3,40,"PORT PHILLIP","METROPOLITAN NORTH WEST REGION",-37.84142608,144.9397271,"Unknown","Not known"
"T20200013309","3/7/19",12:00:00,"Collision with vehicle","Wednesday","Day",2,2,"Cross intersection",3,60,"BANYULE","METROPOLITAN NORTH WEST REGION",-37.70255285,145.1057965,"Dry","Clear"
"T20200013493","28/9/19",16:50:00,"Collision with vehicle","Saturday","Day",2,3,"Cross intersection",3,60,"PORT PHILLIP","METROPOLITAN NORTH WEST REGION",-37.82895885,144.9484395,"Unknown","Not known"
"T20200013526","7/12/19",14:51:00,"Collision with vehicle","Saturday","Day",2,2,"Cross intersection",3,999,"MORELAND","METROPOLITAN NORTH WEST REGION",-37.76655949,144.9725922,"Unknown","Not known"
"T20200014016","26/7/19",20:00:00,"Struck Pedestrian","Friday","Dark Street lights unknown",1,2,"T intersection",3,60,"MORELAND","METROPOLITAN NORTH WEST REGION",-37.75653554,144.9736638,"Unknown","Not known"
"T20200014671","20/11/19",17:50:00,"Collision with vehicle","Wednesday","Unknown",2,2,"Cross intersection",3,50,"WHITTLESEA","METROPOLITAN NORTH WEST REGION",-37.66166447,145.0819544,"Unknown","Not known"
"T20200015666","28/8/19",13:45:00,"Collision with vehicle","Wednesday","Day",2,2,"Not at intersection",3,50,"SURF COAST","SOUTH WESTERN REGION",-38.33129791,144.3203638,"Wet","Raining"
"T20200015950","18/9/19",08:45:00,"Collision with vehicle","Wednesday","Day",2,2,"Not at intersection",3,60,"MELBOURNE","METROPOLITAN NORTH WEST REGION",-37.83051651,144.9877485,"Dry","Not known"
"T20200016363","30/10/19",13:00:00,"Collision with vehicle","Wednesday","Unknown",2,2,"Cross intersection",3,60,"DANDENONG","METROPOLITAN SOUTH EAST REGION",-37.96175835,145.1882678,"Unknown","Not known"
"T20200016482","17/11/19",08:30:00,"Collision with vehicle","Sunday","Day",2,2,"Not at intersection",3,80,"MELBOURNE","METROPOLITAN NORTH WEST REGION",-37.82810348,144.9563633,"Unknown","Not known"
"T20200016524","22/10/19",12:00:00,"Collision with vehicle","Tuesday","Day",2,2,"Cross intersection",3,50,"DAREBIN","METROPOLITAN NORTH WEST REGION",-37.69784023,145.0137244,"Dry","Clear"
"T20200016580","16/9/19",14:23:00,"Collision with vehicle","Monday","Day",2,2,"Not at intersection",2,60,"YARRA","METROPOLITAN NORTH WEST REGION",-37.78232782,144.9777163,"Dry","Clear"
"T20200016927","13/7/19",13:30:00,"Struck animal","Saturday","Day",1,1,"Not at intersection",3,100,"MILDURA","WESTERN REGION",-34.26044644,141.9970074,"Dry","Clear"
"T20200016932","3/8/19",09:30:00,"collision with some other object","Saturday","Unknown",1,1,"T intersection",2,60,"MURRINDINDI","NORTH EASTERN REGION",-37.30158694,145.6181006,"Unknown","Not known"
"T20200017495","9/12/19",07:40:00,"Collision with vehicle","Monday","Day",4,4,"Not at intersection",3,100,"WHITEHORSE","METROPOLITAN SOUTH EAST REGION",-37.79818712,145.1392947,"Dry","Not known"
"T20200017816","14/10/19",12:00:00,"Collision with vehicle","Monday","Day",2,2,"T intersection",3,50,"CASEY","METROPOLITAN SOUTH EAST REGION",-38.0245168,145.3104433,"Unknown","Clear"
"T20200017873","29/5/19",18:30:00,"Collision with vehicle","Wednesday","Dusk/Dawn",2,2,"T intersection",3,60,"WHITEHORSE","METROPOLITAN SOUTH EAST REGION",-37.82196829,145.1230865,"Wet","Raining"
"T20200017994","13/12/19",19:00:00,"Collision with vehicle","Friday","Day",2,2,"T intersection",3,999,"MOORABOOL","WESTERN REGION",-37.7948348,144.4140223,"Unknown","Not known"
"T20200018108","4/10/19",15:00:00,"Collision with vehicle","Friday","Day",2,2,"Cross intersection",3,60,"MARIBYRNONG","METROPOLITAN NORTH WEST REGION",-37.8007191,144.9078698,"Dry","Not known"
"T20200018308","10/11/19",12:00:00,"Collision with vehicle","Sunday","Unknown",2,2,"Not at intersection",3,40,"DAREBIN","METROPOLITAN NORTH WEST REGION",-37.74543434,145.0027856,"Unknown","Not known"
"T20200018702","30/9/19",12:00:00,"Collision with vehicle","Monday","Day",2,2,"Not at intersection",3,80,"CASEY","METROPOLITAN SOUTH EAST REGION",-38.06156195,145.338113,"Dry","Not known"